date,interval,timestamp,purchase_kwh,adjusted_purchase_kwh,load_kwh,pv_kwh,price_yuan_per_kwh,charge_kwh,discharge_kwh,emergency_kwh,unused_kwh,soc_start_kwh,soc_end_kwh
2025-02-01,0,2025-02-01 00:00:00,1315.9473583333336,1315.9473583333336,422.0303666666667,0.0,0.4248,833.3333333333333,0.0,0.0,60.58365833333369,1200.0,1950.0
2025-02-01,1,2025-02-01 00:10:00,1299.5211083333331,1299.5211083333331,415.4073166666667,0.0,0.4245,833.3333333333333,0.0,0.0,50.78045833333317,1950.0,2700.0
2025-02-01,2,2025-02-01 00:20:00,1333.8466666666666,1333.8466666666666,410.7166666666667,0.0,0.4269,833.3333333333333,0.0,0.0,89.79666666666662,2700.0,3450.0
2025-02-01,3,2025-02-01 00:30:00,1313.9163583333332,1313.9163583333332,430.29479999999995,0.0,0.4272,833.3333333333333,0.0,0.0,50.28822500000001,3450.0,4200.0
2025-02-01,4,2025-02-01 00:40:00,1339.0002,1339.0002,424.4105833333333,0.0,0.4271,833.3333333333333,0.0,0.0,81.25628333333339,4200.0,4950.0
2025-02-01,5,2025-02-01 00:50:00,1347.1308333333336,1347.1308333333336,406.0516666666667,0.0,0.4285,833.3333333333333,0.0,0.0,107.74583333333362,4950.0,5700.0
2025-02-01,6,2025-02-01 01:00:00,1188.3984250000017,1188.3984250000017,436.7501833333333,0.0,0.4311,751.6482416666682,0.0,0.0,1.1368683772161603e-13,5700.0,6376.483417500001
2025-02-01,7,2025-02-01 01:10:00,1337.2033416666661,1337.2033416666661,451.7976833333333,0.0,0.4302,833.3333333333333,0.0,0.0,52.07232499999964,6376.483417500001,7126.483417500001
2025-02-01,8,2025-02-01 01:20:00,1331.4266666666663,1331.4266666666663,446.08,0.0,0.4279,833.3333333333333,0.0,0.0,52.013333333333094,7126.483417500001,7876.483417500001
2025-02-01,9,2025-02-01 01:30:00,530.6720583333333,530.6720583333333,471.7663333333333,0.0,0.4312,58.905725000000125,0.0,1.0658141036401503e-13,0.0,7876.483417500001,7929.498570000002
2025-02-01,10,2025-02-01 01:40:00,519.7295583333333,519.7295583333333,448.02596666666665,0.0,0.4333,71.7035916666666,0.0,0.0,8.526512829121202e-14,7929.498570000002,7994.0318025000015
2025-02-01,11,2025-02-01 01:50:00,1359.8641666666665,1359.8641666666665,397.40333333333336,0.0,0.4311,833.3333333333333,0.0,0.0,129.12749999999983,7994.0318025000015,8744.031802500002
2025-02-01,12,2025-02-01 02:00:00,1358.2084916666668,1358.2084916666668,434.0906333333333,0.0,0.4293,833.3333333333333,0.0,0.0,90.78452500000026,8744.031802500002,9494.031802500002
2025-02-01,13,2025-02-01 02:10:00,517.505325,517.505325,490.5609166666666,0.0,0.4324,26.944408333333236,0.0,0.0,1.0658141036401503e-13,9494.031802500002,9518.281770000001
2025-02-01,14,2025-02-01 02:20:00,508.29083333333335,508.29083333333335,503.22,0.0,0.4367,5.070833333332605,0.0,0.0,7.203126983768016e-13,9518.281770000001,9522.84552
2025-02-01,15,2025-02-01 02:30:00,527.0040333333334,527.0040333333334,474.0728166666667,0.0,0.4348,52.93121666666694,0.0,2.7000623958883807e-13,0.0,9522.84552,9570.483615000001
2025-02-01,16,2025-02-01 02:40:00,525.5661333333335,525.5661333333335,461.38439999999997,0.0,0.4335,64.18173333333269,0.0,0.0,8.242295734817162e-13,9570.483615000001,9628.247175
2025-02-01,17,2025-02-01 02:50:00,531.2758333333334,531.2758333333334,476.94166666666666,0.0,0.4357,54.33416666666744,0.0,7.389644451905042e-13,0.0,9628.247175,9677.147925000001
2025-02-01,18,2025-02-01 03:00:00,522.2515499999998,522.2515499999998,483.39955000000003,0.0,0.4374,38.85200000000017,0.0,3.623767952376511e-13,0.0,9677.147925000001,9712.114725000001
2025-02-01,19,2025-02-01 03:10:00,521.1975166666667,521.1975166666667,486.6019166666667,0.0,0.4371,34.595599999999344,0.0,0.0,7.034373084024992e-13,9712.114725000001,9743.250765
2025-02-01,20,2025-02-01 03:20:00,534.1608333333334,534.1608333333334,498.84833333333336,0.0,0.4356,35.3125,0.0,0.0,0.0,9743.250765,9775.032015
2025-02-01,21,2025-02-01 03:30:00,512.7633,512.7633,518.3097333333334,0.0,0.4353,0.0,5.5464333333329705,4.547473508864641e-13,0.0,9775.032015,9768.869311296297
2025-02-01,22,2025-02-01 03:40:00,542.6748499999999,542.6748499999999,509.13346666666666,0.0,0.436,33.541383333332405,0.0,0.0,8.100187187665142e-13,9768.869311296297,9799.056556296297
2025-02-01,23,2025-02-01 03:50:00,558.875,558.875,483.6166666666666,0.0,0.4378,75.25833333333341,0.0,2.842170943040401e-14,0.0,9799.056556296297,9866.789056296297
2025-02-01,24,2025-02-01 04:00:00,530.1505083333334,530.1505083333334,491.1868,0.0,0.4401,38.963708333333976,0.0,5.897504706808832e-13,0.0,9866.789056296297,9901.856393796297
2025-02-01,25,2025-02-01 04:10:00,529.5839666666666,529.5839666666666,504.64528333333334,0.0,0.4389,24.93868333333416,0.0,9.166001291305292e-13,0.0,9901.856393796297,9924.301208796298
2025-02-01,26,2025-02-01 04:20:00,554.6266666666666,554.6266666666666,505.5783333333333,0.0,0.4364,0.0,0.0,0.0,49.04833333333323,9924.301208796298,9924.301208796298
2025-02-01,27,2025-02-01 04:30:00,558.6868999999999,558.6868999999999,503.2309666666667,0.0,0.4393,0.0,0.0,0.0,55.455933333333235,9924.301208796298,9924.301208796298
2025-02-01,28,2025-02-01 04:40:00,578.5067666666665,578.5067666666665,502.84698333333336,0.00023333333333333333,0.4422,0.0,0.0,0.0,75.66001666666648,9924.301208796298,9924.301208796298
2025-02-01,29,2025-02-01 04:50:00,562.4549999999999,562.4549999999999,499.64166666666665,0.0,0.4395,0.0,0.0,0.0,62.813333333333276,9924.301208796298,9924.301208796298
2025-02-01,30,2025-02-01 05:00:00,570.0758416666667,570.0758416666667,488.78358333333335,0.0,0.4333,0.0,0.0,0.0,81.2922583333334,9924.301208796298,9924.301208796298
2025-02-01,31,2025-02-01 05:10:00,600.6920583333333,600.6920583333333,498.51875,0.003316666666666667,0.4439,0.0,0.0,0.0,102.176625,9924.301208796298,9924.301208796298
2025-02-01,32,2025-02-01 05:20:00,1437.9158333333332,1437.9158333333332,529.2233333333334,0.0,0.4301,195.2208791152245,0.0,0.0,713.4716208847753,9924.301208796298,10100.0
2025-02-01,33,2025-02-01 05:30:00,1426.1996249999997,1426.1996249999997,547.4103166666666,0.0,0.3713,777.7777777777777,0.0,0.0,101.0115305555554,10100.0,10800.0
2025-02-01,34,2025-02-01 05:40:00,0.0,0.0,531.2274,0.04623333333333333,0.5708,0.0,531.1811666666666,0.0,0.0,10800.0,10209.798703703704
2025-02-01,35,2025-02-01 05:50:00,0.0,0.0,510.98333333333335,0.0,0.9099,0.0,510.98333333333323,1.1368683772161603e-13,0.0,10209.798703703704,9642.039444444445
2025-02-01,36,2025-02-01 06:00:00,0.0,0.0,535.1871833333333,0.0,0.9368,0.0,535.1871833333333,0.0,0.0,9642.039444444445,9047.387018518519
2025-02-01,37,2025-02-01 06:10:00,0.0,0.0,533.9993499999999,0.6440166666666667,0.8758,0.0,533.3553333333329,4.547473508864641e-13,0.0,9047.387018518519,8454.769981481482
2025-02-01,38,2025-02-01 06:20:00,0.0,0.0,504.52,0.0,0.8759,0.0,504.5199999999998,1.7053025658242404e-13,0.0,8454.769981481482,7894.192203703705
2025-02-01,39,2025-02-01 06:30:00,0.0,0.0,519.5536833333333,0.0,0.8601,0.0,519.5536833333335,0.0,2.2737367544323206e-13,7894.192203703705,7316.910333333334
2025-02-01,40,2025-02-01 06:40:00,0.0,0.0,566.415,14.934916666666666,0.8442,0.0,551.4800833333331,1.1368683772161603e-13,0.0,7316.910333333334,6704.154685185186
2025-02-01,41,2025-02-01 06:50:00,0.0,0.0,608.7916666666666,56.75,0.8334,0.0,552.0416666666666,0.0,0.0,6704.154685185186,6090.775055555557
2025-02-01,42,2025-02-01 07:00:00,0.0,0.0,617.2140499999999,102.656,0.8092,0.0,514.5580499999999,0.0,0.0,6090.775055555557,5519.04388888889
2025-02-01,43,2025-02-01 07:10:00,0.0,0.0,595.3964666666667,147.48791666666668,0.7972,0.0,447.9085500000004,0.0,3.979039320256561e-13,5519.04388888889,5021.367722222223
2025-02-01,44,2025-02-01 07:20:00,0.0,0.0,579.5366666666666,190.11249999999998,0.7644,0.0,389.4241666666666,5.684341886080802e-14,0.0,5021.367722222223,4588.674203703705
2025-02-01,45,2025-02-01 07:30:00,0.0,0.0,609.0003666666667,231.34661666666668,0.6899,0.0,377.6537500000001,0.0,1.7053025658242404e-13,4588.674203703705,4169.058925925927
2025-02-01,46,2025-02-01 07:40:00,0.0,0.0,640.2366833333333,279.07533333333333,0.86,0.0,361.1613499999998,1.7053025658242404e-13,0.0,4169.058925925927,3767.768537037038
2025-02-01,47,2025-02-01 07:50:00,0.0,0.0,633.9416666666667,334.01875,1.1617,0.0,299.9229166666667,0.0,0.0,3767.768537037038,3434.520851851853
2025-02-01,48,2025-02-01 08:00:00,0.0,0.0,590.91065,388.68441666666666,1.1683,0.0,202.2262333333336,0.0,2.2737367544323206e-13,3434.520851851853,3209.825037037038
2025-02-01,49,2025-02-01 08:10:00,0.0,0.0,568.5581666666667,438.7655666666667,1.0956,0.0,129.79259999999996,2.842170943040401e-14,0.0,3209.825037037038,3065.611037037038
2025-02-01,50,2025-02-01 08:20:00,0.0,0.0,574.2283333333334,487.94374999999997,1.0849,0.0,86.28458333333337,1.4210854715202004e-14,0.0,3065.611037037038,2969.7392777777786
2025-02-01,51,2025-02-01 08:30:00,0.0,0.0,577.8523166666666,541.8831666666666,1.061,0.0,35.96914999999999,2.1316282072803006e-14,0.0,2969.7392777777786,2929.7735555555564
2025-02-01,52,2025-02-01 08:40:00,0.0,0.0,649.0800333333333,586.6261000000001,1.043,0.0,62.453933333333225,0.0,0.0,2929.7735555555564,2860.3802962962973
2025-02-01,53,2025-02-01 08:50:00,0.0,0.0,737.1266666666667,621.9499999999999,1.036,0.0,115.1766666666666,1.2789769243681803e-13,0.0,2860.3802962962973,2732.4062222222233
2025-02-01,54,2025-02-01 09:00:00,0.0,0.0,711.2534166666666,665.4293,1.0147,0.0,45.8241166666664,1.5631940186722204e-13,0.0,2732.4062222222233,2681.4905370370384
2025-02-01,55,2025-02-01 09:10:00,0.0,0.0,698.3616999999999,729.7222,0.9922,31.36050000000018,0.0,6.394884621840902e-14,0.0,2681.4905370370384,2709.7149870370386
2025-02-01,56,2025-02-01 09:20:00,0.0,0.0,736.3866666666667,798.0875,0.97,61.70083333333322,0.0,0.0,9.947598300641403e-14,2709.7149870370386,2765.2457370370385
2025-02-01,57,2025-02-01 09:30:00,0.0,0.0,733.2125666666667,838.3206833333334,0.9422,105.10811666666642,0.0,0.0,2.4158453015843406e-13,2765.2457370370385,2859.8430420370382
2025-02-01,58,2025-02-01 09:40:00,0.0,0.0,697.1223666666666,867.3196166666667,0.9569,170.19725000000005,0.0,0.0,0.0,2859.8430420370382,3013.0205670370383
2025-02-01,59,2025-02-01 09:50:00,0.0,0.0,678.5883333333334,894.0187500000001,0.9977,215.43041666666693,0.0,2.2737367544323206e-13,0.0,3013.0205670370383,3206.9079420370385
2025-02-01,60,2025-02-01 10:00:00,0.0,0.0,711.4322000000001,911.8498333333333,0.9919,200.41763333333316,0.0,0.0,8.526512829121202e-14,3206.9079420370385,3387.2838120370384
2025-02-01,61,2025-02-01 10:10:00,0.0,0.0,706.70705,933.6272333333333,0.9588,226.9201833333333,0.0,2.842170943040401e-14,0.0,3387.2838120370384,3591.5119770370384
2025-02-01,62,2025-02-01 10:20:00,0.0,0.0,666.9933333333333,959.21875,0.9549,292.22541666666683,0.0,1.7053025658242404e-13,0.0,3591.5119770370384,3854.5148520370385
2025-02-01,63,2025-02-01 10:30:00,0.0,0.0,678.7204333333333,979.8081666666667,0.9839,301.08773333333374,0.0,3.410605131648481e-13,0.0,3854.5148520370385,4125.493812037039
2025-02-01,64,2025-02-01 10:40:00,0.0,0.0,678.1305,1021.3479000000001,0.799,343.21740000000017,0.0,5.684341886080802e-14,0.0,4125.493812037039,4434.389472037039
2025-02-01,65,2025-02-01 10:50:00,0.0,0.0,652.9250000000001,1060.2749999999999,0.5025,295.1228088477344,0.0,0.0,112.22719115226539,4434.389472037039,4700.0
2025-02-01,66,2025-02-01 11:00:00,568.5848166666667,0.0,657.69435,1046.1778166666666,0.4662,222.22222222222223,0.0,0.0,166.26124444444434,4700.0,4900.0
2025-02-01,67,2025-02-01 11:10:00,0.0,0.0,656.1017166666667,1051.3417833333333,0.5007,333.3333333333333,0.0,0.0,61.90673333333331,4900.0,5200.0
2025-02-01,68,2025-02-01 11:20:00,165.20779722222045,0.0,654.535,1099.0625,0.4827,333.3333333333333,0.0,0.0,111.19416666666672,5200.0,5500.0
2025-02-01,69,2025-02-01 11:30:00,521.2815833333332,0.0,692.20855,1136.31565,0.4785,222.22222222222223,0.0,0.0,221.88487777777783,5500.0,5700.0
2025-02-01,70,2025-02-01 11:40:00,508.7750333333329,0.0,680.1494833333334,1128.4168166666666,0.4662,333.3333333333333,0.0,0.0,114.93399999999991,5700.0,6000.0
2025-02-01,71,2025-02-01 11:50:00,518.595083333333,0.0,640.0333333333333,1100.65625,0.4432,333.3333333333333,0.0,0.0,127.28958333333338,6000.0,6300.0
2025-02-01,72,2025-02-01 12:00:00,467.3153083333334,452.49841008077397,676.8413833333333,1105.4832,0.4411,833.3333333333333,0.0,0.0,47.80689341410732,6300.0,7050.0
2025-02-01,73,2025-02-01 12:10:00,475.5024333333331,0.0,663.0938,1089.4810666666667,0.4551,426.3872666666672,0.0,4.547473508864641e-13,0.0,7050.0,7433.7485400000005
2025-02-01,74,2025-02-01 12:20:00,525.4993083333329,110.26141033470014,594.0216666666666,1052.4125000000001,0.4463,568.6522436680337,0.0,0.0,0.0,7433.7485400000005,7945.535559301231
2025-02-01,75,2025-02-01 12:30:00,575.2944694444443,468.37243333333345,601.1141666666666,1052.0977666666665,0.4113,833.3333333333343,0.0,0.0,86.02269999999908,7945.535559301231,8695.535559301232
2025-02-01,76,2025-02-01 12:40:00,0.0,0.0,633.3353666666667,1058.98975,0.5682,425.65438333333276,0.0,0.0,5.115907697472721e-13,8695.535559301232,9078.624504301231
2025-02-01,77,2025-02-01 12:50:00,0.0,0.0,638.6816666666667,1052.2250000000001,0.8279,413.54333333333363,0.0,2.2737367544323206e-13,0.0,9078.624504301231,9450.813504301232
2025-02-01,78,2025-02-01 13:00:00,0.0,0.0,619.3742333333333,1041.0229166666666,0.8636,421.6486833333329,0.0,0.0,3.410605131648481e-13,9450.813504301232,9830.297319301231
2025-02-01,79,2025-02-01 13:10:00,0.0,0.0,606.5044,1029.2288333333333,0.8416,410.7807563319653,0.0,0.0,11.94367700136803,9830.297319301231,10200.0
2025-02-01,80,2025-02-01 13:20:00,0.0,0.0,607.0133333333333,1017.28125,0.8618,222.22222222222223,0.0,0.0,188.04569444444445,10200.0,10400.0
2025-02-01,81,2025-02-01 13:30:00,0.0,0.0,606.3183333333333,998.79405,0.8623,111.11111111111111,0.0,0.0,281.3646055555556,10400.0,10500.0
2025-02-01,82,2025-02-01 13:40:00,0.0,0.0,624.9272166666666,948.6343499999999,0.9026,111.11111111111111,0.0,0.0,212.59602222222222,10500.0,10600.0
2025-02-01,83,2025-02-01 13:50:00,0.0,0.0,641.645,875.1875,0.9754,111.11111111111111,0.0,0.0,122.4313888888889,10600.0,10700.0
2025-02-01,84,2025-02-01 14:00:00,0.0,0.0,612.7233833333333,815.6234166666667,1.0002,111.11111111111111,0.0,0.0,91.78892222222223,10700.0,10800.0
2025-02-01,85,2025-02-01 14:10:00,0.0,0.0,603.26775,769.5365666666667,0.9978,0.0,0.0,0.0,166.26881666666668,10800.0,10800.0
2025-02-01,86,2025-02-01 14:20:00,0.0,0.0,610.8116666666666,727.4,1.0271,0.0,0.0,0.0,116.58833333333337,10800.0,10800.0
2025-02-01,87,2025-02-01 14:30:00,0.0,0.0,571.6230833333333,684.0674,1.0906,0.0,0.0,0.0,112.44431666666674,10800.0,10800.0
2025-02-01,88,2025-02-01 14:40:00,0.0,0.0,554.5942,648.3614333333334,0.9376,0.0,0.0,0.0,93.76723333333337,10800.0,10800.0
2025-02-01,89,2025-02-01 14:50:00,119.84918333333349,119.84918333333349,578.9233333333333,614.725,0.6694,0.0,0.0,0.0,155.65085000000022,10800.0,10800.0
2025-02-01,90,2025-02-01 15:00:00,301.9846670781902,135.04736207083118,593.822,565.3928500000001,0.66,0.0,0.0,0.0,106.61821207083119,10800.0,10800.0
2025-02-01,91,2025-02-01 15:10:00,275.81493055555563,145.2987325726042,603.3700333333334,505.4359666666667,0.7217,0.0,0.0,0.0,47.3646659059375,10800.0,10800.0
2025-02-01,92,2025-02-01 15:20:00,284.18568333333343,183.02138259211227,608.655,450.6375,0.7308,0.0,0.0,0.0,25.00388259211229,10800.0,10800.0
2025-02-01,93,2025-02-01 15:30:00,314.44345277777774,248.6732709578376,596.7886500000001,413.6283,0.7534,0.0,0.0,0.0,65.51292095783754,10800.0,10800.0
2025-02-01,94,2025-02-01 15:40:00,359.1297222222222,275.4859602061329,570.11095,375.9729,0.7823,0.0,0.0,0.0,81.34791020613284,10800.0,10800.0
2025-02-01,95,2025-02-01 15:50:00,393.97778333333326,296.0478812987635,548.75,328.93125000000003,0.8055,0.0,0.0,0.0,76.2291312987636,10800.0,10800.0
2025-02-01,96,2025-02-01 16:00:00,405.7574499999999,323.40543102383924,554.0824,281.17405,0.8271,0.0,0.0,0.0,50.4970810238392,10800.0,10800.0
2025-02-01,97,2025-02-01 16:10:00,455.3792583333334,455.3792583333334,559.0360666666667,240.44151666666667,0.8519,0.0,0.0,0.0,136.78470833333336,10800.0,10800.0
2025-02-01,98,2025-02-01 16:20:00,494.1337666666667,458.76362500000005,563.1066666666667,202.36249999999998,0.8791,0.0,0.0,0.0,98.01945833333332,10800.0,10800.0
2025-02-01,99,2025-02-01 16:30:00,505.25089166666663,467.80957164949376,580.2863,155.51903333333334,0.9024,0.0,0.0,0.0,43.04230498282709,10800.0,10800.0
2025-02-01,100,2025-02-01 16:40:00,434.48536308333905,434.48536308333905,532.8180166666667,106.71146666666668,0.9163,0.0,0.0,0.0,8.378813083338969,10800.0,10800.0
2025-02-01,101,2025-02-01 16:50:00,423.55458333333337,423.55458333333337,446.78,59.706250000000004,0.9264,0.0,0.0,0.0,36.48083333333341,10800.0,10800.0
2025-02-01,102,2025-02-01 17:00:00,468.5740305555557,468.03312749280053,433.5435166666667,15.897433333333334,0.9462,0.0,0.0,0.0,50.387044159467166,10800.0,10800.0
2025-02-01,103,2025-02-01 17:10:00,462.0825813611102,462.0825813611102,439.7808,0.0,0.9742,0.0,0.0,0.0,22.301781361110216,10800.0,10800.0
2025-02-01,104,2025-02-01 17:20:00,457.11172500000004,457.11172500000004,436.1366666666667,0.0,0.9862,0.0,0.0,0.0,20.975058333333322,10800.0,10800.0
2025-02-01,105,2025-02-01 17:30:00,436.8584777777778,436.8584777777778,445.99516666666665,0.68945,0.976,0.0,8.447238888888933,0.0,1.1368683772161603e-13,10800.0,10790.614179012346
2025-02-01,106,2025-02-01 17:40:00,447.64524722222217,447.64524722222217,439.8926333333333,0.0,1.0742,7.752613888888947,0.0,1.0125233984581428e-13,0.0,10790.614179012346,10797.591531512346
2025-02-01,107,2025-02-01 17:50:00,0.0,0.0,428.47,0.0,1.2313,0.0,428.47000000000065,0.0,6.252776074688882e-13,10797.591531512346,10321.513753734567
2025-02-01,108,2025-02-01 18:00:00,0.0,0.0,454.18455,0.049499999999999995,1.2561,0.0,454.13504999999935,6.252776074688882e-13,0.0,10321.513753734567,9816.919253734568
2025-02-01,109,2025-02-01 18:10:00,0.0,0.0,472.26531666666665,0.0,1.2447,0.0,472.26531666666654,1.1368683772161603e-13,0.0,9816.919253734568,9292.180012993827
2025-02-01,110,2025-02-01 18:20:00,0.0,0.0,454.16833333333335,0.0,1.2545,0.0,454.16833333333324,1.1368683772161603e-13,0.0,9292.180012993827,8787.548531512346
2025-02-01,111,2025-02-01 18:30:00,0.0,0.0,418.3761833333333,0.0035499999999999998,1.2522,0.0,418.37263333333397,0.0,6.821210263296962e-13,8787.548531512346,8322.690050030864
2025-02-01,112,2025-02-01 18:40:00,0.0,0.0,414.0822333333333,0.0,1.2881,0.0,414.082233333333,2.8421709430404007e-13,0.0,8322.690050030864,7862.598679660494
2025-02-01,113,2025-02-01 18:50:00,0.0,0.0,432.1383333333333,0.0,1.3466,0.0,432.138333333333,3.410605131648481e-13,0.0,7862.598679660494,7382.444975956791
2025-02-01,114,2025-02-01 19:00:00,0.0,0.0,424.0143666666667,0.00025,1.3523,0.0,424.0141166666669,0.0,1.7053025658242404e-13,7382.444975956791,6911.318179660494
2025-02-01,115,2025-02-01 19:10:00,0.0,0.0,442.41246666666666,0.0,1.3445,0.0,442.4124666666665,1.7053025658242404e-13,0.0,6911.318179660494,6419.748772253087
2025-02-01,116,2025-02-01 19:20:00,0.0,0.0,483.74666666666667,0.0,1.3483,0.0,483.7466666666667,0.0,5.684341886080802e-14,6419.748772253087,5882.2524759567905
2025-02-01,117,2025-02-01 19:30:00,0.0,0.0,481.18446666666665,0.0,1.349,0.0,481.1844666666664,2.2737367544323206e-13,0.0,5882.2524759567905,5347.603068549383
2025-02-01,118,2025-02-01 19:40:00,0.0,0.0,444.76593333333335,0.0,1.3473,0.0,444.7659333333337,0.0,3.410605131648481e-13,5347.603068549383,4853.418698179013
2025-02-01,119,2025-02-01 19:50:00,0.0,0.0,418.095,0.0,1.3482,0.0,418.0950000000002,0.0,1.7053025658242404e-13,4853.418698179013,4388.868698179012
2025-02-01,120,2025-02-01 20:00:00,0.0,0.0,436.7405166666667,0.0,1.3513,0.0,436.74051666666674,0.0,5.684341886080802e-14,4388.868698179012,3903.6014574382716
2025-02-01,121,2025-02-01 20:10:00,0.0,0.0,452.69785,0.0,1.34,0.0,452.69784999999985,1.7053025658242404e-13,0.0,3903.6014574382716,3400.6038463271607
2025-02-01,122,2025-02-01 20:20:00,0.0,0.0,449.9683333333333,0.0,1.3489,0.0,449.9683333333334,0.0,1.1368683772161603e-13,3400.6038463271607,2900.639031512346
2025-02-01,123,2025-02-01 20:30:00,0.0,0.0,455.0667,0.0,1.3952,0.0,455.0667,0.0,0.0,2900.639031512346,2395.009364845679
2025-02-01,124,2025-02-01 20:40:00,0.0,0.0,454.01236666666665,0.0,1.2226,0.0,454.01236666666665,0.0,0.0,2395.009364845679,1890.551179660494
2025-02-01,125,2025-02-01 20:50:00,511.32833333333326,511.32833333333326,459.405,0.0,0.9332,51.923333333333325,0.0,3.552713678800501e-14,0.0,1890.551179660494,1937.282179660494
2025-02-01,126,2025-02-01 21:00:00,477.9468313786003,509.44409999999993,497.4207666666667,0.0,0.9068,12.023333333333236,0.0,0.0,1.9539925233402755e-14,1937.282179660494,1948.1031796604939
2025-02-01,127,2025-02-01 21:10:00,465.6757083333334,485.9938846116043,503.28313333333335,0.0,0.9371,0.0,17.28924872172902,3.197442310920451e-14,0.0,1948.1031796604939,1928.8929033030172
2025-02-01,128,2025-02-01 21:20:00,478.7549999999999,490.22072889442376,477.5566666666667,0.0,0.9371,12.66406222775711,0.0,2.4868995751603507e-14,0.0,1928.8929033030172,1940.2905593079986
2025-02-01,129,2025-02-01 21:30:00,452.96755,511.47394166666675,479.13595000000004,0.0,0.9871,32.33799166666662,0.0,0.0,9.237055564881302e-14,1940.2905593079986,1969.3947518079985
2025-02-01,130,2025-02-01 21:40:00,445.10109166666666,475.4092916666667,450.2041,0.0,0.7764,25.205191666666703,0.0,0.0,3.197442310920451e-14,1969.3947518079985,1992.0794243079986
2025-02-01,131,2025-02-01 21:50:00,433.87416666666667,433.87416666666667,392.08500000000004,0.0,0.4209,41.78916666666661,0.0,0.0,2.1316282072803006e-14,1992.0794243079986,2029.6896743079985
2025-02-01,132,2025-02-01 22:00:00,672.9920815843622,672.9920815843622,371.76981666666666,0.0,0.3859,301.2222649176958,0.0,2.8421709430404007e-13,0.0,2029.6896743079985,2300.7897127339247
2025-02-01,133,2025-02-01 22:10:00,429.71306666666675,429.71306666666675,363.5782166666667,0.0,0.4368,66.13485000000007,0.0,4.263256414560601e-14,0.0,2300.7897127339247,2360.311077733925
2025-02-01,134,2025-02-01 22:20:00,456.595,456.5950000000001,359.1566666666667,0.0,0.4198,97.4383333333334,0.0,1.4210854715202004e-14,0.0,2360.311077733925,2448.005577733925
2025-02-01,135,2025-02-01 22:30:00,440.7306499999999,440.7306499999999,382.05071666666663,0.0,0.4186,58.67993333333339,0.0,1.0658141036401503e-13,0.0,2448.005577733925,2500.817517733925
2025-02-01,136,2025-02-01 22:40:00,414.34881666666666,414.34881666666666,417.16841666666664,0.0,0.4241,0.0,2.8195999999999457,3.419486915845482e-14,0.0,2500.817517733925,2497.684628845036
2025-02-01,137,2025-02-01 22:50:00,393.55749999999995,393.55749999999995,431.7966666666667,0.0,0.4237,0.0,38.239166666666826,0.0,9.237055564881302e-14,2497.684628845036,2455.196665882073
2025-02-01,138,2025-02-01 23:00:00,434.8790666666666,434.8790666666666,406.46495,0.0,0.4248,28.41411666666671,0.0,1.2434497875801753e-13,0.0,2455.196665882073,2480.769370882073
2025-02-01,139,2025-02-01 23:10:00,432.74535,432.74535,400.95986666666664,0.0,0.424,31.785483333333104,0.0,0.0,2.2737367544323206e-13,2480.769370882073,2509.3763058820728
2025-02-01,140,2025-02-01 23:20:00,423.15,423.15,409.945,0.0,0.422,13.20500000000013,0.0,1.4566126083082054e-13,0.0,2509.3763058820728,2521.260805882073
2025-02-01,141,2025-02-01 23:30:00,414.9169833333334,414.9169833333334,387.2367,0.0,0.424,27.68028333333354,0.0,1.2079226507921703e-13,0.0,2521.260805882073,2546.173060882073
2025-02-01,142,2025-02-01 23:40:00,483.63307499999985,483.63307499999985,454.71015000000006,0.0,0.4271,28.922924999999648,0.0,0.0,1.4566126083082054e-13,2546.173060882073,2572.2036933820727
2025-02-01,143,2025-02-01 23:50:00,588.725,588.725,580.8233333333334,0.0,0.4276,7.901666666666642,0.0,0.0,0.0,2572.2036933820727,2579.3151933820727
2025-02-02,0,2025-02-02 00:00:00,1469.0514083333333,1469.0514083333333,598.66405,0.0,0.4248,833.3333333333333,0.0,0.0,37.054025000000024,2579.3151933820727,3329.3151933820727
2025-02-02,1,2025-02-02 00:10:00,1441.3041166666662,1441.3041166666662,581.7344833333333,0.0,0.4245,833.3333333333333,0.0,0.0,26.236299999999687,3329.3151933820727,4079.3151933820727
2025-02-02,2,2025-02-02 00:20:00,1468.0258333333327,1468.0258333333327,584.5933333333334,0.0,0.4269,833.3333333333333,0.0,0.0,50.099166666666065,4079.3151933820727,4829.315193382073
2025-02-02,3,2025-02-02 00:30:00,1497.781958333333,1497.781958333333,586.1028666666667,0.0,0.4272,833.3333333333333,0.0,0.0,78.34575833333304,4829.315193382073,5579.315193382073
2025-02-02,4,2025-02-02 00:40:00,1500.2197750000005,1500.2197750000005,587.1968666666667,0.0,0.4271,833.3333333333333,0.0,0.0,79.68957500000056,5579.315193382073,6329.315193382073
2025-02-02,5,2025-02-02 00:50:00,1503.3175,1503.3175,596.0733333333334,0.0,0.4285,833.3333333333333,0.0,0.0,73.91083333333347,6329.315193382073,7079.315193382073
2025-02-02,6,2025-02-02 01:00:00,640.38885,640.38885,612.0548166666666,0.0,0.4311,28.33403333333384,0.0,4.156675004196586e-13,0.0,7079.315193382073,7104.815823382073
2025-02-02,7,2025-02-02 01:10:00,1439.494854575474,1439.494854575474,598.3243,0.0,0.4302,833.3333333333333,0.0,0.0,7.837221242140686,7104.815823382073,7854.815823382073
2025-02-02,8,2025-02-02 01:20:00,1538.2424999999996,1538.2424999999996,572.2333333333333,0.0,0.4279,833.3333333333323,0.0,0.0,132.6758333333339,7854.815823382073,8604.815823382072
2025-02-02,9,2025-02-02 01:30:00,647.3210249999998,647.3210249999998,591.6527333333333,0.0,0.4312,55.66829166666745,0.0,9.450218385609332e-13,0.0,8604.815823382072,8654.917285882073
2025-02-02,10,2025-02-02 01:40:00,634.0926166666667,634.0926166666667,624.2957,0.0,0.4333,9.796916666667434,0.0,7.585043704239069e-13,0.0,8654.917285882073,8663.734510882074
2025-02-02,11,2025-02-02 01:50:00,656.6083333333333,656.6083333333333,628.665,0.0,0.4311,27.943333333332703,0.0,0.0,6.821210263296962e-13,8663.734510882074,8688.883510882073
2025-02-02,12,2025-02-02 02:00:00,1527.1604833333333,1527.1604833333333,599.0741166666667,0.0,0.4293,833.3333333333333,0.0,0.0,94.7530333333334,8688.883510882073,9438.883510882073
2025-02-02,13,2025-02-02 02:10:00,695.2058916666667,695.2058916666667,611.8605833333334,0.0,0.4324,83.34530833333297,0.0,0.0,4.121147867408581e-13,9438.883510882073,9513.894288382073
2025-02-02,14,2025-02-02 02:20:00,676.1166666666667,676.1166666666667,647.1383333333333,0.0,0.4367,28.978333333333364,0.0,1.0658141036401503e-14,0.0,9513.894288382073,9539.974788382073
2025-02-02,15,2025-02-02 02:30:00,676.4623583333332,676.4623583333332,618.5352333333334,0.0,0.4348,57.92712499999955,0.0,0.0,2.7000623958883807e-13,9539.974788382073,9592.109200882072
2025-02-02,16,2025-02-02 02:40:00,663.0095416666668,663.0095416666668,632.8425166666667,0.0,0.4335,30.167024999999636,0.0,0.0,4.440892098500626e-13,9592.109200882072,9619.259523382072
2025-02-02,17,2025-02-02 02:50:00,684.1908333333332,684.1908333333332,682.7416666666667,0.0,0.4357,1.4491666666658096,0.0,0.0,7.327471962526033e-13,9619.259523382072,9620.563773382071
2025-02-02,18,2025-02-02 03:00:00,662.8851500000001,662.8851500000001,650.2912666666667,0.0,0.4374,12.59388333333239,0.0,0.0,9.485745522397337e-13,9620.563773382071,9631.89826838207
2025-02-02,19,2025-02-02 03:10:00,668.2016916666665,668.2016916666665,625.2837000000001,0.0,0.4371,42.917991666666545,0.0,7.815970093361102e-14,0.0,9631.89826838207,9670.52446088207
2025-02-02,20,2025-02-02 03:20:00,697.3308333333333,697.3308333333333,648.8266666666667,0.0,0.4356,48.5041666666661,0.0,0.0,5.044853423896711e-13,9670.52446088207,9714.17821088207
2025-02-02,21,2025-02-02 03:30:00,677.3190583333334,677.3190583333334,667.2369666666667,0.0,0.4353,10.082091666667514,0.0,8.57980353430321e-13,0.0,9714.17821088207,9723.25209338207
2025-02-02,22,2025-02-02 03:40:00,681.57255,681.57255,658.5555,0.0,0.436,23.017050000000584,0.0,6.572520305780927e-13,0.0,9723.25209338207,9743.967438382071
2025-02-02,23,2025-02-02 03:50:00,719.1991666666667,719.1991666666667,637.655,0.0,0.4378,81.54416666666697,0.0,2.8421709430404007e-13,0.0,9743.967438382071,9817.357188382071
2025-02-02,24,2025-02-02 04:00:00,724.7206416666667,724.7206416666667,636.6545833333333,0.0,0.4401,88.06605833333379,0.0,4.547473508864641e-13,0.0,9817.357188382071,9896.616640882072
2025-02-02,25,2025-02-02 04:10:00,709.463225,709.463225,645.9066666666666,0.0,0.4389,63.556558333334074,0.0,7.460698725481052e-13,0.0,9896.616640882072,9953.817543382072
2025-02-02,26,2025-02-02 04:20:00,718.5666666666666,718.5666666666666,652.965,0.0,0.4364,0.0,0.0,0.0,65.60166666666657,9953.817543382072,9953.817543382072
2025-02-02,27,2025-02-02 04:30:00,713.8690666666666,713.8690666666666,656.2554833333334,0.0,0.4393,0.0,0.0,0.0,57.61358333333328,9953.817543382072,9953.817543382072
2025-02-02,28,2025-02-02 04:40:00,725.8615000000001,725.8615000000001,665.3873333333333,0.00023333333333333333,0.4422,0.0,0.0,0.0,60.47440000000006,9953.817543382072,9953.817543382072
2025-02-02,29,2025-02-02 04:50:00,717.9266666666665,717.9266666666665,681.0333333333333,0.0,0.4395,0.0,0.0,0.0,36.8933333333332,9953.817543382072,9953.817543382072
2025-02-02,30,2025-02-02 05:00:00,702.7651250000001,702.7651250000001,691.0207666666666,0.0,0.4333,0.0,0.0,0.0,11.74435833333348,9953.817543382072,9953.817543382072
2025-02-02,31,2025-02-02 05:10:00,715.212975,715.212975,679.2231166666667,0.00315,0.4439,0.0,0.0,0.0,35.993008333333364,9953.817543382072,9953.817543382072
2025-02-02,32,2025-02-02 05:20:00,1584.0808333333332,1584.0808333333332,647.9466666666666,0.0,0.4301,162.42495179769725,0.0,0.0,773.7092148689694,9953.817543382072,10100.0
2025-02-02,33,2025-02-02 05:30:00,1542.7232083333333,1542.7232083333333,633.4947,0.0,0.3713,777.7777777777777,0.0,0.0,131.45073055555565,10100.0,10800.0
2025-02-02,34,2025-02-02 05:40:00,774.3411833333332,774.3411833333332,723.7820499999999,0.04398333333333334,0.5708,0.0,0.0,0.0,50.603116666666665,10800.0,10800.0
2025-02-02,35,2025-02-02 05:50:00,910.345,910.345,855.5333333333333,0.0,0.9099,0.0,0.0,0.0,54.811666666666724,10800.0,10800.0
2025-02-02,36,2025-02-02 06:00:00,240.2698416666666,240.2698416666666,867.2495166666666,0.0,0.9368,0.0,626.9796749999995,5.684341886080801e-13,0.0,10800.0,10103.355916666667
2025-02-02,37,2025-02-02 06:10:00,894.4587027777777,894.4587027777777,855.2815166666666,0.6127,0.8758,39.78988611111062,0.0,0.0,5.542233338928781e-13,10103.355916666667,10139.166814166667
2025-02-02,38,2025-02-02 06:20:00,924.2475666666667,924.2475666666667,873.5016666666667,0.0,0.8759,50.745899999999686,0.0,0.0,3.197442310920451e-13,10139.166814166667,10184.838124166667
2025-02-02,39,2025-02-02 06:30:00,903.8568499999999,903.8568499999999,876.0123666666667,0.0,0.8601,27.844483333333805,0.0,6.181721801112872e-13,0.0,10184.838124166667,10209.898159166667
2025-02-02,40,2025-02-02 06:40:00,884.0398416666667,884.0398416666667,853.8498833333333,19.09655,0.8442,49.28650833333247,0.0,0.0,8.881784197001252e-13,10209.898159166667,10254.256016666666
2025-02-02,41,2025-02-02 06:50:00,851.9478166666665,851.9478166666665,832.265,64.34375,0.8334,84.02656666666694,0.0,3.836930773104541e-13,0.0,10254.256016666666,10329.879926666667
2025-02-02,42,2025-02-02 07:00:00,816.6468083333333,816.6468083333333,845.0358,109.53881666666666,0.8092,0.0,0.0,0.0,81.14982499999996,10329.879926666667,10329.879926666667
2025-02-02,43,2025-02-02 07:10:00,742.4755333333333,742.4755333333333,865.4190666666667,156.74493333333334,0.7972,0.0,0.0,0.0,33.801399999999944,10329.879926666667,10329.879926666667
2025-02-02,44,2025-02-02 07:20:00,721.590425,721.590425,862.9766666666666,206.4,0.7644,0.0,0.0,0.0,65.01375833333339,10329.879926666667,10329.879926666667
2025-02-02,45,2025-02-02 07:30:00,1504.1070861111107,1500.2509350416299,851.2133,252.16675,0.6899,522.3556370370372,0.0,0.0,378.8487480045927,10329.879926666667,10800.0
2025-02-02,46,2025-02-02 07:40:00,714.6563916666665,714.6563916666665,963.0563333333333,294.4087666666667,0.86,0.0,0.0,0.0,46.00882499999989,10800.0,10800.0
2025-02-02,47,2025-02-02 07:50:00,59.313533333333226,82.93238333333318,1143.6366666666665,332.4875,1.1617,0.0,728.2167833333341,0.0,7.958078640513122e-13,10800.0,9990.87024074074
2025-02-02,48,2025-02-02 08:00:00,0.0,0.0,1189.9577666666667,367.12641666666667,1.1683,0.0,822.8313500000003,0.0,3.410605131648481e-13,9990.87024074074,9076.613185185184
2025-02-02,49,2025-02-02 08:10:00,0.0,0.0,1173.5552,414.6793333333333,1.0956,0.0,758.8758666666666,1.1368683772161603e-13,0.0,9076.613185185184,8233.417777777777
2025-02-02,50,2025-02-02 08:20:00,0.0,0.0,1167.535,474.96875,1.0849,0.0,692.5662499999997,3.410605131648481e-13,0.0,8233.417777777777,7463.8997222222215
2025-02-02,51,2025-02-02 08:30:00,0.0,0.0,1171.4924666666668,531.3649666666666,1.061,0.0,640.1274999999999,2.2737367544323206e-13,0.0,7463.8997222222215,6752.646944444444
2025-02-02,52,2025-02-02 08:40:00,0.0,0.0,1169.5395833333334,583.4552833333333,1.043,0.0,586.0843000000002,0.0,1.1368683772161603e-13,6752.646944444444,6101.442166666666
2025-02-02,53,2025-02-02 08:50:00,0.0,0.0,1159.6966666666667,638.49375,1.036,0.0,521.2029166666669,0.0,1.1368683772161603e-13,6101.442166666666,5522.327814814814
2025-02-02,54,2025-02-02 09:00:00,0.0,0.0,1155.84485,701.0060166666667,1.0147,0.0,454.8388333333332,5.684341886080802e-14,0.0,5522.327814814814,5016.9513333333325
2025-02-02,55,2025-02-02 09:10:00,0.0,0.0,1166.1131666666668,752.3296,0.9922,0.0,413.78356666666645,2.8421709430404007e-13,0.0,5016.9513333333325,4557.191814814814
2025-02-02,56,2025-02-02 09:20:00,0.0,0.0,1171.27,796.9875000000001,0.97,0.0,374.2825000000001,0.0,1.7053025658242404e-13,4557.191814814814,4141.32237037037
2025-02-02,57,2025-02-02 09:30:00,288.88314444444666,288.88314444444666,1143.4297833333333,854.4570666666667,0.9422,0.0,0.08957222221979465,9.094114350460814e-14,0.0,4141.32237037037,4141.222845679014
2025-02-02,58,2025-02-02 09:40:00,0.0,0.0,1121.5185833333333,890.1131833333334,0.9569,0.0,231.40540000000007,0.0,1.9895196601282805e-13,4141.222845679014,3884.1057345679033
2025-02-02,59,2025-02-02 09:50:00,0.0,0.0,1126.9816666666668,904.61875,0.9977,0.0,222.362916666667,0.0,1.7053025658242404e-13,3884.1057345679033,3637.0358271604955
2025-02-02,60,2025-02-02 10:00:00,0.0,0.0,1143.2435833333334,932.48405,0.9919,0.0,210.75953333333334,2.842170943040401e-14,0.0,3637.0358271604955,3402.8585679012363
2025-02-02,61,2025-02-02 10:10:00,0.0,0.0,1140.95675,948.9234666666666,0.9588,0.0,192.03328333333326,1.7053025658242404e-13,0.0,3402.8585679012363,3189.4882530864215
2025-02-02,62,2025-02-02 10:20:00,0.0,0.0,1120.825,955.75,0.9549,0.0,165.07499999999987,1.7053025658242404e-13,0.0,3189.4882530864215,3006.071586419755
2025-02-02,63,2025-02-02 10:30:00,0.0,0.0,1112.39495,985.7863000000001,0.9839,0.0,126.60864999999986,1.5631940186722204e-13,0.0,3006.071586419755,2865.3953086419774
2025-02-02,64,2025-02-02 10:40:00,281.7843222222223,281.7843222222223,1127.6572666666666,1027.8570166666666,0.799,0.0,0.0,0.0,181.98407222222227,2865.3953086419774,2865.3953086419774
2025-02-02,65,2025-02-02 10:50:00,1121.3408666666667,973.1837155088381,1140.545,1055.08125,0.5025,260.67187928669176,0.0,0.0,627.0480862221461,2865.3953086419774,3100.0
2025-02-02,66,2025-02-02 11:00:00,1155.2606027777779,962.4148655170217,1114.6941166666668,1054.1732,0.4662,777.7777777777777,0.0,0.0,124.11617107257723,3100.0,3800.0
2025-02-02,67,2025-02-02 11:10:00,1024.9668805555552,969.1182134097369,1103.5297833333334,1079.4850666666666,0.5007,777.7777777777777,0.0,0.0,167.29571896529217,3800.0,4500.0
2025-02-02,68,2025-02-02 11:20:00,1118.319775,985.5562404768332,1132.0416666666667,1117.6375,0.4827,777.7777777777777,0.0,0.0,193.37429603238877,4500.0,5200.0
2025-02-02,69,2025-02-02 11:30:00,1061.1008194444444,957.3868027777778,1160.9295666666667,1105.8838833333332,0.4785,777.7777777777777,0.0,0.0,124.56334166666659,5200.0,5900.0
2025-02-02,70,2025-02-02 11:40:00,994.4430138888885,880.3103658832772,1105.1401166666667,1117.75745,0.4662,777.7777777777777,0.0,0.0,115.14992143883285,5900.0,6600.0
2025-02-02,71,2025-02-02 11:50:00,975.3120333333331,785.3009742469583,1014.6033333333334,1148.0062500000001,0.4432,777.7777777777777,0.0,0.0,140.92611313584734,6600.0,7300.0
2025-02-02,72,2025-02-02 12:00:00,936.3667138888891,855.3217323913836,1029.2584666666667,1115.8952,0.4411,833.3333333333333,0.0,0.0,108.62513239138366,7300.0,8050.0
2025-02-02,73,2025-02-02 12:10:00,924.408636111111,855.1950278914433,1068.5136,1090.4079333333334,0.4551,833.3333333333333,0.0,0.0,43.75602789144341,8050.0,8800.0
2025-02-02,74,2025-02-02 12:20:00,942.7720249999994,843.9392375953296,1060.23,1099.76875,0.4463,833.3333333333333,0.0,0.0,50.144654261996266,8800.0,9550.0
2025-02-02,75,2025-02-02 12:30:00,833.8698083333333,818.0446279379878,1017.6193333333334,1101.54775,0.4113,833.3333333333333,0.0,0.0,68.63971127132106,9550.0,10300.0
2025-02-02,76,2025-02-02 12:40:00,972.9919638888887,598.4596643149777,1029.4667166666666,1088.6407833333333,0.5682,555.5555555555555,0.0,0.0,102.0781754260887,10300.0,10800.0
2025-02-02,77,2025-02-02 12:50:00,127.56285000000003,123.92398176418533,1087.325,1067.8625,0.8279,0.0,0.0,0.0,104.46148176418524,10800.0,10800.0
2025-02-02,78,2025-02-02 13:00:00,236.29014722222234,161.88781568139404,1097.3868833333333,1051.91705,0.8636,0.0,0.0,0.0,116.4179823480606,10800.0,10800.0
2025-02-02,79,2025-02-02 13:10:00,183.66959166666675,158.1760407129899,1085.0511,1058.2799166666666,0.8416,0.0,0.0,0.0,131.4048573796565,10800.0,10800.0
2025-02-02,80,2025-02-02 13:20:00,164.80660833333343,136.53532337670276,1084.2633333333333,1061.6875,0.8618,0.0,0.0,0.0,113.95949004336944,10800.0,10800.0
2025-02-02,81,2025-02-02 13:30:00,189.8073916666666,173.17904020852143,1095.6653166666667,1017.2032333333333,0.8623,0.0,0.0,0.0,94.71695687518809,10800.0,10800.0
2025-02-02,82,2025-02-02 13:40:00,0.0,0.0,1079.5258000000001,974.22565,0.9026,0.0,105.30015000000003,1.1368683772161603e-13,0.0,10800.0,10682.999833333333
2025-02-02,83,2025-02-02 13:50:00,0.0,0.0,1048.8616666666667,949.0,0.9754,0.0,99.86166666666723,0.0,5.542233338928781e-13,10682.999833333333,10572.042425925925
2025-02-02,84,2025-02-02 14:00:00,0.0,0.0,1057.3207333333332,911.0906666666666,1.0002,0.0,146.23006666666717,0.0,5.400124791776761e-13,10572.042425925925,10409.564574074073
2025-02-02,85,2025-02-02 14:10:00,0.0,0.0,1072.0557666666666,871.6022166666667,0.9978,0.0,200.45355000000055,0.0,5.968558980384842e-13,10409.564574074073,10186.838407407406
2025-02-02,86,2025-02-02 14:20:00,0.0,0.0,1068.7783333333334,838.68125,1.0271,0.0,230.09708333333364,0.0,1.9895196601282805e-13,10186.838407407406,9931.17498148148
2025-02-02,87,2025-02-02 14:30:00,0.0,0.0,1055.7741666666668,802.7843166666667,1.0906,0.0,252.9898500000003,0.0,1.4210854715202004e-13,9931.17498148148,9650.075148148146
2025-02-02,88,2025-02-02 14:40:00,0.0,0.0,1047.2526166666667,741.1351666666666,0.9376,0.0,306.1174499999994,6.821210263296962e-13,0.0,9650.075148148146,9309.944648148146
2025-02-02,89,2025-02-02 14:50:00,1181.1327333333334,1181.1327333333334,1038.28,665.11875,0.6694,211.17261316872626,0.0,0.0,596.7988701646073,9309.944648148146,9500.0
2025-02-02,90,2025-02-02 15:00:00,1226.3481055555553,1226.3481055555553,1015.9704166666667,610.73905,0.66,666.6666666666666,0.0,0.0,154.45007222222216,9500.0,10100.0
2025-02-02,91,2025-02-02 15:10:00,1271.5699694444443,1271.5699694444443,1014.6231666666666,563.84555,0.7217,666.6666666666666,0.0,0.0,154.125686111111,10100.0,10700.0
2025-02-02,92,2025-02-02 15:20:00,792.5844771604947,792.5844771604947,1031.7616666666665,511.72499999999997,0.7308,111.11111111111111,0.0,0.0,161.43669938271702,10700.0,10800.0
2025-02-02,93,2025-02-02 15:30:00,654.7312055555554,660.3860489626563,1031.36365,456.01683333333335,0.7534,0.0,0.0,0.0,85.03923229598968,10800.0,10800.0
2025-02-02,94,2025-02-02 15:40:00,655.5730581111108,695.0363626027101,1036.5344,398.35275,0.7823,0.0,0.0,0.0,56.85471260271015,10800.0,10800.0
2025-02-02,95,2025-02-02 15:50:00,701.769,701.769,1043.1516666666666,343.0625,0.8055,0.0,0.0,0.0,1.679833333333363,10800.0,10800.0
2025-02-02,96,2025-02-02 16:00:00,750.7754694444441,786.7605423759121,1023.52795,294.6661833333333,0.8271,0.0,0.0,0.0,57.89877570924534,10800.0,10800.0
2025-02-02,97,2025-02-02 16:10:00,781.4243472222224,811.8538920253126,1022.9147333333334,247.29463333333334,0.8519,0.0,0.0,0.0,36.23379202531248,10800.0,10800.0
2025-02-02,98,2025-02-02 16:20:00,840.8303999999999,886.2322499581966,1037.415,198.84375,0.8791,0.0,0.0,0.0,47.6609999581965,10800.0,10800.0
2025-02-02,99,2025-02-02 16:30:00,903.151386111111,905.1447601455981,1017.6533,152.69565,0.9024,0.0,0.0,0.0,40.187110145598126,10800.0,10800.0
2025-02-02,100,2025-02-02 16:40:00,924.556092592593,957.7300815495355,1001.7467,108.53166666666668,0.9163,0.0,0.0,0.0,64.51504821620222,10800.0,10800.0
2025-02-02,101,2025-02-02 16:50:00,950.1869166666665,998.4948278241568,1004.9983333333333,63.43125,0.9264,0.0,0.0,0.0,56.92774449082356,10800.0,10800.0
2025-02-02,102,2025-02-02 17:00:00,981.1779833333331,1010.9560545704287,1004.3622999999999,18.726033333333334,0.9462,0.0,0.0,0.0,25.319787903762176,10800.0,10800.0
2025-02-02,103,2025-02-02 17:10:00,1005.3250583333332,1027.3475020192216,1005.3769000000001,0.0,0.9742,0.0,0.0,0.0,21.970602019221474,10800.0,10800.0
2025-02-02,104,2025-02-02 17:20:00,1017.7790416666666,1058.244061003856,1026.9183333333333,0.0,0.9862,0.0,0.0,0.0,31.32572767052261,10800.0,10800.0
2025-02-02,105,2025-02-02 17:30:00,1048.5793416666666,1082.8726454669968,1050.86015,0.5959666666666666,0.976,0.0,0.0,0.0,32.60846213366358,10800.0,10800.0
2025-02-02,106,2025-02-02 17:40:00,911.0057194444445,958.559260079565,902.1030666666667,0.0,1.0742,0.0,0.0,0.0,56.4561934128983,10800.0,10800.0
2025-02-02,107,2025-02-02 17:50:00,707.855,759.7621217464863,680.3766666666667,0.0,1.2313,0.0,0.0,0.0,79.38545507981962,10800.0,10800.0
2025-02-02,108,2025-02-02 18:00:00,689.4083,705.3817326340286,682.6128333333334,0.04278333333333333,1.2561,0.0,0.0,0.0,22.811682634028557,10800.0,10800.0
2025-02-02,109,2025-02-02 18:10:00,727.4619666666665,764.4236974803705,745.4169166666667,0.0,1.2447,0.0,0.0,0.0,19.006780813703813,10800.0,10800.0
2025-02-02,110,2025-02-02 18:20:00,699.0,723.8928648423769,755.2766666666666,0.0,1.2545,0.0,31.383801824289915,0.0,1.3855583347321954e-13,10800.0,10765.129109084122
2025-02-02,111,2025-02-02 18:30:00,713.4613000000002,745.6934958299379,754.6055166666666,0.0030666666666666668,1.2522,0.0,8.90895417006177,3.1796787425264483e-13,0.0,10765.129109084122,10755.230271117387
2025-02-02,112,2025-02-02 18:40:00,300.07130000000126,300.07130000000126,737.466,0.0,1.2881,0.0,437.3946999999984,3.410605131648481e-13,0.0,10755.230271117387,10269.236160006278
2025-02-02,113,2025-02-02 18:50:00,0.0,0.0,720.6283333333334,0.0,1.3466,0.0,720.628333333334,0.0,5.684341886080801e-13,10269.236160006278,9468.538011858129
2025-02-02,114,2025-02-02 19:00:00,0.0,0.0,734.1430166666668,0.00021666666666666666,1.3523,0.0,734.1428000000005,0.0,4.547473508864641e-13,9468.538011858129,8652.823789635906
2025-02-02,115,2025-02-02 19:10:00,0.0,0.0,718.8030333333332,0.0,1.3445,0.0,718.8030333333335,0.0,2.2737367544323206e-13,8652.823789635906,7854.153752598869
2025-02-02,116,2025-02-02 19:20:00,0.0,0.0,688.355,0.0,1.3483,0.0,688.3549999999997,3.410605131648481e-13,0.0,7854.153752598869,7089.31486370998
2025-02-02,117,2025-02-02 19:30:00,0.0,0.0,714.8059333333334,0.0,1.349,0.0,714.8059333333331,3.410605131648481e-13,0.0,7089.31486370998,6295.086048895166
2025-02-02,118,2025-02-02 19:40:00,0.0,0.0,724.8145166666667,0.0,1.3473,0.0,724.8145166666668,0.0,1.1368683772161603e-13,6295.086048895166,5489.736585932203
2025-02-02,119,2025-02-02 19:50:00,0.0,0.0,705.315,0.0,1.3482,0.0,705.315,0.0,0.0,5489.736585932203,4706.053252598869
2025-02-02,120,2025-02-02 20:00:00,0.0,0.0,714.35385,0.0,1.3513,0.0,714.3538499999999,1.1368683772161603e-13,0.0,4706.053252598869,3912.3267525988695
2025-02-02,121,2025-02-02 20:10:00,0.0,0.0,707.17605,0.0,1.34,0.0,707.1760500000003,0.0,2.2737367544323206e-13,3912.3267525988695,3126.5755859322026
2025-02-02,122,2025-02-02 20:20:00,0.0,0.0,689.7199999999999,0.0,1.3489,0.0,689.7199999999999,0.0,0.0,3126.5755859322026,2360.220030376647
2025-02-02,123,2025-02-02 20:30:00,0.0,0.0,715.1150166666666,0.0,1.3952,0.0,715.1150166666666,0.0,0.0,2360.220030376647,1565.6477896359065
2025-02-02,124,2025-02-02 20:40:00,724.3189500000001,724.3189500000001,719.2343500000001,0.0,1.2226,5.084600000000137,0.0,1.1368683772161603e-13,0.0,1565.6477896359065,1570.2239296359066
2025-02-02,125,2025-02-02 20:50:00,729.0041666666667,735.7323073305588,695.3299999999999,0.0,0.9332,40.40230733055877,0.0,0.0,9.947598300641403e-14,1570.2239296359066,1606.5860062334095
2025-02-02,126,2025-02-02 21:00:00,742.9127999999998,754.0890171491977,701.5716666666667,0.0,0.9068,52.51735048253092,0.0,0.0,9.237055564881302e-14,1606.5860062334095,1653.8516216676874
2025-02-02,127,2025-02-02 21:10:00,724.763225,744.5579749999999,707.7024666666666,0.0,0.9371,36.85550833333334,0.0,2.1316282072803006e-14,0.0,1653.8516216676874,1687.0215791676874
2025-02-02,128,2025-02-02 21:20:00,722.9181718333332,722.9181718333332,707.6866666666666,0.0,0.9371,15.231505166666466,0.0,0.0,1.1368683772161603e-13,1687.0215791676874,1700.7299338176872
2025-02-02,129,2025-02-02 21:30:00,730.1165333333333,770.3689,718.29075,0.0,0.9871,52.07815000000007,0.0,2.1316282072803006e-14,0.0,1700.7299338176872,1747.6002688176873
2025-02-02,130,2025-02-02 21:40:00,670.5758666666666,717.7095916666667,663.7065,0.0,0.7764,54.003091666666776,0.0,7.105427357601002e-14,0.0,1747.6002688176873,1796.2030513176874
2025-02-02,131,2025-02-02 21:50:00,588.9141666666667,588.9141666666667,566.7516666666667,0.0,0.4209,22.16249999999996,0.0,0.0,6.394884621840902e-14,1796.2030513176874,1816.1493013176873
2025-02-02,132,2025-02-02 22:00:00,738.8718278806589,738.8718278806589,536.4216666666667,0.0,0.3859,202.45016121399203,0.0,0.0,1.1368683772161603e-13,1816.1493013176873,1998.3544464102802
2025-02-02,133,2025-02-02 22:10:00,545.2848416666666,545.2848416666666,538.9398166666666,0.0,0.4368,6.345025000000027,0.0,6.306066779870889e-14,0.0,1998.3544464102802,2004.0649689102802
2025-02-02,134,2025-02-02 22:20:00,577.2708333333334,577.2708333333334,541.5966666666667,0.0,0.4198,35.67416666666658,0.0,0.0,9.947598300641403e-14,2004.0649689102802,2036.17171891028
2025-02-02,135,2025-02-02 22:30:00,591.3970166666667,591.3970166666667,546.5506666666666,0.0,0.4186,44.84635,0.0,0.0,2.842170943040401e-14,2036.17171891028,2076.53343391028
2025-02-02,136,2025-02-02 22:40:00,585.4554583333334,585.4554583333334,543.9407,0.0,0.4241,41.5147583333333,0.0,0.0,6.394884621840902e-14,2076.53343391028,2113.89671641028
2025-02-02,137,2025-02-02 22:50:00,576.4058333333332,576.4058333333332,541.5416666666666,0.0,0.4237,34.86416666666678,0.0,1.6342482922482304e-13,0.0,2113.89671641028,2145.27446641028
2025-02-02,138,2025-02-02 23:00:00,588.7447583333333,588.7447583333333,556.7465333333333,0.0,0.4248,31.998225000000073,0.0,1.3855583347321954e-13,0.0,2145.27446641028,2174.0728689102802
2025-02-02,139,2025-02-02 23:10:00,581.9013833333332,581.9013833333332,562.4285333333333,0.0,0.424,19.472849999999905,0.0,2.4868995751603507e-14,0.0,2174.0728689102802,2191.59843391028
2025-02-02,140,2025-02-02 23:20:00,575.8041666666667,575.8041666666667,548.4583333333334,0.0,0.422,27.345833333333253,0.0,0.0,4.973799150320701e-14,2191.59843391028,2216.20968391028
2025-02-02,141,2025-02-02 23:30:00,611.302125,611.302125,537.1479166666667,0.0,0.424,74.15420833333327,0.0,0.0,9.947598300641403e-14,2216.20968391028,2282.94847141028
2025-02-02,142,2025-02-02 23:40:00,596.2435333333333,596.2435333333333,563.8254499999999,0.0,0.4271,32.418083333333115,0.0,0.0,2.4158453015843406e-13,2282.94847141028,2312.12474641028
2025-02-02,143,2025-02-02 23:50:00,591.3816666666668,591.3816666666668,591.3766666666667,0.0,0.4276,0.005000000000008084,0.0,0.0,1.0105544873129091e-13,2312.12474641028,2312.12924641028
2025-02-03,0,2025-02-03 00:00:00,1443.5502666666662,1443.5502666666662,553.21265,0.0,0.4248,833.3333333333333,0.0,0.0,57.004283333332864,2312.12924641028,3062.12924641028
2025-02-03,1,2025-02-03 00:10:00,1463.5254,1463.5254,559.5310666666667,0.0,0.4245,833.3333333333333,0.0,0.0,70.66100000000006,3062.12924641028,3812.12924641028
2025-02-03,2,2025-02-03 00:20:00,1453.2183333333332,1453.2183333333332,609.62,0.0,0.4269,833.3333333333333,0.0,0.0,10.264999999999986,3812.12924641028,4562.12924641028
2025-02-03,3,2025-02-03 00:30:00,1453.0465083333333,1453.0465083333333,592.4176333333334,0.0,0.4272,833.3333333333333,0.0,0.0,27.295541666666736,4562.12924641028,5312.12924641028
2025-02-03,4,2025-02-03 00:40:00,1462.3925500000007,1462.3925500000007,575.3122333333333,0.0,0.4271,833.3333333333333,0.0,0.0,53.74698333333413,5312.12924641028,6062.12924641028
2025-02-03,5,2025-02-03 00:50:00,1507.6374999999998,1507.6374999999998,583.5600000000001,0.0,0.4285,833.3333333333333,0.0,0.0,90.7441666666665,6062.12924641028,6812.12924641028
2025-02-03,6,2025-02-03 01:00:00,657.4578583333333,657.4578583333333,575.2487333333333,0.0,0.4311,82.20912500000041,0.0,4.405364961712621e-13,0.0,6812.12924641028,6886.11745891028
2025-02-03,7,2025-02-03 01:10:00,1510.867008333334,1510.867008333334,590.3534333333333,0.0,0.4302,833.3333333333333,0.0,0.0,87.18024166666748,6886.11745891028,7636.11745891028
2025-02-03,8,2025-02-03 01:20:00,1505.5508333333332,1505.5508333333332,615.8633333333333,0.0,0.4279,833.3333333333343,0.0,0.0,56.354166666665606,7636.11745891028,8386.117458910281
2025-02-03,9,2025-02-03 01:30:00,649.2226416666667,649.2226416666667,596.38565,0.0,0.4312,52.83699166666742,0.0,7.460698725481052e-13,0.0,8386.117458910281,8433.670751410282
2025-02-03,10,2025-02-03 01:40:00,655.2252083333332,655.2252083333332,600.7105,0.0,0.4333,54.51470833333385,0.0,7.034373084024992e-13,0.0,8433.670751410282,8482.733988910282
2025-02-03,11,2025-02-03 01:50:00,957.0941706552437,957.0941706552437,638.3183333333333,0.0,0.4311,318.77583732191044,0.0,0.0,0.0,8482.733988910282,8769.632242500002
2025-02-03,12,2025-02-03 02:00:00,1523.8364666666664,1523.8364666666664,646.8180833333333,0.0,0.4293,833.3333333333333,0.0,0.0,43.68504999999982,8769.632242500002,9519.632242500002
2025-02-03,13,2025-02-03 02:10:00,674.6836000000001,674.6836000000001,640.0752166666667,0.0,0.4324,34.60838333333312,0.0,0.0,2.1316282072803006e-13,9519.632242500002,9550.779787500001
2025-02-03,14,2025-02-03 02:20:00,664.6633333333332,664.6633333333332,630.405,0.0,0.4367,34.258333333333816,0.0,6.039613253960852e-13,0.0,9550.779787500001,9581.612287500002
2025-02-03,15,2025-02-03 02:30:00,673.4638833333333,673.4638833333333,614.5355333333333,0.0,0.4348,58.928349999999526,0.0,0.0,4.973799150320701e-13,9581.612287500002,9634.647802500001
2025-02-03,16,2025-02-03 02:40:00,723.2039666666667,723.2039666666667,612.5439833333334,0.0,0.4335,110.6599833333328,0.0,0.0,5.400124791776761e-13,9634.647802500001,9734.241787500001
2025-02-03,17,2025-02-03 02:50:00,682.7783333333333,682.7783333333333,633.125,0.0,0.4357,49.65333333333344,0.0,1.3500311979441904e-13,0.0,9734.241787500001,9778.929787500001
2025-02-03,18,2025-02-03 03:00:00,670.968,670.968,664.07795,0.0,0.4374,6.890049999999771,0.0,0.0,2.0250467969162855e-13,9778.929787500001,9785.1308325
2025-02-03,19,2025-02-03 03:10:00,679.3171166666666,679.3171166666666,680.1285666666666,0.0,0.4371,0.0,0.8114499999994224,6.138423103152491e-13,0.0,9785.1308325,9784.22922138889
2025-02-03,20,2025-02-03 03:20:00,685.7558333333334,685.7558333333334,668.3533333333334,0.0,0.4356,17.402499999999336,0.0,0.0,6.963318810448982e-13,9784.22922138889,9799.89147138889
2025-02-03,21,2025-02-03 03:30:00,674.0019583333333,674.0019583333333,641.0808499999999,0.0,0.4353,32.9211083333333,0.0,0.0,3.552713678800501e-14,9799.89147138889,9829.52046888889
2025-02-03,22,2025-02-03 03:40:00,713.4816583333331,713.4816583333331,647.1126,0.0,0.436,66.36905833333407,0.0,9.663381206337363e-13,0.0,9829.52046888889,9889.25262138889
2025-02-03,23,2025-02-03 03:50:00,719.2383333333335,719.2383333333335,679.9033333333333,0.0,0.4378,39.33499999999994,0.0,0.0,2.1316282072803006e-13,9889.25262138889,9924.65412138889
2025-02-03,24,2025-02-03 04:00:00,705.0063500000001,705.0063500000001,689.4757833333333,0.0,0.4401,15.530566666667356,0.0,5.559996907322784e-13,0.0,9924.65412138889,9938.631631388891
2025-02-03,25,2025-02-03 04:10:00,722.6868,722.6868,706.4074,0.0,0.4389,16.279399999999036,0.0,0.0,8.597567102697212e-13,9938.631631388891,9953.28309138889
2025-02-03,26,2025-02-03 04:20:00,738.0441666666666,738.0441666666666,716.1750000000001,0.0,0.4364,0.0,0.0,0.0,21.8691666666665,9953.28309138889,9953.28309138889
2025-02-03,27,2025-02-03 04:30:00,720.3862000000001,720.3862000000001,670.2347,0.0,0.4393,0.0,0.0,0.0,50.15150000000017,9953.28309138889,9953.28309138889
2025-02-03,28,2025-02-03 04:40:00,730.7986083333334,730.7986083333334,643.91015,0.0,0.4422,0.0,0.0,0.0,86.88845833333335,9953.28309138889,9953.28309138889
2025-02-03,29,2025-02-03 04:50:00,725.8816666666668,725.8816666666668,657.01,0.0,0.4395,0.0,0.0,0.0,68.87166666666678,9953.28309138889,9953.28309138889
2025-02-03,30,2025-02-03 05:00:00,741.4166250000001,741.4166250000001,657.9167666666666,0.0,0.4333,0.0,0.0,0.0,83.49985833333346,9953.28309138889,9953.28309138889
2025-02-03,31,2025-02-03 05:10:00,755.6915666666667,755.6915666666667,657.1276333333334,0.00225,0.4439,0.0,0.0,0.0,98.56618333333336,9953.28309138889,9953.28309138889
2025-02-03,32,2025-02-03 05:20:00,1587.6466666666668,1587.6466666666668,658.715,0.0,0.4301,163.0187873456776,0.0,0.0,765.9128793209891,9953.28309138889,10100.0
2025-02-03,33,2025-02-03 05:30:00,1556.3008000000002,1556.3008000000002,664.1767333333333,0.0,0.3713,777.7777777777777,0.0,0.0,114.34628888888915,10100.0,10800.0
2025-02-03,34,2025-02-03 05:40:00,780.8253499999998,780.8253499999998,749.9262666666667,0.031266666666666665,0.5708,0.0,0.0,0.0,30.93034999999975,10800.0,10800.0
2025-02-03,35,2025-02-03 05:50:00,897.2800000000002,897.2800000000002,864.9966666666666,0.0,0.9099,0.0,0.0,0.0,32.283333333333644,10800.0,10800.0
2025-02-03,36,2025-02-03 06:00:00,244.12138888888887,141.21768591693217,873.5690833333333,0.0,0.9368,0.0,732.3513974164007,4.547473508864641e-13,0.0,10800.0,9986.276225092888
2025-02-03,37,2025-02-03 06:10:00,904.259711111111,901.206477883584,879.8802000000001,0.4354166666666666,0.8758,21.761694550251477,0.0,8.952838470577262e-13,0.0,9986.276225092888,10005.861750188114
2025-02-03,38,2025-02-03 06:20:00,925.4790083333334,917.3649980500218,913.7266666666666,0.0,0.8759,3.6383313833559643,0.0,7.704947790898586e-13,0.0,10005.861750188114,10009.136248433135
2025-02-03,39,2025-02-03 06:30:00,894.2556138888889,894.2556138888889,899.8708166666667,0.0,0.8601,0.0,5.615202777778177,0.0,4.0945025148175773e-13,10009.136248433135,10002.897134235604
2025-02-03,40,2025-02-03 06:40:00,888.4680277777778,888.4680277777778,884.9485833333333,23.41371666666667,0.8442,26.933161111111176,0.0,0.0,1.4210854715202004e-14,10002.897134235604,10027.136979235604
2025-02-03,41,2025-02-03 06:50:00,857.3696833333332,845.2347503537641,896.64,72.22500000000001,0.8334,20.8197503537647,0.0,5.933031843596837e-13,0.0,10027.136979235604,10045.874754553992
2025-02-03,42,2025-02-03 07:00:00,838.4322888888888,821.3403554418433,912.4627166666668,124.02591666666666,0.8092,32.903555441842194,0.0,0.0,1.0018652574217413e-12,10045.874754553992,10075.48795445165
2025-02-03,43,2025-02-03 07:10:00,793.9098777777779,772.642408667662,913.3213333333333,177.8089,0.7972,27.235606164833573,0.0,0.0,9.894369169495146,10075.48795445165,10100.0
2025-02-03,44,2025-02-03 07:20:00,717.7100833333334,672.6968406592068,889.6833333333334,231.61249999999998,0.7644,0.0,0.0,0.0,14.626007325873388,10100.0,10100.0
2025-02-03,45,2025-02-03 07:30:00,1441.917661111111,1430.6468836526074,868.6105666666667,281.95355,0.6899,777.7777777777777,0.0,0.0,66.21208920816287,10100.0,10800.0
2025-02-03,46,2025-02-03 07:40:00,666.8262194444444,666.8262194444444,980.7109333333333,344.27818333333335,0.86,0.0,0.0,0.0,30.393469444444463,10800.0,10800.0
2025-02-03,47,2025-02-03 07:50:00,17.887500000000273,0.0,1150.2316666666668,412.66875,1.1617,0.0,737.5629166666673,0.0,5.684341886080801e-13,10800.0,9980.485648148147
2025-02-03,48,2025-02-03 08:00:00,0.0,0.0,1159.6443333333334,462.7847,1.1683,0.0,696.8596333333343,0.0,7.958078640513122e-13,9980.485648148147,9206.197166666665
2025-02-03,49,2025-02-03 08:10:00,0.0,0.0,1145.7172666666668,501.0844333333334,1.0956,0.0,644.6328333333342,0.0,9.094947017729282e-13,9206.197166666665,8489.93846296296
2025-02-03,50,2025-02-03 08:20:00,0.0,0.0,1171.835,537.8937500000001,1.0849,0.0,633.94125,0.0,0.0,8489.93846296296,7785.559296296294
2025-02-03,51,2025-02-03 08:30:00,0.0,0.0,1162.5689833333333,579.7282833333334,1.061,0.0,582.8407,0.0,0.0,7785.559296296294,7137.958518518516
2025-02-03,52,2025-02-03 08:40:00,0.0,0.0,1144.5487666666666,633.07805,1.043,0.0,511.4707166666669,0.0,2.8421709430404007e-13,7137.958518518516,6569.6577222222195
2025-02-03,53,2025-02-03 08:50:00,0.0,0.0,1155.2116666666668,675.69375,1.036,0.0,479.51791666666685,0.0,5.684341886080802e-14,6569.6577222222195,6036.860037037034
2025-02-03,54,2025-02-03 09:00:00,0.0,0.0,1194.7454,678.8150333333333,1.0147,0.0,515.9303666666668,0.0,1.1368683772161603e-13,6036.860037037034,5463.604074074071
2025-02-03,55,2025-02-03 09:10:00,0.0,0.0,1185.6460166666668,700.1302166666666,0.9922,0.0,485.5158000000004,0.0,1.7053025658242404e-13,5463.604074074071,4924.1420740740705
2025-02-03,56,2025-02-03 09:20:00,0.0,0.0,1150.5683333333334,759.6625,0.97,0.0,390.9058333333338,0.0,4.547473508864641e-13,4924.1420740740705,4489.802259259255
2025-02-03,57,2025-02-03 09:30:00,475.86779166666634,0.0,1182.0311,821.3364833333334,0.9422,0.0,360.6946166666665,5.684341886080802e-14,0.0,4489.802259259255,4089.030462962959
2025-02-03,58,2025-02-03 09:40:00,0.0,0.0,1180.3323,864.0758500000001,0.9569,0.0,316.2564499999999,5.684341886080802e-14,0.0,4089.030462962959,3737.6344074074036
2025-02-03,59,2025-02-03 09:50:00,0.0,0.0,1131.1766666666667,894.3874999999999,0.9977,0.0,236.7891666666666,1.9895196601282805e-13,0.0,3737.6344074074036,3474.5353333333296
2025-02-03,60,2025-02-03 10:00:00,0.0,0.0,1127.21535,931.1940500000001,0.9919,0.0,196.02129999999988,0.0,0.0,3474.5353333333296,3256.7338888888853
2025-02-03,61,2025-02-03 10:10:00,0.0,0.0,1150.4726333333333,951.3732666666666,0.9588,0.0,199.0993666666668,0.0,1.1368683772161603e-13,3256.7338888888853,3035.5123703703666
2025-02-03,62,2025-02-03 10:20:00,260.6145694444472,0.0,1169.385,943.9375,0.9549,0.0,225.44750000000005,0.0,5.684341886080802e-14,3035.5123703703666,2785.0151481481444
2025-02-03,63,2025-02-03 10:30:00,0.0,0.0,1169.2210166666666,931.8442,0.9839,0.0,237.37681666666668,0.0,5.684341886080802e-14,2785.0151481481444,2521.263129629626
2025-02-03,64,2025-02-03 10:40:00,326.74406111111136,188.07436693463762,1141.5322333333334,978.0195166666667,0.799,0.0,0.0,0.0,24.56165026797089,2521.263129629626,2521.263129629626
2025-02-03,65,2025-02-03 10:50:00,1203.9539166666668,1042.2553980997493,1105.5366666666666,1059.3687499999999,0.5025,643.0409670781935,0.0,0.0,353.04651435488904,2521.263129629626,3100.0
2025-02-03,66,2025-02-03 11:00:00,1259.534311111111,1039.4123490277846,1098.6052333333334,1081.04355,0.4662,777.7777777777777,0.0,0.0,244.0728879166735,3100.0,3800.0
2025-02-03,67,2025-02-03 11:10:00,1231.904997222222,1025.188120627779,1124.6678166666668,1046.2020166666666,0.5007,777.7777777777777,0.0,0.0,168.94454285000108,3800.0,4500.0
2025-02-03,68,2025-02-03 11:20:00,1174.920675,1023.8637365660112,1156.5683333333334,1028.5062500000001,0.4827,777.7777777777777,0.0,0.0,118.02387545490035,4500.0,5200.0
2025-02-03,69,2025-02-03 11:30:00,1149.6888777777779,1033.6513166666664,1151.0741333333333,1095.2074,0.4785,777.7777777777777,0.0,0.0,200.00680555555562,5200.0,5900.0
2025-02-03,70,2025-02-03 11:40:00,1102.012947222222,982.4937274685516,1092.8585333333333,1115.0872333333334,0.4662,777.7777777777777,0.0,0.0,226.94464969077387,5900.0,6600.0
2025-02-03,71,2025-02-03 11:50:00,1057.9474500000001,927.5114343422322,1029.86,1065.4875,0.4432,777.7777777777777,0.0,0.0,185.36115656445452,6600.0,7300.0
2025-02-03,72,2025-02-03 12:00:00,998.0103416666667,882.9351260412805,1033.50395,1051.1764666666666,0.4411,833.3333333333333,0.0,0.0,67.27430937461372,7300.0,8050.0
2025-02-03,73,2025-02-03 12:10:00,998.6920416666665,876.1020418476091,1047.28925,1052.4270166666668,0.4551,833.3333333333333,0.0,0.0,47.90647518094261,8050.0,8800.0
2025-02-03,74,2025-02-03 12:20:00,1016.3026166666664,853.6610787720208,1034.2983333333334,1027.65625,0.4463,833.3333333333333,0.0,0.0,13.68566210535414,8800.0,9550.0
2025-02-03,75,2025-02-03 12:30:00,1044.6718444444443,853.771328225639,1016.9696333333333,970.1857166666667,0.4113,806.9874115589724,0.0,0.0,0.0,9550.0,10276.288670403075
2025-02-03,76,2025-02-03 12:40:00,1083.0134388888887,639.1300010425663,1042.71135,963.7200666666666,0.5682,560.1387177092329,0.0,0.0,0.0,10276.288670403075,10780.413516341385
2025-02-03,77,2025-02-03 12:50:00,309.4906166666665,140.54447099986248,1079.7466666666667,996.4125,0.8279,21.762759620683532,0.0,0.0,35.447544712512304,10780.413516341385,10800.0
2025-02-03,78,2025-02-03 13:00:00,295.48532777777757,182.78636953828664,1054.4313166666668,975.5898333333333,0.8636,0.0,0.0,0.0,103.94488620495326,10800.0,10800.0
2025-02-03,79,2025-02-03 13:10:00,280.44636944444403,191.54909297031304,1058.88185,954.2882500000001,0.8416,0.0,0.0,0.0,86.95549297031312,10800.0,10800.0
2025-02-03,80,2025-02-03 13:20:00,256.6431499999999,180.07940849903832,1086.8616666666667,952.96875,0.8618,0.0,0.0,0.0,46.18649183237176,10800.0,10800.0
2025-02-03,81,2025-02-03 13:30:00,310.4947444444447,202.5638968675612,1043.8305333333333,933.8155499999999,0.8623,0.0,0.0,0.0,92.54891353422772,10800.0,10800.0
2025-02-03,82,2025-02-03 13:40:00,377.33589722222223,0.0,1038.3026499999999,906.7374333333333,0.9026,0.0,131.56521666666615,3.694822225952521e-13,0.0,10800.0,10653.816425925927
2025-02-03,83,2025-02-03 13:50:00,0.0,0.0,1080.1766666666667,886.0187500000001,0.9754,0.0,194.1579166666661,5.684341886080801e-13,0.0,10653.816425925927,10438.085407407409
2025-02-03,84,2025-02-03 14:00:00,0.0,0.0,1067.1981166666667,875.0711,1.0002,0.0,192.12701666666598,7.105427357601002e-13,0.0,10438.085407407409,10224.610944444446
2025-02-03,85,2025-02-03 14:10:00,0.0,0.0,1049.5025833333334,866.85145,0.9978,0.0,182.65113333333412,0.0,7.105427357601002e-13,10224.610944444446,10021.665240740742
2025-02-03,86,2025-02-03 14:20:00,0.0,0.0,1055.555,845.5187500000001,1.0271,0.0,210.0362499999992,7.958078640513122e-13,0.0,10021.665240740742,9788.291629629632
2025-02-03,87,2025-02-03 14:30:00,0.0,0.0,1060.2434833333334,795.3512333333333,1.0906,0.0,264.89224999999954,5.684341886080801e-13,0.0,9788.291629629632,9493.96690740741
2025-02-03,88,2025-02-03 14:40:00,0.0,0.0,1068.9835333333333,726.3919333333333,0.9376,0.0,342.5915999999994,5.684341886080801e-13,0.0,9493.96690740741,9113.309574074077
2025-02-03,89,2025-02-03 14:50:00,1279.9483,1279.9483,1075.6566666666665,659.3874999999999,0.6694,96.32269547324742,0.0,0.0,767.3564378600859,9113.309574074077,9200.0
2025-02-03,90,2025-02-03 15:00:00,1324.8163805555555,1324.8163805555555,1060.6084166666667,609.9134166666666,0.66,777.7777777777777,0.0,0.0,96.34360277777785,9200.0,9900.0
2025-02-03,91,2025-02-03 15:10:00,1380.664952777778,1380.664952777778,1030.15925,557.16815,0.7217,777.7777777777777,0.0,0.0,129.89607500000022,9900.0,10600.0
2025-02-03,92,2025-02-03 15:20:00,1428.7785083333335,802.6409996380545,1014.54,495.8125,0.7308,222.22222222222223,0.0,0.0,61.69127741583219,10600.0,10800.0
2025-02-03,93,2025-02-03 15:30:00,973.6849543552808,646.5181799293773,1037.4795666666666,442.11471666666665,0.7534,0.0,0.0,0.0,51.15332992937738,10800.0,10800.0
2025-02-03,94,2025-02-03 15:40:00,684.4227055555555,681.4694962901636,1032.1572333333334,399.8736666666667,0.7823,0.0,0.0,0.0,49.18592962349703,10800.0,10800.0
2025-02-03,95,2025-02-03 15:50:00,680.1073333333335,680.1073333333335,1005.6666666666666,358.40000000000003,0.8055,0.0,0.0,0.0,32.840666666666834,10800.0,10800.0
2025-02-03,96,2025-02-03 16:00:00,756.077325,756.077325,1029.39645,302.7615,0.8271,0.0,0.0,0.0,29.442375000000084,10800.0,10800.0
2025-02-03,97,2025-02-03 16:10:00,850.9963666666665,850.9963666666665,1047.8081833333333,245.00295000000003,0.8519,0.0,0.0,0.0,48.191133333333255,10800.0,10800.0
2025-02-03,98,2025-02-03 16:20:00,860.8454333333333,863.4573893048222,1037.545,193.7125,0.8791,0.0,0.0,0.0,19.62488930482209,10800.0,10800.0
2025-02-03,99,2025-02-03 16:30:00,894.6013777777779,894.6013777777779,1031.34085,147.41946666666666,0.9024,0.0,0.0,0.0,10.679994444444446,10800.0,10800.0
2025-02-03,100,2025-02-03 16:40:00,937.5542750000002,937.5542750000002,1026.8059833333334,105.53631666666666,0.9163,0.0,0.0,0.0,16.28460833333338,10800.0,10800.0
2025-02-03,101,2025-02-03 16:50:00,979.1787333333334,979.1787333333334,1021.5749999999999,63.88125,0.9264,0.0,0.0,0.0,21.48498333333339,10800.0,10800.0
2025-02-03,102,2025-02-03 17:00:00,977.9291666666668,981.406628538079,1021.2386333333334,20.8122,0.9462,0.0,19.019804795255006,0.0,5.471179065352771e-13,10800.0,10778.866883560828
2025-02-03,103,2025-02-03 17:10:00,990.3763527777778,991.4429140506081,1025.3728833333332,0.0,0.9742,0.0,33.92996928272551,0.0,4.121147867408581e-13,10778.866883560828,10741.166917691133
2025-02-03,104,2025-02-03 17:20:00,1025.4699583333334,1025.4699583333334,1037.3566666666668,0.0,0.9862,0.0,11.886708333333809,0.0,3.6415315207705135e-13,10741.166917691133,10727.959463987429
2025-02-03,105,2025-02-03 17:30:00,1084.1346319958845,1084.1346319958845,1038.9897333333333,0.44393333333333335,0.976,45.5888319958851,0.0,6.536993168992922e-13,0.0,10727.959463987429,10768.989412783725
2025-02-03,106,2025-02-03 17:40:00,935.2326083333334,950.1158216055521,913.5231166666667,0.0,1.0742,34.45620801808319,0.0,0.0,2.1364969208022018,10768.989412783725,10800.0
2025-02-03,107,2025-02-03 17:50:00,718.8641666666666,718.8641666666666,733.6383333333333,0.0,1.2313,0.0,14.774166666666133,5.684341886080801e-13,0.0,10800.0,10783.58425925926
2025-02-03,108,2025-02-03 18:00:00,712.1966583333334,712.1966583333334,707.6419333333333,0.03186666666666667,1.2561,4.586591666666209,0.0,0.0,5.684341886080801e-13,10783.58425925926,10787.71219175926
2025-02-03,109,2025-02-03 18:10:00,711.602675,751.8172301826286,734.1779,0.0,1.2447,13.653120267489511,0.0,0.0,3.986209915139044,10787.71219175926,10800.0
2025-02-03,110,2025-02-03 18:20:00,646.6191666666667,696.5564547454483,731.0016666666667,0.0,1.2545,0.0,34.44521192121774,6.608047442568932e-13,0.0,10800.0,10761.727542309758
2025-02-03,111,2025-02-03 18:30:00,648.0124916666666,703.0035966409339,713.8544333333333,0.0022833333333333334,1.2522,0.0,10.848553359065226,8.189005029635155e-13,0.0,10761.727542309758,10749.673594133019
2025-02-03,112,2025-02-03 18:40:00,322.06187650000203,322.06187650000203,695.1395333333334,0.0,1.2881,0.0,373.07765683333145,0.0,1.1368683772161603e-13,10749.673594133019,10335.142864318206
2025-02-03,113,2025-02-03 18:50:00,0.0,0.0,690.79,0.0,1.3466,0.0,690.7899999999994,5.684341886080801e-13,0.0,10335.142864318206,9567.598419873762
2025-02-03,114,2025-02-03 19:00:00,0.0,0.0,712.6662,0.0,1.3523,0.0,712.6662000000006,0.0,5.684341886080801e-13,9567.598419873762,8775.747086540428
2025-02-03,115,2025-02-03 19:10:00,0.0,0.0,735.1843166666666,0.0,1.3445,0.0,735.1843166666667,0.0,1.1368683772161603e-13,8775.747086540428,7958.875623577465
2025-02-03,116,2025-02-03 19:20:00,0.0,0.0,738.1149999999999,0.0,1.3483,0.0,738.115,0.0,1.1368683772161603e-13,7958.875623577465,7138.747845799688
2025-02-03,117,2025-02-03 19:30:00,0.0,0.0,722.6534333333334,0.0,1.349,0.0,722.6534333333335,0.0,1.1368683772161603e-13,7138.747845799688,6335.799586540428
2025-02-03,118,2025-02-03 19:40:00,0.0,0.0,715.24385,0.0,1.3473,0.0,715.24385,0.0,0.0,6335.799586540428,5541.084197651539
2025-02-03,119,2025-02-03 19:50:00,0.0,0.0,717.8283333333334,0.0,1.3482,0.0,717.828333333333,3.410605131648481e-13,0.0,5541.084197651539,4743.497160614503
2025-02-03,120,2025-02-03 20:00:00,0.0,0.0,711.6539833333333,0.0,1.3513,0.0,711.6539833333335,0.0,2.2737367544323206e-13,4743.497160614503,3952.7705124663544
2025-02-03,121,2025-02-03 20:10:00,0.0,0.0,716.3881333333334,0.0,1.34,0.0,716.3881333333334,0.0,0.0,3952.7705124663544,3156.7836976515396
2025-02-03,122,2025-02-03 20:20:00,0.0,0.0,729.6016666666666,0.0,1.3489,0.0,729.6016666666666,0.0,0.0,3156.7836976515396,2346.1151791330212
2025-02-03,123,2025-02-03 20:30:00,0.0,0.0,724.163,0.0,1.3952,0.0,724.163,0.0,0.0,2346.1151791330212,1541.4896235774656
2025-02-03,124,2025-02-03 20:40:00,701.2997416666666,732.0619668015287,703.1593333333334,0.0,1.2226,28.90263346819539,0.0,9.947598300641403e-14,0.0,1541.4896235774656,1567.5019936988415
2025-02-03,125,2025-02-03 20:50:00,716.2941666666667,716.2941666666667,697.4833333333332,0.0,0.9332,18.810833333333346,0.0,0.0,1.0302869668521453e-13,1567.5019936988415,1584.4317436988415
2025-02-03,126,2025-02-03 21:00:00,730.063775,764.1018134437201,731.9446333333334,0.0,0.9068,32.15718011038663,0.0,0.0,2.842170943040401e-14,1584.4317436988415,1613.3732057981895
2025-02-03,127,2025-02-03 21:10:00,733.9709916666667,760.8797379953855,732.4464833333333,0.0,0.9371,28.43325466205215,0.0,0.0,1.1368683772161603e-13,1613.3732057981895,1638.9631349940364
2025-02-03,128,2025-02-03 21:20:00,754.6416666666669,755.1070006081444,714.1750000000001,0.0,0.9371,40.932000608144236,0.0,0.0,9.947598300641403e-14,1638.9631349940364,1675.8019355413662
2025-02-03,129,2025-02-03 21:30:00,754.189225,774.4024620126459,748.8506333333333,0.0,0.9871,25.55182867931257,0.0,6.394884621840902e-14,0.0,1675.8019355413662,1698.7985813527475
2025-02-03,130,2025-02-03 21:40:00,694.5438,718.9115750000002,687.3082833333333,0.0,0.7764,31.60329166666694,0.0,3.552713678800501e-14,0.0,1698.7985813527475,1727.2415438527478
2025-02-03,131,2025-02-03 21:50:00,587.8549999999999,587.8549999999999,548.895,0.0,0.4209,38.95999999999983,0.0,0.0,9.237055564881302e-14,1727.2415438527478,1762.3055438527476
2025-02-03,132,2025-02-03 22:00:00,713.4867098765436,713.4867098765436,517.5195666666667,0.0,0.3859,195.9671432098768,0.0,0.0,8.526512829121202e-14,1762.3055438527476,1938.6759727416368
2025-02-03,133,2025-02-03 22:10:00,575.8473666666667,575.8473666666667,538.2651166666667,0.0,0.4368,37.58225000000013,0.0,8.526512829121202e-14,0.0,1938.6759727416368,1972.499997741637
2025-02-03,134,2025-02-03 22:20:00,597.1741666666668,597.1741666666668,559.61,0.0,0.4198,37.56416666666686,0.0,7.815970093361102e-14,0.0,1972.499997741637,2006.307747741637
2025-02-03,135,2025-02-03 22:30:00,571.8913083333333,571.8913083333333,583.5960166666667,0.0,0.4186,0.0,11.704708333333429,0.0,0.0,2006.307747741637,1993.3025162601555
2025-02-03,136,2025-02-03 22:40:00,576.9728666666666,576.9728666666666,567.9212833333333,0.0,0.4241,9.051583333333232,0.0,0.0,3.730349362740526e-14,1993.3025162601555,2001.4489412601554
2025-02-03,137,2025-02-03 22:50:00,598.7158333333333,598.7158333333333,542.62,0.0,0.4237,56.0958333333335,0.0,1.9895196601282805e-13,0.0,2001.4489412601554,2051.9351912601555
2025-02-03,138,2025-02-03 23:00:00,549.4464166666666,549.4464166666666,577.0157333333333,0.0,0.4248,0.0,27.569316666666804,0.0,6.750155989720952e-14,2051.9351912601555,2021.3026171860813
2025-02-03,139,2025-02-03 23:10:00,589.9329833333334,589.9329833333334,567.5697,0.0,0.424,22.363283333333282,0.0,0.0,7.460698725481052e-14,2021.3026171860813,2041.4295721860813
2025-02-03,140,2025-02-03 23:20:00,597.0310556666667,597.0310556666667,515.6166666666667,0.0,0.422,81.41438899999987,0.0,0.0,1.5631940186722204e-13,2041.4295721860813,2114.702522286081
2025-02-03,141,2025-02-03 23:30:00,600.8472833333333,600.8472833333333,533.1497833333334,0.0,0.424,67.6974999999998,0.0,0.0,7.105427357601002e-14,2114.702522286081,2175.630272286081
2025-02-03,142,2025-02-03 23:40:00,608.6716500000001,608.6716500000001,579.5267,0.0,0.4271,29.14494999999988,0.0,0.0,2.2737367544323206e-13,2175.630272286081,2201.860727286081
2025-02-03,143,2025-02-03 23:50:00,579.6274999999998,579.6274999999998,592.2033333333333,0.0,0.4276,0.0,12.575833333333277,1.580957587066223e-13,0.0,2201.860727286081,2187.887579137933
2025-02-04,0,2025-02-04 00:00:00,1456.4383583333336,1456.4383583333336,556.1025333333333,0.0,0.4248,833.3333333333333,0.0,0.0,67.00249166666697,2187.887579137933,2937.887579137933
2025-02-04,1,2025-02-04 00:10:00,1460.5955333333338,1460.5955333333338,568.1499333333334,0.0,0.4245,833.3333333333333,0.0,0.0,59.11226666666721,2937.887579137933,3687.887579137933
2025-02-04,2,2025-02-04 00:20:00,1444.5366666666666,1444.5366666666666,610.0633333333334,0.0,0.4269,833.3333333333328,0.0,0.0,1.140000000000441,3687.887579137933,4437.887579137932
2025-02-04,3,2025-02-04 00:30:00,1477.443933333333,1477.443933333333,573.8968333333333,0.0,0.4272,833.3333333333333,0.0,0.0,70.2137666666664,4437.887579137932,5187.887579137932
2025-02-04,4,2025-02-04 00:40:00,1507.4075333333335,1507.4075333333335,559.6507833333334,0.0,0.4271,833.3333333333333,0.0,0.0,114.42341666666687,5187.887579137932,5937.887579137932
2025-02-04,5,2025-02-04 00:50:00,1532.6483333333333,1532.6483333333333,596.9716666666667,0.0,0.4285,833.3333333333333,0.0,0.0,102.34333333333336,5937.887579137932,6687.887579137932
2025-02-04,6,2025-02-04 01:00:00,672.5521083333333,672.5521083333333,610.0384333333333,0.0,0.4311,62.51367500000015,0.0,1.1368683772161603e-13,0.0,6687.887579137932,6744.1498866379325
2025-02-04,7,2025-02-04 01:10:00,1512.1437833333337,1512.1437833333337,597.4533,0.0,0.4302,833.3333333333333,0.0,0.0,81.35715000000039,6744.1498866379325,7494.1498866379325
2025-02-04,8,2025-02-04 01:20:00,1501.7549999999999,1501.7549999999999,592.48,0.0,0.4279,833.3333333333343,0.0,0.0,75.94166666666558,7494.1498866379325,8244.149886637933
2025-02-04,9,2025-02-04 01:30:00,638.4645,638.4645,622.0757833333333,0.0,0.4312,16.388716666666976,0.0,2.6645352591003757e-13,0.0,8244.149886637933,8258.899731637934
2025-02-04,10,2025-02-04 01:40:00,657.4400583333332,657.4400583333332,632.09725,0.0,0.4333,25.342808333332666,0.0,0.0,5.435651928564766e-13,8258.899731637934,8281.708259137933
2025-02-04,11,2025-02-04 01:50:00,1106.4963009578532,1106.4963009578532,613.9616666666667,0.0,0.4311,492.5346342911871,0.0,5.684341886080801e-13,0.0,8281.708259137933,8724.989430000001
2025-02-04,12,2025-02-04 02:00:00,1522.4931916666671,1522.4931916666671,613.2065333333334,0.0,0.4293,833.3333333333333,0.0,0.0,75.95332500000052,8724.989430000001,9474.989430000001
2025-02-04,13,2025-02-04 02:10:00,689.0557333333333,689.0557333333333,627.6478333333333,0.0,0.4324,61.40790000000076,0.0,8.313350008393172e-13,0.0,9474.989430000001,9530.256540000002
2025-02-04,14,2025-02-04 02:20:00,689.6658333333331,689.6658333333331,637.6,0.0,0.4367,52.0658333333328,0.0,0.0,3.055333763768431e-13,9530.256540000002,9577.115790000002
2025-02-04,15,2025-02-04 02:30:00,674.92495,674.92495,630.2638333333333,0.0,0.4348,44.6611166666662,0.0,0.0,4.547473508864641e-13,9577.115790000002,9617.310795000001
2025-02-04,16,2025-02-04 02:40:00,683.5427666666667,683.5427666666667,637.2846000000001,0.0,0.4335,46.25816666666651,0.0,0.0,1.1368683772161603e-13,9617.310795000001,9658.943145000001
2025-02-04,17,2025-02-04 02:50:00,701.4750000000001,701.4750000000001,644.9433333333333,0.0,0.4357,56.531666666667455,0.0,5.897504706808832e-13,0.0,9658.943145000001,9709.821645000002
2025-02-04,18,2025-02-04 03:00:00,663.0789749999999,663.0789749999999,612.7784833333334,0.0,0.4374,50.30049166666585,0.0,0.0,6.679101716144942e-13,9709.821645000002,9755.092087500001
2025-02-04,19,2025-02-04 03:10:00,657.7446583333333,657.7446583333333,615.0598833333333,0.0,0.4371,42.68477499999992,0.0,0.0,2.842170943040401e-14,9755.092087500001,9793.508385000001
2025-02-04,20,2025-02-04 03:20:00,695.7016666666667,695.7016666666667,654.9766666666667,0.0,0.4356,40.72500000000016,0.0,1.3500311979441904e-13,0.0,9793.508385000001,9830.160885000001
2025-02-04,21,2025-02-04 03:30:00,679.3119916666667,679.3119916666667,657.8822,0.0,0.4353,21.429791666667168,0.0,4.796163466380676e-13,0.0,9830.160885000001,9849.447697500002
2025-02-04,22,2025-02-04 03:40:00,689.5613666666667,689.5613666666667,638.8300666666667,0.0,0.436,50.73130000000067,0.0,6.394884621840902e-13,0.0,9849.447697500002,9895.105867500002
2025-02-04,23,2025-02-04 03:50:00,706.6891666666666,706.6891666666666,625.1233333333333,0.0,0.4378,81.56583333333401,0.0,7.958078640513122e-13,0.0,9895.105867500002,9968.515117500003
2025-02-04,24,2025-02-04 04:00:00,707.4390749999998,707.4390749999998,628.3736166666666,0.0,0.4401,79.06545833333237,0.0,0.0,7.673861546209082e-13,9968.515117500003,10039.674030000002
2025-02-04,25,2025-02-04 04:10:00,721.5482249999999,721.5482249999999,642.6335333333333,0.0,0.4389,0.0,0.0,0.0,78.91469166666661,10039.674030000002,10039.674030000002
2025-02-04,26,2025-02-04 04:20:00,713.7075000000001,713.7075000000001,659.7866666666666,0.0,0.4364,0.0,0.0,0.0,53.92083333333346,10039.674030000002,10039.674030000002
2025-02-04,27,2025-02-04 04:30:00,718.2618083333333,718.2618083333333,671.1028166666666,0.0,0.4393,0.0,0.0,0.0,47.15899166666668,10039.674030000002,10039.674030000002
2025-02-04,28,2025-02-04 04:40:00,732.79065,732.79065,658.5230333333333,0.0,0.4422,0.0,0.0,0.0,74.26761666666675,10039.674030000002,10039.674030000002
2025-02-04,29,2025-02-04 04:50:00,716.2633333333333,716.2633333333333,636.0516666666666,0.0,0.4395,0.0,0.0,0.0,80.2116666666667,10039.674030000002,10039.674030000002
2025-02-04,30,2025-02-04 05:00:00,724.5454666666668,724.5454666666668,641.5891833333334,0.0,0.4333,0.0,0.0,0.0,82.95628333333343,10039.674030000002,10039.674030000002
2025-02-04,31,2025-02-04 05:10:00,722.240925,722.240925,669.95545,0.0009833333333333332,0.4439,0.0,0.0,0.0,52.28645833333326,10039.674030000002,10039.674030000002
2025-02-04,32,2025-02-04 05:20:00,1596.7441666666662,1596.7441666666662,682.2866666666666,0.0,0.4301,67.02885555555339,0.0,0.0,847.4286444444461,10039.674030000002,10100.0
2025-02-04,33,2025-02-04 05:30:00,1544.8471499999998,1544.8471499999998,655.364,0.0,0.3713,777.7777777777777,0.0,0.0,111.70537222222208,10100.0,10800.0
2025-02-04,34,2025-02-04 05:40:00,790.9500333333333,790.9500333333333,711.06715,0.013783333333333333,0.5708,0.0,0.0,0.0,79.89666666666665,10800.0,10800.0
2025-02-04,35,2025-02-04 05:50:00,911.7275000000001,911.7275000000001,834.3983333333334,0.0,0.9099,0.0,0.0,0.0,77.32916666666665,10800.0,10800.0
2025-02-04,36,2025-02-04 06:00:00,96.4852722222223,96.4852722222223,879.7944166666666,0.0,0.9368,0.0,783.3091444444443,0.0,0.0,10800.0,9929.65650617284
2025-02-04,37,2025-02-04 06:10:00,855.1697611111113,855.1697611111113,872.1903000000001,0.19186666666666666,0.8758,0.0,16.828672222221577,5.897504706808832e-13,0.0,9929.65650617284,9910.957981481482
2025-02-04,38,2025-02-04 06:20:00,876.3084916666667,876.3084916666667,861.9566666666666,0.0,0.8759,14.351825000000341,0.0,2.646771690706373e-13,0.0,9910.957981481482,9923.874623981483
2025-02-04,39,2025-02-04 06:30:00,953.0885000000001,944.8316598031577,868.5803666666667,1.2648666666666666,0.8601,77.51615980315667,0.0,0.0,9.521272659185342e-13,9923.874623981483,9993.639167804324
2025-02-04,40,2025-02-04 06:40:00,931.9097583333333,931.9097583333333,866.2127833333334,21.132766666666665,0.8442,86.82974166666706,0.0,4.973799150320701e-13,0.0,9993.639167804324,10071.785935304324
2025-02-04,41,2025-02-04 06:50:00,868.5515978395051,855.3504697082188,859.36,59.53125,0.8334,55.521719708218974,0.0,1.4921397450962104e-13,0.0,10071.785935304324,10121.755483041721
2025-02-04,42,2025-02-04 07:00:00,831.9778111111111,809.5546829392656,877.2479333333334,99.16588333333334,0.8092,31.472632939265974,0.0,4.654054919228656e-13,0.0,10121.755483041721,10150.08085268706
2025-02-04,43,2025-02-04 07:10:00,798.2014027777778,779.6638231216161,883.7370166666666,138.06231666666667,0.7972,0.0,0.0,0.0,33.98912312161622,10150.08085268706,10150.08085268706
2025-02-04,44,2025-02-04 07:20:00,743.3360416666668,743.3360416666668,863.89,179.3375,0.7644,0.0,0.0,0.0,58.78354166666679,10150.08085268706,10150.08085268706
2025-02-04,45,2025-02-04 07:30:00,1494.1198777777777,1482.8980691324314,861.2538,227.71018333333333,0.6899,722.132385903266,0.0,0.0,127.22206656249875,10150.08085268706,10800.0
2025-02-04,46,2025-02-04 07:40:00,730.2773777777778,730.2773777777778,991.6895333333333,289.41013333333336,0.86,0.0,0.0,0.0,27.99797777777792,10800.0,10800.0
2025-02-04,47,2025-02-04 07:50:00,97.70875000000024,59.293758587081584,1169.7483333333332,353.36875000000003,1.1617,0.0,757.085824746251,5.684341886080801e-13,0.0,10800.0,9958.793528059721
2025-02-04,48,2025-02-04 08:00:00,36.2513361111113,10.953274364958816,1181.7572499999999,401.1414666666667,1.1683,0.0,769.6625089683738,5.684341886080801e-13,0.0,9958.793528059721,9103.612962539306
2025-02-04,49,2025-02-04 08:10:00,0.0,0.0,1169.1234333333334,453.94939999999997,1.0956,0.0,715.1740333333328,6.821210263296962e-13,0.0,9103.612962539306,8308.975147724492
2025-02-04,50,2025-02-04 08:20:00,0.0,0.0,1184.5416666666667,509.2375,1.0849,0.0,675.3041666666671,0.0,3.410605131648481e-13,8308.975147724492,7558.637184761528
2025-02-04,51,2025-02-04 08:30:00,0.0,0.0,1144.4052666666666,540.1957,1.061,0.0,604.2095666666667,0.0,0.0,7558.637184761528,6887.293221798565
2025-02-04,52,2025-02-04 08:40:00,0.0,0.0,1133.9031833333333,558.4864166666667,1.043,0.0,575.4167666666665,1.1368683772161603e-13,0.0,6887.293221798565,6247.941258835603
2025-02-04,53,2025-02-04 08:50:00,0.0,0.0,1156.0583333333334,584.5124999999999,1.036,0.0,571.5458333333335,0.0,0.0,6247.941258835603,5612.8903329096765
2025-02-04,54,2025-02-04 09:00:00,0.0,0.0,1130.2398,629.7986,1.0147,0.0,500.4412000000005,0.0,3.979039320256561e-13,5612.8903329096765,5056.844555131898
2025-02-04,55,2025-02-04 09:10:00,0.0,0.0,1140.7403,676.07125,0.9922,0.0,464.66905000000025,0.0,2.8421709430404007e-13,5056.844555131898,4540.5456106874535
2025-02-04,56,2025-02-04 09:20:00,0.0,0.0,1181.8866666666665,713.88125,0.97,0.0,468.0054166666666,0.0,5.684341886080802e-14,4540.5456106874535,4020.539592168935
2025-02-04,57,2025-02-04 09:30:00,511.2572138888887,505.0922208629561,1159.4286166666668,752.2742499999999,0.9422,97.93785419628875,0.0,0.0,4.547473508864641e-13,4020.539592168935,4108.683660945595
2025-02-04,58,2025-02-04 09:40:00,459.7854694444444,401.6844775315126,1150.3997166666666,807.6507666666666,0.9569,58.93552753151299,0.0,3.268496584496461e-13,0.0,4108.683660945595,4161.725635723957
2025-02-04,59,2025-02-04 09:50:00,0.0,0.0,1168.0783333333334,862.0187500000001,0.9977,0.0,306.0595833333333,0.0,0.0,4161.725635723957,3821.659432020253
2025-02-04,60,2025-02-04 10:00:00,0.0,0.0,1143.4250166666668,878.7203,0.9919,0.0,264.7047166666668,5.684341886080802e-14,0.0,3821.659432020253,3527.543080168401
2025-02-04,61,2025-02-04 10:10:00,342.28734837904994,0.0,1109.0822833333334,889.2144333333334,0.9588,0.0,219.86785,0.0,2.842170943040401e-14,3527.543080168401,3283.24546905729
2025-02-04,62,2025-02-04 10:20:00,320.6556249999999,320.6556249999999,1097.4816666666668,909.8562499999999,0.9549,0.0,0.0,0.0,133.0302083333329,3283.24546905729,3283.24546905729
2025-02-04,63,2025-02-04 10:30:00,0.0,0.0,1107.1110333333334,930.5978333333334,0.9839,0.0,176.5132,0.0,2.842170943040401e-14,3283.24546905729,3087.119691279512
2025-02-04,64,2025-02-04 10:40:00,309.8809333333336,309.8809333333336,1109.6992666666667,964.41005,0.799,0.0,0.0,0.0,164.5917166666668,3087.119691279512,3087.119691279512
2025-02-04,65,2025-02-04 10:50:00,1126.1363333333334,1126.1363333333334,1110.1933333333334,996.55625,0.5025,125.42256524498649,0.0,0.0,887.0766847550136,3087.119691279512,3200.0
2025-02-04,66,2025-02-04 11:00:00,1063.8308222222227,1063.8308222222227,1136.1685166666666,997.7840833333333,0.4662,666.6666666666666,0.0,0.0,258.77972222222286,3200.0,3800.0
2025-02-04,67,2025-02-04 11:10:00,1059.293402777778,1059.293402777778,1149.0044166666667,1013.3618833333334,0.5007,777.7777777777777,0.0,0.0,145.87309166666694,3800.0,4500.0
2025-02-04,68,2025-02-04 11:20:00,1122.2913916666669,1098.1898616146782,1132.7533333333333,1046.2437499999999,0.4827,777.7777777777777,0.0,0.0,233.90250050356678,4500.0,5200.0
2025-02-04,69,2025-02-04 11:30:00,1123.3251555555557,1118.7732277777777,1107.65545,1058.0354333333332,0.4785,777.7777777777777,0.0,0.0,291.3754333333335,5200.0,5900.0
2025-02-04,70,2025-02-04 11:40:00,1033.706886111111,1006.6359386354001,1080.1103333333333,1087.1373833333334,0.4662,777.7777777777777,0.0,0.0,235.88521085762238,5900.0,6600.0
2025-02-04,71,2025-02-04 11:50:00,974.45395,909.4723384623067,1053.4383333333333,1121.84375,0.4432,777.7777777777777,0.0,0.0,200.09997735119566,6600.0,7300.0
2025-02-04,72,2025-02-04 12:00:00,858.0861638888889,847.3370897921902,1034.9545,1107.7744666666667,0.4411,833.3333333333333,0.0,0.0,86.82372312552366,7300.0,8050.0
2025-02-04,73,2025-02-04 12:10:00,873.230033333334,873.230033333334,1042.7924666666665,1097.0343500000001,0.4551,833.3333333333333,0.0,0.0,94.13858333333428,8050.0,8800.0
2025-02-04,74,2025-02-04 12:20:00,911.2388583333332,867.6052509306069,1054.7216666666666,1106.9375,0.4463,833.3333333333333,0.0,0.0,86.48775093060704,8800.0,9550.0
2025-02-04,75,2025-02-04 12:30:00,973.7408583333329,870.2692890839993,1033.3927,1097.3791166666667,0.4113,833.3333333333333,0.0,0.0,100.92237241733255,9550.0,10300.0
2025-02-04,76,2025-02-04 12:40:00,1035.2082472222219,639.0570293441455,1048.9965666666667,1049.34835,0.5682,555.5555555555555,0.0,0.0,83.8532571219231,10300.0,10800.0
2025-02-04,77,2025-02-04 12:50:00,273.4700999999999,144.51163098954612,1103.0016666666668,996.3375,0.8279,0.0,0.0,0.0,37.84746432287943,10800.0,10800.0
2025-02-04,78,2025-02-04 13:00:00,124.71866666666642,114.25392210631094,1119.7374499999999,984.5536999999999,0.8636,0.0,20.929827893689616,0.0,6.359357485052897e-13,10800.0,10776.744635673678
2025-02-04,79,2025-02-04 13:10:00,269.3075111111111,121.13947636268153,1099.6254999999999,930.76845,0.8416,0.0,47.717573637317585,7.247535904753022e-13,0.0,10776.744635673678,10723.725109409992
2025-02-04,80,2025-02-04 13:20:00,270.2589333333332,212.41300665965946,1070.535,852.8874999999999,0.8618,0.0,5.234493340340669,1.3589129821411916e-13,0.0,10723.725109409992,10717.909005698502
2025-02-04,81,2025-02-04 13:30:00,296.44289999999955,227.39887468155575,1058.672,855.4041833333334,0.8623,24.131058014890083,0.0,8.064660050877137e-13,0.0,10717.909005698502,10739.626957911903
2025-02-04,82,2025-02-04 13:40:00,266.95598333333305,0.0,1054.2471666666668,857.1119666666667,0.9026,0.0,197.13520000000008,0.0,2.842170943040401e-14,10739.626957911903,10520.587846800792
2025-02-04,83,2025-02-04 13:50:00,0.0,0.0,1041.39,819.19375,0.9754,0.0,222.1962500000007,0.0,6.252776074688882e-13,10520.587846800792,10273.70312457857
2025-02-04,84,2025-02-04 14:00:00,0.0,0.0,1018.0360000000001,781.8597666666666,1.0002,0.0,236.17623333333395,0.0,4.831690603168681e-13,10273.70312457857,10011.285087541532
2025-02-04,85,2025-02-04 14:10:00,0.0,0.0,1022.6683666666667,741.0016833333334,0.9978,0.0,281.6666833333335,0.0,2.2737367544323206e-13,10011.285087541532,9698.32210606005
2025-02-04,86,2025-02-04 14:20:00,0.0,0.0,1042.865,696.81875,1.0271,0.0,346.04624999999925,7.389644451905042e-13,0.0,9698.32210606005,9313.826272726717
2025-02-04,87,2025-02-04 14:30:00,0.0,0.0,1028.2815,660.68405,1.0906,0.0,367.5974500000002,0.0,1.1368683772161603e-13,9313.826272726717,8905.384661615606
2025-02-04,88,2025-02-04 14:40:00,0.0,0.0,1019.0873833333334,623.4022166666667,0.9376,0.0,395.685166666666,6.252776074688882e-13,0.0,8905.384661615606,8465.734476430422
2025-02-04,89,2025-02-04 14:50:00,1480.5344833333331,1337.5903065524963,1037.0366666666666,576.2125,0.6694,482.5172484106426,0.0,0.0,394.2488914751871,8465.734476430422,8900.0
2025-02-04,90,2025-02-04 15:00:00,1486.5989583333335,1325.7519694681482,1059.95045,523.5103,0.66,777.7777777777777,0.0,0.0,11.534041690370373,8900.0,9600.0
2025-02-04,91,2025-02-04 15:10:00,1502.9413499999998,1375.5524140853024,1058.3922,497.1272166666667,0.7217,777.7777777777777,0.0,0.0,36.509652974191454,9600.0,10300.0
2025-02-04,92,2025-02-04 15:20:00,1530.075233333333,1194.0662608107828,1038.3416666666667,486.52500000000003,0.7308,555.5555555555555,0.0,0.0,86.6940385885606,10300.0,10800.0
2025-02-04,93,2025-02-04 15:30:00,1460.6812882151603,652.7403475309834,1032.3059333333333,448.28131666666667,0.7534,0.0,0.0,0.0,68.71573086431681,10800.0,10800.0
2025-02-04,94,2025-02-04 15:40:00,844.0312194444443,679.4985278722859,1032.2686,402.76174999999995,0.7823,0.0,0.0,0.0,49.99167787228566,10800.0,10800.0
2025-02-04,95,2025-02-04 15:50:00,798.6858500000001,725.2451183895641,1030.0433333333333,356.375,0.8055,0.0,0.0,0.0,51.57678505623085,10800.0,10800.0
2025-02-04,96,2025-02-04 16:00:00,830.2650777777776,726.4802656288499,1028.1132,294.32956666666666,0.8271,0.0,7.3033677044832075,2.2737367544323206e-13,0.0,10800.0,10791.885146995019
2025-02-04,97,2025-02-04 16:10:00,900.903538888889,829.9165378582279,1029.81055,237.81556666666665,0.8519,9.016503338868157,0.0,0.0,28.90505118602649,10791.885146995019,10800.0
2025-02-04,98,2025-02-04 16:20:00,936.1354583333332,875.1875961898493,1030.1883333333333,194.73749999999998,0.8791,0.0,0.0,0.0,39.73676285651595,10800.0,10800.0
2025-02-04,99,2025-02-04 16:30:00,949.3718138888886,878.4468589098799,1022.1719666666667,152.91453333333334,0.9024,0.0,0.0,0.0,9.189425576546569,10800.0,10800.0
2025-02-04,100,2025-02-04 16:40:00,968.9095697777775,918.562480712304,1022.5867333333334,110.23756666666667,0.9163,0.0,0.0,0.0,6.213314045637276,10800.0,10800.0
2025-02-04,101,2025-02-04 16:50:00,990.3340166666668,982.7267485297131,1029.2683333333332,66.25,0.9264,0.0,0.0,0.0,19.708415196379747,10800.0,10800.0
2025-02-04,102,2025-02-04 17:00:00,1009.9315777777775,1009.9315777777775,1021.5036333333334,23.697950000000002,0.9462,0.0,0.0,0.0,12.12589444444427,10800.0,10800.0
2025-02-04,103,2025-02-04 17:10:00,1027.7844833333334,1027.7844833333334,1005.1734499999999,1.5839833333333333,0.9742,0.0,0.0,0.0,24.195016666666902,10800.0,10800.0
2025-02-04,104,2025-02-04 17:20:00,1058.0183333333332,1058.0183333333332,1005.9,0.0,0.9862,0.0,0.0,0.0,52.118333333333226,10800.0,10800.0
2025-02-04,105,2025-02-04 17:30:00,1122.0886333333333,1068.4861597092029,1024.7916,0.19343333333333335,0.976,0.0,0.0,0.0,43.88799304253621,10800.0,10800.0
2025-02-04,106,2025-02-04 17:40:00,935.0408694444444,935.0408694444444,923.1554833333333,0.0,1.0742,0.0,0.0,0.0,11.885386111111075,10800.0,10800.0
2025-02-04,107,2025-02-04 17:50:00,692.7891666666668,692.7891666666668,743.8966666666666,0.0,1.2313,0.0,51.107499999999526,3.197442310920451e-13,0.0,10800.0,10743.21388888889
2025-02-04,108,2025-02-04 18:00:00,707.6881666666666,711.3451539181068,685.4067166666667,0.013883333333333333,1.2561,25.952320584773485,0.0,1.2434497875801753e-13,0.0,10743.21388888889,10766.570977415186
2025-02-04,109,2025-02-04 18:10:00,721.8769166666667,744.9531920942205,702.891,0.0,1.2447,37.143358427571606,0.0,0.0,4.918833666648958,10766.570977415186,10800.0
2025-02-04,110,2025-02-04 18:20:00,690.6316666666668,731.8639795898326,725.315,0.0,1.2545,0.0,0.0,0.0,6.548979589832584,10800.0,10800.0
2025-02-04,111,2025-02-04 18:30:00,693.7854916666666,751.2181032052149,726.2679333333334,0.001,1.2522,0.0,0.0,0.0,24.95116987188146,10800.0,10800.0
2025-02-04,112,2025-02-04 18:40:00,257.36382752571984,281.80358714075845,710.4002,0.0,1.2881,0.0,428.596612859241,5.684341886080801e-13,0.0,10800.0,10323.78154126751
2025-02-04,113,2025-02-04 18:50:00,0.0,0.0,696.9533333333334,0.0,1.3466,0.0,696.9533333333331,2.2737367544323206e-13,0.0,10323.78154126751,9549.388948674918
2025-02-04,114,2025-02-04 19:00:00,0.0,0.0,703.7154333333333,0.0,1.3523,0.0,703.7154333333334,0.0,1.1368683772161603e-13,9549.388948674918,8767.48291163788
2025-02-04,115,2025-02-04 19:10:00,0.0,0.0,714.0810333333334,0.0,1.3445,0.0,714.0810333333333,1.1368683772161603e-13,0.0,8767.48291163788,7974.05954126751
2025-02-04,116,2025-02-04 19:20:00,0.0,0.0,710.66,0.0,1.3483,0.0,710.6600000000001,0.0,1.1368683772161603e-13,7974.05954126751,7184.437319045288
2025-02-04,117,2025-02-04 19:30:00,0.0,0.0,696.9931333333334,0.0,1.349,0.0,696.9931333333336,0.0,2.2737367544323206e-13,7184.437319045288,6410.000504230473
2025-02-04,118,2025-02-04 19:40:00,0.0,0.0,724.3773166666666,0.0,1.3473,0.0,724.3773166666667,0.0,1.1368683772161603e-13,6410.000504230473,5605.136819045288
2025-02-04,119,2025-02-04 19:50:00,0.0,0.0,755.985,0.0,1.3482,0.0,755.9850000000002,0.0,2.2737367544323206e-13,5605.136819045288,4765.153485711954
2025-02-04,120,2025-02-04 20:00:00,0.0,0.0,703.86155,0.0,1.3513,0.0,703.86155,0.0,0.0,4765.153485711954,3983.085096823065
2025-02-04,121,2025-02-04 20:10:00,0.0,0.0,670.4458166666667,0.0,1.34,0.0,670.4458166666666,1.1368683772161603e-13,0.0,3983.085096823065,3238.145300526769
2025-02-04,122,2025-02-04 20:20:00,0.0,0.0,693.0166666666668,0.0,1.3489,0.0,693.0166666666669,0.0,1.1368683772161603e-13,3238.145300526769,2468.1267820082503
2025-02-04,123,2025-02-04 20:30:00,0.0,0.0,710.2774833333333,0.0,1.3952,0.0,710.2774833333334,0.0,1.1368683772161603e-13,2468.1267820082503,1678.9295783045466
2025-02-04,124,2025-02-04 20:40:00,712.2155916666668,722.2004897486447,721.3335999999999,0.0,1.2226,0.8668897486447551,0.0,0.0,2.531308496145357e-14,1678.9295783045466,1679.7097790783268
2025-02-04,125,2025-02-04 20:50:00,730.0691242798353,756.9913481703556,725.1716666666666,0.0,0.9332,31.819681503689026,0.0,0.0,0.0,1679.7097790783268,1708.347492431647
2025-02-04,126,2025-02-04 21:00:00,730.695125,766.6128708107536,711.8187333333334,0.0,0.9068,54.79413747742026,0.0,2.1316282072803006e-14,0.0,1708.347492431647,1757.6622161613252
2025-02-04,127,2025-02-04 21:10:00,716.0666083333333,748.6066002553266,701.0101,0.0,0.9371,47.596500255326646,0.0,0.0,0.0,1757.6622161613252,1800.4990663911192
2025-02-04,128,2025-02-04 21:20:00,716.26,722.2421616115496,712.4833333333332,0.0,0.9371,9.758828278216292,0.0,0.0,6.394884621840902e-14,1800.4990663911192,1809.2820118415138
2025-02-04,129,2025-02-04 21:30:00,744.7453083333334,775.8303089074218,733.6206333333333,0.0,0.9871,42.20967557408837,0.0,0.0,9.237055564881302e-14,1809.2820118415138,1847.2707198581934
2025-02-04,130,2025-02-04 21:40:00,678.0228166666668,709.4756012149311,660.7122666666667,0.0,0.7764,48.76333454826433,0.0,0.0,9.237055564881302e-14,1847.2707198581934,1891.1577209516313
2025-02-04,131,2025-02-04 21:50:00,605.9633333333333,605.9633333333333,547.2216666666667,0.0,0.4209,58.74166666666648,0.0,0.0,7.815970093361102e-14,1891.1577209516313,1944.0252209516311
2025-02-04,132,2025-02-04 22:00:00,679.5889365226336,679.5889365226336,560.1954166666667,0.0,0.3859,119.39351985596709,0.0,1.5631940186722204e-13,0.0,1944.0252209516311,2051.4793888220015
2025-02-04,133,2025-02-04 22:10:00,539.4629749999999,539.4629749999999,605.2482666666666,0.0,0.4368,0.0,65.7852916666667,0.0,0.0,2051.4793888220015,1978.384620303483
2025-02-04,134,2025-02-04 22:20:00,570.0333333333333,586.1378661899021,604.5283333333333,0.0,0.4198,0.0,18.39046714343119,4.618527782440651e-14,0.0,1978.384620303483,1957.9507679218927
2025-02-04,135,2025-02-04 22:30:00,573.4962333333333,589.158965500502,572.15615,0.0,0.4186,17.00281550050199,0.0,6.394884621840902e-14,0.0,1957.9507679218927,1973.2533018723445
2025-02-04,136,2025-02-04 22:40:00,591.82195,591.82195,552.7785,0.0,0.4241,39.04344999999997,0.0,0.0,3.552713678800501e-14,1973.2533018723445,2008.3924068723445
2025-02-04,137,2025-02-04 22:50:00,564.5741666666667,575.2545817281255,554.7016666666667,0.0,0.4237,20.55291506145876,0.0,1.0658141036401503e-14,0.0,2008.3924068723445,2026.8900304276574
2025-02-04,138,2025-02-04 23:00:00,575.2202833333334,575.2202833333334,550.7949666666667,0.0,0.4248,24.42531666666658,0.0,0.0,1.5276668818842154e-13,2026.8900304276574,2048.8728154276573
2025-02-04,139,2025-02-04 23:10:00,582.0904333333333,582.0904333333333,544.3329833333333,0.0,0.424,37.75745000000016,0.0,2.1316282072803006e-13,0.0,2048.8728154276573,2082.8545204276575
2025-02-04,140,2025-02-04 23:20:00,577.55,594.4252600773909,545.5716666666666,0.0,0.422,48.85359341072419,0.0,0.0,1.4210854715202004e-13,2082.8545204276575,2126.8227544973092
2025-02-04,141,2025-02-04 23:30:00,593.6522416666667,593.6522416666667,556.71645,0.0,0.424,36.93579166666647,0.0,0.0,1.9184653865522705e-13,2126.8227544973092,2160.064966997309
2025-02-04,142,2025-02-04 23:40:00,610.3176249999999,610.3176249999999,554.1323333333333,0.0,0.4271,56.18529166666677,0.0,2.1316282072803006e-13,0.0,2160.064966997309,2210.631729497309
2025-02-04,143,2025-02-04 23:50:00,599.1825,599.1825,553.0016666666667,0.0,0.4276,46.18083333333339,0.0,4.973799150320701e-14,0.0,2210.631729497309,2252.194479497309
2025-02-05,0,2025-02-05 00:00:00,1456.3658916666664,1456.3658916666664,591.5752333333334,0.0,0.4248,833.3333333333333,0.0,0.0,31.45732499999974,2252.194479497309,3002.194479497309
2025-02-05,1,2025-02-05 00:10:00,1483.7341166666668,1483.7341166666668,621.0490666666667,0.0,0.4245,833.3333333333333,0.0,0.0,29.35171666666679,3002.194479497309,3752.194479497309
2025-02-05,2,2025-02-05 00:20:00,1507.0966666666666,1507.0966666666666,609.7866666666666,0.0,0.4269,833.3333333333338,0.0,0.0,63.97666666666612,3752.194479497309,4502.19447949731
2025-02-05,3,2025-02-05 00:30:00,1431.6311333333335,1431.6311333333335,574.01075,0.0,0.4272,833.3333333333333,0.0,0.0,24.28705000000025,4502.19447949731,5252.19447949731
2025-02-05,4,2025-02-05 00:40:00,1454.7656749999999,1454.7656749999999,561.9263500000001,0.0,0.4271,833.3333333333333,0.0,0.0,59.505991666666546,5252.19447949731,6002.19447949731
2025-02-05,5,2025-02-05 00:50:00,1484.0958333333333,1484.0958333333333,589.7066666666666,0.0,0.4285,833.3333333333333,0.0,0.0,61.05583333333345,6002.19447949731,6752.19447949731
2025-02-05,6,2025-02-05 01:00:00,621.9050333333333,621.9050333333333,626.4330833333333,0.0,0.4311,0.0,0.0,4.5280500000000075,0.0,6752.19447949731,6752.19447949731
2025-02-05,7,2025-02-05 01:10:00,1478.0958500000002,1478.0958500000002,615.2073833333333,0.0,0.4302,833.3333333333333,0.0,0.0,29.55513333333363,6752.19447949731,7502.19447949731
2025-02-05,8,2025-02-05 01:20:00,1508.0583333333332,1508.0583333333332,584.3233333333334,0.0,0.4279,833.3333333333333,0.0,0.0,90.40166666666653,7502.19447949731,8252.19447949731
2025-02-05,9,2025-02-05 01:30:00,675.6720833333333,675.6720833333333,613.65545,0.0,0.4312,62.01663333333272,0.0,0.0,5.684341886080801e-13,8252.19447949731,8308.00944949731
2025-02-05,10,2025-02-05 01:40:00,655.4083166666667,655.4083166666667,628.5016666666667,0.0,0.4333,26.90665000000081,0.0,7.958078640513122e-13,0.0,8308.00944949731,8332.22543449731
2025-02-05,11,2025-02-05 01:50:00,985.1825227807669,985.1825227807669,607.96,0.0,0.4311,377.2225227807677,0.0,7.958078640513122e-13,0.0,8332.22543449731,8671.725705
2025-02-05,12,2025-02-05 02:00:00,1497.3230583333332,1497.3230583333332,611.2406500000001,0.0,0.4293,833.3333333333333,0.0,0.0,52.749074999999834,8671.725705,9421.725705
2025-02-05,13,2025-02-05 02:10:00,658.7638583333332,658.7638583333332,642.9325166666666,0.0,0.4324,15.831341666667463,0.0,8.455458555545192e-13,0.0,9421.725705,9435.973912500001
2025-02-05,14,2025-02-05 02:20:00,648.2375000000001,648.2375000000001,663.7716666666666,0.0,0.4367,0.0,15.534166666666534,4.440892098500626e-14,0.0,9435.973912500001,9418.713727314816
2025-02-05,15,2025-02-05 02:30:00,649.3288833333334,649.3288833333334,634.6239833333333,0.0,0.4348,14.704900000001038,0.0,9.71667191151937e-13,0.0,9418.713727314816,9431.948137314817
2025-02-05,16,2025-02-05 02:40:00,670.2730916666668,670.2730916666668,628.9928333333334,0.0,0.4335,41.280258333333926,0.0,4.760636329592671e-13,0.0,9431.948137314817,9469.100369814818
2025-02-05,17,2025-02-05 02:50:00,684.9525000000001,684.9525000000001,645.0166666666667,0.0,0.4357,39.9358333333334,0.0,0.0,4.973799150320701e-14,9469.100369814818,9505.042619814818
2025-02-05,18,2025-02-05 03:00:00,687.0770083333333,687.0770083333333,614.88245,0.0,0.4374,72.19455833333389,0.0,5.258016244624741e-13,0.0,9505.042619814818,9570.017722314818
2025-02-05,19,2025-02-05 03:10:00,694.0807749999999,694.0807749999999,617.1640666666666,0.0,0.4371,76.91670833333369,0.0,3.836930773104541e-13,0.0,9570.017722314818,9639.242759814819
2025-02-05,20,2025-02-05 03:20:00,713.5450000000001,713.5450000000001,650.17,0.0,0.4356,63.375000000000405,0.0,2.913225216616411e-13,0.0,9639.242759814819,9696.28025981482
2025-02-05,21,2025-02-05 03:30:00,678.9273166666667,678.9273166666667,634.0853666666667,0.0,0.4353,44.841950000001006,0.0,1.0089706847793423e-12,0.0,9696.28025981482,9736.63801481482
2025-02-05,22,2025-02-05 03:40:00,700.2580833333333,700.2580833333333,644.0988833333333,0.0,0.436,56.15919999999985,0.0,0.0,9.237055564881302e-14,9736.63801481482,9787.18129481482
2025-02-05,23,2025-02-05 03:50:00,727.2391666666667,727.2391666666667,692.7033333333334,0.0,0.4378,34.535833333332754,0.0,0.0,6.039613253960852e-13,9787.18129481482,9818.26354481482
2025-02-05,24,2025-02-05 04:00:00,715.853275,715.853275,707.6073,0.0,0.4401,8.245975000000827,0.0,7.833733661755105e-13,0.0,9818.26354481482,9825.68492231482
2025-02-05,25,2025-02-05 04:10:00,708.1116416666666,708.1116416666666,688.7317166666667,0.0,0.4389,19.379924999999883,0.0,0.0,7.460698725481052e-14,9825.68492231482,9843.12685481482
2025-02-05,26,2025-02-05 04:20:00,705.2925,705.2925,663.7116666666667,0.0,0.4364,41.580833333333025,0.0,0.0,2.913225216616411e-13,9843.12685481482,9880.54960481482
2025-02-05,27,2025-02-05 04:30:00,719.3583083333333,719.3583083333333,660.5758333333333,0.0,0.4393,0.0,0.0,0.0,58.78247499999998,9880.54960481482,9880.54960481482
2025-02-05,28,2025-02-05 04:40:00,727.5783749999999,727.5783749999999,674.3040666666667,0.0,0.4422,0.0,0.0,0.0,53.27430833333324,9880.54960481482,9880.54960481482
2025-02-05,29,2025-02-05 04:50:00,699.6833333333332,699.6833333333332,680.2516666666667,0.0,0.4395,0.0,0.0,0.0,19.4316666666665,9880.54960481482,9880.54960481482
2025-02-05,30,2025-02-05 05:00:00,727.5881333333334,727.5881333333334,660.85955,0.0,0.4333,0.0,0.0,0.0,66.7285833333334,9880.54960481482,9880.54960481482
2025-02-05,31,2025-02-05 05:10:00,768.7200583333334,768.7200583333334,668.48275,0.00055,0.4439,0.0,0.0,0.0,100.2378583333334,9880.54960481482,9880.54960481482
2025-02-05,32,2025-02-05 05:20:00,1610.0324999999998,1610.0324999999998,693.4,0.0,0.4301,243.83377242797803,0.0,0.0,672.7987275720218,9880.54960481482,10100.0
2025-02-05,33,2025-02-05 05:30:00,1553.702225,1553.702225,684.5589833333333,0.0,0.3713,777.7777777777777,0.0,0.0,91.36546388888894,10100.0,10800.0
2025-02-05,34,2025-02-05 05:40:00,755.6810083333334,755.6810083333334,738.0928666666667,0.00755,0.5708,0.0,0.0,0.0,17.595691666666653,10800.0,10800.0
2025-02-05,35,2025-02-05 05:50:00,938.0216666666665,938.0216666666665,846.645,0.0,0.9099,0.0,0.0,0.0,91.37666666666655,10800.0,10800.0
2025-02-05,36,2025-02-05 06:00:00,219.8321361111109,219.8321361111109,891.8195166666666,0.0,0.9368,0.0,671.9873805555565,0.0,7.958078640513122e-13,10800.0,10053.34735493827
2025-02-05,37,2025-02-05 06:10:00,882.4472388888889,882.4472388888889,876.81275,0.10516666666666667,0.8758,5.7396555555553475,0.0,0.0,2.531308496145357e-13,10053.34735493827,10058.51304493827
2025-02-05,38,2025-02-05 06:20:00,900.583425,900.583425,861.8433333333334,0.0,0.8759,38.74009166666737,0.0,6.963318810448982e-13,0.0,10058.51304493827,10093.379127438271
2025-02-05,39,2025-02-05 06:30:00,908.3040083333333,908.3040083333333,894.1213333333334,2.514866666666667,0.8601,16.69754166666583,0.0,0.0,7.212008767965017e-13,10093.379127438271,10108.40691493827
2025-02-05,40,2025-02-05 06:40:00,873.5486333333333,873.5486333333333,875.4965000000001,25.5822,0.8442,23.63433333333281,0.0,0.0,4.938272013532696e-13,10108.40691493827,10129.67781493827
2025-02-05,41,2025-02-05 06:50:00,804.6899833333334,829.4128670539435,829.6750000000001,66.31875000000001,0.8334,66.05661705394394,0.0,4.831690603168681e-13,0.0,10129.67781493827,10189.12877028682
2025-02-05,42,2025-02-05 07:00:00,742.3095666666669,791.0773109262344,880.12755,104.37171666666667,0.8092,15.321477592901322,0.0,2.8954616482224083e-13,0.0,10189.12877028682,10202.91810012043
2025-02-05,43,2025-02-05 07:10:00,734.0417833333331,762.5917719130352,919.7687666666667,147.26575,0.7972,0.0,9.911244753631582,0.0,1.5987211554602254e-13,10202.91810012043,10191.905605949729
2025-02-05,44,2025-02-05 07:20:00,713.2394750000001,713.2394750000001,879.355,196.13125,0.7644,0.0,0.0,0.0,30.01572500000009,10191.905605949729,10191.905605949729
2025-02-05,45,2025-02-05 07:30:00,1482.4454833333334,1482.4454833333334,825.8605166666666,241.90098333333333,0.6899,675.6604378336345,0.0,0.0,222.82551216636568,10191.905605949729,10800.0
2025-02-05,46,2025-02-05 07:40:00,687.2426861111113,687.2426861111113,967.0914333333334,289.03178333333335,0.86,0.0,0.0,0.0,9.183036111111278,10800.0,10800.0
2025-02-05,47,2025-02-05 07:50:00,37.14341666666701,59.31319357205939,1200.3066666666666,340.49375000000003,1.1617,0.0,800.4997230946077,0.0,5.684341886080801e-13,10800.0,9910.555863228214
2025-02-05,48,2025-02-05 08:00:00,0.0,15.759322524548907,1204.0784166666667,393.14304999999996,1.1683,0.0,795.1760441421186,0.0,6.821210263296962e-13,9910.555863228214,9027.026925292526
2025-02-05,49,2025-02-05 08:10:00,0.0,0.0,1152.6886666666667,439.8263833333333,1.0956,0.0,712.8622833333338,0.0,4.547473508864641e-13,9027.026925292526,8234.957721588822
2025-02-05,50,2025-02-05 08:20:00,0.0,0.0,1159.5366666666666,481.00624999999997,1.0849,0.0,678.5304166666668,0.0,1.1368683772161603e-13,8234.957721588822,7481.035036403637
2025-02-05,51,2025-02-05 08:30:00,0.0,0.0,1161.7982,522.9470333333334,1.061,0.0,638.8511666666666,0.0,0.0,7481.035036403637,6771.200406774007
2025-02-05,52,2025-02-05 08:40:00,0.0,0.0,1146.9846833333334,561.4147166666667,1.043,0.0,585.5699666666665,2.2737367544323206e-13,0.0,6771.200406774007,6120.567110477711
2025-02-05,53,2025-02-05 08:50:00,0.0,0.0,1136.32,601.875,1.036,0.0,534.4449999999998,1.1368683772161603e-13,0.0,6120.567110477711,5526.739332699934
2025-02-05,54,2025-02-05 09:00:00,0.0,0.0,1152.8601999999998,651.7544833333333,1.0147,0.0,501.1057166666663,2.8421709430404007e-13,0.0,5526.739332699934,4969.955203070304
2025-02-05,55,2025-02-05 09:10:00,0.0,0.0,1153.7968666666668,678.9477,0.9922,0.0,474.84916666666686,0.0,1.1368683772161603e-13,4969.955203070304,4442.345017885119
2025-02-05,56,2025-02-05 09:20:00,0.0,0.0,1148.6183333333333,693.6062499999999,0.97,0.0,455.01208333333324,1.7053025658242404e-13,0.0,4442.345017885119,3936.7760364036376
2025-02-05,57,2025-02-05 09:30:00,520.4040527777777,520.4040527777777,1182.0016666666668,740.2985,0.9422,78.70088611111088,0.0,0.0,1.2789769243681803e-13,3936.7760364036376,4007.6068339036374
2025-02-05,58,2025-02-05 09:40:00,0.0,0.0,1169.2063666666666,793.1286666666666,0.9569,0.0,376.07769999999994,0.0,0.0,4007.6068339036374,3589.7427227925264
2025-02-05,59,2025-02-05 09:50:00,0.0,0.0,1122.435,830.1750000000001,0.9977,0.0,292.2599999999998,5.684341886080802e-14,0.0,3589.7427227925264,3265.0093894591932
2025-02-05,60,2025-02-05 10:00:00,0.0,0.0,1142.073,854.2055333333333,0.9919,0.0,287.86746666666687,0.0,5.684341886080802e-14,3265.0093894591932,2945.1566487184523
2025-02-05,61,2025-02-05 10:10:00,0.0,0.0,1164.1096666666667,877.9533166666666,0.9588,0.0,286.15635000000015,0.0,5.684341886080802e-14,2945.1566487184523,2627.205148718452
2025-02-05,62,2025-02-05 10:20:00,17.861036111110565,17.861036111110565,1152.3933333333332,913.3125,0.9549,0.0,221.21979722222255,5.684341886080802e-14,0.0,2627.205148718452,2381.405374027094
2025-02-05,63,2025-02-05 10:30:00,0.0,0.0,1137.1978833333333,958.9389166666666,0.9839,0.0,178.25896666666685,0.0,1.9895196601282805e-13,2381.405374027094,2183.339855508575
2025-02-05,64,2025-02-05 10:40:00,149.74399722222188,224.2901050939538,1132.3663833333333,975.3284333333332,0.799,67.25215509395386,0.0,0.0,2.842170943040401e-14,2183.339855508575,2243.8667950931335
2025-02-05,65,2025-02-05 10:50:00,1050.6045666666664,1099.7678353063147,1133.5666666666666,969.1374999999999,0.5025,833.3333333333333,0.0,0.0,102.00533530631469,2243.8667950931335,2993.8667950931335
2025-02-05,66,2025-02-05 11:00:00,1109.0201333333334,1125.6573956120724,1124.43865,985.4887666666667,0.4662,833.3333333333333,0.0,0.0,153.3741789454059,2993.8667950931335,3743.8667950931335
2025-02-05,67,2025-02-05 11:10:00,1081.7693499999998,1123.6270362360465,1095.5459333333333,1001.3044166666667,0.5007,833.3333333333338,0.0,0.0,196.05218623604617,3743.8667950931335,4493.866795093134
2025-02-05,68,2025-02-05 11:20:00,986.5099916666665,1122.5096345464622,1081.6299999999999,989.525,0.4827,833.3333333333333,0.0,0.0,197.07130121312912,4493.866795093134,5243.866795093134
2025-02-05,69,2025-02-05 11:30:00,985.5636666666667,1135.1542047243802,1119.2675,953.7839166666666,0.4785,833.3333333333333,0.0,0.0,136.33728805771375,5243.866795093134,5993.866795093134
2025-02-05,70,2025-02-05 11:40:00,953.2008833333331,1088.6958863089326,1090.8107499999999,961.6698666666666,0.4662,833.3333333333333,0.0,0.0,126.22166964226608,5993.866795093134,6743.866795093134
2025-02-05,71,2025-02-05 11:50:00,953.2828166666666,987.8878001339731,1013.3683333333333,1003.4499999999999,0.4432,833.3333333333333,0.0,0.0,144.6361334673063,6743.866795093134,7493.866795093134
2025-02-05,72,2025-02-05 12:00:00,791.2839944444443,935.3735698380424,1022.4408166666667,1006.8023,0.4411,833.3333333333333,0.0,0.0,86.40171983804225,7493.866795093134,8243.866795093134
2025-02-05,73,2025-02-05 12:10:00,775.711413888889,775.711413888889,1036.8490666666667,1018.89845,0.4551,757.7607972222216,0.0,0.0,5.684341886080801e-13,8243.866795093134,8925.851512593134
2025-02-05,74,2025-02-05 12:20:00,716.9210916666666,716.9210916666666,1029.9366666666667,1054.34375,0.4463,637.9427637854072,0.0,0.0,103.38541121459264,8925.851512593134,9500.0
2025-02-05,75,2025-02-05 12:30:00,789.2228083333328,882.324880080185,1056.7029833333333,1071.42575,0.4113,777.7777777777777,0.0,0.0,119.26986896907408,9500.0,10200.0
2025-02-05,76,2025-02-05 12:40:00,773.8022805555554,773.8022805555554,1059.7011833333333,1057.9177166666666,0.5682,666.6666666666666,0.0,0.0,105.35214722222202,10200.0,10800.0
2025-02-05,77,2025-02-05 12:50:00,0.0,86.40355499353564,1028.135,1030.1875,0.8279,0.0,0.0,0.0,88.45605499353564,10800.0,10800.0
2025-02-05,78,2025-02-05 13:00:00,0.0,18.596430149698662,1020.20095,1018.3896166666667,0.8636,0.0,0.0,0.0,16.785096816365353,10800.0,10800.0
2025-02-05,79,2025-02-05 13:10:00,0.0,86.12225221763663,1063.26285,1025.3448666666666,0.8416,0.0,0.0,0.0,48.20426888430302,10800.0,10800.0
2025-02-05,80,2025-02-05 13:20:00,0.0,108.89249347566772,1110.3233333333333,1038.23125,0.8618,0.0,0.0,0.0,36.800410142334385,10800.0,10800.0
2025-02-05,81,2025-02-05 13:30:00,35.351080555555654,118.37629665538213,1087.30595,1034.4723666666666,0.8623,0.0,0.0,0.0,65.54271332204871,10800.0,10800.0
2025-02-05,82,2025-02-05 13:40:00,0.0,0.0,1070.8111999999999,988.7683999999999,0.9026,0.0,82.04279999999963,3.126388037344441e-13,0.0,10800.0,10708.841333333334
2025-02-05,83,2025-02-05 13:50:00,0.0,0.0,1078.4733333333334,919.7875,0.9754,0.0,158.6858333333341,0.0,7.673861546209082e-13,10708.841333333334,10532.52374074074
2025-02-05,84,2025-02-05 14:00:00,0.0,0.0,1054.6681333333333,870.9164666666667,1.0002,0.0,183.7516666666661,5.684341886080801e-13,0.0,10532.52374074074,10328.355222222222
2025-02-05,85,2025-02-05 14:10:00,0.0,0.0,1037.92595,809.1190666666666,0.9978,0.0,228.80688333333384,0.0,4.263256414560601e-13,10328.355222222222,10074.125351851852
2025-02-05,86,2025-02-05 14:20:00,0.0,0.0,1040.2716666666668,748.1875,1.0271,0.0,292.0841666666662,5.684341886080801e-13,0.0,10074.125351851852,9749.58738888889
2025-02-05,87,2025-02-05 14:30:00,0.0,0.0,1031.3853333333334,735.8543333333333,1.0906,0.0,295.5309999999998,2.8421709430404007e-13,0.0,9749.58738888889,9421.219611111112
2025-02-05,88,2025-02-05 14:40:00,0.0,0.0,1016.0362,694.75385,0.9376,0.0,321.28235000000024,0.0,2.8421709430404007e-13,9421.219611111112,9064.239222222222
2025-02-05,89,2025-02-05 14:50:00,1282.0722949279825,1327.5218151677584,1008.6216666666666,625.53125,0.6694,706.4008641975306,0.0,0.0,238.03053430356124,9064.239222222222,9700.0
2025-02-05,90,2025-02-05 15:00:00,1289.445763888889,1347.3372005002107,1017.9043499999999,607.1355666666667,0.66,777.7777777777777,0.0,0.0,158.79063938909985,9700.0,10400.0
2025-02-05,91,2025-02-05 15:10:00,994.8843089849152,994.8843089849152,1029.2022166666668,593.5285833333334,0.7217,444.44444444444446,0.0,0.0,114.76623120713714,10400.0,10800.0
2025-02-05,92,2025-02-05 15:20:00,608.1368500000001,608.1368500000001,1028.14,548.50625,0.7308,0.0,0.0,0.0,128.50310000000013,10800.0,10800.0
2025-02-05,93,2025-02-05 15:30:00,637.6155222222224,630.2655258580719,1015.65305,482.58636666666666,0.7534,0.0,0.0,0.0,97.19884252473855,10800.0,10800.0
2025-02-05,94,2025-02-05 15:40:00,651.3119136111109,651.3119136111109,1026.5716666666667,422.96655000000004,0.7823,0.0,0.0,0.0,47.70679694444425,10800.0,10800.0
2025-02-05,95,2025-02-05 15:50:00,705.6001999999999,705.6001999999999,1043.5466666666666,376.7,0.8055,0.0,0.0,0.0,38.75353333333328,10800.0,10800.0
2025-02-05,96,2025-02-05 16:00:00,759.3110722222223,759.3110722222223,1017.9052333333334,329.46504999999996,0.8271,0.0,0.0,0.0,70.87088888888889,10800.0,10800.0
2025-02-05,97,2025-02-05 16:10:00,815.2447492798361,805.6563899323402,1014.0983333333334,276.98318333333333,0.8519,0.0,0.0,0.0,68.5412399323402,10800.0,10800.0
2025-02-05,98,2025-02-05 16:20:00,869.2764999999997,858.8131381205712,1036.2566666666667,221.03125,0.8791,0.0,0.0,0.0,43.58772145390458,10800.0,10800.0
2025-02-05,99,2025-02-05 16:30:00,912.0420972222222,912.0420972222222,1024.7574166666666,166.6285,0.9024,0.0,0.0,0.0,53.91318055555553,10800.0,10800.0
2025-02-05,100,2025-02-05 16:40:00,937.5900027777775,935.1090735953674,1019.5386833333333,118.31631666666668,0.9163,0.0,0.0,0.0,33.88670692870062,10800.0,10800.0
2025-02-05,101,2025-02-05 16:50:00,988.2042999999998,987.4435994436345,1029.695,73.25625000000001,0.9264,0.0,0.0,0.0,31.004849443634612,10800.0,10800.0
2025-02-05,102,2025-02-05 17:00:00,1034.684875,1034.684875,1020.5993333333332,27.790283333333335,0.9462,0.0,0.0,0.0,41.87582499999996,10800.0,10800.0
2025-02-05,103,2025-02-05 17:10:00,1029.4043671666666,1029.4043671666666,1009.5527166666667,2.76905,0.9742,0.0,0.0,0.0,22.620700499999998,10800.0,10800.0
2025-02-05,104,2025-02-05 17:20:00,1017.7980583333335,1017.7980583333335,1026.4333333333334,0.0,0.9862,0.0,8.635275000000183,0.0,3.1796787425264483e-13,10800.0,10790.40525
2025-02-05,105,2025-02-05 17:30:00,1017.5512277777781,1017.5512277777781,1055.6221,0.10844999999999999,0.976,0.0,37.962422222222635,0.0,6.181721801112872e-13,10790.40525,10748.224780864197
2025-02-05,106,2025-02-05 17:40:00,907.2663722222223,907.2663722222223,917.6028166666666,0.0,1.0742,0.0,10.336444444445078,0.0,7.958078640513122e-13,10748.224780864197,10736.739842592591
2025-02-05,107,2025-02-05 17:50:00,740.1708333333333,740.1708333333333,709.9233333333333,0.0,1.2313,30.247500000000905,0.0,8.455458555545192e-13,0.0,10736.739842592591,10763.962592592592
2025-02-05,108,2025-02-05 18:00:00,682.1607250000001,682.1607250000001,720.3368833333334,0.007783333333333333,1.2561,0.0,38.16837499999947,4.973799150320701e-13,0.0,10763.962592592592,10721.553287037037
2025-02-05,109,2025-02-05 18:10:00,687.2981750000001,729.3329711960326,737.1997166666666,0.0,1.2447,0.0,7.8667454706339415,4.529709940470639e-14,0.0,10721.553287037037,10712.812458736333
2025-02-05,110,2025-02-05 18:20:00,676.6391666666666,721.1431207371389,691.0116666666667,0.0,1.2545,30.131454070471793,0.0,0.0,4.796163466380676e-13,10712.812458736333,10739.930767399757
2025-02-05,111,2025-02-05 18:30:00,690.6357508609401,733.5773685698546,721.9354833333333,0.0005666666666666666,1.2522,11.642451903187773,0.0,0.0,2.0250467969162855e-13,10739.930767399757,10750.408974112626
2025-02-05,112,2025-02-05 18:40:00,287.12106580572606,287.12106580572606,732.9156666666667,0.0,1.2881,0.0,445.7946008609404,1.7053025658242404e-13,0.0,10750.408974112626,10255.081639822693
2025-02-05,113,2025-02-05 18:50:00,0.0,0.0,702.9499999999999,0.0,1.3466,0.0,702.9499999999992,6.821210263296962e-13,0.0,10255.081639822693,9474.026084267138
2025-02-05,114,2025-02-05 19:00:00,0.0,0.0,716.2875666666667,0.0,1.3523,0.0,716.2875666666669,0.0,1.1368683772161603e-13,9474.026084267138,8678.151010193063
2025-02-05,115,2025-02-05 19:10:00,0.0,0.0,727.47285,0.0,1.3445,0.0,727.47285,0.0,0.0,8678.151010193063,7869.847843526397
2025-02-05,116,2025-02-05 19:20:00,0.0,0.0,716.5083333333333,0.0,1.3483,0.0,716.5083333333334,0.0,1.1368683772161603e-13,7869.847843526397,7073.7274731560265
2025-02-05,117,2025-02-05 19:30:00,0.0,0.0,713.56065,0.0,1.349,0.0,713.5606500000002,0.0,2.2737367544323206e-13,7073.7274731560265,6280.8823064893595
2025-02-05,118,2025-02-05 19:40:00,0.0,0.0,712.4080333333333,0.0,1.3473,0.0,712.4080333333333,0.0,0.0,6280.8823064893595,5489.317825007878
2025-02-05,119,2025-02-05 19:50:00,0.0,0.0,710.0949999999999,0.0,1.3482,0.0,710.0950000000001,0.0,2.2737367544323206e-13,5489.317825007878,4700.323380563434
2025-02-05,120,2025-02-05 20:00:00,0.0,0.0,713.5870166666667,0.0,1.3513,0.0,713.587016666667,0.0,2.2737367544323206e-13,4700.323380563434,3907.4489176004704
2025-02-05,121,2025-02-05 20:10:00,0.0,0.0,717.44265,0.0,1.34,0.0,717.4426500000001,0.0,1.1368683772161603e-13,3907.4489176004704,3110.2904176004704
2025-02-05,122,2025-02-05 20:20:00,0.0,0.0,712.3833333333333,0.0,1.3489,0.0,712.3833333333333,0.0,0.0,3110.2904176004704,2318.7533805634334
2025-02-05,123,2025-02-05 20:30:00,0.0,0.0,697.4539333333333,0.0,1.3952,0.0,697.4539333333333,0.0,0.0,2318.7533805634334,1543.8045657486186
2025-02-05,124,2025-02-05 20:40:00,729.8221916666668,729.8221916666668,705.0999666666667,0.0,1.2226,24.722225000000183,0.0,8.881784197001252e-14,0.0,1543.8045657486186,1566.0545682486188
2025-02-05,125,2025-02-05 20:50:00,733.9108333333334,749.6843998239206,724.6433333333333,0.0,0.9332,25.041066490587127,0.0,0.0,1.1368683772161603e-13,1566.0545682486188,1588.5915280901472
2025-02-05,126,2025-02-05 21:00:00,732.8856166666667,754.6242732816065,714.3782833333333,0.0,0.9068,40.24598994827329,0.0,1.1368683772161603e-13,0.0,1588.5915280901472,1624.8129190435932
2025-02-05,127,2025-02-05 21:10:00,753.7257580246913,753.7257580246913,712.6025666666666,0.0,0.9371,41.12319135802485,0.0,7.815970093361102e-14,0.0,1624.8129190435932,1661.8237912658155
2025-02-05,128,2025-02-05 21:20:00,771.0808333333334,771.0808333333334,737.0733333333333,0.0,0.9371,34.007500000000164,0.0,0.0,0.0,1661.8237912658155,1692.4305412658157
2025-02-05,129,2025-02-05 21:30:00,739.5154916666665,787.1676211825246,749.3397666666666,0.0,0.9871,37.82785451585798,0.0,0.0,2.842170943040401e-14,1692.4305412658157,1726.4756103300879
2025-02-05,130,2025-02-05 21:40:00,695.2003250000002,726.3770799564637,658.0401833333334,0.0,0.7764,68.33689662313039,0.0,7.105427357601002e-14,0.0,1726.4756103300879,1787.9788172909052
2025-02-05,131,2025-02-05 21:50:00,610.6174999999998,610.6174999999998,529.4916666666667,0.0,0.4209,81.12583333333305,0.0,0.0,1.1368683772161603e-13,1787.9788172909052,1860.992067290905
2025-02-05,132,2025-02-05 22:00:00,869.7645730452682,869.7645730452682,531.5314666666667,0.0,0.3859,338.2331063786016,0.0,5.684341886080802e-14,0.0,1860.992067290905,2165.4018630316464
2025-02-05,133,2025-02-05 22:10:00,547.5072916666667,547.5072916666667,561.1682333333333,0.0,0.4368,0.0,13.660941666666487,1.580957587066223e-13,0.0,2165.4018630316464,2150.2230389575725
2025-02-05,134,2025-02-05 22:20:00,570.0216666666668,570.0216666666668,557.53,0.0,0.4198,12.49166666666699,0.0,2.0250467969162855e-13,0.0,2150.2230389575725,2161.465538957573
2025-02-05,135,2025-02-05 22:30:00,561.3679416666666,561.3679416666666,559.9172166666666,0.0,0.4186,1.450725000000198,0.0,1.6409096303959814e-13,0.0,2161.465538957573,2162.771191457573
2025-02-05,136,2025-02-05 22:40:00,561.987975,561.987975,562.0598166666667,0.0,0.4241,0.0,0.07184166666675083,0.0,2.2745694217007895e-14,2162.771191457573,2162.691367383499
2025-02-05,137,2025-02-05 22:50:00,570.0683333333333,570.0683333333333,557.3083333333333,0.0,0.4237,12.759999999999915,0.0,0.0,7.638334409421077e-14,2162.691367383499,2174.1753673834987
2025-02-05,138,2025-02-05 23:00:00,587.5563833333333,587.5563833333333,551.1639666666666,0.0,0.4248,36.39241666666648,0.0,0.0,2.1316282072803006e-13,2174.1753673834987,2206.9285423834986
2025-02-05,139,2025-02-05 23:10:00,582.8087583333333,582.8087583333333,548.7622333333334,0.0,0.424,34.046524999999846,0.0,0.0,1.2789769243681803e-13,2206.9285423834986,2237.5704148834984
2025-02-05,140,2025-02-05 23:20:00,557.4524999999999,557.4524999999999,554.8916666666667,0.0,0.422,2.5608333333330946,0.0,0.0,1.2656542480726785e-13,2237.5704148834984,2239.875164883498
2025-02-05,141,2025-02-05 23:30:00,584.4342166666665,584.4342166666665,567.9411666666666,0.0,0.424,16.49305000000014,0.0,2.1316282072803006e-13,0.0,2239.875164883498,2254.7189098834983
2025-02-05,142,2025-02-05 23:40:00,584.5175583333332,584.5175583333332,563.16125,0.0,0.4271,21.356308333333295,0.0,6.394884621840902e-14,0.0,2254.7189098834983,2273.9395873834983
2025-02-05,143,2025-02-05 23:50:00,602.9291666666667,602.9291666666667,554.965,0.0,0.4276,47.96416666666674,0.0,9.947598300641403e-14,0.0,2273.9395873834983,2317.1073373834984
2025-02-06,0,2025-02-06 00:00:00,1428.9217583333334,1428.9217583333334,582.9868166666666,0.0,0.4248,833.3333333333333,0.0,0.0,12.601608333333502,2317.1073373834984,3067.1073373834984
2025-02-06,1,2025-02-06 00:10:00,1420.293375,1420.293375,609.20425,0.0,0.4245,811.0891250000001,0.0,1.1368683772161603e-13,0.0,3067.1073373834984,3797.0875498834985
2025-02-06,2,2025-02-06 00:20:00,1476.5708333333334,1476.5708333333334,603.9183333333334,0.0,0.4269,833.3333333333333,0.0,0.0,39.319166666666774,3797.0875498834985,4547.0875498834985
2025-02-06,3,2025-02-06 00:30:00,1529.603075,1529.603075,579.4073166666667,0.0,0.4272,833.3333333333333,0.0,0.0,116.86242500000003,4547.0875498834985,5297.0875498834985
2025-02-06,4,2025-02-06 00:40:00,1546.5120583333332,1546.5120583333332,598.6182666666667,0.0,0.4271,833.3333333333333,0.0,0.0,114.56045833333326,5297.0875498834985,6047.0875498834985
2025-02-06,5,2025-02-06 00:50:00,1508.8541666666663,1508.8541666666663,638.7183333333334,0.0,0.4285,833.3333333333333,0.0,0.0,36.80249999999967,6047.0875498834985,6797.0875498834985
2025-02-06,6,2025-02-06 01:00:00,664.4515916666667,664.4515916666667,614.9688333333334,0.0,0.4311,49.48275833333355,0.0,2.2737367544323206e-13,0.0,6797.0875498834985,6841.622032383499
2025-02-06,7,2025-02-06 01:10:00,1550.1594333333335,1550.1594333333335,585.4109,0.0,0.4302,833.3333333333333,0.0,0.0,131.41520000000025,6841.622032383499,7591.622032383499
2025-02-06,8,2025-02-06 01:20:00,1545.883333333333,1545.883333333333,596.0716666666666,0.0,0.4279,833.3333333333333,0.0,0.0,116.47833333333313,7591.622032383499,8341.622032383499
2025-02-06,9,2025-02-06 01:30:00,657.5199333333335,657.5199333333335,630.7460333333333,0.0,0.4312,26.77389999999933,0.0,0.0,8.100187187665142e-13,8341.622032383499,8365.718542383498
2025-02-06,10,2025-02-06 01:40:00,673.2732833333333,673.2732833333333,623.3894,0.0,0.4333,49.88388333333407,0.0,7.673861546209082e-13,0.0,8365.718542383498,8410.614037383499
2025-02-06,11,2025-02-06 01:50:00,978.985458462779,978.985458462779,585.6633333333333,0.0,0.4311,393.32212512944653,0.0,8.526512829121202e-13,0.0,8410.614037383499,8764.60395
2025-02-06,12,2025-02-06 02:00:00,1489.179533333334,1489.179533333334,591.2717,0.0,0.4293,833.3333333333333,0.0,0.0,64.57450000000063,8764.60395,9514.60395
2025-02-06,13,2025-02-06 02:10:00,672.1157333333333,672.1157333333333,605.29385,0.0,0.4324,66.82188333333316,0.0,0.0,1.2789769243681803e-13,9514.60395,9574.743645
2025-02-06,14,2025-02-06 02:20:00,704.5516666666667,704.5516666666667,603.9350000000001,0.0,0.4367,100.61666666666699,0.0,3.126388037344441e-13,0.0,9574.743645,9665.298645
2025-02-06,15,2025-02-06 02:30:00,637.0143249999999,637.0143249999999,606.1612,0.0,0.4348,30.85312500000024,0.0,3.765876499528531e-13,0.0,9665.298645,9693.066457500001
2025-02-06,16,2025-02-06 02:40:00,649.5414833333333,649.5414833333333,641.834,0.0,0.4335,7.707483333332574,0.0,0.0,7.833733661755105e-13,9693.066457500001,9700.0031925
2025-02-06,17,2025-02-06 02:50:00,699.3275,699.3275,673.0266666666666,0.0,0.4357,26.300833333332573,0.0,0.0,7.709388682997087e-13,9700.0031925,9723.6739425
2025-02-06,18,2025-02-06 03:00:00,701.8155333333333,701.8155333333333,633.0727499999999,0.0,0.4374,68.74278333333375,0.0,3.836930773104541e-13,0.0,9723.6739425,9785.5424475
2025-02-06,19,2025-02-06 03:10:00,676.3611416666665,676.3611416666665,615.73635,0.0,0.4371,60.62479166666687,0.0,3.623767952376511e-13,0.0,9785.5424475,9840.10476
2025-02-06,20,2025-02-06 03:20:00,694.2891666666666,694.2891666666666,643.4383333333334,0.0,0.4356,50.85083333333387,0.0,6.821210263296962e-13,0.0,9840.10476,9885.87051
2025-02-06,21,2025-02-06 03:30:00,665.5604999999999,665.5604999999999,651.5094166666667,0.0,0.4353,14.051083333332725,0.0,0.0,5.559996907322784e-13,9885.87051,9898.516485
2025-02-06,22,2025-02-06 03:40:00,659.6231083333332,659.6231083333332,672.6969833333334,0.0,0.436,0.0,13.073875000000227,0.0,6.927791673660977e-14,9898.516485,9883.989957222222
2025-02-06,23,2025-02-06 03:50:00,717.6016666666667,717.6016666666667,694.66,0.0,0.4378,22.941666666667718,0.0,9.983125437429408e-13,0.0,9883.989957222222,9904.637457222223
2025-02-06,24,2025-02-06 04:00:00,716.6104333333333,716.6104333333333,661.1745833333333,0.0,0.4401,55.43585000000045,0.0,4.902744876744691e-13,0.0,9904.637457222223,9954.529722222223
2025-02-06,25,2025-02-06 04:10:00,707.0621166666666,707.0621166666666,621.9300333333333,0.0,0.4389,50.52253086419619,0.0,0.0,34.60955246913711,9954.529722222223,10000.0
2025-02-06,26,2025-02-06 04:20:00,715.8233333333333,715.8233333333333,625.25,0.0,0.4364,0.0,0.0,0.0,90.57333333333327,10000.0,10000.0
2025-02-06,27,2025-02-06 04:30:00,730.8670750000001,730.8670750000001,669.3978000000001,0.0,0.4393,0.0,0.0,0.0,61.46927500000004,10000.0,10000.0
2025-02-06,28,2025-02-06 04:40:00,721.0039250000001,721.0039250000001,671.7769166666667,0.0,0.4422,0.0,0.0,0.0,49.2270083333334,10000.0,10000.0
2025-02-06,29,2025-02-06 04:50:00,728.6966666666668,728.6966666666668,641.3516666666667,0.0,0.4395,0.0,0.0,0.0,87.34500000000014,10000.0,10000.0
2025-02-06,30,2025-02-06 05:00:00,732.0474666666667,732.0474666666667,663.6617833333333,0.0,0.4333,0.0,0.0,0.0,68.3856833333333,10000.0,10000.0
2025-02-06,31,2025-02-06 05:10:00,763.0926,763.0926,686.6046833333334,0.0,0.4439,0.0,0.0,0.0,76.48791666666659,10000.0,10000.0
2025-02-06,32,2025-02-06 05:20:00,1591.1766666666667,1591.1766666666667,665.695,0.0,0.4301,111.11111111111111,0.0,0.0,814.3705555555556,10000.0,10100.0
2025-02-06,33,2025-02-06 05:30:00,1559.3903083333332,1559.3903083333332,629.3025,0.0023,0.3713,777.7777777777777,0.0,0.0,152.3123305555556,10100.0,10800.0
2025-02-06,34,2025-02-06 05:40:00,780.3141416666667,780.3141416666667,714.7110666666667,0.0,0.5708,0.0,0.0,0.0,65.60307499999999,10800.0,10800.0
2025-02-06,35,2025-02-06 05:50:00,946.1416666666665,946.1416666666665,869.9333333333334,0.0,0.9099,0.0,0.0,0.0,76.20833333333314,10800.0,10800.0
2025-02-06,36,2025-02-06 06:00:00,258.3092972222222,258.3092972222222,897.4281166666666,0.031966666666666664,0.9368,0.0,639.0868527777772,5.684341886080801e-13,0.0,10800.0,10089.903496913581
2025-02-06,37,2025-02-06 06:10:00,878.9696555555555,878.9696555555555,877.5651333333334,0.0,0.8758,1.4045222222214053,0.0,0.0,7.074341112911497e-13,10089.903496913581,10091.16756691358
2025-02-06,38,2025-02-06 06:20:00,889.8041250000001,889.8041250000001,872.2049999999999,0.0,0.8759,17.599125000001045,0.0,8.597567102697212e-13,0.0,10091.16756691358,10107.006779413581
2025-02-06,39,2025-02-06 06:30:00,870.9293694444444,870.9293694444444,860.8367333333334,4.339733333333333,0.8601,14.432369444445309,0.0,9.467981954003335e-13,0.0,10107.006779413581,10119.995911913582
2025-02-06,40,2025-02-06 06:40:00,872.1668694444445,853.20055140659,854.2185,28.7697,0.8442,27.751751406590806,0.0,7.318590178329032e-13,0.0,10119.995911913582,10144.972488179514
2025-02-06,41,2025-02-06 06:50:00,854.8067333333331,821.3802366312383,856.2733333333334,71.11874999999999,0.8334,36.22565329790531,0.0,4.689582056016661e-13,0.0,10144.972488179514,10177.575576147628
2025-02-06,42,2025-02-06 07:00:00,793.4060583333332,786.8872473825948,859.3665333333333,112.87596666666667,0.8092,40.39668071592839,0.0,2.4868995751603507e-13,0.0,10177.575576147628,10213.932588791964
2025-02-06,43,2025-02-06 07:10:00,745.8748138888888,745.8748138888888,870.3003833333333,153.93370000000002,0.7972,0.0,0.0,0.0,29.508130555555454,10213.932588791964,10213.932588791964
2025-02-06,44,2025-02-06 07:20:00,726.202,702.9348138857825,856.125,199.26874999999998,0.7644,0.0,0.0,0.0,46.0785638857825,10213.932588791964,10213.932588791964
2025-02-06,45,2025-02-06 07:30:00,1520.869186111111,1520.187712542026,804.7368833333334,250.22391666666667,0.6899,651.1860124533733,0.0,0.0,314.4887334219859,10213.932588791964,10800.0
2025-02-06,46,2025-02-06 07:40:00,735.119375,735.119375,945.2685666666666,293.40281666666664,0.86,0.0,0.0,0.0,83.25362500000006,10800.0,10800.0
2025-02-06,47,2025-02-06 07:50:00,74.37870000000021,55.471178907860576,1197.21,330.16249999999997,1.1617,0.0,811.576321092139,5.684341886080801e-13,0.0,10800.0,9898.248532119846
2025-02-06,48,2025-02-06 08:00:00,9.50260000000003,0.0,1228.4800166666666,374.09381666666667,1.1683,0.0,833.3333333333327,21.052866666667228,0.0,9898.248532119846,8972.32260619392
2025-02-06,49,2025-02-06 08:10:00,0.0,0.0,1176.5219666666667,414.99291666666664,1.0956,0.0,761.5290499999999,2.2737367544323206e-13,0.0,8972.32260619392,8126.179217305032
2025-02-06,50,2025-02-06 08:20:00,0.0,0.0,1165.76,460.03749999999997,1.0849,0.0,705.7224999999999,2.2737367544323206e-13,0.0,8126.179217305032,7342.043106193921
2025-02-06,51,2025-02-06 08:30:00,0.0,0.0,1179.1270666666667,529.0055333333333,1.061,0.0,650.1215333333332,1.1368683772161603e-13,0.0,7342.043106193921,6619.685846934662
2025-02-06,52,2025-02-06 08:40:00,0.0,0.0,1173.57255,599.1421166666667,1.043,0.0,574.4304333333338,0.0,3.410605131648481e-13,6619.685846934662,5981.429809897624
2025-02-06,53,2025-02-06 08:50:00,0.0,0.0,1148.7416666666666,664.05625,1.036,0.0,484.6854166666662,3.979039320256561e-13,0.0,5981.429809897624,5442.890458045773
2025-02-06,54,2025-02-06 09:00:00,0.0,0.0,1139.0543833333334,732.1472166666667,1.0147,0.0,406.90716666666657,5.684341886080802e-14,0.0,5442.890458045773,4990.771383971699
2025-02-06,55,2025-02-06 09:10:00,0.0,0.0,1129.0098333333333,764.6891833333334,0.9922,0.0,364.32065000000006,0.0,1.7053025658242404e-13,4990.771383971699,4585.970661749477
2025-02-06,56,2025-02-06 09:20:00,0.0,0.0,1131.8683333333333,773.11875,0.97,0.0,358.74958333333353,0.0,1.7053025658242404e-13,4585.970661749477,4187.360013601328
2025-02-06,57,2025-02-06 09:30:00,219.25657889011447,116.33120439718533,1173.7682833333333,812.9432833333334,0.9422,0.0,244.4937956028144,1.4210854715202004e-13,0.0,4187.360013601328,3915.7002407093123
2025-02-06,58,2025-02-06 09:40:00,0.0,0.0,1170.69045,867.3697666666667,0.9569,0.0,303.3206833333334,0.0,5.684341886080802e-14,3915.7002407093123,3578.6772592278307
2025-02-06,59,2025-02-06 09:50:00,0.0,0.0,1133.3066666666666,909.71875,0.9977,0.0,223.58791666666676,0.0,1.4210854715202004e-13,3578.6772592278307,3330.246240709312
2025-02-06,60,2025-02-06 10:00:00,0.0,0.0,1153.0248333333334,926.0610166666667,0.9919,0.0,226.96381666666653,1.9895196601282805e-13,0.0,3330.246240709312,3078.0642221907938
2025-02-06,61,2025-02-06 10:10:00,0.0,0.0,1157.6561166666668,919.3588,0.9588,0.0,238.29731666666703,0.0,2.2737367544323206e-13,3078.0642221907938,2813.289425894497
2025-02-06,62,2025-02-06 10:20:00,0.0,0.0,1128.7016666666666,928.11875,0.9549,0.0,200.58291666666673,0.0,1.1368683772161603e-13,2813.289425894497,2590.4195184870896
2025-02-06,63,2025-02-06 10:30:00,0.0,0.0,1125.8002,994.4434500000001,0.9839,0.0,131.35674999999966,1.4210854715202004e-13,0.0,2590.4195184870896,2444.4675740426455
2025-02-06,64,2025-02-06 10:40:00,234.35513333333336,234.35513333333336,1138.2993833333333,1051.4787333333334,0.799,0.0,0.0,0.0,147.53448333333358,2444.4675740426455,2444.4675740426455
2025-02-06,65,2025-02-06 10:50:00,1058.2133000000001,1058.2133000000001,1157.585,1057.925,0.5025,728.3693621748383,0.0,0.0,230.1839378251617,2444.4675740426455,3100.0
2025-02-06,66,2025-02-06 11:00:00,1050.2010416666667,1050.2010416666667,1181.4920833333333,1032.1531166666666,0.4662,777.7777777777777,0.0,0.0,123.08429722222252,3100.0,3800.0
2025-02-06,67,2025-02-06 11:10:00,1078.4115583333332,1078.4115583333332,1155.3655666666666,1017.1279,0.5007,777.7777777777777,0.0,0.0,162.39611388888886,3800.0,4500.0
2025-02-06,68,2025-02-06 11:20:00,1134.1513499999996,1040.7029542167604,1110.6933333333334,1026.5375000000001,0.4827,777.7777777777777,0.0,0.0,178.76934310564945,4500.0,5200.0
2025-02-06,69,2025-02-06 11:30:00,1151.5147527777779,1051.0927441949002,1129.13785,1039.4856666666667,0.4785,777.7777777777777,0.0,0.0,183.66278308378935,5200.0,5900.0
2025-02-06,70,2025-02-06 11:40:00,1184.294205555556,1037.9063653469475,1102.4864,1037.4036666666666,0.4662,777.7777777777777,0.0,0.0,195.04585423583637,5900.0,6600.0
2025-02-06,71,2025-02-06 11:50:00,1182.2100666666663,978.0635982004555,1042.2383333333335,1032.28125,0.4432,777.7777777777777,0.0,0.0,190.32873708934437,6600.0,7300.0
2025-02-06,72,2025-02-06 12:00:00,1083.9065555555553,908.7390736101406,1071.7905666666668,1048.5316,0.4411,833.3333333333333,0.0,0.0,52.1467736101406,7300.0,8050.0
2025-02-06,73,2025-02-06 12:10:00,1055.1087416666664,925.249419685591,1093.7313166666665,1044.5252166666667,0.4551,833.3333333333333,0.0,0.0,42.70998635225783,8050.0,8800.0
2025-02-06,74,2025-02-06 12:20:00,986.8527249999999,907.2406209891826,1060.4716666666666,1021.8249999999999,0.4463,833.3333333333333,0.0,0.0,35.260620989182826,8800.0,9550.0
2025-02-06,75,2025-02-06 12:30:00,989.8207,860.1336746268315,1031.2081,1029.116,0.4113,833.3333333333333,0.0,0.0,24.708241293498304,9550.0,10300.0
2025-02-06,76,2025-02-06 12:40:00,1037.0195916666667,572.2140733214086,1060.9568833333333,1062.3577,0.5682,555.5555555555555,0.0,0.0,18.059334432519904,10300.0,10800.0
2025-02-06,77,2025-02-06 12:50:00,246.9597,50.87177475221529,1115.4983333333332,1078.6187499999999,0.8279,0.0,0.0,0.0,13.99219141888193,10800.0,10800.0
2025-02-06,78,2025-02-06 13:00:00,300.7695416666669,94.82890988741337,1108.627,1039.7489333333333,0.8636,0.0,0.0,0.0,25.95084322074672,10800.0,10800.0
2025-02-06,79,2025-02-06 13:10:00,338.2340166666669,93.80670339353901,1092.0028666666667,1022.0953333333333,0.8416,0.0,0.0,0.0,23.899170060205506,10800.0,10800.0
2025-02-06,80,2025-02-06 13:20:00,342.0327083333335,143.77972876875197,1101.3433333333335,1021.1062499999999,0.8618,0.0,0.0,0.0,63.542645435418535,10800.0,10800.0
2025-02-06,81,2025-02-06 13:30:00,369.4926333333332,184.82798385200533,1114.0181,959.3697833333334,0.8623,0.0,0.0,0.0,30.179667185338758,10800.0,10800.0
2025-02-06,82,2025-02-06 13:40:00,416.7139249999998,0.0,1083.2505333333334,903.4992166666666,0.9026,0.0,179.75131666666638,3.694822225952521e-13,0.0,10800.0,10600.276314814815
2025-02-06,83,2025-02-06 13:50:00,0.0,0.0,1042.8866666666665,872.5187500000001,0.9754,0.0,170.36791666666687,0.0,3.979039320256561e-13,10600.276314814815,10410.97862962963
2025-02-06,84,2025-02-06 14:00:00,0.0,0.0,1066.7925,820.7799166666667,1.0002,0.0,246.01258333333354,0.0,2.5579538487363607e-13,10410.97862962963,10137.631314814815
2025-02-06,85,2025-02-06 14:10:00,0.0,0.0,1051.1921833333333,781.0027666666666,0.9978,0.0,270.1894166666667,0.0,0.0,10137.631314814815,9837.420851851852
2025-02-06,86,2025-02-06 14:20:00,0.0,0.0,998.4066666666666,757.5500000000001,1.0271,0.0,240.85666666666677,0.0,1.9895196601282805e-13,9837.420851851852,9569.802333333333
2025-02-06,87,2025-02-06 14:30:00,0.0,0.0,1018.9243666666666,716.4793666666666,1.0906,0.0,302.44499999999937,6.821210263296962e-13,0.0,9569.802333333333,9233.752333333334
2025-02-06,88,2025-02-06 14:40:00,25.15772766666521,0.0,1052.9395833333333,665.7651333333333,0.9376,0.0,387.1744499999995,4.547473508864641e-13,0.0,9233.752333333334,8803.558500000001
2025-02-06,89,2025-02-06 14:50:00,1456.5126166666666,1288.453499673556,1061.2266666666667,615.5500000000001,0.6694,440.4905555555544,0.0,0.0,402.28627745133514,8803.558500000001,9200.0
2025-02-06,90,2025-02-06 15:00:00,1541.3584333333333,1382.6433761663266,1061.5078666666666,570.3152166666666,0.66,777.7777777777777,0.0,0.0,113.67294838854889,9200.0,9900.0
2025-02-06,91,2025-02-06 15:10:00,1535.6211916666666,1395.1829541928107,1041.4771833333332,545.7321166666667,0.7217,777.7777777777777,0.0,0.0,121.66010974836661,9900.0,10600.0
2025-02-06,92,2025-02-06 15:20:00,1560.4561583333332,824.4488809318777,1013.6383333333333,524.96875,0.7308,222.22222222222223,0.0,0.0,113.55707537632219,10600.0,10800.0
2025-02-06,93,2025-02-06 15:30:00,1607.8344833333333,609.9845532917009,1012.0978,473.19825,0.7534,0.0,0.0,0.0,71.08500329170079,10800.0,10800.0
2025-02-06,94,2025-02-06 15:40:00,780.778925,636.3050999689628,1025.60625,423.26800000000003,0.7823,0.0,0.0,0.0,33.96684996896283,10800.0,10800.0
2025-02-06,95,2025-02-06 15:50:00,807.3502734552773,681.7622555986756,1039.1583333333333,381.24375000000003,0.8055,0.0,0.0,0.0,23.847672265342226,10800.0,10800.0
2025-02-06,96,2025-02-06 16:00:00,848.9671222222223,768.7442381220344,1045.8108,321.01515,0.8271,0.0,0.0,0.0,43.94858812203438,10800.0,10800.0
2025-02-06,97,2025-02-06 16:10:00,875.2135611111112,811.9369041136844,1039.6489,263.03333333333336,0.8519,0.0,0.0,0.0,35.32133744701787,10800.0,10800.0
2025-02-06,98,2025-02-06 16:20:00,911.3801583333334,864.619077542124,1027.7533333333333,215.05625,0.8791,0.0,0.0,0.0,51.92199420879069,10800.0,10800.0
2025-02-06,99,2025-02-06 16:30:00,927.4089277777778,882.6169959903189,1024.869,164.82161666666667,0.9024,0.0,0.0,0.0,22.569612656985555,10800.0,10800.0
2025-02-06,100,2025-02-06 16:40:00,957.8028777777779,939.6108624882397,1025.4657166666666,118.72831666666667,0.9163,0.0,0.0,0.0,32.87346248823974,10800.0,10800.0
2025-02-06,101,2025-02-06 16:50:00,982.2226716944444,995.1649833474286,1027.2433333333333,76.04375,0.9264,0.0,0.0,0.0,43.96540001409517,10800.0,10800.0
2025-02-06,102,2025-02-06 17:00:00,1000.9077694444445,1005.3844007447077,1032.4466333333332,30.944983333333337,0.9462,0.0,0.0,0.0,3.8827507447078915,10800.0,10800.0
2025-02-06,103,2025-02-06 17:10:00,994.9651361111113,996.9648059555826,1029.1106666666667,4.45175,0.9742,0.0,27.694110711084615,0.0,4.796163466380676e-13,10800.0,10769.228765876573
2025-02-06,104,2025-02-06 17:20:00,1023.5179666666667,1023.5179666666667,1032.79,0.0,0.9862,0.0,9.272033333332912,3.8546943414985435e-13,0.0,10769.228765876573,10758.926506617314
2025-02-06,105,2025-02-06 17:30:00,1036.9853694444444,1063.4611962634233,1047.8633833333333,0.0,0.976,15.597812930090084,0.0,1.2612133559741778e-13,0.0,10758.926506617314,10772.964538254395
2025-02-06,106,2025-02-06 17:40:00,913.0752944444445,913.0752944444445,920.9471666666667,0.022866666666666664,1.0742,0.0,7.849005555555595,0.0,4.529709940470639e-14,10772.964538254395,10764.243420970444
2025-02-06,107,2025-02-06 17:50:00,735.6516666666668,735.6516666666668,722.7600000000001,0.0,1.2313,12.891666666667636,0.0,9.841016890277388e-13,0.0,10764.243420970444,10775.845920970445
2025-02-06,108,2025-02-06 18:00:00,696.4426083333335,697.030323419349,696.5744500000001,0.0,1.2561,0.4558734193495992,0.0,6.947220576591917e-13,0.0,10775.845920970445,10776.25620704786
2025-02-06,109,2025-02-06 18:10:00,713.1694833333336,731.5648602539991,725.3809833333333,0.0016333333333333332,1.2447,6.185510253999382,0.0,3.410605131648481e-13,0.0,10776.25620704786,10781.82316627646
2025-02-06,110,2025-02-06 18:20:00,733.3549999999999,737.0895676521912,713.9516666666667,0.0,1.2545,20.196481915045297,0.0,0.0,2.941419070479242,10781.82316627646,10800.0
2025-02-06,111,2025-02-06 18:30:00,698.1493833333332,731.3897311186489,688.7923000000001,0.0,1.2522,0.0,0.0,0.0,42.59743111864884,10800.0,10800.0
2025-02-06,112,2025-02-06 18:40:00,319.1592194444427,319.1592194444427,701.2760666666667,0.0,1.2881,0.0,382.1168472222242,0.0,2.2737367544323206e-13,10800.0,10375.42572530864
2025-02-06,113,2025-02-06 18:50:00,0.0,0.0,738.1166666666667,0.0,1.3466,0.0,738.1166666666667,0.0,0.0,10375.42572530864,9555.29609567901
2025-02-06,114,2025-02-06 19:00:00,0.0,0.0,736.8278666666666,0.0,1.3523,0.0,736.827866666666,6.821210263296962e-13,0.0,9555.29609567901,8736.598466049381
2025-02-06,115,2025-02-06 19:10:00,0.0,0.0,715.8313666666667,0.0,1.3445,0.0,715.8313666666667,0.0,0.0,8736.598466049381,7941.230280864196
2025-02-06,116,2025-02-06 19:20:00,0.0,0.0,697.4050000000001,0.0,1.3483,0.0,697.4049999999997,3.410605131648481e-13,0.0,7941.230280864196,7166.335836419752
2025-02-06,117,2025-02-06 19:30:00,0.0,0.0,685.9789333333333,0.0,1.349,0.0,685.9789333333333,0.0,0.0,7166.335836419752,6404.137021604937
2025-02-06,118,2025-02-06 19:40:00,0.0,0.0,683.2323833333334,0.0,1.3473,0.0,683.2323833333331,2.2737367544323206e-13,0.0,6404.137021604937,5644.989929012345
2025-02-06,119,2025-02-06 19:50:00,0.0,0.0,692.54,0.0,1.3482,0.0,692.5400000000002,0.0,2.2737367544323206e-13,5644.989929012345,4875.501040123456
2025-02-06,120,2025-02-06 20:00:00,0.0,0.0,714.0837666666666,0.0,1.3513,0.0,714.0837666666665,1.1368683772161603e-13,0.0,4875.501040123456,4082.0746327160487
2025-02-06,121,2025-02-06 20:10:00,0.0,0.0,727.5424333333334,0.0,1.34,0.0,727.5424333333335,0.0,1.1368683772161603e-13,4082.0746327160487,3273.694151234567
2025-02-06,122,2025-02-06 20:20:00,0.0,0.0,731.2533333333334,0.0,1.3489,0.0,731.2533333333337,0.0,2.2737367544323206e-13,3273.694151234567,2461.190447530863
2025-02-06,123,2025-02-06 20:30:00,0.0,0.0,736.3145,0.0,1.3952,0.0,736.3145000000002,0.0,2.2737367544323206e-13,2461.190447530863,1643.0632253086405
2025-02-06,124,2025-02-06 20:40:00,709.3727250000001,750.6534715117239,712.8330333333333,0.0,1.2226,37.82043817839066,0.0,1.2789769243681803e-13,0.0,1643.0632253086405,1677.1016196691921
2025-02-06,125,2025-02-06 20:50:00,744.8833333333333,754.7778709156263,693.2116666666667,0.0,0.9332,61.566204248959664,0.0,7.105427357601002e-14,0.0,1677.1016196691921,1732.5112034932558
2025-02-06,126,2025-02-06 21:00:00,742.2105583333332,742.2105583333332,739.1151,0.0,0.9068,3.0954583333333274,0.0,1.0080825063596421e-13,0.0,1732.5112034932558,1735.2971159932558
2025-02-06,127,2025-02-06 21:10:00,744.1992916666666,744.2713538937743,744.7547833333333,0.0,0.9371,0.0,0.4834294395591087,0.0,9.098277686803158e-14,1735.2971159932558,1734.7599721715235
2025-02-06,128,2025-02-06 21:20:00,716.3333333333333,737.9450218325217,714.52,0.0,0.9371,23.425021832521605,0.0,0.0,7.460698725481052e-14,1734.7599721715235,1755.842491820793
2025-02-06,129,2025-02-06 21:30:00,762.5684666666674,796.0257382033956,743.8754166666666,0.0,0.9871,52.150321536728875,0.0,0.0,6.394884621840902e-14,1755.842491820793,1802.777781203849
2025-02-06,130,2025-02-06 21:40:00,703.7825999999999,730.4038129132528,690.7555666666667,0.0,0.7764,39.64824624658604,0.0,0.0,0.0,1802.777781203849,1838.4612028257764
2025-02-06,131,2025-02-06 21:50:00,588.9666666666667,588.9666666666667,568.9283333333334,0.0,0.4209,20.03833333333331,0.0,1.0658141036401503e-14,0.0,1838.4612028257764,1856.4957028257763
2025-02-06,132,2025-02-06 22:00:00,745.7641559670788,745.7641559670788,547.7698,0.0,0.3859,197.9943559670788,0.0,8.526512829121202e-14,0.0,1856.4957028257763,2034.6906231961473
2025-02-06,133,2025-02-06 22:10:00,553.0282666666667,553.0282666666667,555.69155,0.0,0.4368,0.0,2.663283333333311,0.0,0.0,2034.6906231961473,2031.7314194924436
2025-02-06,134,2025-02-06 22:20:00,569.315,575.6748946107105,553.6783333333334,0.0,0.4198,21.996561277377268,0.0,2.1316282072803006e-13,0.0,2031.7314194924436,2051.528324642083
2025-02-06,135,2025-02-06 22:30:00,591.1936583333334,591.1936583333335,576.5417333333334,0.0,0.4186,14.651925000000322,0.0,2.0250467969162855e-13,0.0,2051.528324642083,2064.7150571420834
2025-02-06,136,2025-02-06 22:40:00,575.677375,585.7217666666667,576.81875,0.0,0.4241,8.903016666666494,0.0,0.0,1.509903313490213e-13,2064.7150571420834,2072.7277721420833
2025-02-06,137,2025-02-06 22:50:00,613.0075,613.0075,558.4283333333334,0.0,0.4237,54.57916666666683,0.0,1.7763568394002505e-13,0.0,2072.7277721420833,2121.8490221420834
2025-02-06,138,2025-02-06 23:00:00,575.9832749999999,575.9832749999999,571.3184666666667,0.0,0.4248,4.664808333333086,0.0,0.0,1.2612133559741778e-13,2121.8490221420834,2126.047349642083
2025-02-06,139,2025-02-06 23:10:00,577.3884499999999,577.3884499999999,561.8386166666667,0.0,0.424,15.54983333333338,0.0,1.2612133559741778e-13,0.0,2126.047349642083,2140.0421996420832
2025-02-06,140,2025-02-06 23:20:00,603.1683333333333,624.482072975958,546.8416666666667,0.0,0.422,77.6404063092913,0.0,1.4210854715202004e-14,0.0,2140.0421996420832,2209.9185653204454
2025-02-06,141,2025-02-06 23:30:00,632.3830083333334,635.0220910948691,586.3870499999999,0.0,0.424,48.63504109486914,0.0,0.0,2.842170943040401e-14,2209.9185653204454,2253.6901023058276
2025-02-06,142,2025-02-06 23:40:00,507.1058416666666,515.6833953438003,534.0754833333334,0.0,0.4271,0.0,18.392087989532957,1.8118839761882555e-13,0.0,2253.6901023058276,2233.2544489841243
2025-02-06,143,2025-02-06 23:50:00,415.0108333333334,415.0108333333334,407.77,0.0,0.4276,7.240833333333588,0.0,1.8918200339612667e-13,0.0,2233.2544489841243,2239.7711989841246
2025-02-07,0,2025-02-07 00:00:00,1257.2591416666662,1257.2591416666662,386.25111666666663,0.0,0.4248,833.3333333333333,0.0,0.0,37.67469166666638,2239.7711989841246,2989.7711989841246
2025-02-07,1,2025-02-07 00:10:00,1284.6624749999999,1284.6624749999999,425.2661166666667,0.0,0.4245,833.3333333333333,0.0,0.0,26.063024999999925,2989.7711989841246,3739.7711989841246
2025-02-07,2,2025-02-07 00:20:00,1300.993333333333,1300.993333333333,446.935,0.0,0.4269,833.3333333333333,0.0,0.0,20.72499999999991,3739.7711989841246,4489.771198984125
2025-02-07,3,2025-02-07 00:30:00,1311.8103583333332,1311.8103583333332,419.25316666666663,0.0,0.4272,833.3333333333333,0.0,0.0,59.22385833333328,4489.771198984125,5239.771198984125
2025-02-07,4,2025-02-07 00:40:00,1300.8617083333334,1300.8617083333334,393.4852,0.0,0.4271,833.3333333333333,0.0,0.0,74.04317500000002,5239.771198984125,5989.771198984125
2025-02-07,5,2025-02-07 00:50:00,1320.2266666666667,1320.2266666666667,392.01666666666665,0.0,0.4285,833.3333333333333,0.0,0.0,94.87666666666678,5989.771198984125,6739.771198984125
2025-02-07,6,2025-02-07 01:00:00,479.1403,479.1403,396.33161666666666,0.0,0.4311,82.80868333333375,0.0,3.836930773104541e-13,0.0,6739.771198984125,6814.299013984125
2025-02-07,7,2025-02-07 01:10:00,1333.8519999999999,1333.8519999999999,420.4836666666667,0.0,0.4302,833.3333333333333,0.0,0.0,80.03499999999985,6814.299013984125,7564.299013984125
2025-02-07,8,2025-02-07 01:20:00,1310.7925,1310.7925,452.355,0.0,0.4279,833.3333333333323,0.0,0.0,25.104166666667652,7564.299013984125,8314.299013984124
2025-02-07,9,2025-02-07 01:30:00,491.763175,491.763175,456.81645000000003,0.0,0.4312,34.9467250000008,0.0,8.384404281969182e-13,0.0,8314.299013984124,8345.751066484125
2025-02-07,10,2025-02-07 01:40:00,513.5173,513.5173,446.0461833333333,0.0,0.4333,67.4711166666667,0.0,4.263256414560601e-14,0.0,8345.751066484125,8406.475071484125
2025-02-07,11,2025-02-07 01:50:00,867.8661677954171,867.8661677954171,442.72333333333336,0.0,0.4311,425.14283446208435,0.0,5.684341886080801e-13,0.0,8406.475071484125,8789.1036225
2025-02-07,12,2025-02-07 02:00:00,1319.082725,1319.082725,460.24303333333336,0.0,0.4293,833.3333333333333,0.0,0.0,25.50635833333331,8789.1036225,9539.1036225
2025-02-07,13,2025-02-07 02:10:00,479.71665,479.71665,481.9864166666667,0.0,0.4324,0.0,2.26976666666651,1.5898393712632242e-13,0.0,9539.1036225,9536.581659537038
2025-02-07,14,2025-02-07 02:20:00,516.7266666666667,516.7266666666667,490.3566666666666,0.0,0.4367,26.370000000000193,0.0,1.3145040611561853e-13,0.0,9536.581659537038,9560.314659537038
2025-02-07,15,2025-02-07 02:30:00,509.71625833333326,509.71625833333326,480.2542,0.0,0.4348,29.46205833333402,0.0,7.887024366937112e-13,0.0,9560.314659537038,9586.830512037039
2025-02-07,16,2025-02-07 02:40:00,559.2436416666667,559.2436416666667,469.7928,0.0,0.4335,89.45084166666574,0.0,0.0,9.521272659185342e-13,9586.830512037039,9667.336269537038
2025-02-07,17,2025-02-07 02:50:00,536.3833333333334,536.3833333333334,465.8066666666667,0.0,0.4357,70.57666666666692,0.0,1.5631940186722204e-13,0.0,9667.336269537038,9730.855269537038
2025-02-07,18,2025-02-07 03:00:00,544.8274416666667,544.8274416666667,464.89213333333333,0.0,0.4374,79.93530833333352,0.0,1.7053025658242404e-13,0.0,9730.855269537038,9802.797047037038
2025-02-07,19,2025-02-07 03:10:00,551.14415,551.14415,488.78473333333335,0.0,0.4371,62.35941666666703,0.0,4.121147867408581e-13,0.0,9802.797047037038,9858.920522037039
2025-02-07,20,2025-02-07 03:20:00,503.13833333333343,503.13833333333343,521.2133333333334,0.0,0.4356,0.0,18.075000000000546,0.0,6.146194664324867e-13,9858.920522037039,9838.837188703705
2025-02-07,21,2025-02-07 03:30:00,508.7723666666666,508.7723666666666,516.0483333333333,0.0,0.4353,0.0,7.275966666665954,7.505107646466058e-13,0.0,9838.837188703705,9830.752781296298
2025-02-07,22,2025-02-07 03:40:00,509.46467500000006,509.46467500000006,486.52849999999995,0.0,0.436,22.936174999999317,0.0,0.0,7.887024366937112e-13,9830.752781296298,9851.395338796297
2025-02-07,23,2025-02-07 03:50:00,544.3416666666667,544.3416666666667,481.44166666666666,0.0,0.4378,62.900000000000645,0.0,6.110667527536862e-13,0.0,9851.395338796297,9908.005338796298
2025-02-07,24,2025-02-07 04:00:00,555.6661083333333,555.6661083333333,533.01275,0.0,0.4401,22.653358333332612,0.0,0.0,7.460698725481052e-13,9908.005338796298,9928.393361296297
2025-02-07,25,2025-02-07 04:10:00,566.0329916666666,566.0329916666666,532.86585,0.0,0.4389,33.16714166666619,0.0,0.0,3.765876499528531e-13,9928.393361296297,9958.243788796297
2025-02-07,26,2025-02-07 04:20:00,546.7124999999999,546.7124999999999,485.66166666666663,0.0,0.4364,0.0,0.0,0.0,61.05083333333323,9958.243788796297,9958.243788796297
2025-02-07,27,2025-02-07 04:30:00,575.625,575.625,500.8403,0.0,0.4393,0.0,0.0,0.0,74.78469999999999,9958.243788796297,9958.243788796297
2025-02-07,28,2025-02-07 04:40:00,598.806875,598.806875,516.8358833333333,0.0,0.4422,0.0,0.0,0.0,81.97099166666669,9958.243788796297,9958.243788796297
2025-02-07,29,2025-02-07 04:50:00,572.6366666666667,572.6366666666667,507.6066666666666,0.0,0.4395,0.0,0.0,0.0,65.03000000000003,9958.243788796297,9958.243788796297
2025-02-07,30,2025-02-07 05:00:00,581.0981833333334,581.0981833333334,511.0962666666667,0.00045000000000000004,0.4333,0.0,0.0,0.0,70.00236666666672,9958.243788796297,9958.243788796297
2025-02-07,31,2025-02-07 05:10:00,596.2317333333333,596.2317333333333,503.64925,0.0,0.4439,0.0,0.0,0.0,92.5824833333333,9958.243788796297,9958.243788796297
2025-02-07,32,2025-02-07 05:20:00,1436.6383333333335,1436.6383333333335,492.76666666666665,0.0,0.4301,157.50690133744783,0.0,0.0,786.364765329219,9958.243788796297,10100.0
2025-02-07,33,2025-02-07 05:30:00,1418.6049666666668,1418.6049666666668,511.77753333333334,0.006216666666666666,0.3713,777.7777777777777,0.0,0.0,129.05587222222232,10100.0,10800.0
2025-02-07,34,2025-02-07 05:40:00,551.3509,551.3509,510.8942666666667,0.0,0.5708,0.0,0.0,0.0,40.45663333333334,10800.0,10800.0
2025-02-07,35,2025-02-07 05:50:00,0.0,0.0,494.3066666666667,0.0,0.9099,0.0,494.30666666666696,0.0,2.8421709430404007e-13,10800.0,10250.77037037037
2025-02-07,36,2025-02-07 06:00:00,0.0,0.0,515.1796,0.0866,0.9368,0.0,515.0929999999997,3.410605131648481e-13,0.0,10250.77037037037,9678.444814814815
2025-02-07,37,2025-02-07 06:10:00,0.0,0.0,524.36125,0.0,0.8758,0.0,524.3612499999992,7.958078640513122e-13,0.0,9678.444814814815,9095.821203703705
2025-02-07,38,2025-02-07 06:20:00,0.0,0.0,512.1366666666667,0.0,0.8759,0.0,512.1366666666662,4.547473508864641e-13,0.0,9095.821203703705,8526.780462962965
2025-02-07,39,2025-02-07 06:30:00,0.0,0.0,524.8191333333333,5.850533333333334,0.8601,0.0,518.9685999999999,0.0,0.0,8526.780462962965,7950.148685185187
2025-02-07,40,2025-02-07 06:40:00,0.0,0.0,568.2667333333333,32.229283333333335,0.8442,0.0,536.0374499999998,1.1368683772161603e-13,0.0,7950.148685185187,7354.55151851852
2025-02-07,41,2025-02-07 06:50:00,0.0,0.0,610.3083333333333,74.69375000000001,0.8334,0.0,535.6145833333334,0.0,1.1368683772161603e-13,7354.55151851852,6759.424203703706
2025-02-07,42,2025-02-07 07:00:00,0.0,0.0,610.2927833333333,114.13258333333333,0.8092,0.0,496.1602000000001,0.0,1.1368683772161603e-13,6759.424203703706,6208.135092592594
2025-02-07,43,2025-02-07 07:10:00,0.0,0.0,600.39795,159.0646,0.7972,0.0,441.3333499999997,2.8421709430404007e-13,0.0,6208.135092592594,5717.764703703706
2025-02-07,44,2025-02-07 07:20:00,0.0,0.0,585.395,207.55625,0.7644,0.0,377.8387499999999,1.1368683772161603e-13,0.0,5717.764703703706,5297.943870370373
2025-02-07,45,2025-02-07 07:30:00,133.85021388889066,133.85021388889066,547.1815833333334,246.9202,0.6899,0.0,166.41116944444312,0.0,3.694822225952521e-13,5297.943870370373,5113.042570987658
2025-02-07,46,2025-02-07 07:40:00,0.0,0.0,555.4435166666666,291.0269333333333,0.86,0.0,264.4165833333329,3.979039320256561e-13,0.0,5113.042570987658,4819.246367283955
2025-02-07,47,2025-02-07 07:50:00,0.0,0.0,602.9183333333334,341.84375,1.1617,0.0,261.07458333333307,3.410605131648481e-13,0.0,4819.246367283955,4529.163496913585
2025-02-07,48,2025-02-07 08:00:00,0.0,0.0,611.12665,385.65754999999996,1.1683,0.0,225.46910000000034,0.0,2.5579538487363607e-13,4529.163496913585,4278.642274691362
2025-02-07,49,2025-02-07 08:10:00,0.0,0.0,611.9631499999999,421.0529833333333,1.0956,0.0,190.91016666666678,0.0,1.7053025658242404e-13,4278.642274691362,4066.5198672839547
2025-02-07,50,2025-02-07 08:20:00,0.0,0.0,612.3733333333333,451.59999999999997,1.0849,0.0,160.7733333333336,0.0,2.2737367544323206e-13,4066.5198672839547,3887.8828302469174
2025-02-07,51,2025-02-07 08:30:00,0.0,0.0,592.43045,481.7972833333333,1.061,0.0,110.63316666666674,0.0,1.1368683772161603e-13,3887.8828302469174,3764.9570895061765
2025-02-07,52,2025-02-07 08:40:00,0.0,0.0,633.5669666666666,513.4377333333333,1.043,0.0,120.12923333333343,0.0,9.947598300641403e-14,3764.9570895061765,3631.4801635802505
2025-02-07,53,2025-02-07 08:50:00,0.0,0.0,713.6633333333333,556.6999999999999,1.036,0.0,156.96333333333337,0.0,0.0,3631.4801635802505,3457.076459876547
2025-02-07,54,2025-02-07 09:00:00,0.0,0.0,720.2574166666667,617.9059666666667,1.0147,0.0,102.35145000000011,0.0,1.1368683772161603e-13,3457.076459876547,3343.3526265432133
2025-02-07,55,2025-02-07 09:10:00,0.0,0.0,695.7480833333334,654.5119166666667,0.9922,0.0,41.23616666666676,0.0,7.105427357601002e-14,3343.3526265432133,3297.5346635802503
2025-02-07,56,2025-02-07 09:20:00,0.0,0.0,684.1350000000001,677.2875,0.97,0.0,6.847500000000219,0.0,1.3677947663381929e-13,3297.5346635802503,3289.9263302469167
2025-02-07,57,2025-02-07 09:30:00,0.0,0.0,687.5160999999999,738.5819833333334,0.9422,51.06588333333345,0.0,2.1316282072803006e-14,0.0,3289.9263302469167,3335.885625246917
2025-02-07,58,2025-02-07 09:40:00,0.0,0.0,695.2513333333333,796.9299500000001,0.9569,101.67861666666694,0.0,1.2789769243681803e-13,0.0,3335.885625246917,3427.396380246917
2025-02-07,59,2025-02-07 09:50:00,0.0,0.0,710.315,840.9499999999999,0.9977,80.67068861453663,0.0,0.0,49.96431138546325,3427.396380246917,3500.0
2025-02-07,60,2025-02-07 10:00:00,0.0,0.0,739.0829666666667,899.3371333333333,0.9919,0.0,0.0,0.0,160.2541666666666,3500.0,3500.0
2025-02-07,61,2025-02-07 10:10:00,0.0,0.0,738.0801833333334,945.4178833333334,0.9588,0.0,0.0,0.0,207.33770000000004,3500.0,3500.0
2025-02-07,62,2025-02-07 10:20:00,0.0,0.0,697.6999999999999,969.0437499999999,0.9549,111.11111111111111,0.0,0.0,160.23263888888889,3500.0,3600.0
2025-02-07,63,2025-02-07 10:30:00,0.0,0.0,654.7754666666666,988.2511666666666,0.9839,111.11111111111111,0.0,0.0,222.36458888888885,3600.0,3700.0
2025-02-07,64,2025-02-07 10:40:00,0.0,0.0,643.9374833333333,1009.6573166666667,0.799,111.11111111111111,0.0,0.0,254.60872222222233,3700.0,3800.0
2025-02-07,65,2025-02-07 10:50:00,0.0,0.0,655.145,1029.73125,0.5025,111.11111111111111,0.0,0.0,263.475138888889,3800.0,3900.0
2025-02-07,66,2025-02-07 11:00:00,532.0597083333332,532.0597083333332,651.0688166666666,1047.3021166666667,0.4662,666.6666666666666,0.0,0.0,261.6263416666667,3900.0,4500.0
2025-02-07,67,2025-02-07 11:10:00,0.0,0.0,657.9662333333333,1095.7004,0.5007,222.22222222222223,0.0,0.0,215.5119444444444,4500.0,4700.0
2025-02-07,68,2025-02-07 11:20:00,0.0,0.0,679.74,1154.375,0.4827,222.22222222222223,0.0,0.0,252.41277777777776,4700.0,4900.0
2025-02-07,69,2025-02-07 11:30:00,332.7724416666706,332.7724416666706,687.2059333333333,1162.9343000000001,0.4785,666.6666666666666,0.0,0.0,141.8341416666708,4900.0,5500.0
2025-02-07,70,2025-02-07 11:40:00,494.65608055555595,421.83946681760597,674.1133833333333,1151.2699333333333,0.4662,777.7777777777777,0.0,0.0,121.21823903982806,5500.0,6200.0
2025-02-07,71,2025-02-07 11:50:00,499.5941500000001,402.77072429469024,648.5600000000001,1156.875,0.4432,777.7777777777777,0.0,0.0,133.30794651691258,6200.0,6900.0
2025-02-07,72,2025-02-07 12:00:00,117.89871666666488,0.0,632.2008500000001,1189.1374833333332,0.4411,0.0,0.0,0.0,556.9366333333331,6900.0,6900.0
2025-02-07,73,2025-02-07 12:10:00,0.0,0.0,663.7916666666666,1209.4297833333333,0.4551,222.22222222222223,0.0,0.0,323.4158944444444,6900.0,7100.0
2025-02-07,74,2025-02-07 12:20:00,0.0,0.0,686.8083333333334,1207.70625,0.4463,444.44444444444446,0.0,0.0,76.4534722222221,7100.0,7500.0
2025-02-07,75,2025-02-07 12:30:00,372.7853555555555,0.0,609.0269666666667,1207.49265,0.4113,444.44444444444446,0.0,0.0,154.02123888888877,7500.0,7900.0
2025-02-07,76,2025-02-07 12:40:00,0.0,0.0,584.9959166666666,1205.0933666666667,0.5682,444.44444444444446,0.0,0.0,175.65300555555564,7900.0,8300.0
2025-02-07,77,2025-02-07 12:50:00,0.0,0.0,643.4783333333334,1192.9375,0.8279,444.44444444444446,0.0,0.0,105.01472222222219,8300.0,8700.0
2025-02-07,78,2025-02-07 13:00:00,0.0,0.0,658.9243833333334,1169.4465666666667,0.8636,333.3333333333333,0.0,0.0,177.18885000000006,8700.0,9000.0
2025-02-07,79,2025-02-07 13:10:00,0.0,0.0,642.3615,1143.4470333333334,0.8416,333.3333333333333,0.0,0.0,167.75220000000007,9000.0,9300.0
2025-02-07,80,2025-02-07 13:20:00,0.0,0.0,630.6616666666666,1124.7749999999999,0.8618,333.3333333333333,0.0,0.0,160.77999999999992,9300.0,9600.0
2025-02-07,81,2025-02-07 13:30:00,0.0,0.0,638.5031333333333,1112.9225666666666,0.8623,333.3333333333333,0.0,0.0,141.08610000000004,9600.0,9900.0
2025-02-07,82,2025-02-07 13:40:00,0.0,0.0,634.8740166666666,1074.3136333333334,0.9026,222.22222222222223,0.0,0.0,217.21739444444455,9900.0,10100.0
2025-02-07,83,2025-02-07 13:50:00,0.0,0.0,613.785,1014.6750000000001,0.9754,222.22222222222223,0.0,0.0,178.66777777777787,10100.0,10300.0
2025-02-07,84,2025-02-07 14:00:00,0.0,0.0,599.4534166666666,974.18645,1.0002,222.22222222222223,0.0,0.0,152.5108111111112,10300.0,10500.0
2025-02-07,85,2025-02-07 14:10:00,0.0,0.0,591.9970666666667,940.1702333333333,0.9978,111.11111111111111,0.0,0.0,237.06205555555547,10500.0,10600.0
2025-02-07,86,2025-02-07 14:20:00,0.0,0.0,594.1766666666666,875.7875,1.0271,111.11111111111111,0.0,0.0,170.4997222222223,10600.0,10700.0
2025-02-07,87,2025-02-07 14:30:00,0.0,0.0,609.9267666666666,763.6327166666666,1.0906,111.11111111111111,0.0,0.0,42.594838888888916,10700.0,10800.0
2025-02-07,88,2025-02-07 14:40:00,0.0,0.0,612.9406166666666,700.4348,0.9376,0.0,0.0,0.0,87.49418333333335,10800.0,10800.0
2025-02-07,89,2025-02-07 14:50:00,91.09598333333315,0.0,599.545,691.1125000000001,0.6694,0.0,0.0,0.0,91.56750000000011,10800.0,10800.0
2025-02-07,90,2025-02-07 15:00:00,120.87810555555558,26.56961886338513,588.4408,647.9628666666666,0.66,0.0,0.0,0.0,86.09168553005179,10800.0,10800.0
2025-02-07,91,2025-02-07 15:10:00,188.21200277777785,74.96040778869519,568.4414666666667,593.1736166666667,0.7217,0.0,0.0,0.0,99.69255778869524,10800.0,10800.0
2025-02-07,92,2025-02-07 15:20:00,239.56363333333348,131.8779073266693,561.2966666666667,544.61875,0.7308,0.0,0.0,0.0,115.19999066000253,10800.0,10800.0
2025-02-07,93,2025-02-07 15:30:00,264.2818722222223,155.847106731324,600.74205,490.32346666666666,0.7534,0.0,0.0,0.0,45.428523397990716,10800.0,10800.0
2025-02-07,94,2025-02-07 15:40:00,268.0102861111111,185.77716188013136,609.5497,431.4903166666666,0.7823,0.0,0.0,0.0,7.717778546797945,10800.0,10800.0
2025-02-07,95,2025-02-07 15:50:00,263.77545,263.77545,574.5766666666667,375.97499999999997,0.8055,0.0,0.0,0.0,65.17378333333329,10800.0,10800.0
2025-02-07,96,2025-02-07 16:00:00,323.1490555555556,323.1490555555556,561.7056833333334,330.04720000000003,0.8271,0.0,0.0,0.0,91.49057222222223,10800.0,10800.0
2025-02-07,97,2025-02-07 16:10:00,357.15447777777763,356.53006921045824,582.7407,282.18295,0.8519,0.0,0.0,0.0,55.972319210458295,10800.0,10800.0
2025-02-07,98,2025-02-07 16:20:00,418.67996666666676,373.9617462856195,610.2166666666667,228.44375,0.8791,0.0,7.811170381046759,4.3165471197426086e-13,0.0,10800.0,10791.320921798837
2025-02-07,99,2025-02-07 16:30:00,462.6555222222222,443.3201234228435,597.8580166666667,175.82764999999998,0.9024,9.643420223514516,0.0,0.0,11.646336532662241,10791.320921798837,10800.0
2025-02-07,100,2025-02-07 16:40:00,442.8708611111111,442.8708611111111,525.7680833333333,126.69066666666667,0.9163,0.0,0.0,0.0,43.7934444444445,10800.0,10800.0
2025-02-07,101,2025-02-07 16:50:00,356.74148333333335,363.86510330393276,441.87833333333333,79.34375,0.9264,0.0,0.0,0.0,1.3305199705994255,10800.0,10800.0
2025-02-07,102,2025-02-07 17:00:00,380.5669194444446,403.9309987126259,424.84591666666665,33.73643333333333,0.9462,0.0,0.0,0.0,12.821515379292578,10800.0,10800.0
2025-02-07,103,2025-02-07 17:10:00,412.5985527777777,428.29548515502404,433.6899833333334,6.557950000000001,0.9742,0.0,0.0,0.0,1.1634518216906713,10800.0,10800.0
2025-02-07,104,2025-02-07 17:20:00,450.4595333333333,450.4595333333333,426.55,0.0,0.9862,0.0,0.0,0.0,23.909533333333286,10800.0,10800.0
2025-02-07,105,2025-02-07 17:30:00,459.7857055555555,459.7857055555555,404.77126666666663,0.0,0.976,0.0,0.0,0.0,55.01443888888889,10800.0,10800.0
2025-02-07,106,2025-02-07 17:40:00,143.5168777777779,143.5168777777779,420.2600333333333,0.11385,1.0742,0.0,276.6293055555554,0.0,0.0,10800.0,10492.634104938272
2025-02-07,107,2025-02-07 17:50:00,0.0,0.0,458.4433333333333,0.0,1.2313,0.0,458.44333333333327,5.684341886080802e-14,0.0,10492.634104938272,9983.25262345679
2025-02-07,108,2025-02-07 18:00:00,0.0,0.0,450.43323333333336,0.0,1.2561,0.0,450.4332333333341,0.0,7.389644451905042e-13,9983.25262345679,9482.77125308642
2025-02-07,109,2025-02-07 18:10:00,0.0,0.0,424.76516666666663,0.008166666666666668,1.2447,0.0,424.757,0.0,5.684341886080802e-14,9482.77125308642,9010.819030864197
2025-02-07,110,2025-02-07 18:20:00,0.0,0.0,424.08166666666665,0.0,1.2545,0.0,424.08166666666733,0.0,6.821210263296962e-13,9010.819030864197,8539.617179012344
2025-02-07,111,2025-02-07 18:30:00,0.0,0.0,461.0551666666667,0.0,1.2522,0.0,461.0551666666667,0.0,0.0,8539.617179012344,8027.333660493826
2025-02-07,112,2025-02-07 18:40:00,0.0,0.0,476.0302,0.0005833333333333334,1.2881,0.0,476.029616666667,0.0,3.410605131648481e-13,8027.333660493826,7498.411864197529
2025-02-07,113,2025-02-07 18:50:00,0.0,0.0,461.7733333333333,0.0,1.3466,0.0,461.7733333333331,2.2737367544323206e-13,0.0,7498.411864197529,6985.330382716048
2025-02-07,114,2025-02-07 19:00:00,0.0,0.0,461.83781666666664,0.0,1.3523,0.0,461.8378166666668,0.0,1.7053025658242404e-13,6985.330382716048,6472.177253086418
2025-02-07,115,2025-02-07 19:10:00,0.0,0.0,444.27945,0.0,1.3445,0.0,444.27945000000017,0.0,1.7053025658242404e-13,6472.177253086418,5978.533419753085
2025-02-07,116,2025-02-07 19:20:00,0.0,0.0,423.1016666666667,0.0,1.3483,0.0,423.10166666666686,0.0,1.7053025658242404e-13,5978.533419753085,5508.4204567901215
2025-02-07,117,2025-02-07 19:30:00,0.0,0.0,450.1251666666667,0.0,1.349,0.0,450.125166666667,0.0,2.8421709430404007e-13,5508.4204567901215,5008.281382716047
2025-02-07,118,2025-02-07 19:40:00,0.0,0.0,468.84560000000005,0.0,1.3473,0.0,468.8456000000001,0.0,5.684341886080802e-14,5008.281382716047,4487.341827160491
2025-02-07,119,2025-02-07 19:50:00,0.0,0.0,458.3633333333333,0.0,1.3482,0.0,458.3633333333332,1.1368683772161603e-13,0.0,4487.341827160491,3978.049234567899
2025-02-07,120,2025-02-07 20:00:00,0.0,0.0,451.9560333333333,0.0,1.3513,0.0,451.9560333333333,0.0,0.0,3978.049234567899,3475.8758641975287
2025-02-07,121,2025-02-07 20:10:00,0.0,0.0,447.0254,0.0,1.34,0.0,447.0253999999999,1.1368683772161603e-13,0.0,3475.8758641975287,2979.18097530864
2025-02-07,122,2025-02-07 20:20:00,0.0,0.0,455.01,0.0,1.3489,0.0,455.00999999999993,5.684341886080802e-14,0.0,2979.18097530864,2473.6143086419734
2025-02-07,123,2025-02-07 20:30:00,0.0,0.0,491.07015,0.0,1.3952,0.0,491.07014999999996,5.684341886080802e-14,0.0,2473.6143086419734,1927.9808086419735
2025-02-07,124,2025-02-07 20:40:00,0.0,17.036490151147405,494.0659166666667,0.0,1.2226,0.0,477.02942651551945,0.0,1.7053025658242404e-13,1927.9808086419735,1397.9481125136185
2025-02-07,125,2025-02-07 20:50:00,428.00416666666655,460.73840250297326,465.96166666666664,0.0,0.9332,0.0,5.223264163693398,0.0,1.1546319456101628e-14,1397.9481125136185,1392.1444856650703
2025-02-07,126,2025-02-07 21:00:00,470.0235666666667,473.2984022530575,468.9965833333333,0.0,0.9068,4.301818919724257,0.0,1.0125233984581428e-13,0.0,1392.1444856650703,1396.0161226928221
2025-02-07,127,2025-02-07 21:10:00,482.68100833333324,482.68100833333324,478.27185000000003,0.0,0.9371,4.409158333333178,0.0,0.0,3.197442310920451e-14,1396.0161226928221,1399.984365192822
2025-02-07,128,2025-02-07 21:20:00,495.13500000000016,495.13500000000016,480.8233333333333,0.0,0.9371,14.3116666666669,0.0,6.217248937900877e-14,0.0,1399.984365192822,1412.8648651928222
2025-02-07,129,2025-02-07 21:30:00,490.68839166666686,511.3367086614861,483.9696333333333,0.0,0.9871,27.367075328152673,0.0,0.0,1.2079226507921703e-13,1412.8648651928222,1437.4952329881596
2025-02-07,130,2025-02-07 21:40:00,458.2371726666666,480.19710441613773,441.14691666666664,0.0,0.7764,39.05018774947116,0.0,6.394884621840902e-14,0.0,1437.4952329881596,1472.6404019626837
2025-02-07,131,2025-02-07 21:50:00,425.6058333333333,425.6058333333333,371.28,0.0,0.4209,54.32583333333342,0.0,9.947598300641403e-14,0.0,1472.6404019626837,1521.5336519626837
2025-02-07,132,2025-02-07 22:00:00,529.3561833333335,529.3561833333335,353.10609999999997,0.0,0.3859,176.2500833333335,0.0,0.0,8.526512829121202e-14,1521.5336519626837,1680.1587269626839
2025-02-07,133,2025-02-07 22:10:00,403.6178583333333,403.6178583333333,385.8838166666667,0.0,0.4368,17.734041666666496,0.0,0.0,1.0302869668521453e-13,1680.1587269626839,1696.1193644626837
2025-02-07,134,2025-02-07 22:20:00,438.12333333333333,438.12333333333333,416.99333333333334,0.0,0.4198,21.13000000000006,0.0,6.394884621840902e-14,0.0,1696.1193644626837,1715.1363644626838
2025-02-07,135,2025-02-07 22:30:00,411.34555,411.34555,393.1725666666667,0.0,0.4186,18.172983333333327,0.0,7.105427357601002e-15,0.0,1715.1363644626838,1731.4920494626838
2025-02-07,136,2025-02-07 22:40:00,428.1157333333333,428.1157333333333,379.79866666666663,0.0,0.4241,48.317066666666555,0.0,0.0,1.2079226507921703e-13,1731.4920494626838,1774.9774094626837
2025-02-07,137,2025-02-07 22:50:00,449.36250000000007,449.36250000000007,396.27500000000003,0.0,0.4237,53.087499999999935,0.0,0.0,9.947598300641403e-14,1774.9774094626837,1822.7561594626836
2025-02-07,138,2025-02-07 23:00:00,410.07234166666666,410.07234166666666,400.1374666666666,0.0,0.4248,9.934875000000021,0.0,0.0,1.2434497875801753e-14,1822.7561594626836,1831.6975469626836
2025-02-07,139,2025-02-07 23:10:00,409.5840916666667,409.5840916666667,404.3171333333333,0.0,0.424,5.266958333333554,0.0,1.199040866595169e-13,0.0,1831.6975469626836,1836.4378094626838
2025-02-07,140,2025-02-07 23:20:00,405.55749999999995,405.55749999999995,412.805,0.0,0.422,0.0,7.2475000000001275,0.0,6.838973831690964e-14,1836.4378094626838,1828.385031684906
2025-02-07,141,2025-02-07 23:30:00,433.7416751666665,433.7416751666665,411.11786666666666,0.0,0.424,22.623808499999743,0.0,0.0,8.171241461241152e-14,1828.385031684906,1848.7464593349057
2025-02-07,142,2025-02-07 23:40:00,399.1391249999999,399.1391249999999,405.0134333333333,0.0,0.4271,0.0,5.874308333333397,0.0,2.3092638912203256e-14,1848.7464593349057,1842.2194500756464
2025-02-07,143,2025-02-07 23:50:00,418.7491666666666,418.7491666666666,397.4316666666667,0.0,0.4276,21.317499999999857,0.0,0.0,8.171241461241152e-14,1842.2194500756464,1861.4052000756462
