date,hour,status,objective,gap,fallback,seconds,physical_error,integer_pairs,history
2025-02-01,0,Optimal,23729.1815586539,1.6467978597854423e-05,False,0.7726953999954276,1.8189894035458565e-12,11,"[17, 27, 13, 24, 26, 19, 22]"
2025-02-01,6,Optimal,-1675.6449903480786,0.0,False,0.050662499997997656,9.094947017729282e-13,0,"[24, 30, 27, 25, 13, 23, 8]"
2025-02-01,12,Optimal,-632.5632521142951,0.0,False,0.03655540000181645,9.094947017729282e-13,0,"[20, 26, 22, 28, 12, 10, 27]"
2025-02-01,18,Optimal,-655.4243940483639,0.0,False,0.015886300010606647,9.663381206337363e-13,0,"[23, 29, 16, 17, 21, 27, 14]"
2025-02-02,0,Optimal,57253.69305494467,1.7139889634621934e-05,False,0.38128149998374283,9.094947017729282e-13,5,"[9, 11, 13, 24, 26, 19, 22]"
2025-02-02,6,Optimal,-1337.8987617937755,1.6994834133666654e-16,False,0.42980790001456626,9.208633855450898e-12,1,"[24, 30, 27, 25, 13, 23, 8]"
2025-02-02,12,Optimal,-1122.1101337070127,0.0,False,0.03627660000347532,9.094947017729282e-13,0,"[30, 18, 22, 28, 12, 10, 27]"
2025-02-02,18,Optimal,-666.4032003420886,0.0,False,0.014136599987978116,8.86402062860725e-13,0,"[20, 26, 16, 17, 21, 27, 14]"
2025-02-03,0,Optimal,58702.89333843428,1.683279756769467e-05,False,0.7495722000021487,6.252776074688882e-12,7,"[31, 20, 16, 24, 26, 19, 22]"
2025-02-03,6,Optimal,-1892.8071110356805,0.0008817286143691321,False,0.4262987000111025,4.433786671143025e-12,1,"[28, 29, 21, 25, 13, 23, 8]"
2025-02-03,12,Optimal,-1255.0899884668886,0.0,False,0.038733000023057684,9.663381206337363e-13,0,"[29, 11, 25, 28, 12, 10, 27]"
2025-02-03,18,Optimal,-648.7271308786421,0.0,False,0.01376420000451617,1.0231815394945443e-12,0,"[28, 30, 24, 17, 21, 27, 14]"
2025-02-04,0,Optimal,60953.77329104001,1.862885711231844e-05,False,0.6301726000092458,1.8189894035458565e-12,8,"[25, 12, 21, 10, 26, 19, 22]"
2025-02-04,6,Optimal,-1538.2366718808473,0.0006693411448449222,False,1.2691212999925483,1.5916157281026244e-12,6,"[28, 12, 26, 14, 13, 23, 8]"
2025-02-04,12,Optimal,-1801.3278315873326,0.0,False,0.038276400009635836,9.094947017729282e-13,0,"[33, 23, 24, 16, 12, 10, 27]"
2025-02-04,18,Optimal,-678.4046857167348,0.0,False,0.014272900007199496,9.094947017729282e-13,0,"[33, 11, 18, 15, 21, 27, 14]"
2025-02-05,0,Optimal,56826.895595673,1.160934706377388e-05,False,0.3703840000089258,1.5916157281026244e-12,1,"[32, 17, 27, 28, 23, 19, 22]"
2025-02-05,6,Optimal,210.50303950680262,0.0,False,2.201431900000898,1.3642420526593924e-12,20,"[11, 17, 31, 20, 16, 23, 8]"
2025-02-05,12,Optimal,-1301.3905002645636,0.0,False,0.040317899984074757,9.094947017729282e-13,0,"[34, 20, 26, 21, 19, 10, 27]"
2025-02-05,18,Optimal,-654.1651205161251,0.0,False,0.016470599977765232,9.094947017729282e-13,0,"[31, 23, 29, 22, 9, 27, 14]"
2025-02-06,0,Optimal,61409.87459098274,2.6501639743685367e-05,False,1.0147963000054006,2.8990143619012088e-12,11,"[32, 17, 11, 13, 30, 29, 22]"
2025-02-06,6,Optimal,-2368.4215619522006,6.261985038739611e-05,False,0.27030209999065846,1.8189894035458565e-12,2,"[32, 24, 30, 27, 10, 18, 8]"
2025-02-06,12,Optimal,-2161.672956456309,0.0,False,0.03830239997478202,9.094947017729282e-13,0,"[35, 30, 18, 22, 13, 17, 27]"
2025-02-06,18,Optimal,-746.1224574816728,0.0,False,0.016791999980341643,8.86402062860725e-13,0,"[31, 20, 26, 16, 25, 10, 14]"
2025-02-07,0,Optimal,23431.486304906677,2.2593191169851788e-05,False,0.5189179999870248,3.637978807091713e-12,7,"[33, 9, 20, 16, 24, 29, 22]"
2025-02-07,6,Optimal,-1126.0478625804467,0.0,False,0.049585500004468486,9.094947017729282e-13,0,"[35, 33, 29, 21, 25, 15, 22]"
2025-02-07,12,Optimal,-1536.0642287729659,0.0,False,0.03283939999528229,8.952838470577262e-13,0,"[35, 29, 11, 25, 28, 15, 27]"
2025-02-07,18,Optimal,-716.0190082307859,0.0,False,0.014183599996613339,9.094947017729282e-13,0,"[31, 28, 30, 24, 17, 19, 13]"
2025-02-08,0,Optimal,19240.021370165312,3.8164522711778066e-05,False,1.6097415999975055,5.9117155615240335e-12,1008,"[34, 31, 20, 16, 24, 29, 22]"
2025-02-08,6,Optimal,704.8067649653184,0.0,False,0.05166040000040084,9.094947017729282e-13,0,"[34, 28, 12, 26, 14, 13, 19]"
2025-02-08,12,Optimal,-835.5818146664246,0.0,False,0.04052180002327077,9.094947017729282e-13,0,"[37, 33, 23, 24, 16, 12, 27]"
2025-02-08,18,Optimal,-701.735203845635,0.0,False,0.015386300015961751,9.094947017729282e-13,0,"[31, 33, 11, 18, 15, 19, 13]"
2025-02-09,0,Optimal,57525.37372144175,1.8682612809078078e-05,False,0.3501643000054173,9.43600753089413e-12,7,"[34, 31, 20, 16, 24, 29, 22]"
2025-02-09,6,Optimal,-469.24786096583983,0.0,False,0.9885514000197873,2.3874235921539366e-12,11,"[34, 11, 17, 31, 20, 13, 19]"
2025-02-09,12,Optimal,-1116.2864005636566,0.0,False,0.03548559997580014,1.0231815394945443e-12,0,"[37, 36, 20, 26, 21, 19, 27]"
2025-02-09,18,Optimal,-733.8572778017439,0.0,False,0.013794700003927574,9.663381206337363e-13,0,"[31, 36, 23, 29, 22, 21, 13]"
2025-02-10,0,Optimal,54613.297947276486,1.756205783394762e-05,False,0.3400322000088636,1.0231815394945443e-12,6,"[34, 25, 12, 16, 24, 29, 22]"
2025-02-10,6,Optimal,-3222.951761251239,0.0,False,0.05495109999901615,9.094947017729282e-13,0,"[36, 38, 17, 31, 20, 13, 19]"
2025-02-10,12,Optimal,1236.3330014610972,0.00044714219902330856,False,0.19069479999598116,1.2505552149377763e-12,4,"[37, 38, 30, 26, 21, 19, 27]"
2025-02-10,18,Optimal,-749.6156154077576,0.0,False,0.01511539999046363,9.663381206337363e-13,0,"[31, 36, 20, 29, 22, 21, 13]"
2025-02-11,0,Optimal,55530.73445051531,1.55691773277547e-05,False,0.5660398999752942,1.8189894035458565e-12,8,"[34, 39, 35, 16, 24, 29, 22]"
2025-02-11,6,Optimal,-2187.6697299637563,0.00012999944628948012,False,0.2008687000197824,1.0231815394945443e-12,3,"[36, 38, 17, 26, 14, 13, 19]"
2025-02-11,12,Optimal,-1268.28229861778,0.0,False,0.037737200007541105,9.663381206337363e-13,0,"[37, 38, 29, 18, 22, 13, 27]"
2025-02-11,18,Optimal,-785.2662830479927,0.0,False,0.01744130000588484,9.663381206337363e-13,0,"[31, 36, 28, 26, 16, 25, 13]"
2025-02-12,0,Optimal,55488.55301408204,1.7562826871735886e-05,False,0.3544067999755498,9.890754881780595e-12,6,"[34, 32, 17, 21, 24, 29, 22]"
2025-02-12,6,Optimal,-2835.235897604357,0.0,False,0.05129199998918921,1.0231815394945443e-12,0,"[36, 38, 24, 31, 20, 16, 19]"
2025-02-12,12,Optimal,-778.5520795741003,0.0,False,0.03291549999266863,9.094947017729282e-13,0,"[37, 38, 33, 23, 25, 28, 27]"
2025-02-12,18,Optimal,-763.4792606673057,0.0,False,0.014494100003503263,8.073541835074138e-13,0,"[31, 36, 39, 30, 24, 17, 27]"
2025-02-13,0,Optimal,48701.50879539882,0.0005481129758773595,False,0.313598800014006,3.410605131648481e-12,4,"[34, 40, 31, 27, 28, 26, 18]"
2025-02-13,6,Optimal,-2017.9668652771875,0.0,False,0.05779689998598769,1.0231815394945443e-12,0,"[36, 38, 24, 30, 27, 16, 19]"
2025-02-13,12,Optimal,1096.3026379276089,0.0005389057944711605,False,0.3689064000209328,1.8189894035458565e-12,4,"[37, 38, 33, 20, 24, 16, 17]"
2025-02-13,18,Optimal,-748.0108708709733,0.0,False,0.014011899998877198,9.663381206337363e-13,0,"[31, 36, 33, 23, 18, 15, 19]"
2025-02-14,0,Optimal,17611.31649769773,0.00048765503199059516,False,1.8351993999967817,8.597211831329332e-11,1008,"[34, 40, 31, 43, 38, 23, 18]"
2025-02-14,6,Optimal,-203.42026068198982,0.0,False,0.04610050001065247,9.094947017729282e-13,0,"[36, 38, 24, 30, 27, 16, 22]"
2025-02-14,12,Optimal,-532.6538919294146,0.0,False,0.03330820001428947,9.663381206337363e-13,0,"[37, 38, 33, 20, 24, 21, 17]"
2025-02-14,18,Optimal,-548.9664524016572,0.0,False,0.01478339999448508,9.663381206337363e-13,0,"[31, 36, 33, 23, 18, 17, 19]"
2025-02-15,0,Optimal,18370.99468625222,0.0008741597058525991,False,2.1799937000032514,2.9416469260468148e-12,1008,"[34, 40, 31, 43, 28, 23, 18]"
2025-02-15,6,Optimal,-917.4698911354396,0.0,False,0.04558040000847541,1.0231815394945443e-12,0,"[36, 38, 24, 30, 27, 44, 22]"
2025-02-15,12,Optimal,-362.0552805516508,0.0,False,0.02977429999737069,9.094947017729282e-13,0,"[37, 38, 33, 20, 24, 21, 17]"
2025-02-15,18,Optimal,-658.6797990211893,0.0,False,0.013806299975840375,7.958078640513122e-13,0,"[31, 36, 33, 23, 18, 25, 27]"
2025-02-16,0,Optimal,53400.85650599194,0.00017638799173948547,False,0.5222683000029065,9.094947017729282e-13,11,"[34, 40, 31, 45, 28, 23, 18]"
2025-02-16,6,Optimal,-3149.9719549333527,0.0,False,0.05687780000152998,9.094947017729282e-13,0,"[36, 38, 24, 31, 20, 18, 43]"
2025-02-16,12,Optimal,-692.5148364908799,0.00033831175217268264,False,0.6728617000044324,1.2505552149377763e-12,5,"[37, 38, 33, 20, 24, 21, 27]"
2025-02-16,18,Optimal,378.0212791140109,0.0,False,0.01536560000386089,8.881784197001252e-13,0,"[31, 36, 33, 23, 18, 21, 44]"
2025-02-17,0,Optimal,52016.96615546465,0.00018824344410886637,False,2.65586520000943,4.519051799434237e-12,1008,"[34, 40, 31, 43, 38, 30, 19]"
2025-02-17,6,Optimal,-2542.938618164178,0.0,False,0.04990370001178235,9.094947017729282e-13,0,"[36, 38, 24, 31, 20, 23, 46]"
2025-02-17,12,Optimal,-1204.608551251732,0.0,False,0.03167840000241995,9.094947017729282e-13,0,"[37, 38, 33, 20, 25, 28, 46]"
2025-02-17,18,Optimal,-357.6984696934726,0.0,False,0.015288499998860061,1.0231815394945443e-12,0,"[31, 36, 33, 23, 24, 43, 44]"
2025-02-18,0,Optimal,46632.22846002786,0.00038532683060985934,False,0.5339486000011675,1.0459189070388675e-11,5,"[34, 41, 25, 20, 21, 24, 29]"
2025-02-18,6,Optimal,1453.3611920985954,0.0007665350392951649,False,0.6304746000096202,1.1368683772161603e-12,11,"[36, 38, 24, 31, 20, 44, 46]"
2025-02-18,12,Optimal,-341.5508820487767,0.0,False,0.7165357999911066,9.094947017729282e-13,5,"[37, 38, 33, 20, 25, 28, 46]"
2025-02-18,18,Optimal,278.85985552661026,0.0,False,0.01621030000387691,7.958078640513122e-13,0,"[31, 36, 33, 23, 24, 47, 44]"
2025-02-19,0,Optimal,46675.60935972624,3.429901039846613e-05,False,0.5549531999859028,4.206412995699793e-12,10,"[34, 41, 25, 43, 38, 30, 48]"
2025-02-19,6,Optimal,106.24180219275969,0.0,False,0.8414599999960046,1.0231815394945443e-12,5,"[36, 38, 24, 31, 25, 48, 46]"
2025-02-19,12,Optimal,783.1952381957609,0.0009808874139166093,False,0.9113840000063647,3.637978807091713e-12,6,"[37, 38, 33, 23, 22, 44, 46]"
2025-02-19,18,Optimal,-495.9931045810729,0.0,False,0.01624729999457486,9.094947017729282e-13,0,"[31, 36, 33, 30, 22, 43, 44]"
2025-02-20,0,Optimal,48572.49441190787,0.00010963368742535304,False,0.5480941999994684,1.0231815394945443e-12,11,"[34, 41, 25, 43, 28, 23, 49]"
2025-02-20,6,Optimal,-105.09708900866059,0.0,False,0.3685033000074327,4.042198674546348e-12,3,"[36, 38, 24, 31, 40, 23, 45]"
2025-02-20,12,Optimal,-1032.3358098767117,0.0,False,0.03398700000252575,1.0231815394945443e-12,0,"[37, 38, 33, 23, 22, 27, 46]"
2025-02-20,18,Optimal,-386.88824485347055,0.0,False,0.014089200005400926,7.958078640513122e-13,0,"[31, 36, 33, 30, 22, 46, 45]"
2025-02-21,0,Optimal,16904.592439997294,3.271322083119211e-05,False,0.24886910000350326,8.981704269217516e-13,1,"[34, 41, 25, 50, 38, 30, 48]"
2025-02-21,6,Optimal,-196.02040119745277,0.0,False,0.043682699993951246,9.094947017729282e-13,0,"[36, 38, 24, 31, 50, 48, 45]"
2025-02-21,12,Optimal,-546.8112423695402,0.0,False,0.030059499986236915,9.663381206337363e-13,0,"[37, 38, 33, 23, 43, 27, 46]"
2025-02-21,18,Optimal,-625.5765083449965,0.0,False,0.014622399990912527,8.526512829121202e-13,0,"[31, 36, 33, 30, 25, 46, 45]"
2025-02-22,0,Optimal,17578.758229867584,3.031636451832299e-05,False,0.25802460001432337,1.9895196601282805e-12,1,"[34, 41, 25, 50, 51, 24, 48]"
2025-02-22,6,Optimal,-39.86662033391289,0.0,False,0.04577299999073148,9.094947017729282e-13,0,"[36, 38, 24, 51, 25, 44, 45]"
2025-02-22,12,Optimal,-850.2801400097687,0.0,False,0.03265790001023561,9.094947017729282e-13,0,"[37, 38, 33, 26, 28, 27, 46]"
2025-02-22,18,Optimal,-597.1778411191999,0.0,False,0.014556199981598184,9.094947017729282e-13,0,"[31, 36, 33, 26, 47, 51, 45]"
2025-02-23,0,Optimal,47872.06645882637,0.0009134749094916278,False,0.3270222000137437,1.0231815394945443e-12,15,"[34, 41, 25, 50, 51, 44, 48]"
2025-02-23,6,Optimal,1371.0009751383816,0.0008995182781578987,False,0.2307618999911938,1.1368683772161603e-12,3,"[36, 38, 29, 31, 25, 44, 45]"
2025-02-23,12,Optimal,-1490.702784279317,0.0,False,0.03367559998878278,9.094947017729282e-13,0,"[37, 38, 33, 26, 44, 27, 46]"
2025-02-23,18,Optimal,-644.1076398893935,0.0,False,0.014830499974777922,9.094947017729282e-13,0,"[31, 36, 33, 26, 47, 51, 45]"
2025-02-24,0,Optimal,46134.352676561786,8.464285129680745e-05,False,1.7797498000145424,3.524291969370097e-12,1008,"[34, 41, 31, 43, 51, 44, 48]"
2025-02-24,6,Optimal,589.3358055140735,0.0,False,0.9485413000220433,1.1368683772161603e-12,5,"[36, 38, 29, 31, 27, 44, 45]"
2025-02-24,12,Optimal,-1357.505658650499,0.0,False,0.0393910999991931,1.0231815394945443e-12,0,"[37, 38, 33, 26, 50, 49, 53]"
2025-02-24,18,Optimal,-411.5098420708663,0.0,False,0.015164500015089288,1.0231815394945443e-12,0,"[31, 36, 33, 26, 43, 51, 45]"
2025-02-25,0,Optimal,47518.118286884135,0.0002537415874923595,False,0.7218664000101853,4.149569576838985e-12,12,"[34, 41, 31, 43, 54, 28, 48]"
2025-02-25,6,Optimal,-444.2465849775361,0.0,False,0.8211259999952745,1.1475265182525618e-12,4,"[36, 38, 29, 51, 27, 44, 45]"
2025-02-25,12,Optimal,-1910.5729811821811,0.0,False,0.03543799999170005,9.094947017729282e-13,0,"[37, 38, 33, 43, 54, 49, 53]"
2025-02-25,18,Optimal,-653.9846771379663,0.0,False,0.014192600006936118,8.846257060213247e-13,0,"[31, 36, 33, 29, 54, 51, 45]"
2025-02-26,0,Optimal,43394.817116001526,0.00021981658815303944,False,0.7300751000002492,1.8189894035458565e-12,9,"[34, 41, 39, 50, 54, 28, 48]"
2025-02-26,6,Optimal,1727.7374940745008,0.0,False,1.6760808000108227,2.639666263348772e-12,5,"[36, 38, 41, 30, 52, 44, 45]"
2025-02-26,12,Optimal,1340.482366830851,8.450628719537196e-07,False,2.2040995999996085,9.094947017729282e-13,6,"[37, 38, 33, 43, 54, 49, 53]"
2025-02-26,18,Optimal,-655.577888602224,0.0,False,0.015302500018151477,9.094947017729282e-13,0,"[31, 36, 33, 29, 54, 53, 45]"
2025-02-27,0,Optimal,43772.15020042132,0.0002998243273275523,False,1.0175519000040367,9.094947017729282e-13,13,"[34, 41, 39, 50, 54, 44, 49]"
2025-02-27,6,Optimal,868.5257977059562,0.0009208227561679396,False,1.7564125999924727,5.4569682106375694e-12,6,"[36, 38, 29, 51, 50, 48, 45]"
2025-02-27,12,Optimal,-972.0000092001283,0.0,False,0.0382629000232555,9.094947017729282e-13,0,"[37, 38, 33, 43, 54, 49, 53]"
2025-02-27,18,Optimal,-761.0010817733564,0.0,False,0.0150322999979835,8.348877145181177e-13,0,"[31, 36, 33, 56, 54, 53, 45]"
2025-02-28,0,Optimal,16496.123017504833,0.0,False,0.06530290000955574,9.094947017729282e-13,0,"[34, 41, 39, 50, 54, 44, 49]"
2025-02-28,6,Optimal,-1010.2810645280872,0.0,False,0.044142300001112744,9.663381206337363e-13,0,"[36, 38, 54, 31, 40, 57, 45]"
2025-02-28,12,Optimal,-707.1485890452856,0.0,False,0.02890169998863712,9.094947017729282e-13,0,"[37, 38, 33, 56, 54, 49, 53]"
2025-02-28,18,Optimal,-782.3973865312397,0.0,False,0.014216699986718595,9.094947017729282e-13,0,"[31, 36, 33, 52, 54, 53, 45]"
2025-03-01,0,Optimal,18439.834412101507,7.215250217659008e-06,False,2.919838300003903,7.740267112075959e-11,1008,"[34, 41, 39, 50, 54, 44, 49]"
2025-03-01,6,Optimal,-1142.1788847430503,0.0,False,0.04577460000291467,9.094947017729282e-13,0,"[36, 38, 54, 53, 47, 57, 45]"
2025-03-01,12,Optimal,-926.4450606977837,0.0,False,0.031862500007264316,9.094947017729282e-13,0,"[37, 38, 33, 44, 52, 49, 53]"
2025-03-01,18,Optimal,-766.0731784481628,0.0,False,0.014163199986796826,9.094947017729282e-13,0,"[31, 36, 33, 47, 55, 53, 45]"
2025-03-02,0,Optimal,50061.79799414702,0.00014538433809849406,False,2.538503399991896,3.069544618483633e-12,1008,"[59, 42, 32, 50, 54, 44, 49]"
2025-03-02,6,Optimal,2058.2300296081025,0.0007603329105445696,False,0.9679868000093848,1.1368683772161603e-12,12,"[36, 38, 54, 52, 58, 57, 45]"
2025-03-02,12,Optimal,-2010.0407656278685,0.0,False,0.04297489998862147,9.094947017729282e-13,0,"[35, 40, 42, 44, 52, 49, 53]"
2025-03-02,18,Optimal,-576.4266703069709,0.0,False,0.01501750000170432,8.597567102697212e-13,0,"[38, 42, 39, 47, 55, 53, 45]"
2025-03-03,0,Optimal,51311.54195207024,0.0003258020615023104,False,0.811661899992032,3.637978807091713e-12,13,"[59, 42, 39, 50, 54, 44, 49]"
2025-03-03,6,Optimal,-957.2294980965693,0.0,False,0.05400000000372529,9.094947017729282e-13,0,"[36, 55, 54, 52, 58, 57, 45]"
2025-03-03,12,Optimal,-1201.059919125144,0.0,False,0.03736580000258982,9.094947017729282e-13,0,"[34, 36, 59, 44, 52, 49, 53]"
2025-03-03,18,Optimal,-494.8448730942582,0.0,False,0.01575229997979477,9.094947017729282e-13,0,"[37, 41, 59, 47, 55, 53, 45]"
2025-03-04,0,Optimal,45627.79889598978,0.00022969288901059483,False,2.310212299984414,2.7284841053187847e-12,1008,"[59, 41, 61, 50, 54, 44, 49]"
2025-03-04,6,Optimal,1825.8690547843964,0.0002371795326484751,False,0.2531580000068061,1.1368683772161603e-12,7,"[36, 55, 42, 50, 59, 57, 45]"
2025-03-04,12,Optimal,-1374.822273941967,0.0,False,0.033892299979925156,9.094947017729282e-13,0,"[34, 36, 60, 44, 52, 49, 53]"
2025-03-04,18,Optimal,-90.07569217584714,0.0,False,0.014129800023511052,9.094947017729282e-13,0,"[37, 41, 60, 47, 55, 53, 45]"
2025-03-05,0,Optimal,47411.1766696552,6.161138939100458e-05,False,1.883728200016776,2.0463630789890885e-12,1008,"[59, 40, 46, 43, 51, 57, 49]"
2025-03-05,6,Optimal,-1285.3693376597207,0.0,False,0.055832200014265254,9.094947017729282e-13,0,"[36, 60, 51, 62, 59, 57, 45]"
2025-03-05,12,Optimal,-1935.151767859243,0.0,False,0.034344299987424165,9.094947017729282e-13,0,"[39, 41, 61, 44, 52, 49, 53]"
2025-03-05,18,Optimal,-113.46315863397231,0.0,False,0.014927700016414747,9.094947017729282e-13,0,"[35, 40, 62, 47, 55, 53, 45]"
2025-03-06,0,Optimal,44088.90215776149,1.7465628842220466e-05,False,2.079784200002905,2.9558577807620168e-12,1008,"[59, 40, 61, 43, 51, 57, 49]"
2025-03-06,6,Optimal,62.1249527515943,0.0,False,0.38865969999460503,1.1368683772161603e-12,2,"[36, 41, 51, 62, 59, 57, 45]"
2025-03-06,12,Optimal,-978.0602598191347,0.0,False,0.03849379997700453,9.094947017729282e-13,0,"[38, 42, 62, 44, 52, 49, 53]"
2025-03-06,18,Optimal,-372.29165026903075,0.0,False,0.015154299995629117,8.526512829121202e-13,0,"[36, 39, 61, 47, 55, 53, 45]"
2025-03-07,0,Optimal,17093.697715737522,5.088376614831516e-05,False,0.28288449998945,9.094947017729282e-13,3,"[47, 55, 46, 45, 52, 57, 49]"
2025-03-07,6,Optimal,-1193.400018789363,0.0,False,0.048261200019624084,9.094947017729282e-13,0,"[38, 54, 53, 40, 61, 57, 45]"
2025-03-07,12,Optimal,-807.6608948270293,0.0,False,0.03028969999286346,9.094947017729282e-13,0,"[38, 59, 64, 44, 52, 49, 53]"
2025-03-07,18,Optimal,-448.7635977067233,0.0,False,0.014741499995579943,7.958078640513122e-13,0,"[42, 59, 63, 47, 55, 53, 45]"
2025-03-08,0,Optimal,15049.674771287075,0.0,False,0.06439809998846613,9.094947017729282e-13,0,"[42, 65, 46, 45, 52, 57, 49]"
2025-03-08,6,Optimal,-221.6594144300517,0.0,False,0.04315280000446364,8.968381592922015e-13,0,"[55, 42, 52, 47, 61, 57, 45]"
2025-03-08,12,Optimal,-730.4371422923489,0.0,False,0.0340886999911163,9.094947017729282e-13,0,"[40, 60, 65, 44, 52, 49, 53]"
2025-03-08,18,Optimal,-641.3178949845596,0.0,False,0.01567999998223968,9.094947017729282e-13,0,"[41, 60, 63, 47, 55, 53, 45]"
2025-03-09,0,Optimal,44262.729144729645,0.0002391273784625413,False,0.5416625999787357,1.8189894035458565e-12,9,"[42, 65, 46, 45, 52, 62, 49]"
2025-03-09,6,Optimal,-2683.2725985917973,0.0,False,0.05729169998085126,9.094947017729282e-13,0,"[60, 63, 50, 65, 44, 56, 45]"
2025-03-09,12,Optimal,1809.747164721505,0.0009766086793898548,False,0.7620173000032082,5.4569682106375694e-12,5,"[41, 61, 43, 57, 51, 48, 45]"
2025-03-09,18,Optimal,-691.3196569931483,0.0,False,0.01472410000860691,9.094947017729282e-13,0,"[40, 62, 64, 43, 58, 51, 49]"
2025-03-10,0,Optimal,42455.63385505773,3.5731566439843924e-05,False,0.2933285000035539,1.8189894035458565e-12,6,"[42, 65, 46, 45, 52, 62, 49]"
2025-03-10,6,Optimal,749.484677760964,0.00017174792275136198,False,0.626292500004638,3.232969447708456e-12,6,"[41, 51, 62, 58, 64, 43, 49]"
2025-03-10,12,Optimal,493.8472102201503,0.0005276204750965709,False,0.6840285000216682,3.637978807091713e-12,7,"[42, 62, 56, 50, 55, 47, 67]"
2025-03-10,18,Optimal,-595.544379030578,0.0,False,0.01447829999960959,9.094947017729282e-13,0,"[40, 65, 56, 57, 50, 48, 67]"
2025-03-11,0,Optimal,38224.4476758446,0.0008356299790125713,False,1.7391691000084393,3.979039320256561e-12,1008,"[42, 63, 60, 53, 64, 58, 56]"
2025-03-11,6,Optimal,7277.848021423601,0.0,False,0.05651550000766292,9.094947017729282e-13,0,"[41, 51, 62, 59, 48, 46, 68]"
2025-03-11,12,Optimal,-1194.061923318239,0.0,False,0.0375423000077717,9.094947017729282e-13,0,"[59, 64, 63, 54, 58, 46, 66]"
2025-03-11,18,Optimal,-589.0221719039408,0.0,False,0.014849800005322322,9.094947017729282e-13,0,"[59, 61, 52, 54, 46, 44, 67]"
2025-03-12,0,Optimal,44744.20617605858,0.00010196607540571866,False,0.3091277999919839,6.366462912410498e-12,1,"[42, 61, 50, 54, 44, 66, 68]"
2025-03-12,6,Optimal,-3307.7034308746915,0.0,False,0.05418569999164902,9.094947017729282e-13,0,"[54, 53, 47, 59, 48, 46, 68]"
2025-03-12,12,Optimal,1182.477459455183,0.0009731589492682463,False,0.7692156999837607,3.637978807091713e-12,5,"[60, 65, 44, 52, 49, 46, 66]"
2025-03-12,18,Optimal,-640.3583384091373,0.0,False,0.0158604999887757,1.0231815394945443e-12,0,"[60, 63, 47, 55, 53, 69, 67]"
2025-03-13,0,Optimal,44739.47154812641,0.0003331013389955241,False,0.5578418999793939,5.9117155615240335e-12,7,"[55, 67, 50, 54, 44, 66, 68]"
2025-03-13,6,Optimal,773.4996926897265,0.00029454535854915175,False,3.720715499977814,1.1368683772161603e-12,7,"[54, 52, 69, 61, 57, 66, 70]"
2025-03-13,12,Optimal,-686.9599641130171,0.0,False,0.03549499998916872,1.0231815394945443e-12,0,"[61, 43, 57, 51, 48, 53, 66]"
2025-03-13,18,Optimal,-636.0890071220344,0.0,False,0.014497799973469228,1.0231815394945443e-12,0,"[62, 64, 43, 58, 51, 70, 67]"
2025-03-14,0,Optimal,15304.091011280972,2.0635062695495864e-05,False,0.2620768000197131,9.094947017729282e-13,2,"[55, 67, 50, 51, 57, 66, 68]"
2025-03-14,6,Optimal,466.56676750369263,0.0,False,0.048596099979477,9.094947017729282e-13,0,"[54, 52, 69, 61, 57, 66, 70]"
2025-03-14,12,Optimal,-616.8671809571016,0.0,False,0.03159570001298562,9.663381206337363e-13,0,"[61, 56, 50, 55, 48, 53, 66]"
2025-03-14,18,Optimal,-518.8139730839265,0.0,False,0.014862900017760694,9.094947017729282e-13,0,"[62, 64, 57, 50, 48, 45, 67]"
2025-03-15,0,Optimal,15101.739989228055,0.0,False,0.06411149998893961,9.094947017729282e-13,0,"[55, 67, 50, 51, 62, 48, 68]"
2025-03-15,6,Optimal,735.672422989965,0.0,False,0.04633840001770295,9.094947017729282e-13,0,"[54, 52, 69, 61, 71, 72, 70]"
2025-03-15,12,Optimal,-616.7577261225238,0.0,False,0.03253060000133701,9.094947017729282e-13,0,"[61, 56, 54, 55, 48, 53, 66]"
2025-03-15,18,Optimal,-730.2589591599801,0.0,False,0.013968899991596118,9.094947017729282e-13,0,"[62, 64, 57, 50, 48, 72, 67]"
2025-03-16,0,Optimal,43328.27697769414,2.5352604446497246e-05,False,0.3560961000039242,2.0463630789890885e-12,6,"[55, 67, 50, 52, 62, 48, 68]"
2025-03-16,6,Optimal,1989.6517780754655,7.47517060948713e-05,False,0.19808560001547448,1.1368683772161603e-12,2,"[60, 53, 47, 59, 57, 66, 70]"
2025-03-16,12,Optimal,-1587.168228987969,0.0,False,0.03335350000998005,9.094947017729282e-13,0,"[61, 56, 50, 72, 49, 46, 66]"
2025-03-16,18,Optimal,-681.2993274994893,0.0,False,0.01378479998675175,9.094947017729282e-13,0,"[62, 64, 57, 50, 48, 72, 67]"
2025-03-17,0,Optimal,39377.7157674112,3.297997264421319e-05,False,0.3208265000139363,1.1027623258996755e-11,7,"[55, 67, 53, 74, 62, 48, 68]"
2025-03-17,6,Optimal,-1516.6709318538876,0.0,False,0.05042490002233535,9.094947017729282e-13,0,"[60, 51, 62, 58, 48, 66, 70]"
2025-03-17,12,Optimal,1075.7605958832723,0.0007450150605451224,False,5.513739499991061,2.4101609596982598e-11,504,"[61, 56, 50, 51, 58, 69, 66]"
2025-03-17,18,Optimal,-521.8243503915763,0.0,False,0.014242299977922812,1.0231815394945443e-12,0,"[62, 64, 57, 50, 74, 72, 67]"
2025-03-18,0,Optimal,45436.31672090933,2.735322577146453e-05,False,0.34412749999319203,1.0231815394945443e-12,8,"[65, 70, 53, 74, 62, 48, 68]"
2025-03-18,6,Optimal,-890.8868717682175,0.0,False,0.23556900001130998,1.1368683772161603e-12,2,"[60, 51, 62, 59, 57, 72, 70]"
2025-03-18,12,Optimal,-1932.7871119130184,0.0,False,0.03864320000866428,9.094947017729282e-13,0,"[61, 56, 57, 52, 71, 69, 66]"
2025-03-18,18,Optimal,-673.1189047048563,0.0,False,0.016065999981947243,9.094947017729282e-13,0,"[62, 64, 75, 50, 74, 72, 67]"
2025-03-19,0,Optimal,38023.29466948147,0.0,False,0.0766384000016842,9.094947017729282e-13,0,"[55, 67, 75, 52, 57, 66, 68]"
2025-03-19,6,Optimal,4839.715714042483,0.000961744614361858,False,3.4774477999890223,4.547473508864641e-12,7,"[60, 63, 50, 58, 57, 72, 70]"
2025-03-19,12,Optimal,-1487.213163483177,0.0,False,0.03825379998306744,1.4837020501090592e-12,0,"[61, 56, 76, 54, 55, 69, 66]"
2025-03-19,18,Optimal,-696.9370130078665,0.0,False,0.015289700007997453,8.597567102697212e-13,0,"[62, 64, 75, 58, 74, 72, 67]"
2025-03-20,0,Optimal,43612.41409094615,3.1809775687051e-05,False,0.29708089999621734,9.663381206337363e-13,1,"[55, 67, 75, 52, 57, 66, 77]"
2025-03-20,6,Optimal,-2720.5911166276624,0.0,False,0.05126840001321398,9.094947017729282e-13,0,"[60, 63, 52, 65, 64, 66, 70]"
2025-03-20,12,Optimal,927.8398307263647,0.0009390722137564496,False,1.3131648999988101,3.637978807091713e-12,5,"[61, 65, 75, 74, 72, 69, 66]"
2025-03-20,18,Optimal,-324.7092569762269,0.0,False,0.017124999983934686,9.094947017729282e-13,0,"[62, 64, 57, 55, 51, 70, 67]"
2025-03-21,0,Optimal,14567.233853715788,2.294764619709504e-05,False,0.3256709999986924,1.8189894035458565e-12,2,"[55, 67, 78, 52, 57, 66, 77]"
2025-03-21,6,Optimal,-675.0749167349279,0.0,False,0.04708089999621734,9.094947017729282e-13,0,"[60, 63, 52, 58, 57, 72, 67]"
2025-03-21,12,Optimal,-312.4484716646506,0.0,False,0.029915999999502674,9.094947017729282e-13,0,"[61, 65, 75, 54, 78, 69, 66]"
2025-03-21,18,Optimal,-644.9407043766003,0.0,False,0.013829900010023266,9.094947017729282e-13,0,"[62, 64, 52, 54, 51, 70, 67]"
2025-03-22,0,Optimal,16067.06374637502,1.947826841883725e-05,False,0.26867849999689497,3.0127011996228248e-12,1,"[55, 67, 75, 52, 57, 66, 77]"
2025-03-22,6,Optimal,-590.5128957545443,0.0,False,0.04400990001158789,8.952838470577262e-13,0,"[60, 63, 62, 59, 71, 72, 67]"
2025-03-22,12,Optimal,-695.8381316757116,0.0,False,0.03552770000533201,9.094947017729282e-13,0,"[61, 65, 75, 54, 55, 53, 66]"
2025-03-22,18,Optimal,-687.7819216541075,0.0,False,0.0181377999833785,8.526512829121202e-13,0,"[62, 64, 52, 54, 74, 72, 67]"
2025-03-23,0,Optimal,44119.0432354919,8.996142436435982e-05,False,0.5040238999936264,4.192202140984591e-12,3,"[55, 67, 80, 54, 57, 66, 77]"
2025-03-23,6,Optimal,-1797.9061248190385,0.0,False,0.0597688999841921,1.0231815394945443e-12,0,"[60, 63, 69, 61, 56, 72, 67]"
2025-03-23,12,Optimal,-1650.5953483697278,0.0,False,0.03426509999553673,9.094947017729282e-13,0,"[61, 65, 73, 74, 55, 53, 66]"
2025-03-23,18,Optimal,-675.9317809251529,0.0,False,0.014354200015077367,9.094947017729282e-13,0,"[62, 64, 78, 54, 74, 72, 67]"
2025-03-24,0,Optimal,41547.57371193221,0.00013528270982915972,False,0.3121274999866728,1.0231815394945443e-12,2,"[55, 61, 60, 54, 57, 66, 77]"
2025-03-24,6,Optimal,-560.1936583083117,0.0008330369731909479,False,2.1799651000183076,2.2737367544323206e-12,5,"[60, 54, 69, 61, 56, 72, 67]"
2025-03-24,12,Optimal,-924.9511844414967,0.0,False,0.03505939999013208,1.0231815394945443e-12,0,"[61, 65, 63, 57, 78, 69, 66]"
2025-03-24,18,Optimal,-690.9281538076461,0.0,False,0.014201000012690201,9.094947017729282e-13,0,"[62, 64, 78, 54, 74, 72, 67]"
2025-03-25,0,Optimal,46124.557740954406,0.00029459094601579094,False,0.5293770999996923,1.0231815394945443e-12,7,"[55, 61, 60, 78, 57, 66, 77]"
2025-03-25,6,Optimal,-3856.771398508768,0.0,False,0.04750649997731671,9.663381206337363e-13,0,"[60, 63, 82, 61, 56, 72, 67]"
2025-03-25,12,Optimal,-148.82548873784333,0.0,False,0.035304299992276356,9.094947017729282e-13,0,"[61, 65, 63, 76, 78, 69, 66]"
2025-03-25,18,Optimal,-571.8310225821069,0.0,False,0.014939899992896244,1.0231815394945443e-12,0,"[62, 64, 78, 55, 74, 72, 67]"
2025-03-26,0,Optimal,39591.59439585716,3.984586244914603e-05,False,0.28747899999143556,5.4569682106375694e-12,2,"[83, 61, 60, 78, 57, 66, 77]"
2025-03-26,6,Optimal,-832.0544637059284,0.0,False,0.05220770000596531,9.094947017729282e-13,0,"[81, 77, 65, 64, 80, 68, 67]"
2025-03-26,12,Optimal,-1894.0531431799157,0.0,False,0.03372989999479614,9.094947017729282e-13,0,"[61, 65, 63, 76, 78, 70, 68]"
2025-03-26,18,Optimal,-578.5701996171265,0.0,False,0.015668699983507395,8.597567102697212e-13,0,"[62, 64, 78, 58, 73, 79, 67]"
2025-03-27,0,Optimal,42293.85080973792,9.988901079161794e-05,False,0.30514929999480955,1.7053025658242404e-12,3,"[83, 61, 60, 84, 73, 58, 77]"
2025-03-27,6,Optimal,-248.73911666949527,0.0,False,0.7935226999979932,3.637978807091713e-12,5,"[81, 77, 82, 61, 80, 68, 67]"
2025-03-27,12,Optimal,-1658.3378998652363,0.0,False,0.038035200006561354,9.094947017729282e-13,0,"[61, 65, 73, 57, 71, 70, 68]"
2025-03-27,18,Optimal,-582.2936225031104,0.0,False,0.016248100000666454,9.094947017729282e-13,0,"[62, 64, 57, 82, 69, 79, 67]"
2025-03-28,0,Optimal,14884.470430466647,0.0,False,0.06377649999922141,1.1937117960769683e-12,0,"[83, 61, 60, 75, 64, 58, 77]"
2025-03-28,6,Optimal,-538.1729100981188,0.0,False,0.04581720000714995,9.094947017729282e-13,0,"[81, 77, 82, 59, 80, 68, 67]"
2025-03-28,12,Optimal,-617.0344311772291,0.0,False,0.03199239997775294,9.094947017729282e-13,0,"[61, 65, 73, 74, 84, 70, 68]"
2025-03-28,18,Optimal,-681.9709206434904,0.0,False,0.014328399993246421,9.094947017729282e-13,0,"[62, 64, 75, 81, 69, 79, 67]"
2025-03-29,0,Optimal,13756.232509868747,0.0,False,0.06459259998518974,9.094947017729282e-13,0,"[83, 61, 79, 82, 74, 71, 77]"
2025-03-29,6,Optimal,79.19000875683435,0.0,False,0.04609320001327433,9.094947017729282e-13,0,"[81, 77, 82, 61, 80, 68, 67]"
2025-03-29,12,Optimal,-591.2403480708801,0.0,False,0.02987779999966733,9.094947017729282e-13,0,"[61, 65, 63, 76, 71, 70, 68]"
2025-03-29,18,Optimal,-433.60587722375857,0.0,False,0.014055100007681176,9.094947017729282e-13,0,"[62, 64, 78, 81, 69, 79, 67]"
2025-03-30,0,Optimal,41143.36469747025,0.0004273137297926676,False,0.5347199999960139,2.7071678232459817e-12,5,"[81, 67, 60, 75, 74, 71, 77]"
2025-03-30,6,Optimal,-2087.4295999170413,0.0,False,0.0573924999916926,1.0231815394945443e-12,0,"[81, 77, 82, 64, 80, 68, 67]"
2025-03-30,12,Optimal,-1537.2681666396834,0.0,False,0.03575959999579936,1.0231815394945443e-12,0,"[77, 86, 73, 74, 71, 70, 68]"
2025-03-30,18,Optimal,-255.17647172587635,0.0,False,0.014612300001317635,9.094947017729282e-13,0,"[65, 77, 75, 74, 69, 79, 67]"
2025-03-31,0,Optimal,35828.59102324379,0.0,False,0.08118920002016239,1.0231815394945443e-12,0,"[81, 61, 79, 75, 74, 71, 77]"
2025-03-31,6,Optimal,6593.821949414134,0.0005697942978319845,False,0.4253752000222448,1.8189894035458565e-12,5,"[76, 84, 85, 86, 80, 68, 67]"
2025-03-31,12,Optimal,-2345.009432211568,0.0,False,0.038957900018431246,9.094947017729282e-13,0,"[62, 81, 82, 72, 84, 79, 68]"
2025-03-31,18,Optimal,-395.10615116852637,0.0,False,0.015429199993377551,9.094947017729282e-13,0,"[61, 86, 76, 88, 69, 79, 67]"
2025-04-01,0,Optimal,43704.61073892818,0.000784922665684611,False,0.8714497000037227,1.5631940186722204e-12,14,"[81, 67, 80, 84, 64, 66, 89]"
2025-04-01,6,Optimal,884.0223816214622,0.00022079072633822191,False,3.214773099985905,2.1600499167107046e-12,5,"[81, 77, 82, 86, 80, 68, 67]"
2025-04-01,12,Optimal,-1613.569034091499,0.0,False,0.03620850000879727,9.094947017729282e-13,0,"[64, 80, 75, 78, 84, 79, 68]"
2025-04-01,18,Optimal,-525.895112707329,0.0,False,0.016261399985523894,8.526512829121202e-13,0,"[63, 80, 76, 88, 69, 79, 67]"
2025-04-02,0,Optimal,41729.08456908283,7.927387245657714e-05,False,0.3276157999935094,9.094947017729282e-13,2,"[81, 90, 79, 75, 74, 66, 89]"
2025-04-02,6,Optimal,942.2002014589177,0.0006945617665932433,False,0.9338846000027843,1.1368683772161603e-12,4,"[90, 63, 82, 86, 80, 68, 67]"
2025-04-02,12,Optimal,-1433.5088989935527,0.0,False,0.03724599999259226,9.094947017729282e-13,0,"[65, 63, 90, 78, 84, 79, 68]"
2025-04-02,18,Optimal,-625.2078411097299,0.0,False,0.014689700008602813,9.663381206337363e-13,0,"[64, 78, 90, 88, 69, 79, 67]"
2025-04-03,0,Optimal,42994.04493521286,0.0008871215526020196,False,0.524343900004169,1.8189894035458565e-12,7,"[81, 67, 80, 84, 74, 66, 89]"
2025-04-03,6,Optimal,-2178.515766607311,0.0,False,0.053809700009878725,1.0231815394945443e-12,0,"[90, 91, 82, 86, 80, 68, 67]"
2025-04-03,12,Optimal,-1134.5406778025538,0.0,False,0.03308829999878071,9.094947017729282e-13,0,"[65, 73, 76, 78, 84, 79, 68]"
2025-04-03,18,Optimal,-713.0145316424066,0.0,False,0.016315099986968562,1.0231815394945443e-12,0,"[77, 89, 82, 91, 69, 79, 67]"
2025-04-04,0,Optimal,13821.503903421493,0.0,False,0.06151930001215078,9.094947017729282e-13,0,"[83, 90, 79, 75, 87, 66, 89]"
2025-04-04,6,Optimal,-762.9200101453437,0.0,False,0.044656099984422326,8.881784197001252e-13,0,"[90, 91, 69, 86, 80, 68, 67]"
2025-04-04,12,Optimal,-344.71210196486834,0.0,False,0.03187060001073405,9.094947017729282e-13,0,"[86, 82, 76, 78, 84, 79, 68]"
2025-04-04,18,Optimal,-637.9174204467513,0.0,False,0.014326400007121265,9.094947017729282e-13,0,"[86, 75, 81, 91, 69, 79, 67]"
2025-04-05,0,Optimal,13637.988004110632,2.2445530370233943e-05,False,0.4123886000015773,9.094947017729282e-13,2,"[83, 67, 80, 84, 87, 66, 89]"
2025-04-05,6,Optimal,-161.30738470945897,0.0,False,0.04339020000770688,9.094947017729282e-13,0,"[90, 91, 69, 71, 93, 68, 67]"
2025-04-05,12,Optimal,-627.052374848273,0.0,False,0.02984969998942688,9.094947017729282e-13,0,"[86, 82, 76, 78, 84, 79, 68]"
2025-04-05,18,Optimal,-25.958859811401737,0.0,False,0.016543000005185604,9.663381206337363e-13,0,"[80, 76, 81, 91, 69, 79, 67]"
2025-04-06,0,Optimal,39617.34695760927,0.00010872651126013445,False,0.3006136000039987,1.1084466677857563e-12,4,"[83, 67, 80, 84, 87, 72, 89]"
2025-04-06,6,Optimal,-1707.7980702895425,0.0,False,0.04755099999601953,9.094947017729282e-13,0,"[90, 91, 69, 71, 93, 94, 67]"
2025-04-06,12,Optimal,-718.714820299628,0.0,False,0.03313709999201819,9.094947017729282e-13,0,"[86, 82, 76, 78, 84, 79, 83]"
2025-04-06,18,Optimal,-817.8593155123389,0.0,False,0.016100300010293722,9.094947017729282e-13,0,"[80, 76, 81, 91, 69, 72, 68]"
2025-04-07,0,Optimal,34976.087942332146,2.428822285600274e-07,False,0.33628270000917837,1.0231815394945443e-12,2,"[83, 95, 80, 84, 87, 72, 89]"
2025-04-07,6,Optimal,2232.2079872104828,0.00010935953989978737,False,0.6335470000049099,1.1972645097557688e-12,5,"[90, 91, 69, 95, 80, 68, 83]"
2025-04-07,12,Optimal,-1485.599458154244,0.0,False,0.03482400000211783,9.094947017729282e-13,0,"[93, 73, 90, 72, 71, 70, 83]"
2025-04-07,18,Optimal,-806.0912572381461,0.0,False,0.014955999999074265,1.0231815394945443e-12,0,"[80, 75, 93, 88, 73, 94, 83]"
2025-04-08,0,Optimal,41045.84184895051,2.0706062852402467e-07,False,0.32456660000025295,2.0463630789890885e-12,2,"[83, 95, 80, 84, 87, 96, 89]"
2025-04-08,6,Optimal,-2165.5568842431253,0.0,False,0.04835950001142919,1.0231815394945443e-12,0,"[90, 91, 92, 86, 88, 72, 83]"
2025-04-08,12,Optimal,-1692.3958152390383,0.0,False,0.033944499999051914,9.094947017729282e-13,0,"[93, 73, 90, 91, 89, 69, 83]"
2025-04-08,18,Optimal,-624.9656207554245,0.0,False,0.015662699996028095,9.094947017729282e-13,0,"[80, 96, 82, 74, 87, 84, 71]"
2025-04-09,0,Optimal,39477.93889423503,1.777154350620828e-05,False,0.30779469999833964,6.480149750132114e-12,2,"[83, 90, 79, 75, 91, 71, 77]"
2025-04-09,6,Optimal,591.8165195736688,0.0005505755150997326,False,0.2308033000153955,1.8189894035458565e-12,2,"[90, 91, 92, 86, 88, 72, 83]"
2025-04-09,12,Optimal,-1359.968929168203,0.0,False,0.0382767999835778,1.0231815394945443e-12,0,"[93, 73, 90, 91, 87, 85, 83]"
2025-04-09,18,Optimal,-608.3260367901768,0.0,False,0.01629890000913292,9.094947017729282e-13,0,"[80, 96, 82, 97, 85, 84, 71]"
2025-04-10,0,Optimal,38993.99805587147,0.00010452599657428568,False,0.29366809999919496,4.547473508864641e-12,2,"[83, 90, 80, 84, 87, 98, 77]"
2025-04-10,6,Optimal,117.31990548149237,0.0,False,0.3770264000049792,1.1368683772161603e-12,2,"[90, 91, 98, 85, 87, 79, 83]"
2025-04-10,12,Optimal,-2219.21361919472,0.0,False,0.03576860000612214,1.0231815394945443e-12,0,"[93, 80, 75, 74, 97, 84, 83]"
2025-04-10,18,Optimal,-235.88732244326576,0.0,False,0.014989300019806251,8.846257060213247e-13,0,"[80, 96, 82, 98, 91, 84, 71]"
2025-04-11,0,Optimal,12168.668231614212,0.0,False,0.0668500000028871,9.094947017729282e-13,0,"[83, 90, 80, 99, 91, 98, 77]"
2025-04-11,6,Optimal,680.7498246816396,0.0,False,0.04001649998826906,9.094947017729282e-13,0,"[89, 74, 96, 82, 87, 79, 83]"
2025-04-11,12,Optimal,-933.0285278092065,0.0,False,0.031136499979766086,9.094947017729282e-13,0,"[93, 80, 75, 74, 97, 84, 83]"
2025-04-11,18,Optimal,-297.03947359010556,0.0,False,0.014764599996851757,7.958078640513122e-13,0,"[80, 96, 99, 92, 88, 73, 79]"
2025-04-12,0,Optimal,13467.06545326057,0.0,False,0.06321199997910298,1.2931877790833823e-12,0,"[83, 90, 80, 99, 91, 98, 89]"
2025-04-12,6,Optimal,-786.0742756899971,0.0,False,0.04531980000319891,9.094947017729282e-13,0,"[89, 74, 96, 82, 87, 93, 83]"
2025-04-12,12,Optimal,-756.740403540498,0.0,False,0.030582700012018904,9.663381206337363e-13,0,"[93, 80, 75, 74, 87, 85, 83]"
2025-04-12,18,Optimal,-415.08317879861494,0.0,False,0.014380100008565933,9.094947017729282e-13,0,"[80, 96, 99, 92, 74, 87, 79]"
2025-04-13,0,Optimal,36748.3082199322,0.0,False,0.07522880000760779,9.094947017729282e-13,0,"[92, 97, 79, 75, 93, 98, 89]"
2025-04-13,6,Optimal,-1274.1948838798087,0.0,False,0.051173899992136285,9.094947017729282e-13,0,"[90, 91, 98, 85, 87, 93, 83]"
2025-04-13,12,Optimal,-1028.9096857723027,0.0,False,0.033508499996969476,8.917311333789257e-13,0,"[93, 80, 90, 74, 87, 85, 83]"
2025-04-13,18,Optimal,-463.9730417952628,0.0,False,0.014287900005001575,9.094947017729282e-13,0,"[80, 96, 90, 81, 97, 85, 79]"
2025-04-14,0,Optimal,39103.073709261735,0.0006981774964116992,False,0.9827566999883857,2.6147972675971687e-12,5,"[92, 97, 79, 75, 93, 98, 89]"
2025-04-14,6,Optimal,-3598.1323162684216,0.0,False,0.05110989999957383,9.663381206337363e-13,0,"[90, 77, 92, 101, 102, 93, 83]"
2025-04-14,12,Optimal,-1147.4226275912504,0.0,False,0.03441169997677207,9.094947017729282e-13,0,"[93, 80, 90, 102, 87, 85, 83]"
2025-04-14,18,Optimal,320.8091460736192,0.0,False,0.01422789998468943,1.0231815394945443e-12,0,"[80, 96, 76, 93, 100, 85, 79]"
2025-04-15,0,Optimal,33116.72734143171,0.0006811299109159071,False,1.8814663000230212,2.5011104298755527e-12,1008,"[92, 97, 86, 82, 93, 98, 89]"
2025-04-15,6,Optimal,4537.817829682648,0.0007595764951431372,False,0.6023338999948464,9.094947017729282e-13,5,"[90, 77, 92, 101, 102, 93, 83]"
2025-04-15,12,Optimal,-1547.713493555575,0.0,False,0.03552549998858012,9.094947017729282e-13,0,"[93, 80, 96, 91, 99, 100, 94]"
2025-04-15,18,Optimal,-254.3111488938403,0.0,False,0.01580999998259358,9.094947017729282e-13,0,"[80, 96, 90, 81, 97, 87, 103]"
2025-04-16,0,Optimal,37399.11835859376,0.0007586097378424379,False,0.3035387999843806,3.183231456205249e-12,3,"[83, 90, 79, 99, 91, 104, 89]"
2025-04-16,6,Optimal,1567.8514599906637,0.000296098541397952,False,2.5596371999999974,3.1946001399774104e-11,7,"[90, 77, 92, 101, 102, 93, 83]"
2025-04-16,12,Optimal,-1435.3504376947153,0.0,False,0.040091400005621836,9.094947017729282e-13,0,"[93, 80, 96, 91, 99, 100, 94]"
2025-04-16,18,Optimal,-800.1164892800224,0.0,False,0.015532700024778023,9.094947017729282e-13,0,"[80, 89, 90, 81, 97, 87, 103]"
2025-04-17,0,Optimal,34131.05002928856,0.00034910338391823235,False,3.7471147000032943,3.9136693885666315e-12,1008,"[83, 90, 79, 99, 91, 98, 89]"
2025-04-17,6,Optimal,3772.2040497471085,0.0004203571973849124,False,0.9526300999859814,9.094947017729282e-13,5,"[90, 105, 92, 101, 102, 93, 83]"
2025-04-17,12,Optimal,-1201.2619999933556,0.0,False,0.0351319000183139,9.094947017729282e-13,0,"[86, 82, 101, 105, 99, 100, 94]"
2025-04-17,18,Optimal,-625.8728763710765,0.0,False,0.014659300009952858,9.094947017729282e-13,0,"[95, 96, 99, 92, 88, 105, 103]"
2025-04-18,0,Optimal,12513.830781337996,0.0,False,0.06261980000999756,9.094947017729282e-13,0,"[83, 90, 79, 99, 87, 104, 89]"
2025-04-18,6,Optimal,-729.823709890462,0.0,False,0.03933629998937249,9.663381206337363e-13,0,"[90, 105, 98, 85, 87, 80, 103]"
2025-04-18,12,Optimal,-416.3497067099854,0.0,False,0.029504000005545095,9.663381206337363e-13,0,"[86, 82, 101, 105, 89, 100, 94]"
2025-04-18,18,Optimal,-715.7973269111951,0.0,False,0.01324249999015592,9.094947017729282e-13,0,"[95, 102, 82, 92, 88, 105, 103]"
2025-04-19,0,Optimal,11661.295709829537,3.4485938903793153e-06,False,0.28154900000663474,9.094947017729282e-13,1,"[83, 90, 80, 84, 102, 107, 89]"
2025-04-19,6,Optimal,-535.9890111578745,0.0,False,0.04160799999954179,9.094947017729282e-13,0,"[90, 105, 98, 85, 107, 88, 103]"
2025-04-19,12,Optimal,574.4967673419959,0.0,False,0.03665910000563599,8.562039965909207e-13,0,"[86, 82, 101, 105, 89, 100, 94]"
2025-04-19,18,Optimal,-683.588550046763,0.0,False,0.014780900004552677,9.663381206337363e-13,0,"[95, 107, 99, 81, 97, 87, 103]"
2025-04-20,0,Optimal,34440.0881727235,2.4586662166913855e-07,False,0.3044897000072524,9.094947017729282e-13,2,"[83, 90, 85, 84, 102, 107, 89]"
2025-04-20,6,Optimal,240.49595233793,0.0,False,0.04758640000363812,1.0231815394945443e-12,0,"[90, 105, 98, 85, 107, 100, 103]"
2025-04-20,12,Optimal,216.89238746743098,0.0,False,0.03395680000539869,1.0231815394945443e-12,0,"[86, 82, 101, 105, 89, 100, 94]"
2025-04-20,18,Optimal,-444.4666716066347,0.0,False,0.014924599992809817,1.0231815394945443e-12,0,"[104, 102, 99, 81, 97, 87, 103]"
2025-04-21,0,Optimal,36019.95504722362,0.0007053918136697776,False,1.2868122000072617,1.8189894035458565e-12,34,"[83, 95, 82, 93, 105, 107, 89]"
2025-04-21,6,Optimal,-2886.6425651078607,0.0,False,0.04896070001996122,9.663381206337363e-13,0,"[90, 106, 92, 101, 107, 100, 103]"
2025-04-21,12,Optimal,198.25059231065563,0.00013522293699712667,False,4.813440700003412,7.423750503221527e-11,504,"[86, 92, 109, 105, 89, 100, 94]"
2025-04-21,18,Optimal,-598.8313780313686,0.0,False,0.015360700024757534,9.094947017729282e-13,0,"[104, 102, 90, 93, 97, 87, 103]"
2025-04-22,0,Optimal,32550.401298579356,7.65956568073174e-07,False,0.3039772000047378,1.0231815394945443e-12,2,"[83, 90, 85, 93, 105, 107, 89]"
2025-04-22,6,Optimal,4454.067541150157,0.0009696855466678772,False,0.19086990001960658,4.092726157978177e-12,2,"[90, 106, 92, 109, 108, 88, 103]"
2025-04-22,12,Optimal,-1185.2962336433457,0.0,False,0.036175799992633983,9.094947017729282e-13,0,"[86, 90, 102, 97, 106, 107, 94]"
2025-04-22,18,Optimal,-676.0188223249984,0.0,False,0.014579399983631447,9.094947017729282e-13,0,"[104, 102, 90, 92, 88, 105, 83]"
2025-04-23,0,Optimal,31436.50868250097,0.0006651805640594094,False,1.8857614000153262,7.275957614183426e-12,1008,"[88, 95, 108, 91, 98, 96, 111]"
2025-04-23,6,Optimal,3477.648807012624,0.0005664114412666104,False,0.2159461000119336,9.094947017729282e-13,3,"[90, 106, 98, 101, 107, 100, 110]"
2025-04-23,12,Optimal,-430.65320626220296,0.0007300706961486133,False,0.7544310999801382,3.637978807091713e-12,5,"[86, 90, 102, 97, 106, 107, 94]"
2025-04-23,18,Optimal,-622.8277387733691,0.0,False,0.018060500005958602,9.094947017729282e-13,0,"[104, 102, 90, 92, 88, 87, 103]"
2025-04-24,0,Optimal,32905.75935291123,0.0009984202976278246,False,2.2029548000136856,2.6574298317427747e-12,1008,"[88, 95, 108, 87, 104, 94, 100]"
2025-04-24,6,Optimal,-905.0077505629473,0.0,False,0.04895630001556128,9.094947017729282e-13,0,"[90, 106, 92, 109, 107, 100, 110]"
2025-04-24,12,Optimal,409.9064696971512,0.000983904503378813,False,12.286814099992625,4.433786671143025e-12,504,"[86, 90, 102, 97, 106, 107, 94]"
2025-04-24,18,Optimal,-679.9907898300347,0.0,False,0.01516130001982674,8.526512829121202e-13,0,"[104, 102, 90, 92, 88, 87, 103]"
2025-04-25,0,Optimal,12219.458724509783,0.0001287976334104056,False,2.152377999998862,2.6005864128819667e-12,1008,"[88, 95, 99, 102, 104, 94, 100]"
2025-04-25,6,Optimal,-785.6708586422815,0.0,False,0.04360489998362027,9.094947017729282e-13,0,"[90, 106, 92, 112, 108, 88, 110]"
2025-04-25,12,Optimal,-1048.5377102246307,0.0,False,0.02943970001069829,9.663381206337363e-13,0,"[93, 92, 109, 105, 89, 107, 94]"
2025-04-25,18,Optimal,-639.178848784094,0.0,False,0.0129002999747172,9.094947017729282e-13,0,"[104, 102, 90, 113, 97, 87, 103]"
2025-04-26,0,Optimal,12090.09388034223,0.00012878879110862822,False,1.8356501999951433,3.694822225952521e-12,1008,"[88, 95, 93, 105, 109, 94, 100]"
2025-04-26,6,Optimal,-701.8526745731618,0.0,False,0.042930099996738136,9.094947017729282e-13,0,"[90, 106, 92, 112, 114, 88, 110]"
2025-04-26,12,Optimal,-616.7168044577367,0.0,False,0.030288000009022653,9.094947017729282e-13,0,"[93, 114, 109, 105, 89, 107, 94]"
2025-04-26,18,Optimal,-746.1488156116401,0.0,False,0.014423700020415708,9.663381206337363e-13,0,"[89, 101, 99, 92, 97, 87, 103]"
2025-04-27,0,Optimal,32226.85755531995,0.0009417914128710441,False,1.246433500025887,9.094947017729282e-12,34,"[88, 95, 93, 113, 109, 94, 100]"
2025-04-27,6,Optimal,2281.527113536899,0.00031053018772176754,False,0.20554890000494197,9.094947017729282e-13,2,"[90, 106, 92, 112, 114, 88, 110]"
2025-04-27,12,Optimal,-829.6448827717162,0.0,False,0.03369020001264289,9.094947017729282e-13,0,"[93, 92, 101, 91, 89, 107, 94]"
2025-04-27,18,Optimal,-329.9607165996363,0.0,False,0.01493910001590848,9.094947017729282e-13,0,"[89, 101, 99, 92, 100, 111, 103]"
2025-04-28,0,Optimal,38685.87079584345,0.0009808569802595092,False,2.250418699986767,3.808509063674137e-12,1008,"[110, 103, 91, 115, 107, 94, 100]"
2025-04-28,6,Optimal,1072.3104659716155,8.80616973828061e-05,False,0.5440889000019524,1.0231815394945443e-12,7,"[90, 106, 98, 109, 108, 100, 110]"
2025-04-28,12,Optimal,-1265.4287632550179,0.0,False,0.03182540001580492,9.094947017729282e-13,0,"[93, 92, 101, 116, 99, 100, 94]"
2025-04-28,18,Optimal,-653.7643368822428,0.0,False,0.014312700019218028,1.0231815394945443e-12,0,"[89, 101, 90, 113, 114, 111, 103]"
2025-04-29,0,Optimal,32931.84017600495,0.0009700492572652521,False,2.516560699994443,3.296918293926865e-12,1008,"[110, 103, 91, 113, 109, 116, 100]"
2025-04-29,6,Optimal,287.99314647038284,0.0,False,1.321601500007091,1.8189894035458565e-12,4,"[90, 106, 98, 109, 108, 100, 110]"
2025-04-29,12,Optimal,24.445640178588462,0.0,False,0.033321900002192706,1.0231815394945443e-12,0,"[93, 92, 96, 104, 97, 100, 94]"
2025-04-29,18,Optimal,-783.1118899943674,0.0,False,0.014648100011982024,1.0231815394945443e-12,0,"[96, 116, 99, 113, 114, 111, 103]"
2025-04-30,0,Optimal,31621.556302605353,0.0008253512738357921,False,2.1718224000069313,3.637978807091713e-12,1008,"[110, 108, 117, 113, 109, 116, 100]"
2025-04-30,6,Optimal,381.8702351499038,0.0008055675384674538,False,0.23996090001310222,1.1368683772161603e-12,2,"[104, 116, 92, 109, 108, 100, 110]"
2025-04-30,12,Optimal,-692.098673012685,0.0008656136600856937,False,0.2514552999928128,1.0231815394945443e-12,2,"[93, 92, 101, 104, 97, 100, 94]"
2025-04-30,18,Optimal,-797.0234625226658,0.0,False,0.015928099979646504,9.094947017729282e-13,0,"[96, 101, 99, 113, 114, 111, 103]"
2025-05-01,0,Optimal,33340.28129440515,0.00086082467747355,False,2.5696124999958556,3.296918293926865e-12,1008,"[110, 108, 118, 115, 107, 94, 100]"
2025-05-01,6,Optimal,796.4050695086851,0.0,False,0.050507100007962435,9.094947017729282e-13,0,"[104, 96, 97, 112, 108, 100, 110]"
2025-05-01,12,Optimal,-677.1182441316313,0.0,False,0.03577819999190979,9.094947017729282e-13,0,"[93, 92, 101, 104, 99, 100, 94]"
2025-05-01,18,Optimal,-104.70154533405281,0.0,False,0.015610700007528067,8.881784197001252e-13,0,"[96, 101, 99, 117, 115, 111, 103]"
2025-05-02,0,Optimal,13207.466553951117,0.00021991133742517216,False,1.686417100019753,3.163691530971846e-12,1008,"[97, 99, 102, 98, 96, 106, 100]"
2025-05-02,6,Optimal,-513.1623647686068,0.0,False,0.04615450001438148,9.094947017729282e-13,0,"[104, 96, 101, 95, 114, 113, 110]"
2025-05-02,12,Optimal,-749.1013188792288,0.0,False,0.030682899989187717,1.0231815394945443e-12,0,"[93, 114, 109, 116, 119, 107, 103]"
2025-05-02,18,Optimal,-265.56685602847296,0.0,False,0.014366499992320314,8.526512829121202e-13,0,"[96, 101, 99, 117, 114, 112, 110]"
2025-05-03,0,Optimal,13312.204939545976,0.0001796301739315605,False,1.580192099994747,4.050093593832571e-12,1008,"[97, 99, 105, 104, 121, 106, 100]"
2025-05-03,6,Optimal,-1471.1319633083701,0.0,False,0.04598049999913201,9.094947017729282e-13,0,"[104, 96, 101, 112, 108, 100, 110]"
2025-05-03,12,Optimal,555.4523474017341,0.0,False,0.031712900003185496,9.094947017729282e-13,0,"[98, 117, 118, 105, 106, 111, 120]"
2025-05-03,18,Optimal,683.7672370880091,0.0,False,0.015280499996151775,9.094947017729282e-13,0,"[96, 101, 99, 113, 100, 105, 120]"
2025-05-04,0,Optimal,34744.14965598659,0.0009667192092176518,False,1.7383958999998868,2.6787461138155777e-12,1008,"[97, 99, 102, 98, 96, 106, 100]"
2025-05-04,6,Optimal,-1251.9996707744754,0.0,False,0.05456729998695664,1.0231815394945443e-12,0,"[104, 96, 101, 112, 108, 102, 110]"
2025-05-04,12,Optimal,-194.2813318246093,0.0,False,0.03298530000029132,1.0231815394945443e-12,0,"[98, 117, 118, 105, 106, 111, 120]"
2025-05-04,18,Optimal,1237.9758042996193,0.0,False,0.014409199997317046,9.094947017729282e-13,0,"[96, 101, 99, 113, 100, 105, 122]"
2025-05-05,0,Optimal,37576.14984544935,3.001127114301301e-07,False,0.2855963999754749,4.433786671143025e-12,3,"[97, 117, 105, 123, 96, 106, 100]"
2025-05-05,6,Optimal,-1944.308396299883,0.0,False,0.053668899985495955,9.094947017729282e-13,0,"[104, 96, 101, 112, 122, 100, 103]"
2025-05-05,12,Optimal,-1782.1816860909678,0.0,False,0.033800400007748976,9.094947017729282e-13,0,"[108, 96, 102, 97, 112, 110, 121]"
2025-05-05,18,Optimal,-429.45863900460057,0.0,False,0.01620890002232045,9.094947017729282e-13,0,"[107, 116, 119, 98, 97, 103, 121]"
2025-05-06,0,Optimal,31999.12530082361,0.0008201452015746595,False,1.6643824999919161,2.7284841053187847e-12,1008,"[97, 117, 105, 123, 121, 106, 100]"
2025-05-06,6,Optimal,2446.935624914624,0.00010160082000426028,False,0.1913205999881029,9.094947017729282e-13,1,"[104, 111, 118, 107, 114, 113, 103]"
2025-05-06,12,Optimal,353.2966755546878,0.0004700879997568403,False,0.44656969999778084,2.6147972675971687e-12,4,"[108, 101, 104, 99, 100, 122, 124]"
2025-05-06,18,Optimal,-1112.1914009425245,0.0,False,0.01537449998431839,9.023892744153272e-13,0,"[102, 109, 106, 115, 111, 110, 121]"
2025-05-07,0,Optimal,33759.51586566691,0.000993587155874792,False,1.7588598000002094,2.3518964553659316e-12,1008,"[103, 118, 113, 104, 114, 119, 112]"
2025-05-07,6,Optimal,4202.14749497394,0.00010694816504235383,False,0.5661488000187092,9.094947017729282e-13,3,"[104, 111, 109, 119, 115, 124, 103]"
2025-05-07,12,Optimal,-192.5161972668426,0.0,False,0.037260099983541295,9.094947017729282e-13,0,"[108, 101, 104, 119, 107, 103, 125]"
2025-05-07,18,Optimal,1172.2615172996173,0.0,False,0.01840289999381639,9.094947017729282e-13,0,"[102, 109, 106, 115, 112, 120, 123]"
2025-05-08,0,Optimal,37806.47135885609,0.000908399129646555,False,2.4981278000050224,2.1600499167107046e-12,1008,"[103, 118, 113, 109, 124, 120, 126]"
2025-05-08,6,Optimal,-1731.877098749003,0.0,False,0.0561392999952659,9.094947017729282e-13,0,"[104, 111, 121, 108, 102, 126, 103]"
2025-05-08,12,Optimal,-817.5960555265515,0.0,False,1.5869613999966532,1.9895196601282805e-12,4,"[115, 109, 116, 106, 111, 120, 125]"
2025-05-08,18,Optimal,503.1715470877658,0.0,False,0.015930499997921288,9.094947017729282e-13,0,"[102, 109, 106, 114, 105, 122, 123]"
2025-05-09,0,Optimal,13363.09692166343,1.4725995923051334e-05,False,0.33529069999349304,1.404032445861958e-11,1,"[103, 122, 115, 107, 124, 120, 126]"
2025-05-09,6,Optimal,-379.91605294200065,0.0,False,0.04855989999487065,9.094947017729282e-13,0,"[105, 101, 112, 122, 100, 120, 127]"
2025-05-09,12,Optimal,-1052.446240102396,0.0,False,0.03491239997674711,9.094947017729282e-13,0,"[115, 109, 116, 112, 110, 126, 125]"
2025-05-09,18,Optimal,-1070.200109782843,0.0,False,0.015607600013026968,8.526512829121202e-13,0,"[102, 109, 117, 100, 103, 122, 123]"
2025-05-10,0,Optimal,12545.533120043585,0.0008267990458559269,False,1.9591348999820184,8.487610614338337e-12,1008,"[103, 118, 113, 109, 114, 119, 126]"
2025-05-10,6,Optimal,786.3899943042408,0.0,False,0.04622329998528585,9.094947017729282e-13,0,"[105, 101, 112, 122, 113, 128, 127]"
2025-05-10,12,Optimal,-845.1636882000134,0.0,False,0.032676899980288,9.094947017729282e-13,0,"[115, 109, 116, 112, 122, 126, 125]"
2025-05-10,18,Optimal,-1199.1371086360182,0.0,False,0.014559000002918765,9.094947017729282e-13,0,"[102, 109, 117, 111, 110, 122, 123]"
2025-05-11,0,Optimal,36315.05482492451,0.00028245773871547265,False,2.096428899996681,7.958078640513122e-12,1008,"[108, 122, 115, 107, 114, 119, 126]"
2025-05-11,6,Optimal,683.3274677563228,0.0007509379162074255,False,0.24170400001457892,2.3874235921539366e-12,3,"[105, 118, 107, 122, 113, 128, 127]"
2025-05-11,12,Optimal,-1544.7527665875712,0.0,False,0.03374099999200553,9.237055564881302e-13,0,"[115, 118, 105, 107, 103, 126, 125]"
2025-05-11,18,Optimal,-331.29748787614596,0.0,False,0.015805400005774572,9.094947017729282e-13,0,"[102, 108, 113, 112, 128, 122, 123]"
2025-05-12,0,Optimal,33269.522676901375,0.0009872325571702247,False,0.9506709999986924,3.637978807091713e-12,33,"[108, 122, 123, 121, 124, 130, 126]"
2025-05-12,6,Optimal,4885.714395455583,2.4315324157152767e-05,False,0.7634568000212312,1.4779288903810084e-12,5,"[105, 118, 107, 122, 130, 128, 127]"
2025-05-12,12,Optimal,-2090.3005966746673,0.0,False,0.03912640002090484,9.094947017729282e-13,0,"[115, 118, 119, 111, 120, 127, 125]"
2025-05-12,18,Optimal,-946.9596546774713,0.0,False,0.01527980001992546,9.094947017729282e-13,0,"[118, 119, 115, 105, 129, 124, 123]"
2025-05-13,0,Optimal,37848.067732194795,0.00032098605372513783,False,2.0706166999880224,2.7284841053187847e-12,1008,"[128, 105, 104, 127, 116, 120, 126]"
2025-05-13,6,Optimal,-1760.0072313647163,0.0009449132520113544,False,0.6382939000031911,1.8189894035458565e-12,4,"[105, 131, 112, 108, 113, 120, 127]"
2025-05-13,12,Optimal,184.93796873993813,0.0009363364586448914,False,0.8261957000067923,3.637978807091713e-12,5,"[115, 118, 119, 111, 120, 127, 125]"
2025-05-13,18,Optimal,-1028.709348469326,0.0,False,0.015785700001288205,1.0231815394945443e-12,0,"[118, 119, 115, 105, 129, 124, 123]"
2025-05-14,0,Optimal,37264.888139180286,0.0009120304628692304,False,2.137072799989255,2.8421709430404007e-12,1008,"[128, 122, 123, 127, 116, 120, 126]"
2025-05-14,6,Optimal,505.27250551773693,0.0,False,0.055702899990137666,9.094947017729282e-13,0,"[106, 118, 107, 122, 130, 120, 127]"
2025-05-14,12,Optimal,-2590.1166737955546,0.0,False,0.03490209998562932,9.094947017729282e-13,0,"[115, 118, 106, 110, 120, 127, 125]"
2025-05-14,18,Optimal,-1004.2265474840967,0.0,False,0.016829200001666322,8.86846152070575e-13,0,"[116, 106, 114, 110, 132, 124, 123]"
2025-05-15,0,Optimal,37753.71307234739,0.0009920121322541486,False,1.836930699995719,3.0127011996228248e-12,1008,"[128, 122, 109, 127, 116, 120, 126]"
2025-05-15,6,Optimal,2162.7558975417064,0.0006122840090616198,False,0.8472081999934744,1.0231815394945443e-12,4,"[106, 118, 107, 122, 130, 120, 127]"
2025-05-15,12,Optimal,-2806.7800571103653,0.0,False,0.03864419998717494,1.1617373729677638e-12,0,"[115, 118, 112, 132, 128, 127, 125]"
2025-05-15,18,Optimal,-998.4642372334657,0.0,False,0.015105700003914535,9.094947017729282e-13,0,"[116, 106, 114, 128, 132, 124, 123]"
2025-05-16,0,Optimal,13900.04426927682,0.0,False,0.0598687999881804,9.094947017729282e-13,0,"[128, 122, 109, 127, 124, 120, 126]"
2025-05-16,6,Optimal,-1051.8822908316072,0.0,False,0.04323450001538731,1.0231815394945443e-12,0,"[133, 118, 107, 122, 130, 120, 127]"
2025-05-16,12,Optimal,-1326.1266677724689,0.0,False,0.0293330000131391,9.094947017729282e-13,0,"[115, 118, 107, 132, 128, 127, 125]"
2025-05-16,18,Optimal,-1208.546189396346,0.0,False,0.013491200021235272,9.094947017729282e-13,0,"[116, 117, 111, 128, 132, 124, 123]"
2025-05-17,0,Optimal,13881.7106060364,0.0,False,0.059989600005792454,2.3305801732931286e-12,0,"[128, 122, 109, 127, 124, 120, 126]"
2025-05-17,6,Optimal,-687.8492051514932,0.0,False,0.04183349999948405,9.094947017729282e-13,0,"[133, 118, 129, 114, 130, 120, 127]"
2025-05-17,12,Optimal,-985.6138413710235,0.0,False,0.03130370000144467,9.094947017729282e-13,0,"[115, 118, 111, 122, 128, 127, 125]"
2025-05-17,18,Optimal,-902.3152973569175,0.0,False,0.014440500002820045,9.094947017729282e-13,0,"[109, 113, 112, 128, 132, 124, 123]"
2025-05-18,0,Optimal,38982.26495133619,0.0009818352728928974,False,2.558889799984172,2.3874235921539366e-12,1008,"[117, 113, 109, 127, 124, 120, 126]"
2025-05-18,6,Optimal,-1155.561451598091,0.0,False,0.052914600004442036,1.0231815394945443e-12,0,"[133, 118, 129, 114, 130, 120, 127]"
2025-05-18,12,Optimal,-1797.7598788492137,0.0,False,0.03729469998506829,1.2079226507921703e-12,0,"[114, 116, 134, 135, 128, 127, 125]"
2025-05-18,18,Optimal,-1050.4953470262813,0.0,False,0.015857899998081848,1.0231815394945443e-12,0,"[109, 115, 134, 128, 132, 124, 123]"
2025-05-19,0,Optimal,35417.76930581923,0.0009899192186335946,False,1.7247494000184815,3.0127011996228248e-12,1008,"[137, 122, 123, 127, 124, 120, 126]"
2025-05-19,6,Optimal,-831.440596344082,0.0,False,0.051185799995437264,9.094947017729282e-13,0,"[133, 137, 129, 114, 130, 120, 127]"
2025-05-19,12,Optimal,-751.6173570532405,0.0,False,0.03240700002061203,9.094947017729282e-13,0,"[114, 119, 110, 135, 128, 127, 125]"
2025-05-19,18,Optimal,-1075.2381821867798,0.0,False,0.015216500003589317,9.094947017729282e-13,0,"[119, 114, 110, 128, 132, 124, 123]"
2025-05-20,0,Optimal,35218.704080473246,0.0008884304717873371,False,2.2950849999906495,2.5508484213787597e-12,1008,"[138, 122, 123, 127, 124, 120, 126]"
2025-05-20,6,Optimal,2506.6810898240788,0.0005999705592973774,False,0.7631815999920946,3.751665644813329e-12,5,"[133, 131, 112, 122, 135, 132, 127]"
2025-05-20,12,Optimal,-1606.1011357673433,0.0,False,0.041358400019817054,1.5010215292932116e-12,0,"[114, 116, 134, 135, 128, 127, 125]"
2025-05-20,18,Optimal,-989.9384165093971,0.0,False,0.015483199997106567,9.094947017729282e-13,0,"[119, 114, 138, 128, 132, 124, 123]"
2025-05-21,0,Optimal,33776.80807619628,0.0009458139514034868,False,1.1240629999956582,2.7057467377744615e-11,34,"[138, 122, 123, 127, 124, 120, 126]"
2025-05-21,6,Optimal,5320.149102720189,0.0008284162252711649,False,0.6470726999978069,1.0231815394945443e-12,5,"[133, 137, 129, 122, 135, 132, 127]"
2025-05-21,12,Optimal,-1629.9505471666725,0.0,False,0.04479729998274706,9.094947017729282e-13,0,"[114, 116, 132, 135, 128, 127, 125]"
2025-05-21,18,Optimal,-997.6746591245803,0.0,False,0.015623699990101159,9.094947017729282e-13,0,"[119, 114, 139, 128, 132, 124, 123]"
2025-05-22,0,Optimal,36068.94774990876,0.0005562880422865418,False,1.9888873000163585,2.9558577807620168e-12,1008,"[138, 122, 123, 127, 124, 120, 126]"
2025-05-22,6,Optimal,-276.8166351636942,0.0006749783344752598,False,0.21070749999489635,1.0231815394945443e-12,1,"[133, 131, 129, 122, 135, 132, 127]"
2025-05-22,12,Optimal,-1357.2301323000434,0.0,False,0.03835849999450147,9.094947017729282e-13,0,"[114, 116, 132, 135, 128, 127, 125]"
2025-05-22,18,Optimal,-1025.2976707931202,0.0,False,0.017013700009556487,9.094947017729282e-13,0,"[119, 114, 139, 128, 132, 124, 123]"
2025-05-23,0,Optimal,13455.58018414935,0.0,False,0.05691479999222793,9.663381206337363e-13,0,"[138, 122, 135, 134, 116, 120, 126]"
2025-05-23,6,Optimal,-1062.6979818487907,0.0,False,0.04400120000354946,9.237055564881302e-13,0,"[133, 131, 141, 119, 135, 132, 127]"
2025-05-23,12,Optimal,186.26038945146846,0.0,False,0.02943530000629835,1.0231815394945443e-12,0,"[117, 119, 132, 135, 128, 127, 125]"
2025-05-23,18,Optimal,-1032.2716885519555,0.0,False,0.014054799976292998,9.094947017729282e-13,0,"[119, 141, 139, 128, 132, 124, 123]"
2025-05-24,0,Optimal,14313.020239322937,0.0,False,0.058998299995437264,9.094947017729282e-13,0,"[138, 118, 123, 127, 116, 120, 126]"
2025-05-24,6,Optimal,-1081.3003954918736,0.0,False,0.042494599998462945,9.094947017729282e-13,0,"[133, 142, 121, 139, 135, 132, 127]"
2025-05-24,12,Optimal,-642.3179896648656,0.0,False,0.030181099980836734,9.094947017729282e-13,0,"[117, 119, 132, 135, 128, 127, 125]"
2025-05-24,18,Optimal,-977.485134123529,0.0,False,0.015595799981383607,1.0231815394945443e-12,0,"[119, 134, 139, 128, 132, 124, 123]"
2025-05-25,0,Optimal,35478.214214234344,0.000989328437081871,False,2.385217500006547,2.432720691558643e-12,1008,"[138, 118, 135, 143, 116, 120, 126]"
2025-05-25,6,Optimal,153.7188010769645,0.0,False,0.40757579999626614,2.0037305148434825e-12,2,"[133, 142, 121, 136, 135, 132, 127]"
2025-05-25,12,Optimal,-1257.1195460996466,0.0,False,0.03621230000862852,9.094947017729282e-13,0,"[117, 119, 132, 135, 128, 127, 125]"
2025-05-25,18,Optimal,-986.0870356699652,0.0,False,0.015607000008458272,9.094947017729282e-13,0,"[119, 134, 139, 128, 132, 124, 123]"
2025-05-26,0,Optimal,35054.001585410544,0.0009021704260443509,False,1.264473999995971,2.7284841053187847e-12,34,"[137, 132, 123, 127, 124, 120, 126]"
2025-05-26,6,Optimal,3031.235307295935,0.00043417726427622666,False,0.45925220000208355,3.637978807091713e-12,2,"[144, 142, 121, 136, 135, 132, 127]"
2025-05-26,12,Optimal,-503.42614019167934,0.0,False,0.04085099999792874,9.094947017729282e-13,0,"[117, 141, 132, 135, 128, 127, 125]"
2025-05-26,18,Optimal,-1027.4489126063247,0.0,False,0.018761199986329302,9.094947017729282e-13,0,"[117, 134, 139, 128, 132, 124, 123]"
2025-05-27,0,Optimal,33056.1663801281,0.0007123475428998808,False,2.1377168000035454,7.23154869319842e-12,1008,"[137, 118, 135, 143, 141, 139, 126]"
2025-05-27,6,Optimal,4993.496981236337,0.0008767737718510922,False,1.8250042000145186,1.8189894035458565e-12,5,"[133, 131, 141, 136, 135, 132, 127]"
2025-05-27,12,Optimal,-1941.0378374041925,0.0,False,0.0416063999873586,9.094947017729282e-13,0,"[145, 141, 132, 135, 128, 127, 125]"
2025-05-27,18,Optimal,-914.647989723386,0.0,False,0.015290400013327599,9.094947017729282e-13,0,"[119, 134, 139, 128, 132, 124, 123]"
2025-05-28,0,Optimal,37503.460344389525,0.00013695796611649935,False,1.6020725000125822,3.431921413721284e-12,1008,"[137, 122, 133, 134, 119, 139, 126]"
2025-05-28,6,Optimal,-263.6428492760484,0.0,False,0.05633049999596551,9.094947017729282e-13,0,"[144, 142, 141, 136, 135, 132, 127]"
2025-05-28,12,Optimal,-1218.6753622937285,0.0,False,0.03789830001187511,1.0231815394945443e-12,0,"[146, 141, 132, 135, 128, 127, 125]"
2025-05-28,18,Optimal,-990.3355270950145,0.0,False,0.016787300002761185,9.094947017729282e-13,0,"[146, 134, 139, 128, 132, 124, 123]"
2025-05-29,0,Optimal,36929.21076200646,0.00022484124734673154,False,2.1638245999929495,7.275957614183426e-12,1008,"[137, 132, 135, 143, 141, 139, 126]"
2025-05-29,6,Optimal,2564.7703007551136,0.0006908513856760368,False,0.7099729999899864,1.8189894035458565e-12,5,"[144, 138, 121, 145, 135, 132, 127]"
2025-05-29,12,Optimal,-1789.3301009154425,0.0,False,0.04090150000411086,9.094947017729282e-13,0,"[146, 141, 132, 135, 128, 127, 125]"
2025-05-29,18,Optimal,-754.4726651145064,0.0,False,0.01745020001544617,9.094947017729282e-13,0,"[146, 134, 139, 128, 132, 124, 123]"
2025-05-30,0,Optimal,14603.453089987108,0.0,False,0.0619723999989219,9.094947017729282e-13,0,"[137, 132, 135, 143, 124, 139, 126]"
2025-05-30,6,Optimal,-198.84631726212626,0.0,False,0.043069300008937716,9.094947017729282e-13,0,"[134, 140, 137, 129, 122, 126, 127]"
2025-05-30,12,Optimal,-982.693335669967,0.0,False,0.030439900001510978,9.094947017729282e-13,0,"[146, 141, 140, 139, 128, 127, 125]"
2025-05-30,18,Optimal,-1132.903143925734,0.0,False,0.01428719999967143,1.0231815394945443e-12,0,"[146, 148, 142, 136, 129, 124, 123]"
2025-05-31,0,Optimal,15724.28770129262,0.0,False,0.0597917000122834,9.094947017729282e-13,0,"[144, 142, 123, 143, 124, 139, 126]"
2025-05-31,6,Optimal,-1163.4064461942205,0.0,False,0.043053200002759695,9.094947017729282e-13,0,"[134, 140, 131, 129, 122, 126, 127]"
2025-05-31,12,Optimal,-1009.1107208820538,0.0,False,0.030367800005478784,9.094947017729282e-13,0,"[146, 149, 144, 122, 131, 126, 125]"
2025-05-31,18,Optimal,-1010.9365713360027,0.0,False,0.014412599994102493,9.094947017729282e-13,0,"[149, 143, 140, 137, 133, 122, 123]"
2025-06-01,0,Optimal,47287.04464801637,0.0008880413314826639,False,2.81836239999393,4.945377440890297e-12,1008,"[128, 147, 123, 143, 124, 139, 126]"
2025-06-01,6,Optimal,-697.9339221661726,0.0,False,0.06149269998422824,9.094947017729282e-13,0,"[134, 147, 142, 143, 139, 126, 127]"
2025-06-01,12,Optimal,-2436.950393586008,0.0,False,0.03813800000352785,9.094947017729282e-13,0,"[143, 138, 134, 137, 131, 126, 125]"
2025-06-01,18,Optimal,1112.1530591844719,0.0,False,0.01720269999350421,9.094947017729282e-13,0,"[149, 144, 138, 135, 131, 127, 123]"
2025-06-02,0,Optimal,49497.57748452918,0.00043594137965630744,False,3.017979500000365,1.9326762412674725e-12,1008,"[128, 147, 135, 148, 141, 139, 126]"
2025-06-02,6,Optimal,-4437.042374527966,0.0,False,0.0556683000177145,9.094947017729282e-13,0,"[134, 147, 142, 143, 139, 126, 127]"
2025-06-02,12,Optimal,-661.0891265496222,0.0,False,0.03992360000847839,9.094947017729282e-13,0,"[143, 138, 134, 137, 131, 126, 125]"
2025-06-02,18,Optimal,1099.5775487048927,0.0,False,0.015966299979481846,8.752998326144734e-13,0,"[149, 144, 138, 135, 131, 127, 125]"
2025-06-03,0,Optimal,45306.06667031919,0.00013523435190576213,False,0.3398655999917537,1.7053025658242404e-12,3,"[128, 147, 136, 143, 141, 139, 126]"
2025-06-03,6,Optimal,1878.4411227431779,0.0,False,0.054396299994550645,9.094947017729282e-13,0,"[134, 147, 142, 143, 139, 132, 151]"
2025-06-03,12,Optimal,-701.4048784744349,0.0,False,0.03476559999398887,1.0231815394945443e-12,0,"[143, 138, 134, 137, 131, 126, 151]"
2025-06-03,18,Optimal,-46.396563439637205,0.0,False,0.01629450000473298,8.846257060213247e-13,0,"[149, 144, 138, 135, 131, 127, 151]"
2025-06-04,0,Optimal,52206.50681491189,0.00047490797644896227,False,0.5762335000035819,1.2278178473934531e-11,8,"[128, 147, 136, 143, 141, 153, 131]"
2025-06-04,6,Optimal,-7038.607318709282,0.0,False,0.06064040001365356,1.0231815394945443e-12,0,"[134, 147, 142, 143, 139, 126, 151]"
2025-06-04,12,Optimal,5864.416877524628,0.0006317975471953589,False,1.2217398000066169,1.1368683772161603e-12,8,"[143, 138, 134, 137, 131, 126, 151]"
2025-06-04,18,Optimal,860.0128799317848,0.0,False,0.0164220999868121,9.663381206337363e-13,0,"[149, 144, 138, 135, 131, 127, 151]"
2025-06-05,0,Optimal,44391.55119990401,0.0004072418555258946,False,0.5330726999964099,2.9487523534044158e-12,10,"[154, 138, 152, 127, 129, 146, 145]"
2025-06-05,6,Optimal,1194.6748398416166,8.961517423079208e-05,False,2.9230760000064038,1.8189894035458565e-12,8,"[134, 147, 142, 143, 139, 132, 152]"
2025-06-05,12,Optimal,579.1362695131045,0.0,False,0.8588680000102613,7.275957614183426e-12,7,"[143, 138, 134, 137, 131, 127, 151]"
2025-06-05,18,Optimal,887.1615045569918,0.0,False,0.01580280001508072,9.094947017729282e-13,0,"[149, 144, 138, 135, 131, 127, 154]"
2025-06-06,0,Optimal,19824.407302479194,2.331388503803615e-05,False,0.26259420000133105,1.0231815394945443e-12,1,"[154, 138, 152, 143, 141, 153, 131]"
2025-06-06,6,Optimal,-1695.6073351498871,0.0,False,0.046478600008413196,9.094947017729282e-13,0,"[134, 147, 142, 143, 139, 132, 152]"
2025-06-06,12,Optimal,-1456.283395585627,0.0,False,0.03316110000014305,1.0231815394945443e-12,0,"[143, 138, 134, 137, 131, 130, 152]"
2025-06-06,18,Optimal,74.98408386171506,0.0,False,0.01597020000917837,9.094947017729282e-13,0,"[149, 144, 138, 135, 131, 130, 152]"
2025-06-07,0,Optimal,19947.495662054807,1.1415899271469981e-05,False,0.2864617000159342,2.7284841053187847e-12,3,"[154, 147, 136, 148, 151, 139, 156]"
2025-06-07,6,Optimal,-1414.7196078225693,0.0,False,0.0436883999791462,9.094947017729282e-13,0,"[134, 147, 142, 143, 139, 132, 156]"
2025-06-07,12,Optimal,232.74534576728252,0.0,False,0.03161249999538995,1.0231815394945443e-12,0,"[143, 138, 134, 137, 131, 154, 156]"
2025-06-07,18,Optimal,-123.25676023384077,0.0,False,0.014957000006688759,9.094947017729282e-13,0,"[149, 144, 138, 135, 133, 153, 156]"
2025-06-08,0,Optimal,43373.06164030928,1.457233194596611e-06,False,0.3536313999793492,1.2221335055073723e-12,1,"[154, 147, 136, 148, 151, 139, 156]"
2025-06-08,6,Optimal,1264.9177321152304,0.0009031881259054678,False,2.283774099982111,6.195932655828074e-12,8,"[134, 147, 142, 143, 135, 151, 156]"
2025-06-08,12,Optimal,-39.524903188322256,0.0,False,0.03872020001290366,1.0231815394945443e-12,0,"[143, 138, 134, 137, 131, 153, 156]"
2025-06-08,18,Optimal,-442.97022147266773,0.0,False,0.01691830001072958,9.094947017729282e-13,0,"[149, 144, 138, 135, 133, 151, 157]"
2025-06-09,0,Optimal,49714.279978760416,0.0,False,0.09464940000907518,2.2737367544323206e-12,0,"[154, 147, 136, 148, 151, 139, 156]"
2025-06-09,6,Optimal,-2234.0951361162806,0.0,False,0.049115799978608266,1.0231815394945443e-12,0,"[134, 147, 142, 143, 135, 158, 156]"
2025-06-09,12,Optimal,-1320.867026901952,0.0,False,0.03474229999119416,1.0231815394945443e-12,0,"[143, 138, 134, 137, 131, 153, 156]"
2025-06-09,18,Optimal,-1297.1931222207597,0.0,False,0.01514500001212582,9.094947017729282e-13,0,"[149, 144, 138, 135, 133, 151, 157]"
2025-06-10,0,Optimal,53734.739847370554,0.0004886878728134893,False,1.7413636000128463,5.172751116333529e-12,1008,"[154, 147, 136, 159, 157, 153, 156]"
2025-06-10,6,Optimal,1304.5496001760148,0.0008932563893007647,False,1.872830399981467,9.094947017729282e-13,8,"[134, 147, 142, 145, 153, 159, 156]"
2025-06-10,12,Optimal,1826.6536052343745,0.0008957741694808481,False,0.9636471999983769,4.661160346586257e-12,9,"[143, 138, 134, 137, 133, 153, 156]"
2025-06-10,18,Optimal,-1616.2029814969876,0.0,False,0.016227299987804145,9.663381206337363e-13,0,"[149, 144, 138, 135, 132, 151, 157]"
2025-06-11,0,Optimal,55855.84906900212,0.0004517409129255472,False,1.8189192999852821,3.637978807091713e-12,1008,"[154, 138, 136, 159, 157, 153, 156]"
2025-06-11,6,Optimal,2775.0046739310187,3.097121275734739e-05,False,0.3435544999956619,1.0231815394945443e-12,11,"[134, 160, 138, 143, 135, 159, 156]"
2025-06-11,12,Optimal,-598.5059267742146,0.0,False,1.2989606000191998,1.7053025658242404e-12,8,"[150, 147, 148, 137, 133, 153, 156]"
2025-06-11,18,Optimal,-1658.1614673990887,0.0,False,0.016287799982819706,8.526512829121202e-13,0,"[147, 141, 134, 139, 133, 151, 157]"
2025-06-12,0,Optimal,52299.845855876876,6.181460092311379e-05,False,0.3061157999909483,4.547473508864641e-12,4,"[154, 137, 152, 159, 157, 153, 156]"
2025-06-12,6,Optimal,2350.1386510983416,0.00055175542799472,False,0.6589423000114039,1.4779288903810084e-12,17,"[161, 160, 138, 143, 135, 159, 156]"
2025-06-12,12,Optimal,-681.5363279939594,0.000859767408007688,False,0.326697399985278,9.094947017729282e-13,7,"[142, 145, 141, 140, 136, 153, 156]"
2025-06-12,18,Optimal,-1626.3314481012117,0.0,False,0.016612200008239597,9.094947017729282e-13,0,"[145, 146, 148, 142, 136, 151, 157]"
2025-06-13,0,Optimal,23011.961714713256,0.0,False,0.06956870001158677,9.094947017729282e-13,0,"[154, 144, 142, 143, 157, 153, 156]"
2025-06-13,6,Optimal,-2077.4784884126816,0.0,False,0.045647599996300414,9.094947017729282e-13,0,"[161, 160, 138, 143, 135, 159, 156]"
2025-06-13,12,Optimal,145.67000899232164,0.0,False,0.031361799978185445,9.094947017729282e-13,0,"[162, 146, 149, 140, 136, 153, 156]"
2025-06-13,18,Optimal,-1636.45448282594,0.0,False,0.014056700019864365,1.0231815394945443e-12,0,"[162, 150, 143, 142, 136, 151, 157]"
2025-06-14,0,Optimal,22952.262177973025,0.0,False,0.06318110000574961,8.846257060213247e-13,0,"[154, 144, 147, 143, 157, 153, 156]"
2025-06-14,6,Optimal,-1437.7216467777137,0.0,False,0.04282560001593083,9.094947017729282e-13,0,"[161, 160, 138, 143, 139, 159, 156]"
2025-06-14,12,Optimal,-1394.4826689270542,0.0,False,0.02983680000761524,1.0231815394945443e-12,0,"[162, 143, 138, 144, 136, 153, 156]"
2025-06-14,18,Optimal,-1526.3346609195262,0.0,False,0.01509159998386167,9.094947017729282e-13,0,"[162, 149, 144, 140, 136, 151, 157]"
2025-06-15,0,Optimal,47819.15226836051,0.00035358969206749334,False,1.807774699991569,4.661160346586257e-12,1008,"[149, 160, 163, 143, 157, 153, 156]"
2025-06-15,6,Optimal,4239.515959816578,0.000524635913117264,False,0.33704639997449704,9.094947017729282e-13,15,"[161, 160, 138, 141, 139, 159, 156]"
2025-06-15,12,Optimal,145.0760848411931,0.0,False,1.1742193999816664,2.7284841053187847e-12,9,"[162, 143, 138, 148, 139, 153, 156]"
2025-06-15,18,Optimal,-1715.3976855419055,0.0,False,0.01647860000957735,9.094947017729282e-13,0,"[162, 147, 141, 138, 137, 151, 157]"
2025-06-16,0,Optimal,49767.43593520583,0.0008817243757812852,False,1.8987857999745756,3.0411229090532288e-12,1008,"[149, 160, 147, 159, 165, 153, 156]"
2025-06-16,6,Optimal,2820.2231609649953,3.2764538942147644e-05,False,0.9309474999899976,4.092726157978177e-12,15,"[161, 160, 165, 141, 139, 159, 156]"
2025-06-16,12,Optimal,-1193.0580417656524,0.0005378942463525086,False,0.6729568000009749,1.2505552149377763e-12,6,"[165, 150, 147, 141, 139, 153, 156]"
2025-06-16,18,Optimal,-1619.846119141758,0.0,False,0.016710199997760355,8.846257060213247e-13,0,"[162, 145, 146, 148, 139, 151, 157]"
2025-06-17,0,Optimal,50098.98230881575,0.0009864645491124994,False,1.8784339999838267,3.637978807091713e-12,1008,"[149, 160, 142, 159, 165, 153, 156]"
2025-06-17,6,Optimal,4822.373697126436,0.0006603845093152043,False,0.7409439999901224,3.4949820815199928e-12,18,"[161, 160, 165, 141, 139, 159, 156]"
2025-06-17,12,Optimal,-1017.9517830008497,0.0008438752513288362,False,0.7314390000246931,1.8189894035458565e-12,8,"[165, 150, 147, 141, 139, 153, 156]"
2025-06-17,18,Optimal,-1738.3904619139855,0.0,False,0.01618360000429675,8.810729923425242e-13,0,"[162, 166, 150, 143, 139, 151, 157]"
2025-06-18,0,Optimal,51665.52055816124,0.0005981736153975991,False,1.7980077000102028,2.1174173525650986e-12,1008,"[149, 160, 142, 159, 165, 158, 156]"
2025-06-18,6,Optimal,4263.184429472053,0.00011079059316945598,False,4.0039123999886215,1.0231815394945443e-12,15,"[161, 160, 167, 164, 145, 159, 156]"
2025-06-18,12,Optimal,-2354.2463028743487,0.0,False,0.03667160001350567,9.094947017729282e-13,0,"[165, 150, 147, 167, 140, 153, 156]"
2025-06-18,18,Optimal,-1692.756680153209,0.0,False,0.01797169999917969,1.0231815394945443e-12,0,"[162, 166, 150, 144, 142, 151, 157]"
2025-06-19,0,Optimal,47927.01407955318,0.0004209646044032071,False,1.932083399995463,2.3305801732931286e-12,1008,"[149, 162, 147, 143, 157, 146, 156]"
2025-06-19,6,Optimal,546.2302141428515,0.00044711167959424506,False,3.3663883000263013,3.637978807091713e-12,7,"[148, 150, 167, 164, 145, 159, 156]"
2025-06-19,12,Optimal,1756.4877079825194,1.216274531169857e-06,False,0.9553587999835145,1.9326762412674725e-12,7,"[165, 163, 145, 166, 144, 153, 156]"
2025-06-19,18,Optimal,-1762.5938910684586,0.0,False,0.015345899999374524,9.094947017729282e-13,0,"[162, 165, 149, 167, 142, 151, 157]"
2025-06-20,0,Optimal,21566.258261904448,0.0,False,0.06758649999392219,1.0231815394945443e-12,0,"[149, 162, 147, 166, 157, 146, 156]"
2025-06-20,6,Optimal,-1884.9368554794737,0.0,False,0.04803940001875162,9.094947017729282e-13,0,"[148, 150, 167, 164, 169, 159, 156]"
2025-06-20,12,Optimal,-1470.8365852366896,0.0,False,0.032053800008725375,9.094947017729282e-13,0,"[165, 142, 146, 149, 144, 153, 156]"
2025-06-20,18,Optimal,-1966.9587998233771,0.0,False,0.015488500008359551,9.094947017729282e-13,0,"[162, 165, 169, 167, 142, 151, 157]"
2025-06-21,0,Optimal,21032.601387078597,0.0,False,0.0643512999813538,9.094947017729282e-13,0,"[149, 168, 163, 166, 157, 146, 156]"
2025-06-21,6,Optimal,-1579.5356078008456,0.0,False,0.04336079998756759,9.094947017729282e-13,0,"[148, 150, 170, 164, 169, 159, 156]"
2025-06-21,12,Optimal,-1235.220383901428,0.0,False,0.03171079998719506,9.379164112033322e-13,0,"[165, 163, 145, 149, 144, 153, 156]"
2025-06-21,18,Optimal,-1978.9341559292595,0.0,False,0.016136599995661527,8.339995360984176e-13,0,"[162, 165, 147, 146, 148, 151, 157]"
2025-06-22,0,Optimal,45360.6594631034,0.000358491377229189,False,1.7673756000003777,3.637978807091713e-12,1008,"[149, 168, 171, 152, 157, 146, 156]"
2025-06-22,6,Optimal,3886.247555672152,0.0005332610704119928,False,1.4005694999941625,6.650680006714538e-12,15,"[148, 171, 149, 166, 169, 159, 156]"
2025-06-22,12,Optimal,-50.997079573680836,0.0,False,0.33495389999006875,1.5789838572446671e-12,3,"[171, 162, 145, 149, 144, 153, 156]"
2025-06-22,18,Optimal,-1806.1160678312053,0.0,False,0.01754690002417192,9.094947017729282e-13,0,"[162, 165, 145, 150, 148, 151, 157]"
2025-06-23,0,Optimal,47537.14230175803,0.0006048464383948083,False,1.84610579998116,2.8315128020039992e-12,1008,"[149, 168, 163, 172, 157, 146, 156]"
2025-06-23,6,Optimal,2414.024668933172,0.0008329797029547436,False,0.7450794999895152,2.1032064978498966e-12,8,"[148, 150, 170, 172, 169, 159, 156]"
2025-06-23,12,Optimal,-1340.1988273129748,0.0005021890684887305,False,0.14543109998339787,9.094947017729282e-13,1,"[171, 162, 145, 164, 148, 153, 156]"
2025-06-23,18,Optimal,-1906.2291124100066,0.0,False,0.02171730002737604,9.094947017729282e-13,0,"[162, 165, 166, 149, 148, 151, 157]"
2025-06-24,0,Optimal,54748.728458917576,0.0002755834358757399,False,0.8064368000195827,1.8189894035458565e-12,12,"[149, 168, 163, 152, 148, 151, 156]"
2025-06-24,6,Optimal,737.482257200422,0.0005482333759310358,False,1.020956499996828,1.3073986337985843e-12,14,"[148, 173, 149, 166, 169, 159, 156]"
2025-06-24,12,Optimal,-652.6502826520922,0.0,False,0.24708299999474548,1.8189894035458565e-12,4,"[171, 162, 147, 164, 148, 153, 156]"
2025-06-24,18,Optimal,-1790.871782654471,0.0,False,0.017981599987251684,8.753830993413203e-13,0,"[162, 165, 171, 149, 148, 151, 157]"
2025-06-25,0,Optimal,47024.5701406127,0.00044430213882537577,False,2.2537461000028998,2.7284841053187847e-12,1008,"[149, 168, 171, 173, 159, 167, 156]"
2025-06-25,6,Optimal,4364.407091828008,0.000961993058556364,False,2.1962391000124626,2.716937785862683e-12,18,"[161, 150, 170, 172, 169, 159, 156]"
2025-06-25,12,Optimal,976.0265286718976,0.0006287435462748923,False,1.1999210999929346,2.6147972675971687e-12,6,"[171, 162, 172, 164, 148, 153, 156]"
2025-06-25,18,Optimal,-1710.4339166505004,0.0,False,0.017636700009461492,1.0231815394945443e-12,0,"[162, 165, 171, 149, 148, 151, 157]"
2025-06-26,0,Optimal,46823.54817100213,0.00039054169151234294,False,1.844529699999839,2.1827872842550278e-11,1008,"[149, 168, 171, 152, 159, 167, 156]"
2025-06-26,6,Optimal,3183.1969001485754,0.0006070654057230723,False,1.9105687999981456,3.737454790098127e-12,13,"[161, 150, 167, 175, 169, 159, 156]"
2025-06-26,12,Optimal,-173.84456638272127,0.0,False,1.7001779999991413,6.821210263296962e-12,7,"[171, 162, 172, 164, 148, 153, 156]"
2025-06-26,18,Optimal,-1851.5787101535325,0.0,False,0.017336999997496605,9.094947017729282e-13,0,"[162, 165, 171, 149, 148, 151, 157]"
2025-06-27,0,Optimal,20964.005429452085,0.0,False,0.06775710001238622,1.0231815394945443e-12,0,"[149, 168, 171, 152, 166, 167, 156]"
2025-06-27,6,Optimal,-2166.805047220781,0.0,False,0.045454900013282895,9.094947017729282e-13,0,"[162, 160, 167, 175, 169, 159, 156]"
2025-06-27,12,Optimal,-1766.886961051496,0.0,False,0.03469190001487732,9.094947017729282e-13,0,"[171, 162, 172, 173, 167, 153, 156]"
2025-06-27,18,Optimal,-1864.1494192664086,0.0,False,0.016694999998435378,8.810729923425242e-13,0,"[162, 165, 171, 169, 167, 151, 157]"
2025-06-28,0,Optimal,20242.310251837353,0.0,False,0.06543889999738894,1.0231815394945443e-12,0,"[154, 168, 171, 152, 166, 167, 156]"
2025-06-28,6,Optimal,-1371.186752520677,1.1139392326080392e-05,False,0.21197470001061447,1.8189894035458565e-12,1,"[162, 160, 165, 164, 169, 159, 156]"
2025-06-28,12,Optimal,-1235.4850671991444,0.0,False,0.030668799998238683,9.094947017729282e-13,0,"[171, 162, 172, 173, 167, 153, 156]"
2025-06-28,18,Optimal,-1788.333808252188,0.0,False,0.015022800012957305,7.958078640513122e-13,0,"[162, 168, 170, 175, 167, 151, 157]"
2025-06-29,0,Optimal,44326.7058783192,0.000524705729697461,False,1.8454132000042591,2.7000623958883807e-12,1008,"[170, 162, 163, 152, 166, 167, 156]"
2025-06-29,6,Optimal,4746.109886755302,0.00099715663087277,False,2.242749900004128,5.4569682106375694e-12,13,"[178, 160, 165, 164, 169, 159, 156]"
2025-06-29,12,Optimal,2282.7999505081593,0.0009024430963386888,False,0.29476739998790435,4.547473508864641e-12,9,"[171, 162, 172, 173, 167, 153, 156]"
2025-06-29,18,Optimal,-1736.7399438064297,0.0,False,0.016633699997328222,9.094947017729282e-13,0,"[162, 168, 170, 176, 167, 151, 157]"
2025-06-30,0,Optimal,48696.0385529536,0.0008390633263059574,False,2.2751644999952987,2.8421709430404007e-12,1008,"[170, 162, 163, 152, 166, 167, 156]"
2025-06-30,6,Optimal,1086.984273577616,0.00038865875735904685,False,1.8828920999949332,1.1368683772161603e-12,8,"[178, 160, 165, 164, 169, 159, 156]"
2025-06-30,12,Optimal,-229.6877131097588,0.0,False,0.5500638999801595,9.094947017729282e-13,8,"[171, 162, 172, 173, 166, 154, 156]"
2025-06-30,18,Optimal,-1745.5030044811272,0.0,False,0.016251199995167553,9.094947017729282e-13,0,"[162, 168, 170, 176, 179, 153, 157]"
2025-07-01,0,Optimal,42240.37003567131,0.000296392804792118,False,2.0136447999975644,3.836930773104541e-12,1008,"[170, 162, 163, 180, 166, 167, 156]"
2025-07-01,6,Optimal,4205.494160496981,0.000963436003086643,False,1.3868354000151157,9.094947017729282e-13,8,"[178, 160, 165, 164, 180, 158, 156]"
2025-07-01,12,Optimal,4141.490818874053,0.00038666418214502324,False,0.4893222999817226,9.094947017729282e-13,10,"[171, 162, 172, 174, 179, 158, 156]"
2025-07-01,18,Optimal,1963.0898739239108,0.0,False,0.015436600020620972,9.094947017729282e-13,0,"[162, 168, 170, 166, 174, 159, 157]"
2025-07-02,0,Optimal,42616.19567647448,0.00018344618284509514,False,2.081613600021228,7.617018127348274e-12,1008,"[170, 162, 163, 180, 166, 167, 155]"
2025-07-02,6,Optimal,3571.5758119397565,0.0005370663254947016,False,6.523664000007557,2.610391902635456e-10,756,"[178, 160, 165, 164, 180, 159, 154]"
2025-07-02,12,Optimal,2586.2947699663505,0.0009775828969172905,False,3.3530967000115197,1.8189894035458565e-12,11,"[171, 162, 172, 174, 179, 158, 155]"
2025-07-02,18,Optimal,1874.5899187748173,0.0,False,0.019565299997339025,8.952838470577262e-13,0,"[162, 168, 170, 166, 174, 159, 155]"
2025-07-03,0,Optimal,51775.838026685735,0.000958310187592796,False,1.472382900014054,8.355982572538778e-12,36,"[161, 160, 169, 172, 159, 158, 182]"
2025-07-03,6,Optimal,2337.422103074637,0.00017783269342819337,False,0.841063599975314,2.1600499167107046e-12,9,"[178, 160, 165, 164, 180, 159, 181]"
2025-07-03,12,Optimal,-945.9465737511285,0.0003257226096767365,False,0.8016254999965895,1.4779288903810084e-12,6,"[171, 162, 172, 174, 179, 158, 181]"
2025-07-03,18,Optimal,108.69633919438807,0.0,False,0.017144500016001984,1.0231815394945443e-12,0,"[162, 168, 170, 166, 174, 159, 181]"
2025-07-04,0,Optimal,20726.34565440034,0.0009996468598004922,False,1.6461409000039566,2.7284841053187847e-12,1008,"[161, 160, 169, 172, 159, 158, 182]"
2025-07-04,6,Optimal,321.1875400153342,0.0,False,0.05079099998692982,9.094947017729282e-13,0,"[178, 160, 165, 164, 180, 159, 181]"
2025-07-04,12,Optimal,-1240.6610540953295,0.0,False,0.029779500007862225,9.094947017729282e-13,0,"[171, 162, 172, 174, 179, 158, 181]"
2025-07-04,18,Optimal,7.268518510040963,0.0,False,0.014801899989834055,9.094947017729282e-13,0,"[162, 168, 170, 166, 174, 159, 181]"
2025-07-05,0,Optimal,21801.624467741713,0.0,False,2.4191534999990836,2.1600499167107046e-12,1008,"[161, 160, 169, 172, 159, 158, 181]"
2025-07-05,6,Optimal,-1265.381421298545,0.0,False,0.04373450001003221,9.094947017729282e-13,0,"[178, 160, 165, 164, 180, 159, 181]"
2025-07-05,12,Optimal,-1078.0137604126128,0.0,False,0.030174699990311638,9.094947017729282e-13,0,"[171, 162, 172, 174, 179, 158, 182]"
2025-07-05,18,Optimal,724.723617244761,0.0,False,0.01658970001153648,9.094947017729282e-13,0,"[162, 168, 170, 166, 174, 159, 182]"
2025-07-06,0,Optimal,49047.00870094007,1.0910259942804485e-05,False,2.616364600020461,1.2303758012421896e-11,41,"[161, 160, 169, 172, 159, 179, 185]"
2025-07-06,6,Optimal,7944.108547310703,0.00031829980864644486,False,0.2060596999945119,1.3642420526593924e-12,3,"[178, 160, 165, 164, 180, 159, 185]"
2025-07-06,12,Optimal,812.2051310633574,0.0005512255703267217,False,0.3716149000101723,1.8189894035458565e-12,4,"[171, 162, 172, 174, 179, 158, 184]"
2025-07-06,18,Optimal,1410.6561970833716,0.0,False,0.017391899978974834,8.526512829121202e-13,0,"[162, 168, 170, 166, 174, 159, 185]"
2025-07-07,0,Optimal,55010.767308344875,0.0007957137978780426,False,1.6779725000087637,2.3874235921539366e-12,1008,"[161, 160, 169, 172, 159, 183, 184]"
2025-07-07,6,Optimal,-2979.8882885637486,0.0,False,0.05498680000891909,9.094947017729282e-13,0,"[178, 160, 165, 164, 180, 183, 185]"
2025-07-07,12,Optimal,-131.83005758644708,0.0007071474096356507,False,0.9317341999849305,1.1368683772161603e-12,7,"[171, 162, 172, 174, 179, 186, 184]"
2025-07-07,18,Optimal,-2055.6058621124575,0.0,False,0.017913399991812184,8.526512829121202e-13,0,"[162, 168, 170, 166, 174, 183, 185]"
2025-07-08,0,Optimal,67998.02504902963,0.00022663242856473445,False,0.4654379000130575,9.094947017729282e-13,9,"[161, 160, 169, 172, 165, 183, 184]"
2025-07-08,6,Optimal,-2676.4788719171997,0.0,False,0.05581780002103187,9.094947017729282e-13,0,"[178, 160, 165, 164, 180, 183, 185]"
2025-07-08,12,Optimal,-137.13231594997313,0.0006802408331375953,False,0.957666700007394,9.094947017729282e-13,8,"[171, 162, 172, 174, 179, 186, 184]"
2025-07-08,18,Optimal,-2143.4888202739535,0.0,False,0.01708310001413338,8.881784197001252e-13,0,"[162, 168, 170, 166, 174, 183, 185]"
2025-07-09,0,Optimal,65585.4340709588,0.00043763903784628126,False,0.4835059999895748,1.0231815394945443e-12,9,"[170, 162, 169, 172, 165, 183, 184]"
2025-07-09,6,Optimal,-2164.74613165131,0.0007241997411099713,False,0.24956509997718967,2.5011104298755527e-12,6,"[161, 173, 165, 164, 180, 183, 185]"
2025-07-09,12,Optimal,-1788.1500935827207,0.0,False,0.03967430000193417,9.094947017729282e-13,0,"[171, 162, 172, 174, 179, 186, 184]"
2025-07-09,18,Optimal,-2157.2852201432497,0.0,False,0.019691399997100234,9.094947017729282e-13,0,"[162, 168, 170, 166, 174, 183, 185]"
2025-07-10,0,Optimal,61178.09209687543,0.00041662269541086936,False,0.4711890000035055,1.0231815394945443e-12,6,"[164, 162, 169, 172, 165, 183, 184]"
2025-07-10,6,Optimal,816.056955154527,0.0,False,0.05424729999504052,9.094947017729282e-13,0,"[188, 173, 165, 164, 180, 183, 185]"
2025-07-10,12,Optimal,-1665.9085262085398,0.000110752202043443,False,0.14573420002125204,9.094947017729282e-13,1,"[171, 162, 172, 174, 179, 186, 184]"
2025-07-10,18,Optimal,-2131.989519518746,0.0,False,0.02077219999046065,9.094947017729282e-13,0,"[162, 168, 170, 166, 174, 183, 185]"
2025-07-11,0,Optimal,33504.932091131006,0.00012867669876319863,False,1.4498866999929305,5.9117155615240335e-12,1008,"[190, 168, 169, 172, 165, 183, 184]"
2025-07-11,6,Optimal,-1586.9137253361241,0.0,False,0.05681309997453354,1.0231815394945443e-12,0,"[168, 173, 165, 164, 180, 183, 185]"
2025-07-11,12,Optimal,-2112.7839802501003,0.0,False,0.036455800000112504,9.094947017729282e-13,0,"[190, 169, 172, 174, 179, 186, 184]"
2025-07-11,18,Optimal,-2166.867854452489,0.0,False,0.017449700011638924,9.094947017729282e-13,0,"[188, 168, 170, 166, 174, 183, 185]"
2025-07-12,0,Optimal,28026.833257548715,0.0,False,0.06742690000100993,9.094947017729282e-13,0,"[191, 177, 169, 172, 165, 183, 184]"
2025-07-12,6,Optimal,67.44531325924042,0.0,False,0.05212149998988025,9.094947017729282e-13,0,"[190, 171, 167, 175, 180, 183, 185]"
2025-07-12,12,Optimal,-51.70749876080357,0.0,False,0.3241971000097692,9.094947017729282e-13,3,"[190, 168, 172, 174, 179, 186, 184]"
2025-07-12,18,Optimal,-2217.2528124160604,0.0,False,0.01627079999889247,9.094947017729282e-13,0,"[188, 168, 170, 166, 174, 183, 185]"
2025-07-13,0,Optimal,61566.368156733435,0.0005847857281573601,False,0.6926594999968074,1.3642420526593924e-12,7,"[191, 168, 178, 176, 167, 183, 184]"
2025-07-13,6,Optimal,-4041.7762254809804,0.0,False,0.06187320000026375,9.094947017729282e-13,0,"[190, 192, 170, 172, 180, 183, 185]"
2025-07-13,12,Optimal,-2750.531887464123,0.0,False,0.040584800008218735,9.094947017729282e-13,0,"[190, 165, 175, 180, 179, 186, 184]"
2025-07-13,18,Optimal,-2187.54203941926,0.0,False,0.019233400002121925,9.094947017729282e-13,0,"[188, 168, 170, 166, 174, 183, 185]"
2025-07-14,0,Optimal,56963.99966953901,0.00024907923486849166,False,0.4758429000212345,1.8189894035458565e-12,6,"[191, 177, 169, 172, 167, 183, 184]"
2025-07-14,6,Optimal,-1565.3967849113349,0.0,False,0.055345900007523596,9.094947017729282e-13,0,"[190, 178, 176, 172, 180, 183, 185]"
2025-07-14,12,Optimal,-427.70760366124824,0.0,False,0.04338909999933094,9.094947017729282e-13,0,"[190, 168, 175, 180, 179, 186, 184]"
2025-07-14,18,Optimal,-2079.20135346992,0.0,False,0.017529600008856505,1.0231815394945443e-12,0,"[188, 177, 170, 166, 174, 183, 185]"
2025-07-15,0,Optimal,59079.287055031615,0.00031196313533112235,False,0.5084843000222463,1.1368683772161603e-12,8,"[191, 177, 171, 180, 167, 183, 184]"
2025-07-15,6,Optimal,-2764.920652223424,0.0,False,0.05494409997481853,9.094947017729282e-13,0,"[190, 178, 176, 175, 180, 183, 185]"
2025-07-15,12,Optimal,-1602.2219071369486,0.0005540289184227112,False,0.49447679999866523,9.094947017729282e-13,4,"[190, 168, 178, 176, 177, 186, 184]"
2025-07-15,18,Optimal,-2185.924344071012,0.0,False,0.019575499987695366,8.526512829121202e-13,0,"[188, 177, 170, 180, 174, 183, 185]"
2025-07-16,0,Optimal,57089.590307726314,0.0006559452315823494,False,0.675947499985341,1.8189894035458565e-12,7,"[191, 170, 194, 173, 175, 183, 184]"
2025-07-16,6,Optimal,-2717.8874252911696,0.0,False,0.05776749999495223,1.0231815394945443e-12,0,"[190, 178, 176, 177, 195, 183, 185]"
2025-07-16,12,Optimal,-976.5624883648311,0.00026375842591993274,False,0.3633935999823734,9.094947017729282e-13,5,"[190, 168, 178, 176, 177, 186, 184]"
2025-07-16,18,Optimal,-2168.7732655035634,0.0,False,0.016745499975513667,1.0231815394945443e-12,0,"[188, 195, 172, 178, 169, 183, 185]"
2025-07-17,0,Optimal,55403.73701514896,0.0007847117754514553,False,0.47907329999725334,2.5579538487363607e-12,6,"[191, 170, 171, 173, 175, 183, 184]"
2025-07-17,6,Optimal,1627.0897383968443,0.0008003082295166041,False,2.111488199996529,2.7284841053187847e-12,8,"[190, 192, 170, 194, 169, 183, 185]"
2025-07-17,12,Optimal,-55.77981475237716,0.0,False,0.7746058000193443,3.637978807091713e-12,5,"[190, 169, 175, 180, 177, 186, 184]"
2025-07-17,18,Optimal,-2146.9909150671206,0.0,False,0.017541499983053654,1.0231815394945443e-12,0,"[188, 195, 170, 180, 174, 183, 185]"
2025-07-18,0,Optimal,30851.374777889767,0.0009719279732430415,False,0.6250627000117674,9.237055564881302e-13,7,"[191, 170, 171, 180, 197, 183, 184]"
2025-07-18,6,Optimal,-1879.6920118395178,0.0,False,0.04875950000132434,9.094947017729282e-13,0,"[190, 192, 170, 177, 195, 183, 185]"
2025-07-18,12,Optimal,-2385.6046331221164,0.0,False,0.03302159998565912,9.094947017729282e-13,0,"[190, 193, 172, 180, 177, 186, 184]"
2025-07-18,18,Optimal,-2127.5062168264053,0.0,False,0.018602600001031533,9.094947017729282e-13,0,"[188, 195, 170, 178, 174, 183, 185]"
2025-07-19,0,Optimal,30848.688695117842,0.0002589637246847774,False,1.3227903000079095,7.275957614183426e-12,9,"[191, 195, 171, 180, 197, 183, 184]"
2025-07-19,6,Optimal,-2665.6905484553386,0.0,False,0.0456558000005316,9.094947017729282e-13,0,"[190, 192, 176, 177, 195, 183, 185]"
2025-07-19,12,Optimal,-1377.9811712430073,0.0,False,0.03379069999209605,9.094947017729282e-13,0,"[190, 193, 172, 174, 195, 186, 184]"
2025-07-19,18,Optimal,-2161.7016300707264,0.0,False,0.0164191999938339,9.094947017729282e-13,0,"[188, 195, 172, 178, 174, 183, 185]"
2025-07-20,0,Optimal,58776.667838209345,0.00019474028323258614,False,0.2872392999997828,1.8189894035458565e-12,7,"[191, 198, 194, 180, 197, 183, 184]"
2025-07-20,6,Optimal,-1002.0305659263449,0.000301900956395133,False,0.21138540000538342,9.094947017729282e-13,2,"[190, 192, 172, 194, 179, 183, 185]"
2025-07-20,12,Optimal,-1782.1180529863657,0.0,False,0.04079410000122152,9.094947017729282e-13,0,"[190, 194, 172, 174, 195, 186, 184]"
2025-07-20,18,Optimal,-2164.7397696420358,0.0,False,0.017492300015874207,8.526512829121202e-13,0,"[188, 195, 172, 180, 174, 183, 185]"
2025-07-21,0,Optimal,60231.7775711345,0.0002819116434284091,False,0.48252019999199547,1.2505552149377763e-12,7,"[191, 198, 174, 173, 197, 183, 184]"
2025-07-21,6,Optimal,-2694.1262154543983,8.787689294851072e-06,False,0.1994503000169061,2.8421709430404007e-12,2,"[190, 178, 176, 194, 179, 183, 185]"
2025-07-21,12,Optimal,713.9985588607872,0.00040691275621790773,False,0.9134405000077095,7.503331289626658e-12,6,"[190, 200, 175, 174, 195, 186, 184]"
2025-07-21,18,Optimal,-2210.8060082146494,0.0,False,0.01909169999998994,1.0231815394945443e-12,0,"[188, 195, 198, 180, 174, 183, 185]"
2025-07-22,0,Optimal,56344.50056055729,0.00029497100463351497,False,0.48477009998168796,1.0231815394945443e-12,6,"[191, 198, 177, 196, 197, 183, 184]"
2025-07-22,6,Optimal,6796.380679928192,0.0005785941844618741,False,0.5628651000151876,2.3874235921539366e-12,20,"[190, 178, 197, 201, 179, 183, 185]"
2025-07-22,12,Optimal,-3153.2719308578316,0.0,False,0.03916370001388714,9.094947017729282e-13,0,"[190, 193, 199, 180, 195, 186, 184]"
2025-07-22,18,Optimal,-2129.9645804298552,0.0,False,0.01903239998500794,9.094947017729282e-13,0,"[188, 192, 198, 180, 174, 183, 185]"
2025-07-23,0,Optimal,64541.39292056181,0.00042383576940580606,False,0.488564100000076,9.094947017729282e-13,7,"[191, 198, 177, 180, 197, 183, 184]"
2025-07-23,6,Optimal,-5023.512300019478,0.0,False,0.05233800000860356,9.094947017729282e-13,0,"[190, 193, 176, 194, 179, 183, 185]"
2025-07-23,12,Optimal,-1700.7945635168849,0.0,False,0.5415000000211876,9.094947017729282e-13,3,"[190, 193, 199, 180, 179, 186, 184]"
2025-07-23,18,Optimal,-2145.313571914904,0.0,False,0.01793349999934435,9.094947017729282e-13,0,"[188, 192, 198, 180, 179, 183, 185]"
2025-07-24,0,Optimal,63296.34850705503,0.00032394731218718446,False,0.2750354000017978,1.9326762412674725e-12,7,"[191, 190, 201, 196, 197, 183, 184]"
2025-07-24,6,Optimal,-3814.9119415822784,0.0,False,0.051956299983430654,9.663381206337363e-13,0,"[190, 193, 176, 201, 179, 183, 185]"
2025-07-24,12,Optimal,-2126.615869828807,0.0,False,0.04050139998435043,9.094947017729282e-13,0,"[190, 193, 199, 180, 179, 186, 184]"
2025-07-24,18,Optimal,-2022.7813961983504,0.0,False,0.01739870000164956,9.094947017729282e-13,0,"[188, 192, 198, 178, 179, 183, 185]"
2025-07-25,0,Optimal,27384.94821303906,3.24124553582623e-05,False,0.4764044000185095,1.0604850331219495e-12,2,"[191, 199, 195, 178, 197, 183, 184]"
2025-07-25,6,Optimal,-1224.1143218739255,0.0,False,0.048354400001699105,9.094947017729282e-13,0,"[190, 193, 204, 201, 179, 183, 185]"
2025-07-25,12,Optimal,-1661.4536642310634,0.0,False,0.032963400008156896,9.094947017729282e-13,0,"[190, 193, 199, 180, 179, 186, 184]"
2025-07-25,18,Optimal,-2158.021772171846,0.0,False,0.016476299992064014,9.094947017729282e-13,0,"[188, 192, 198, 178, 179, 183, 185]"
2025-07-26,0,Optimal,28361.28508242673,0.0003923898124841476,False,0.28636090000509284,2.8421709430404007e-12,7,"[191, 199, 195, 196, 197, 183, 184]"
2025-07-26,6,Optimal,-703.2467668727563,0.0,False,0.052624099975218996,9.094947017729282e-13,0,"[190, 200, 198, 201, 179, 183, 185]"
2025-07-26,12,Optimal,-1187.2653187654737,0.0,False,0.03295270001399331,9.094947017729282e-13,0,"[190, 193, 178, 197, 179, 186, 184]"
2025-07-26,18,Optimal,-2082.602608378298,0.0,False,0.020340400020359084,9.094947017729282e-13,0,"[188, 192, 198, 178, 179, 183, 185]"
2025-07-27,0,Optimal,57082.0332266098,0.0002563604965957043,False,0.5029609999910463,1.9326762412674725e-12,7,"[191, 199, 200, 196, 197, 183, 184]"
2025-07-27,6,Optimal,-528.0896078868169,0.0,False,0.05334330000914633,9.663381206337363e-13,0,"[190, 200, 206, 201, 179, 183, 185]"
2025-07-27,12,Optimal,-31.840533846892253,0.0,False,0.37855039999703877,1.9326762412674725e-12,4,"[190, 193, 205, 197, 179, 186, 184]"
2025-07-27,18,Optimal,-2174.1806298916367,0.0,False,0.018941799993626773,8.597567102697212e-13,0,"[188, 192, 200, 194, 179, 183, 185]"
2025-07-28,0,Optimal,58966.31623669313,0.00045131027111461883,False,0.47134759998880327,1.0231815394945443e-12,7,"[191, 199, 200, 196, 202, 183, 184]"
2025-07-28,6,Optimal,1052.9833787288483,0.0006087586497478725,False,0.22026309999637306,4.831690603168681e-12,4,"[190, 200, 206, 201, 203, 183, 185]"
2025-07-28,12,Optimal,-1357.480791975501,0.0,False,0.04098890000022948,9.094947017729282e-13,0,"[190, 193, 205, 197, 195, 186, 184]"
2025-07-28,18,Optimal,-2166.1604466721765,0.0,False,0.0169496999878902,1.0231815394945443e-12,0,"[188, 192, 200, 194, 207, 183, 185]"
2025-07-29,0,Optimal,57511.90197383516,0.0004337457728865731,False,0.49197730000014417,9.094947017729282e-13,7,"[191, 199, 200, 196, 208, 183, 184]"
2025-07-29,6,Optimal,2350.3293732305515,0.0005021470915198819,False,1.1303552000026684,9.094947017729282e-13,12,"[190, 200, 206, 201, 203, 183, 185]"
2025-07-29,12,Optimal,-661.0498142967729,0.0005984627541756474,False,0.4821794999879785,1.8189894035458565e-12,5,"[190, 193, 205, 197, 208, 186, 184]"
2025-07-29,18,Optimal,-2177.247075391304,0.0,False,0.020922099996823817,9.094947017729282e-13,0,"[188, 192, 200, 194, 196, 183, 185]"
2025-07-30,0,Optimal,52285.16537971199,0.0008338617151974816,False,2.371613099996466,2.3874235921539366e-12,1008,"[191, 199, 200, 196, 209, 187, 184]"
2025-07-30,6,Optimal,10486.714050837936,0.0009257130712110658,False,0.44874159997561947,5.9401372709544376e-12,7,"[190, 200, 198, 194, 207, 187, 185]"
2025-07-30,12,Optimal,162.1410995269347,0.0,False,0.22784449998289347,9.094947017729282e-13,4,"[190, 209, 194, 204, 195, 187, 184]"
2025-07-30,18,Optimal,-1513.8996108619701,0.0,False,0.016150599985849112,9.094947017729282e-13,0,"[188, 192, 206, 197, 207, 187, 185]"
2025-07-31,0,Optimal,54462.157590197115,0.000813822302852671,False,2.1233693000103813,4.092726157978177e-12,1008,"[191, 199, 200, 196, 209, 187, 184]"
2025-07-31,6,Optimal,4944.791021030407,0.0006458461509198402,False,1.9966578999883495,1.2505552149377763e-12,11,"[190, 200, 198, 197, 195, 199, 186]"
2025-07-31,12,Optimal,1332.3116005262968,0.0,False,0.6445250000106171,9.094947017729282e-13,5,"[190, 210, 200, 203, 207, 198, 184]"
2025-07-31,18,Optimal,-394.343922322017,0.0,False,0.01748730000690557,9.094947017729282e-13,0,"[188, 192, 206, 203, 204, 202, 185]"
2025-08-01,0,Optimal,27210.612229208433,8.320886515802292e-05,False,0.4735727999941446,4.646949491871055e-12,5,"[191, 199, 200, 196, 209, 192, 184]"
2025-08-01,6,Optimal,546.2642158172782,0.0,False,0.045390999992378056,9.094947017729282e-13,0,"[190, 200, 198, 197, 208, 196, 186]"
2025-08-01,12,Optimal,762.3934642594251,0.00010592640018537577,False,2.426197399996454,2.2737367544323206e-12,504,"[190, 210, 200, 199, 196, 202, 184]"
2025-08-01,18,Optimal,-526.584016203415,0.0,False,0.015274300007149577,9.094947017729282e-13,0,"[188, 192, 205, 210, 199, 208, 185]"
2025-08-02,0,Optimal,29114.38275321062,0.0009880163915393517,False,0.8272745000140276,9.379164112033322e-13,13,"[191, 199, 200, 194, 202, 211, 185]"
2025-08-02,6,Optimal,-1940.1077869974295,0.0,False,0.04908110000542365,8.952838470577262e-13,0,"[190, 200, 198, 197, 208, 196, 186]"
2025-08-02,12,Optimal,-1559.7871843875907,0.0,False,0.03478260000701994,9.094947017729282e-13,0,"[190, 210, 200, 199, 196, 208, 186]"
2025-08-02,18,Optimal,-2024.4665902515464,0.0,False,0.016002400021534413,9.094947017729282e-13,0,"[188, 192, 205, 210, 199, 208, 186]"
2025-08-03,0,Optimal,42331.459207557025,0.000898504210047828,False,2.3367547999951057,4.490630090003833e-12,1008,"[188, 204, 206, 212, 205, 197, 210]"
2025-08-03,6,Optimal,3103.098753511143,0.0007769311194145843,False,0.8325442000059411,1.8189894035458565e-12,5,"[190, 200, 198, 204, 201, 203, 187]"
2025-08-03,12,Optimal,-628.7733293745143,0.0,False,0.03742730000521988,9.094947017729282e-13,0,"[190, 210, 200, 199, 197, 195, 187]"
2025-08-03,18,Optimal,805.1212978953625,0.0,False,0.017179799993755296,9.094947017729282e-13,0,"[188, 192, 209, 198, 194, 196, 187]"
2025-08-04,0,Optimal,47149.286379863246,0.0009910318343597404,False,0.9911774999927729,2.55440113505756e-12,34,"[188, 204, 206, 212, 205, 214, 187]"
2025-08-04,6,Optimal,2881.7487470963088,0.0003882972521376208,False,0.6779368999996223,1.0231815394945443e-12,4,"[190, 200, 198, 204, 211, 207, 199]"
2025-08-04,12,Optimal,-2934.7812100875954,0.0,False,0.04041390001657419,9.094947017729282e-13,0,"[190, 210, 200, 199, 197, 195, 214]"
2025-08-04,18,Optimal,25.369449720789504,0.0,False,0.01766539999516681,8.988365607365267e-13,0,"[188, 192, 209, 198, 194, 214, 212]"
2025-08-05,0,Optimal,46005.022963415824,3.2054448153709925e-08,False,0.5085361999808811,2.1600499167107046e-12,2,"[188, 204, 206, 212, 207, 208, 192]"
2025-08-05,6,Optimal,2042.391615989224,0.000930077998636705,False,0.35378819998004474,9.094947017729282e-13,2,"[190, 205, 192, 213, 194, 195, 212]"
2025-08-05,12,Optimal,-1733.0214162419109,0.0,False,0.03940000000875443,9.094947017729282e-13,0,"[190, 210, 200, 199, 197, 195, 214]"
2025-08-05,18,Optimal,-628.1690096508794,0.0,False,0.01687250001123175,9.094947017729282e-13,0,"[188, 192, 209, 198, 194, 214, 202]"
2025-08-06,0,Optimal,51188.63463093326,0.0009490170506379431,False,2.166044100013096,3.8404834867833415e-12,1008,"[191, 199, 200, 194, 216, 208, 192]"
2025-08-06,6,Optimal,-838.5397506092597,0.0,False,0.056992099998751655,9.094947017729282e-13,0,"[190, 216, 192, 213, 194, 195, 212]"
2025-08-06,12,Optimal,-1526.1232470376588,0.0,False,0.04359519999707118,9.094947017729282e-13,0,"[191, 209, 200, 199, 197, 195, 214]"
2025-08-06,18,Optimal,-601.954422564967,0.0,False,0.018079300003591925,9.094947017729282e-13,0,"[191, 192, 209, 198, 194, 214, 202]"
2025-08-07,0,Optimal,50479.90457009569,0.0003440410278917435,False,0.3248901999904774,9.094947017729282e-13,8,"[193, 190, 200, 194, 216, 208, 192]"
2025-08-07,6,Optimal,-973.2457256645134,0.00040780040003731696,False,1.2289425000199117,1.8189894035458565e-12,5,"[202, 200, 198, 217, 194, 195, 212]"
2025-08-07,12,Optimal,-1241.8015284317707,0.0,False,0.0406166999891866,9.094947017729282e-13,0,"[192, 209, 200, 199, 197, 195, 214]"
2025-08-07,18,Optimal,-713.1604041202029,0.0,False,0.01669749998836778,9.094947017729282e-13,0,"[201, 192, 209, 198, 194, 214, 202]"
2025-08-08,0,Optimal,23275.094754664147,0.0,False,0.06784000000334345,9.094947017729282e-13,0,"[191, 199, 200, 194, 216, 208, 192]"
2025-08-08,6,Optimal,-863.4250413049549,0.0,False,0.041403999988688156,9.094947017729282e-13,0,"[215, 200, 198, 217, 194, 195, 212]"
2025-08-08,12,Optimal,-932.2635737373289,0.0,False,0.03360130000510253,9.094947017729282e-13,0,"[201, 216, 211, 199, 197, 195, 214]"
2025-08-08,18,Optimal,-842.3803688577555,0.0,False,0.013890400005038828,8.810729923425242e-13,0,"[193, 195, 205, 210, 194, 214, 202]"
2025-08-09,0,Optimal,22571.81508781566,1.3007422140280098e-05,False,0.2579480999847874,1.0231815394945443e-12,1,"[193, 198, 195, 219, 216, 208, 192]"
2025-08-09,6,Optimal,-257.2974385838152,0.0,False,0.044451900001149625,9.094947017729282e-13,0,"[205, 193, 206, 217, 194, 195, 212]"
2025-08-09,12,Optimal,245.6900662740594,0.0,False,0.04035989998374134,1.0231815394945443e-12,0,"[219, 216, 211, 199, 197, 195, 214]"
2025-08-09,18,Optimal,-681.1336369752405,0.0,False,0.017674900009296834,1.0231815394945443e-12,0,"[193, 195, 205, 210, 194, 214, 202]"
2025-08-10,0,Optimal,48086.797511549026,0.0005029956584669612,False,1.754675500007579,2.6716406864579767e-12,1008,"[193, 198, 195, 194, 207, 209, 211]"
2025-08-10,6,Optimal,-775.4604684388136,0.0,False,0.061071000003721565,9.094947017729282e-13,0,"[205, 193, 219, 204, 194, 195, 212]"
2025-08-10,12,Optimal,-1509.4175852386377,0.0,False,0.03959729999769479,9.094947017729282e-13,0,"[220, 216, 211, 199, 197, 195, 214]"
2025-08-10,18,Optimal,-749.3766703638463,0.0,False,0.01668569998582825,8.881784197001252e-13,0,"[193, 213, 205, 210, 194, 214, 202]"
2025-08-11,0,Optimal,45614.76851513832,2.5642148446517763e-07,False,0.30804910001461394,9.094947017729282e-13,2,"[203, 217, 201, 194, 207, 209, 211]"
2025-08-11,6,Optimal,1929.6748722154387,1.6931601069626042e-05,False,0.45457700002589263,9.094947017729282e-13,3,"[205, 209, 210, 214, 194, 195, 212]"
2025-08-11,12,Optimal,-1160.1077488426422,0.0,False,0.04395469999872148,9.094947017729282e-13,0,"[220, 216, 211, 199, 197, 195, 214]"
2025-08-11,18,Optimal,-769.1397794389302,0.0,False,0.022162999986903742,9.094947017729282e-13,0,"[216, 213, 205, 210, 194, 214, 202]"
2025-08-12,0,Optimal,50337.152906673444,2.2437017561883502e-05,False,1.9700497000012547,3.126388037344441e-12,1008,"[203, 217, 201, 222, 207, 209, 211]"
2025-08-12,6,Optimal,147.16146603415902,0.0,False,0.3825840000063181,8.86402062860725e-13,3,"[205, 200, 219, 204, 220, 195, 212]"
2025-08-12,12,Optimal,-1508.7238164216287,0.0,False,0.0459160000027623,9.094947017729282e-13,0,"[219, 209, 221, 199, 197, 195, 214]"
2025-08-12,18,Optimal,-475.2432486146614,0.0,False,0.020504300016909838,8.100187187665142e-13,0,"[222, 195, 209, 198, 197, 214, 202]"
2025-08-13,0,Optimal,45428.811267172794,0.0001051973752907277,False,2.03816509997705,2.7199575924896635e-11,1008,"[203, 198, 201, 222, 207, 209, 211]"
2025-08-13,6,Optimal,1616.267035740841,0.0,False,0.4510217999923043,9.094947017729282e-13,2,"[215, 218, 206, 217, 221, 208, 212]"
2025-08-13,12,Optimal,-217.72416004679732,0.0,False,0.8952787000162061,1.8189894035458565e-12,5,"[222, 217, 200, 218, 213, 207, 214]"
2025-08-13,18,Optimal,-355.5452572580472,0.0,False,0.017792099999496713,8.846257060213247e-13,0,"[219, 221, 209, 198, 197, 214, 202]"
2025-08-14,0,Optimal,46878.92940470557,5.1699297385967666e-05,False,0.35065490001579747,1.7962520360015333e-11,2,"[203, 198, 201, 222, 224, 209, 211]"
2025-08-14,6,Optimal,3665.8150386995158,0.0007110587760992364,False,0.28316250001080334,1.3642420526593924e-12,3,"[215, 218, 224, 213, 197, 201, 212]"
2025-08-14,12,Optimal,-1330.3460527736265,0.0,False,0.04329289999441244,9.094947017729282e-13,0,"[223, 210, 206, 205, 204, 207, 214]"
2025-08-14,18,Optimal,-619.4929582083987,0.0,False,0.016133800003444776,1.0231815394945443e-12,0,"[223, 217, 211, 200, 218, 207, 202]"
2025-08-15,0,Optimal,25279.151814222638,0.0,False,0.07557230000384152,9.094947017729282e-13,0,"[203, 198, 201, 222, 207, 202, 211]"
2025-08-15,6,Optimal,-1698.0615544972097,0.0,False,0.04878340000868775,9.094947017729282e-13,0,"[223, 216, 198, 210, 214, 201, 212]"
2025-08-15,12,Optimal,-580.0569454859335,0.0,False,0.032381199998781085,9.094947017729282e-13,0,"[201, 220, 216, 211, 203, 207, 214]"
2025-08-15,18,Optimal,-896.0054589249834,0.0,False,0.018421700020553544,9.094947017729282e-13,0,"[224, 216, 220, 206, 203, 207, 202]"
2025-08-16,0,Optimal,26664.34786504177,1.3239089664617841e-05,False,0.2845670999959111,9.094947017729282e-13,1,"[218, 223, 201, 222, 207, 202, 211]"
2025-08-16,6,Optimal,-2481.737028453709,0.0,False,0.055499999987659976,9.094947017729282e-13,0,"[226, 222, 209, 210, 214, 201, 212]"
2025-08-16,12,Optimal,-474.7156996793555,0.0,False,0.03169030000572093,9.094947017729282e-13,0,"[201, 220, 209, 221, 199, 212, 214]"
2025-08-16,18,Optimal,-844.2507778502188,0.0,False,0.0173689000075683,8.810729923425242e-13,0,"[201, 222, 213, 205, 203, 207, 202]"
2025-08-17,0,Optimal,48404.23552410662,0.0,False,0.08732510000118054,1.0231815394945443e-12,0,"[227, 223, 201, 222, 207, 202, 211]"
2025-08-17,6,Optimal,-1371.952564607105,0.0,False,0.05760600001667626,9.094947017729282e-13,0,"[226, 222, 209, 210, 204, 211, 203]"
2025-08-17,12,Optimal,-744.0242747379084,0.0,False,0.039051400002790615,9.094947017729282e-13,0,"[201, 219, 217, 200, 218, 212, 214]"
2025-08-17,18,Optimal,-830.7035227255988,0.0,False,0.018516300013288856,9.094947017729282e-13,0,"[201, 219, 221, 209, 210, 207, 202]"
2025-08-18,0,Optimal,47994.517981237135,0.0,False,0.07800509998924099,9.094947017729282e-13,0,"[227, 228, 201, 222, 207, 202, 211]"
2025-08-18,6,Optimal,-924.8561322533158,0.0,False,0.06160760001512244,9.094947017729282e-13,0,"[228, 205, 209, 210, 204, 211, 203]"
2025-08-18,12,Optimal,-1583.351927165118,0.0,False,0.039845599996624514,9.094947017729282e-13,0,"[228, 222, 210, 206, 218, 212, 214]"
2025-08-18,18,Optimal,-783.4643739911354,0.0,False,0.018810100009432063,9.094947017729282e-13,0,"[226, 223, 217, 211, 210, 207, 202]"
2025-08-19,0,Optimal,46608.073465152906,0.0,False,0.08463679999113083,9.094947017729282e-13,0,"[227, 228, 229, 222, 207, 202, 211]"
2025-08-19,6,Optimal,-1265.364080201836,0.0,False,0.059947900008410215,8.952838470577262e-13,0,"[228, 215, 218, 219, 217, 220, 203]"
2025-08-19,12,Optimal,55.16402512658031,0.0,False,0.04501999999047257,9.094947017729282e-13,0,"[228, 219, 217, 206, 218, 212, 214]"
2025-08-19,18,Optimal,-716.7140697887495,0.0,False,0.018001999997068197,9.094947017729282e-13,0,"[226, 223, 217, 211, 210, 207, 202]"
2025-08-20,0,Optimal,51178.003639057846,0.0007928532035853785,False,1.0151428999961354,1.0231815394945443e-12,11,"[227, 228, 229, 230, 215, 205, 211]"
2025-08-20,6,Optimal,-126.59538085368395,0.0,False,0.060589400003664196,9.094947017729282e-13,0,"[226, 205, 209, 210, 217, 220, 203]"
2025-08-20,12,Optimal,-237.21242878189884,0.0009161927529020015,False,0.7519463000062387,1.2505552149377763e-12,5,"[228, 219, 210, 216, 205, 213, 214]"
2025-08-20,18,Optimal,-722.8375262016617,0.0,False,0.01801309999427758,9.094947017729282e-13,0,"[226, 227, 216, 220, 206, 204, 208]"
2025-08-21,0,Optimal,48608.974415236065,0.0008499500504193595,False,0.5622904000047129,2.7853275241795927e-12,7,"[227, 223, 229, 230, 215, 205, 211]"
2025-08-21,6,Optimal,-658.7811671209067,0.0,False,0.059983600018313155,9.094947017729282e-13,0,"[226, 205, 209, 210, 213, 221, 207]"
2025-08-21,12,Optimal,-397.1345739775694,0.0,False,0.05017699999734759,1.0231815394945443e-12,0,"[228, 219, 226, 229, 211, 213, 214]"
2025-08-21,18,Optimal,-669.3048675761041,0.0,False,0.016436599980806932,8.313350008393172e-13,0,"[225, 224, 222, 213, 205, 204, 208]"
2025-08-22,0,Optimal,24357.418148059052,0.0,False,0.06944200000725687,9.094947017729282e-13,0,"[227, 232, 229, 230, 215, 205, 211]"
2025-08-22,6,Optimal,-784.754635472039,0.0,False,0.04468330001691356,9.094947017729282e-13,0,"[226, 205, 209, 219, 227, 221, 207]"
2025-08-22,12,Optimal,-375.24347031199443,0.0,False,0.03037269998458214,9.094947017729282e-13,0,"[228, 219, 226, 209, 221, 213, 214]"
2025-08-22,18,Optimal,-621.3341519998618,0.0,False,0.014370599994435906,9.094947017729282e-13,0,"[225, 229, 219, 221, 209, 218, 208]"
2025-08-23,0,Optimal,22790.30078851393,0.0006961908766012905,False,1.764657099993201,2.1600499167107046e-12,1008,"[227, 232, 229, 221, 225, 216, 211]"
2025-08-23,6,Optimal,1064.84404137645,0.0,False,0.04860859998734668,9.094947017729282e-13,0,"[226, 222, 224, 210, 213, 220, 233]"
2025-08-23,12,Optimal,117.36270564864223,0.0,False,0.032708799990359694,9.094947017729282e-13,0,"[228, 219, 226, 209, 221, 233, 214]"
2025-08-23,18,Optimal,-797.3463178233575,0.0,False,0.015318899997510016,1.0231815394945443e-12,0,"[225, 229, 219, 221, 209, 218, 208]"
2025-08-24,0,Optimal,46812.362626223505,0.000931871024447429,False,1.8373461999872234,2.8990143619012088e-12,1008,"[227, 232, 233, 230, 215, 216, 211]"
2025-08-24,6,Optimal,-1195.7019370737996,0.0,False,0.0638211999903433,9.094947017729282e-13,0,"[226, 222, 224, 230, 217, 211, 233]"
2025-08-24,12,Optimal,1865.568119591278,0.0009541453661260119,False,1.9582882999966387,3.524291969370097e-12,504,"[228, 219, 226, 209, 221, 233, 214]"
2025-08-24,18,Optimal,-747.3878065705144,0.0,False,0.01752880000276491,9.094947017729282e-13,0,"[225, 229, 219, 234, 211, 218, 208]"
2025-08-25,0,Optimal,59900.33228616953,0.0008207811779312022,False,0.5309631999989506,2.3874235921539366e-12,11,"[227, 232, 233, 235, 225, 216, 211]"
2025-08-25,6,Optimal,-3631.1041251426295,0.0,False,0.06528040001285262,9.094947017729282e-13,0,"[226, 222, 224, 230, 217, 211, 233]"
2025-08-25,12,Optimal,-1392.6904908260206,0.0,False,0.03791720001026988,9.094947017729282e-13,0,"[228, 222, 231, 217, 234, 213, 214]"
2025-08-25,18,Optimal,-875.9235563535053,0.0,False,0.01759430000674911,1.0231815394945443e-12,0,"[225, 229, 219, 217, 220, 210, 208]"
2025-08-26,0,Optimal,47207.2578265404,0.0006977927231324651,False,1.0205394999939017,5.4569682106375694e-12,9,"[213, 223, 229, 221, 219, 224, 211]"
2025-08-26,6,Optimal,2214.2507266768916,0.0005488404861290753,False,1.2020128000003751,1.3926637620897964e-12,5,"[226, 222, 209, 210, 213, 220, 233]"
2025-08-26,12,Optimal,-966.9379356195844,0.0,False,0.041639800008852035,1.0231815394945443e-12,0,"[228, 236, 220, 232, 216, 218, 214]"
2025-08-26,18,Optimal,-917.6657356769397,0.0,False,0.018708699994022027,9.094947017729282e-13,0,"[228, 230, 223, 216, 213, 233, 215]"
2025-08-27,0,Optimal,47789.847356336155,0.0005594909787457112,False,1.7710113000066485,2.5011104298755527e-12,1008,"[213, 223, 229, 221, 237, 234, 211]"
2025-08-27,6,Optimal,5945.067964562865,0.00044410457284230063,False,0.47138070000801235,1.7053025658242404e-12,7,"[226, 215, 218, 210, 213, 220, 233]"
2025-08-27,12,Optimal,-1234.8784581183147,0.0,False,0.03800189998582937,9.094947017729282e-13,0,"[224, 227, 230, 210, 216, 218, 214]"
2025-08-27,18,Optimal,-749.1616154207379,0.0,False,0.01742530000046827,9.094947017729282e-13,0,"[228, 230, 227, 222, 221, 233, 215]"
2025-08-28,0,Optimal,45313.32444352045,0.0,False,0.08305929999914952,9.094947017729282e-13,0,"[213, 223, 229, 221, 237, 238, 214]"
2025-08-28,6,Optimal,6327.335173045207,0.0009088773215226967,False,0.5517213999992236,1.1368683772161603e-12,6,"[228, 223, 216, 219, 213, 220, 233]"
2025-08-28,12,Optimal,-657.4547202678403,0.0,False,0.03785789999528788,9.094947017729282e-13,0,"[237, 223, 219, 226, 216, 218, 214]"
2025-08-28,18,Optimal,-811.8077272483151,0.0,False,0.01753609997103922,9.094947017729282e-13,0,"[236, 226, 224, 235, 234, 211, 215]"
2025-08-29,0,Optimal,24639.470856529468,0.0003462936371934748,False,0.9675427000038326,1.3642420526593924e-12,6,"[213, 223, 229, 221, 237, 238, 214]"
2025-08-29,6,Optimal,-1567.7982178996415,0.0,False,0.045817899983376265,9.094947017729282e-13,0,"[228, 223, 216, 232, 227, 221, 233]"
2025-08-29,12,Optimal,447.32724552191405,0.0,False,0.03166020000935532,9.094947017729282e-13,0,"[237, 223, 219, 231, 229, 218, 214]"
2025-08-29,18,Optimal,-943.6994976156764,0.0,False,0.014657699997769669,9.094947017729282e-13,0,"[236, 226, 224, 235, 217, 220, 215]"
2025-08-30,0,Optimal,24138.248927431396,3.643649811912382e-05,False,0.2604107999941334,1.0231815394945443e-12,1,"[213, 228, 217, 221, 237, 238, 214]"
2025-08-30,6,Optimal,-1165.8402180645855,0.0,False,0.044410300004528835,9.094947017729282e-13,0,"[228, 223, 216, 232, 227, 240, 234]"
2025-08-30,12,Optimal,-602.0648843296701,0.0,False,0.029696700017666444,9.094947017729282e-13,0,"[240, 235, 222, 220, 217, 221, 214]"
2025-08-30,18,Optimal,-833.1152505481025,0.0,False,0.015791699988767505,9.094947017729282e-13,0,"[240, 232, 229, 219, 239, 213, 214]"
2025-08-31,0,Optimal,46156.50975546396,0.000985526852050354,False,2.1956856999895535,3.481659405224491e-12,1008,"[227, 228, 217, 221, 237, 238, 214]"
2025-08-31,6,Optimal,1609.529519911402,0.0004210124874896503,False,0.21233650000067428,9.094947017729282e-13,2,"[228, 223, 216, 224, 231, 240, 234]"
2025-08-31,12,Optimal,-911.1574182327388,0.0,False,0.039524199994048104,9.094947017729282e-13,0,"[240, 235, 222, 220, 217, 234, 214]"
2025-08-31,18,Optimal,-818.4036325094571,0.0,False,0.017954399983864278,9.094947017729282e-13,0,"[240, 232, 229, 219, 239, 241, 214]"
2025-09-01,0,Optimal,49940.89153961384,0.0007989206618219953,False,1.876482699997723,2.6716406864579767e-12,1008,"[227, 228, 217, 221, 237, 238, 216]"
2025-09-01,6,Optimal,-2993.911223709366,0.0,False,0.06199159999960102,9.094947017729282e-13,0,"[228, 223, 216, 241, 230, 240, 234]"
2025-09-01,12,Optimal,88.41735095143176,0.0002938349688756791,False,0.1877919000107795,1.9895196601282805e-12,1,"[240, 235, 222, 242, 232, 216, 233]"
2025-09-01,18,Optimal,-831.8944337806493,0.0,False,0.019337000005180016,8.384404281969182e-13,0,"[231, 225, 237, 223, 216, 221, 218]"
2025-09-02,0,Optimal,42715.65221385851,0.0,False,0.08235049998620525,1.0231815394945443e-12,0,"[226, 241, 231, 220, 222, 238, 216]"
2025-09-02,6,Optimal,4972.698588141495,0.0003733874091476136,False,0.20866819997900166,1.1368683772161603e-12,1,"[225, 237, 216, 241, 230, 240, 234]"
2025-09-02,12,Optimal,-1987.743787281328,0.0,False,0.03877189999911934,9.094947017729282e-13,0,"[225, 228, 236, 239, 226, 241, 218]"
2025-09-02,18,Optimal,-670.4906995080852,0.0,False,0.02124030000413768,1.0231815394945443e-12,0,"[242, 228, 230, 227, 222, 234, 233]"
2025-09-03,0,Optimal,45322.35026919755,0.0005938395207101929,False,0.5447429000050761,3.716138508025324e-12,7,"[226, 240, 232, 233, 230, 225, 224]"
2025-09-03,6,Optimal,635.9611278989704,0.0,False,0.05394560002605431,9.094947017729282e-13,0,"[238, 229, 236, 241, 230, 240, 234]"
2025-09-03,12,Optimal,-1169.9067394595065,0.0,False,0.03948060001130216,9.094947017729282e-13,0,"[238, 224, 227, 230, 231, 229, 218]"
2025-09-03,18,Optimal,-705.6949761342632,0.0,False,0.01582639999105595,9.094947017729282e-13,0,"[238, 236, 226, 224, 235, 234, 233]"
2025-09-04,0,Optimal,45107.363623471545,0.0009183941549474274,False,0.5215449999959674,1.1652900866465643e-11,7,"[245, 218, 223, 233, 230, 225, 224]"
2025-09-04,6,Optimal,22.342745252025182,0.0,False,0.0586741000006441,1.0231815394945443e-12,0,"[245, 226, 222, 242, 219, 240, 234]"
2025-09-04,12,Optimal,-2040.6889467098565,0.0,False,0.0387615000072401,1.0231815394945443e-12,0,"[245, 237, 223, 219, 220, 229, 218]"
2025-09-04,18,Optimal,-885.2384397673324,0.0,False,0.018464799999492243,1.0231815394945443e-12,0,"[245, 240, 232, 229, 219, 234, 233]"
2025-09-05,0,Optimal,21456.17780764239,0.0,False,0.06474510001135059,9.094947017729282e-13,0,"[245, 227, 223, 233, 230, 225, 224]"
2025-09-05,6,Optimal,-1255.8257732784157,0.0,False,0.04775100000551902,9.094947017729282e-13,0,"[243, 228, 223, 242, 219, 240, 234]"
2025-09-05,12,Optimal,-1117.4084765924772,0.0,False,0.03234890001476742,1.1510792319313623e-12,0,"[244, 240, 235, 222, 242, 232, 221]"
2025-09-05,18,Optimal,-1018.5880576447424,0.0,False,0.013945499988039955,9.094947017729282e-13,0,"[244, 231, 225, 237, 223, 239, 220]"
2025-09-06,0,Optimal,17451.859626192287,0.0,False,0.06330690000322647,1.0231815394945443e-12,0,"[245, 247, 228, 229, 235, 225, 224]"
2025-09-06,6,Optimal,-1074.6494522086139,0.0,False,0.04416849999688566,1.0231815394945443e-12,0,"[243, 225, 237, 239, 232, 240, 234]"
2025-09-06,12,Optimal,-1093.7872097839354,0.0,False,0.031071800010977313,1.0231815394945443e-12,0,"[244, 225, 228, 236, 242, 232, 221]"
2025-09-06,18,Optimal,-984.6714371428752,0.0,False,0.015372599998954684,1.0231815394945443e-12,0,"[246, 242, 228, 230, 227, 239, 220]"
2025-09-07,0,Optimal,37532.555516225526,0.0003418114241210452,False,2.033728600014001,5.4569682106375694e-12,1008,"[245, 247, 228, 231, 235, 225, 224]"
2025-09-07,6,Optimal,4977.767236580735,0.0006879938340769654,False,0.3716930999944452,1.0231815394945443e-12,2,"[243, 248, 229, 236, 224, 227, 234]"
2025-09-07,12,Optimal,-1842.1634787183093,0.0,False,0.042785099998582155,1.0231815394945443e-12,0,"[244, 238, 224, 227, 239, 232, 221]"
2025-09-07,18,Optimal,-800.6907480038373,0.0,False,0.016132099990500137,9.094947017729282e-13,0,"[246, 238, 236, 226, 224, 222, 241]"
2025-09-08,0,Optimal,33033.7873105604,4.328710461886226e-06,False,0.2941045000043232,1.0231815394945443e-12,3,"[245, 247, 228, 231, 235, 225, 224]"
2025-09-08,6,Optimal,350.48859383388157,0.0,False,0.05252699999255128,9.094947017729282e-13,0,"[243, 238, 226, 222, 241, 231, 234]"
2025-09-08,12,Optimal,-506.9797418400648,0.0,False,0.03633939998690039,9.094947017729282e-13,0,"[244, 249, 237, 223, 230, 226, 234]"
2025-09-08,18,Optimal,1681.5141396646059,0.0,False,0.01825170000665821,8.597567102697212e-13,0,"[246, 249, 240, 232, 229, 235, 241]"
2025-09-09,0,Optimal,31303.66421060869,9.281981827969118e-05,False,1.7162040999974124,3.637978807091713e-12,1008,"[245, 247, 228, 231, 235, 238, 239]"
2025-09-09,6,Optimal,3435.790471517434,0.0006079479063239629,False,0.4387499000004027,2.0463630789890885e-12,6,"[243, 238, 226, 236, 224, 227, 233]"
2025-09-09,12,Optimal,-1320.9812994143188,0.0,False,0.03574389999266714,9.094947017729282e-13,0,"[244, 249, 237, 223, 239, 232, 233]"
2025-09-09,18,Optimal,1462.0697681658846,0.0,False,0.01568139999289997,8.668621376273222e-13,0,"[246, 249, 240, 232, 229, 235, 233]"
2025-09-10,0,Optimal,38505.01279976665,0.0003177838789315623,False,0.4891215999959968,5.4569682106375694e-12,13,"[245, 247, 228, 249, 230, 242, 250]"
2025-09-10,6,Optimal,-2300.072191101323,0.0,False,0.0488830000103917,9.094947017729282e-13,0,"[243, 238, 226, 239, 232, 240, 251]"
2025-09-10,12,Time limit reached,3261.039616597856,0.002515964927029756,False,10.266014699998777,2.3211062701496607e-12,504,"[244, 249, 237, 227, 242, 229, 251]"
2025-09-10,18,Optimal,1581.7581689032697,0.0,False,0.015586199995595962,8.526512829121202e-13,0,"[246, 249, 240, 232, 229, 239, 251]"
2025-09-11,0,Optimal,38630.973141366536,0.0009110382608564959,False,0.5028461999900173,2.6716406864579767e-12,9,"[245, 247, 228, 249, 230, 242, 250]"
2025-09-11,6,Optimal,-1627.7322224377726,0.0,False,0.04562590000568889,9.094947017729282e-13,0,"[243, 238, 226, 239, 230, 235, 250]"
2025-09-11,12,Optimal,-1752.4072477260324,0.0,False,0.032268800016026944,9.094947017729282e-13,0,"[244, 249, 237, 236, 231, 241, 252]"
2025-09-11,18,Optimal,-1110.4550320011465,0.0,False,0.014669500000309199,8.668621376273222e-13,0,"[246, 249, 240, 232, 229, 234, 252]"
2025-09-12,0,Optimal,17728.49245961263,4.932054335152653e-05,False,0.24869939999189228,9.094947017729282e-13,3,"[245, 247, 228, 249, 235, 242, 250]"
2025-09-12,6,Optimal,-885.8453105843324,0.0,False,0.04126309999264777,9.094947017729282e-13,0,"[243, 238, 229, 242, 231, 234, 250]"
2025-09-12,12,Optimal,-949.7618890668332,0.0,False,0.02987190001294948,9.379164112033322e-13,0,"[244, 249, 228, 230, 226, 234, 252]"
2025-09-12,18,Optimal,-1236.435840415505,0.0,False,0.014461700018728152,8.810729923425242e-13,0,"[246, 249, 240, 226, 227, 241, 252]"
2025-09-13,0,Optimal,15628.979923326156,2.170329983742858e-05,False,0.2412787999783177,9.094947017729282e-13,1,"[245, 227, 248, 229, 230, 234, 254]"
2025-09-13,6,Optimal,1252.2682737127902,0.0,False,0.04321400000480935,9.094947017729282e-13,0,"[243, 238, 237, 241, 227, 233, 250]"
2025-09-13,12,Optimal,250.9914029047531,0.0,False,0.03080849998514168,9.094947017729282e-13,0,"[244, 249, 228, 230, 232, 233, 252]"
2025-09-13,18,Optimal,142.71196275175993,0.0,False,0.014057099993806332,8.810729923425242e-13,0,"[246, 249, 240, 230, 235, 233, 252]"
2025-09-14,0,Optimal,45389.521264517476,0.00022264482595537783,False,0.49943649998749606,1.0231815394945443e-12,9,"[245, 240, 232, 233, 237, 255, 254]"
2025-09-14,6,Optimal,-1432.615812321706,0.0,False,0.05175129999406636,9.094947017729282e-13,0,"[243, 238, 237, 241, 231, 233, 250]"
2025-09-14,12,Optimal,-36.00157314900399,3.177566157565007e-14,False,1.404949799994938,2.1600499167107046e-12,504,"[244, 249, 228, 239, 229, 255, 252]"
2025-09-14,18,Optimal,-442.8775394339654,0.0,False,0.016274699999485165,9.094947017729282e-13,0,"[246, 249, 240, 230, 239, 255, 252]"
2025-09-15,0,Optimal,37150.493520381024,5.356318361633315e-06,False,0.4769535000086762,1.0231815394945443e-12,6,"[245, 240, 232, 233, 237, 255, 254]"
2025-09-15,6,Optimal,2352.785328894962,0.0009900924202293178,False,3.8620486999861896,2.3874235921539366e-12,756,"[243, 238, 236, 255, 240, 233, 250]"
2025-09-15,12,Optimal,214.32661809688167,0.00027139596295236613,False,2.1953696999989916,8.128608897095546e-12,504,"[244, 249, 235, 242, 241, 255, 252]"
2025-09-15,18,Optimal,-378.8806401117311,0.0,False,0.016009399987524375,8.597567102697212e-13,0,"[246, 249, 240, 237, 234, 256, 252]"
2025-09-16,0,Optimal,45930.07780500431,7.025145794274647e-05,False,0.30403780000051484,2.1813661987835076e-12,4,"[245, 240, 232, 253, 238, 257, 254]"
2025-09-16,6,Optimal,-2373.9651435641713,0.0,False,0.050437500001862645,9.094947017729282e-13,0,"[243, 238, 239, 232, 256, 233, 250]"
2025-09-16,12,Optimal,-2079.640728750816,0.0,False,0.03351259999908507,9.094947017729282e-13,0,"[244, 249, 235, 242, 234, 255, 252]"
2025-09-16,18,Optimal,-1475.8959362012688,0.0,False,0.015634400013368577,9.094947017729282e-13,0,"[246, 249, 240, 237, 241, 256, 252]"
2025-09-17,0,Optimal,43545.73724566751,6.739917716799997e-06,False,0.298678099992685,1.8189894035458565e-12,6,"[245, 240, 256, 233, 238, 257, 254]"
2025-09-17,6,Optimal,-333.0024367612544,0.0,False,0.048619400011375546,1.0231815394945443e-12,0,"[243, 238, 239, 255, 256, 233, 250]"
2025-09-17,12,Optimal,-642.901603380916,0.0,False,0.0351407999987714,1.0231815394945443e-12,0,"[244, 249, 235, 231, 233, 258, 252]"
2025-09-17,18,Optimal,-642.1978319015516,0.0,False,0.014571999985491857,1.0231815394945443e-12,0,"[246, 249, 240, 235, 233, 258, 252]"
2025-09-18,0,Optimal,39286.32846527757,4.55282916732488e-06,False,0.2763630999834277,1.0231815394945443e-12,1,"[245, 240, 256, 253, 238, 257, 254]"
2025-09-18,6,Optimal,5508.037307244062,0.0008026012683981018,False,0.623630799993407,1.1368683772161603e-12,7,"[243, 238, 239, 255, 256, 233, 250]"
2025-09-18,12,Optimal,-2038.8598616743755,0.0,False,0.03514340001856908,9.094947017729282e-13,0,"[244, 249, 235, 232, 259, 258, 252]"
2025-09-18,18,Optimal,-1551.932435139048,0.0,False,0.015484799980185926,9.094947017729282e-13,0,"[246, 249, 236, 239, 257, 258, 252]"
2025-09-19,0,Optimal,16881.15861523231,1.971577010962182e-05,False,0.25388289999682456,1.0231815394945443e-12,1,"[245, 240, 256, 235, 242, 239, 254]"
2025-09-19,6,Optimal,2223.8825466841654,0.0,False,0.042669499991461635,9.094947017729282e-13,0,"[243, 238, 236, 258, 256, 233, 250]"
2025-09-19,12,Optimal,-496.56794169968407,0.0,False,0.029339200002141297,1.0231815394945443e-12,0,"[244, 249, 235, 241, 259, 258, 252]"
2025-09-19,18,Optimal,-654.432934536776,0.0,False,0.014643699978478253,8.810729923425242e-13,0,"[246, 249, 236, 234, 259, 258, 252]"
2025-09-20,0,Optimal,17092.948747936833,6.899075186554824e-05,False,2.1002864000038244,7.714113792189892e-10,1008,"[245, 240, 256, 259, 234, 239, 254]"
2025-09-20,6,Optimal,987.2324987025082,0.0,False,0.04450910000014119,9.094947017729282e-13,0,"[243, 238, 236, 258, 259, 234, 250]"
2025-09-20,12,Optimal,-358.1942758343604,0.0,False,0.030688200000440702,9.094947017729282e-13,0,"[244, 249, 235, 241, 259, 258, 252]"
2025-09-20,18,Optimal,-484.8432176098535,0.0,False,0.014334800012875348,9.094947017729282e-13,0,"[246, 249, 236, 234, 259, 258, 252]"
2025-09-21,0,Optimal,43117.61054000354,4.947770393661625e-06,False,0.3022165999864228,4.661160346586257e-12,6,"[245, 240, 256, 259, 261, 239, 254]"
2025-09-21,6,Optimal,356.5184968288929,0.0,False,0.05070320001686923,9.094947017729282e-13,0,"[243, 238, 236, 258, 261, 257, 250]"
2025-09-21,12,Optimal,-958.9327589178341,0.0,False,0.03735130000859499,9.094947017729282e-13,0,"[244, 249, 235, 241, 257, 258, 252]"
2025-09-21,18,Optimal,-653.5857704243583,0.0,False,0.016077599982963875,9.094947017729282e-13,0,"[246, 249, 236, 241, 255, 258, 252]"
2025-09-22,0,Optimal,45964.714900512205,4.6316812291146235e-06,False,0.3013327000080608,1.2505552149377763e-12,6,"[245, 240, 256, 259, 261, 239, 254]"
2025-09-22,6,Optimal,-1531.8785878182205,0.0,False,0.05301370000233874,9.094947017729282e-13,0,"[243, 238, 260, 241, 240, 257, 250]"
2025-09-22,12,Optimal,-483.4891837304012,0.00021676649823369615,False,1.0465320000075735,1.0231815394945443e-12,5,"[244, 249, 236, 263, 257, 258, 252]"
2025-09-22,18,Optimal,-790.5295334635679,0.0,False,0.015025100001366809,9.094947017729282e-13,0,"[246, 249, 236, 261, 255, 258, 252]"
2025-09-23,0,Optimal,45413.54495354473,1.5762614640325184e-05,False,0.29885819999617524,2.3732127374387346e-12,8,"[246, 241, 264, 259, 261, 239, 254]"
2025-09-23,6,Optimal,-58.218203625217,0.0,False,0.04837439997936599,9.094947017729282e-13,0,"[243, 238, 260, 258, 261, 257, 250]"
2025-09-23,12,Optimal,-646.133380557838,0.0,False,0.03536850001546554,9.094947017729282e-13,0,"[244, 249, 239, 260, 264, 258, 252]"
2025-09-23,18,Optimal,-715.446283344708,0.0,False,0.017058600002201274,9.094947017729282e-13,0,"[246, 249, 237, 263, 260, 258, 252]"
2025-09-24,0,Optimal,39580.30552455118,0.00026313849791883165,False,1.660883600008674,2.7284841053187847e-12,1008,"[246, 241, 264, 253, 261, 239, 254]"
2025-09-24,6,Optimal,1096.1401194173661,0.0009530732902176905,False,0.7606528000032995,1.8189894035458565e-12,5,"[243, 238, 239, 255, 261, 257, 250]"
2025-09-24,12,Optimal,927.4984930093885,0.0004395906963964629,False,6.38826879998669,1.1141310096718371e-11,504,"[244, 249, 242, 260, 264, 258, 252]"
2025-09-24,18,Optimal,-603.1842962001936,0.0,False,0.01597180002136156,8.597567102697212e-13,0,"[246, 249, 239, 263, 260, 258, 252]"
2025-09-25,0,Optimal,44775.64568114143,0.0,False,0.07696929998928681,9.094947017729282e-13,0,"[246, 241, 264, 253, 255, 252, 266]"
2025-09-25,6,Optimal,-429.415926850043,0.0,False,2.631098700017901,1.6200374375330284e-12,6,"[243, 248, 242, 265, 259, 266, 250]"
2025-09-25,12,Optimal,-2380.1878216715286,0.0,False,0.037655599997378886,9.094947017729282e-13,0,"[244, 249, 241, 261, 266, 258, 252]"
2025-09-25,18,Optimal,-1739.0396012725798,0.0,False,0.01611709999269806,9.094947017729282e-13,0,"[246, 249, 241, 257, 260, 258, 252]"
2025-09-26,0,Optimal,19681.608790937655,2.252404317315221e-05,False,0.25276549998670816,1.0231815394945443e-12,2,"[246, 241, 264, 253, 261, 252, 266]"
2025-09-26,6,Optimal,-1330.2649613885415,0.0,False,0.043693099985830486,9.094947017729282e-13,0,"[243, 248, 242, 265, 259, 266, 250]"
2025-09-26,12,Optimal,-1648.164262682465,0.0,False,0.030158599984133616,1.0231815394945443e-12,0,"[244, 249, 267, 261, 266, 258, 252]"
2025-09-26,18,Optimal,-1697.266952513715,0.0,False,0.013926099985837936,7.958078640513122e-13,0,"[246, 249, 265, 267, 260, 258, 252]"
2025-09-27,0,Optimal,18518.52997100441,2.1118689077518837e-05,False,0.24430839999695309,9.094947017729282e-13,1,"[246, 248, 264, 253, 261, 252, 266]"
2025-09-27,6,Optimal,425.03523715079723,0.0,False,0.042031000019051135,9.094947017729282e-13,0,"[243, 248, 242, 265, 259, 266, 250]"
2025-09-27,12,Optimal,-1299.8909228118455,0.0,False,0.0319446999928914,9.094947017729282e-13,0,"[244, 249, 265, 259, 266, 258, 252]"
2025-09-27,18,Optimal,-1611.0271758195213,0.0,False,0.014749599999049678,7.958078640513122e-13,0,"[246, 249, 265, 267, 260, 258, 252]"
2025-09-28,0,Optimal,44834.81268213342,0.00042773797167891113,False,0.27318000001832843,4.433786671143025e-12,2,"[246, 258, 263, 259, 255, 250, 269]"
2025-09-28,6,Optimal,2302.140099421586,0.0008428424292960053,False,3.6874445999856107,1.9326762412674725e-12,9,"[243, 248, 242, 262, 259, 266, 250]"
2025-09-28,12,Optimal,-3050.6311995755386,0.0,False,0.04428120001102798,9.094947017729282e-13,0,"[244, 249, 263, 268, 256, 254, 252]"
2025-09-28,18,Optimal,-2034.8067525796519,0.0,False,0.015999099996406585,9.663381206337363e-13,0,"[246, 249, 261, 259, 262, 258, 252]"
2025-09-29,0,Optimal,47223.5417407671,0.0,False,0.07171099999686703,9.094947017729282e-13,0,"[246, 258, 263, 259, 270, 250, 269]"
2025-09-29,6,Optimal,-4477.764155736766,0.0,False,0.05026509999879636,9.094947017729282e-13,0,"[243, 248, 260, 262, 259, 266, 250]"
2025-09-29,12,Optimal,-4.383864253629036,0.0,False,2.661562099994626,1.6626700016786344e-12,504,"[244, 249, 260, 270, 256, 254, 252]"
2025-09-29,18,Optimal,-2044.7486896318337,0.0,False,0.017141699994681403,1.0231815394945443e-12,0,"[246, 249, 263, 259, 262, 258, 252]"
2025-09-30,0,Optimal,47008.678180365256,0.0,False,0.07301750002079643,9.094947017729282e-13,0,"[244, 268, 249, 259, 270, 250, 269]"
2025-09-30,6,Optimal,-1465.6121953529216,0.0,False,0.051456899993354455,1.0231815394945443e-12,0,"[245, 270, 258, 269, 264, 251, 250]"
2025-09-30,12,Optimal,-1562.7694394073515,0.0009721995166167064,False,0.16342440000153147,9.094947017729282e-13,2,"[247, 267, 261, 270, 256, 254, 252]"
2025-09-30,18,Optimal,-2131.8310876067644,0.0,False,0.017165199998999014,9.094947017729282e-13,0,"[244, 268, 270, 255, 262, 258, 252]"
2025-10-01,0,Optimal,43319.80765821189,0.0,False,0.07527560001472011,1.0231815394945443e-12,0,"[247, 256, 265, 267, 270, 250, 269]"
2025-10-01,6,Optimal,-2323.7504950147268,0.0,False,0.04922179999994114,9.094947017729282e-13,0,"[247, 263, 255, 268, 272, 251, 250]"
2025-10-01,12,Optimal,-2927.4469632551695,0.0,False,0.03655249997973442,1.1013412404281553e-12,0,"[245, 267, 261, 270, 256, 254, 252]"
2025-10-01,18,Optimal,-1958.7410705059926,0.0,False,0.01559830000041984,9.094947017729282e-13,0,"[245, 265, 257, 255, 262, 258, 252]"
2025-10-02,0,Optimal,46841.8965264517,3.864985980550755e-05,False,0.2888593999959994,1.4779288903810084e-12,2,"[273, 256, 265, 267, 270, 250, 269]"
2025-10-02,6,Optimal,-4673.661816621587,0.0,False,0.05678519999491982,9.094947017729282e-13,0,"[249, 263, 255, 268, 272, 251, 250]"
2025-10-02,12,Optimal,-2765.8522984497113,0.0,False,0.037132600002223626,1.0231815394945443e-12,0,"[248, 267, 261, 270, 256, 254, 252]"
2025-10-02,18,Optimal,-1765.6151678403558,0.0,False,0.016160899976966903,1.0231815394945443e-12,0,"[248, 265, 257, 255, 262, 258, 252]"
2025-10-03,0,Optimal,16102.73105617063,0.0,False,0.05858760001137853,9.094947017729282e-13,0,"[273, 256, 265, 267, 270, 250, 269]"
2025-10-03,6,Optimal,384.40065291285816,0.0,False,0.045762900001136586,9.094947017729282e-13,0,"[273, 263, 255, 268, 272, 251, 250]"
2025-10-03,12,Optimal,-1449.6704919775318,0.0,False,0.03211270002066158,9.094947017729282e-13,0,"[249, 267, 261, 270, 256, 254, 252]"
2025-10-03,18,Optimal,-1583.4831319959064,0.0,False,0.016460099985124543,9.663381206337363e-13,0,"[249, 265, 257, 255, 262, 258, 252]"
2025-10-04,0,Optimal,19056.89135796311,0.0,False,0.061531799990916625,9.094947017729282e-13,0,"[248, 264, 265, 267, 270, 250, 269]"
2025-10-04,6,Optimal,-201.89340376208082,0.0,False,0.04469220002647489,9.094947017729282e-13,0,"[248, 267, 265, 261, 272, 251, 250]"
2025-10-04,12,Optimal,-1370.2414673660123,0.0,False,0.031210300017846748,9.094947017729282e-13,0,"[273, 267, 261, 270, 256, 254, 252]"
2025-10-04,18,Optimal,-1639.968247650312,0.0,False,0.014332199993077666,9.094947017729282e-13,0,"[273, 265, 257, 255, 262, 258, 252]"
2025-10-05,0,Optimal,45902.71764213279,0.000277753447109835,False,2.4996209999953862,4.320099833421409e-12,1008,"[273, 264, 265, 267, 270, 250, 269]"
2025-10-05,6,Optimal,-4491.68193005662,0.0,False,0.05430079999496229,9.094947017729282e-13,0,"[274, 260, 265, 261, 272, 251, 250]"
2025-10-05,12,Optimal,-1703.63185224361,0.0,False,0.03804890002356842,9.094947017729282e-13,0,"[274, 267, 261, 270, 256, 254, 252]"
2025-10-05,18,Optimal,-1952.1105894176033,0.0,False,0.016572799999266863,1.0231815394945443e-12,0,"[276, 265, 257, 255, 262, 258, 252]"
2025-10-06,0,Optimal,40343.46587534628,0.0,False,0.0781006999895908,1.0231815394945443e-12,0,"[277, 256, 265, 267, 270, 250, 269]"
2025-10-06,6,Optimal,-373.05759416623454,0.00040570341350444855,False,0.39832720000413246,9.094947017729282e-13,2,"[270, 276, 265, 261, 272, 251, 250]"
2025-10-06,12,Optimal,-979.9109446822135,0.0004783471479334893,False,0.7107645999931265,2.7284841053187847e-12,9,"[277, 267, 261, 270, 256, 254, 252]"
2025-10-06,18,Optimal,-1644.0879063130747,0.0,False,0.016971100005321205,9.094947017729282e-13,0,"[274, 265, 257, 255, 262, 258, 252]"
2025-10-07,0,Optimal,42361.16038172,0.0006628719420158557,False,0.2877206999983173,2.7853275241795927e-12,2,"[277, 256, 265, 267, 270, 252, 269]"
2025-10-07,6,Optimal,-1600.7362103313362,0.0,False,0.05169220000971109,9.094947017729282e-13,0,"[270, 276, 255, 268, 264, 266, 254]"
2025-10-07,12,Optimal,-1303.8366342245838,0.0,False,0.03558649998740293,9.094947017729282e-13,0,"[277, 272, 260, 271, 266, 258, 253]"
2025-10-07,18,Optimal,-1489.8548057745793,0.0,False,0.01709760000812821,9.094947017729282e-13,0,"[278, 268, 270, 272, 260, 256, 251]"
2025-10-08,0,Optimal,36383.07808653048,6.320044468631722e-05,False,0.9635661000211257,1.8189894035458565e-12,5,"[277, 256, 265, 259, 255, 257, 266]"
2025-10-08,6,Optimal,-223.2725195883621,0.0,False,0.9089512999926228,1.1368683772161603e-12,4,"[270, 276, 278, 269, 275, 257, 254]"
2025-10-08,12,Optimal,197.43807891235957,0.0,False,0.033890999999130145,9.094947017729282e-13,0,"[274, 275, 263, 268, 264, 262, 253]"
2025-10-08,18,Optimal,-40.901079124357366,0.0,False,0.014571899984730408,1.0231815394945443e-12,0,"[276, 275, 263, 259, 266, 269, 253]"
2025-10-09,0,Optimal,43630.000779859874,0.0009629581166055746,False,0.9163904000015464,1.8189894035458565e-12,16,"[277, 256, 265, 259, 255, 262, 266]"
2025-10-09,6,Optimal,-4068.5974127776044,0.0,False,0.050837399990996346,1.0231815394945443e-12,0,"[270, 276, 278, 269, 275, 257, 253]"
2025-10-09,12,Optimal,-1167.9100570324658,0.0,False,0.03361010001390241,9.094947017729282e-13,0,"[274, 275, 263, 268, 264, 280, 269]"
2025-10-09,18,Optimal,-422.73652570830586,0.0,False,0.013936400006059557,9.094947017729282e-13,0,"[276, 275, 263, 259, 266, 264, 254]"
2025-10-10,0,Optimal,14213.615595013196,0.00029894125386968075,False,1.8007767999952193,3.922195901395753e-12,1008,"[277, 268, 275, 259, 255, 262, 266]"
2025-10-10,6,Optimal,-144.41570999253162,0.0,False,0.04426029999740422,9.094947017729282e-13,0,"[270, 276, 278, 269, 275, 257, 281]"
2025-10-10,12,Optimal,-1204.1477506760089,0.0,False,0.029567199992015958,9.094947017729282e-13,0,"[274, 275, 263, 268, 264, 280, 269]"
2025-10-10,18,Optimal,-341.2053017207882,0.0,False,0.01310640000156127,7.958078640513122e-13,0,"[276, 275, 263, 259, 266, 264, 254]"
2025-10-11,0,Optimal,15053.59912344898,0.0003143783345323968,False,2.056011300010141,2.6716406864579767e-12,1008,"[277, 282, 263, 279, 272, 278, 266]"
2025-10-11,6,Optimal,-766.2928808648496,0.0,False,0.04980879998765886,9.094947017729282e-13,0,"[270, 276, 278, 282, 259, 256, 271]"
2025-10-11,12,Optimal,-905.0574360781092,0.0,False,0.03349310002522543,9.094947017729282e-13,0,"[274, 275, 263, 268, 264, 280, 281]"
2025-10-11,18,Optimal,-577.1965440442004,0.0,False,0.015365200000815094,7.958078640513122e-13,0,"[276, 275, 263, 259, 266, 264, 281]"
2025-10-12,0,Optimal,40706.3278316319,9.81840326160947e-05,False,0.5544239000009838,9.094947017729282e-13,10,"[277, 282, 263, 271, 261, 278, 266]"
2025-10-12,6,Optimal,-1079.4414618642822,0.0,False,0.04839019998325966,9.094947017729282e-13,0,"[270, 276, 278, 269, 275, 256, 271]"
2025-10-12,12,Optimal,-974.7626612687978,0.0,False,0.034129700012272224,1.0231815394945443e-12,0,"[274, 275, 263, 268, 264, 262, 281]"
2025-10-12,18,Optimal,1046.6504298222594,0.0,False,0.014189999987138435,9.094947017729282e-13,0,"[276, 275, 263, 259, 260, 283, 281]"
2025-10-13,0,Optimal,42379.6128779874,4.035364399375491e-05,False,0.5142613000061829,1.7053025658242404e-12,10,"[277, 282, 275, 279, 284, 278, 266]"
2025-10-13,6,Optimal,-2971.5813893148784,0.0,False,0.052043600007891655,1.0231815394945443e-12,0,"[270, 276, 278, 269, 259, 272, 271]"
2025-10-13,12,Optimal,122.8373393224276,0.0,False,0.03295429999707267,9.094947017729282e-13,0,"[274, 275, 263, 268, 264, 258, 281]"
2025-10-13,18,Optimal,835.7350118932666,0.0,False,0.014274599991040304,8.86402062860725e-13,0,"[276, 275, 263, 259, 260, 264, 281]"
2025-10-14,0,Optimal,44238.66394856454,0.0005205771826912592,False,1.9477888999972492,8.526512829121202e-12,1008,"[277, 282, 285, 271, 261, 270, 266]"
2025-10-14,6,Optimal,-3241.9021641604218,0.0,False,0.05241139998543076,9.094947017729282e-13,0,"[270, 276, 278, 269, 259, 272, 271]"
2025-10-14,12,Optimal,2182.850849839033,0.0009179648650941558,False,0.536630700022215,1.8189894035458565e-12,5,"[274, 275, 263, 268, 266, 283, 281]"
2025-10-14,18,Optimal,-730.8645331391458,0.0,False,0.015071300003910437,9.094947017729282e-13,0,"[276, 275, 263, 272, 260, 264, 281]"
2025-10-15,0,Optimal,46184.222669730225,0.00021504073958214686,False,0.773716499999864,1.1368683772161603e-12,11,"[277, 268, 275, 286, 261, 270, 266]"
2025-10-15,6,Optimal,-2711.8138011603573,0.0,False,0.050427300011506304,9.094947017729282e-13,0,"[270, 276, 265, 268, 275, 285, 281]"
2025-10-15,12,Optimal,1061.283648120069,0.0006023824368995468,False,2.0808971999795176,2.5011104298755527e-12,504,"[274, 275, 263, 268, 266, 283, 281]"
2025-10-15,18,Optimal,-716.0848746255201,0.0,False,0.014714299992192537,1.0231815394945443e-12,0,"[276, 275, 263, 272, 260, 264, 281]"
2025-10-16,0,Optimal,44069.02200952007,0.00010019110038468517,False,0.5410967000061646,1.0231815394945443e-12,5,"[277, 268, 285, 271, 261, 270, 266]"
2025-10-16,6,Optimal,1057.6980799232158,0.0003259654571179117,False,0.2010043000045698,1.9895196601282805e-12,1,"[270, 276, 265, 268, 283, 280, 281]"
2025-10-16,12,Optimal,-755.6411925795245,0.0,False,0.03204140000161715,9.094947017729282e-13,0,"[274, 275, 263, 271, 266, 283, 281]"
2025-10-16,18,Optimal,-703.1339945597158,0.0,False,0.01360110001405701,9.094947017729282e-13,0,"[276, 275, 263, 287, 260, 264, 281]"
2025-10-17,0,Optimal,14601.897338595161,1.8023879425725845e-05,False,0.23984139997628517,8.952838470577262e-13,1,"[277, 268, 285, 271, 261, 280, 266]"
2025-10-17,6,Optimal,2064.758501356476,0.0,False,0.04663040000014007,1.0231815394945443e-12,0,"[270, 279, 262, 284, 264, 280, 281]"
2025-10-17,12,Optimal,-156.7346716646755,0.0,False,0.030230100004700944,1.0231815394945443e-12,0,"[274, 275, 263, 270, 288, 283, 281]"
2025-10-17,18,Optimal,-1140.0790308931053,0.0,False,0.014411899988772348,1.0231815394945443e-12,0,"[276, 275, 263, 287, 280, 264, 281]"
2025-10-18,0,Optimal,16706.47154392503,0.0,False,0.06649920000927523,9.094947017729282e-13,0,"[277, 268, 285, 271, 284, 270, 269]"
2025-10-18,6,Optimal,-112.51856858375261,0.0,False,0.04241960000945255,9.094947017729282e-13,0,"[270, 279, 262, 284, 272, 289, 281]"
2025-10-18,12,Optimal,-315.45617757535416,0.0,False,0.03129099999205209,9.094947017729282e-13,0,"[274, 275, 289, 270, 288, 283, 281]"
2025-10-18,18,Optimal,-1180.5089626048773,0.0,False,0.013940999982878566,9.094947017729282e-13,0,"[276, 275, 270, 287, 280, 264, 281]"
2025-10-19,0,Optimal,45282.47267351501,0.0007189831527149299,False,0.4719940999930259,3.637978807091713e-12,8,"[277, 268, 263, 265, 267, 280, 269]"
2025-10-19,6,Optimal,-118.82537991913152,0.0,False,0.051599200000055134,1.0231815394945443e-12,0,"[270, 276, 265, 284, 272, 289, 281]"
2025-10-19,12,Optimal,-693.8836353275658,0.0,False,0.0334650999866426,1.0231815394945443e-12,0,"[274, 275, 289, 270, 290, 283, 281]"
2025-10-19,18,Optimal,-415.03143975405084,0.0,False,0.014865099976304919,9.094947017729282e-13,0,"[276, 275, 270, 287, 266, 264, 281]"
2025-10-20,0,Optimal,48840.85807248571,0.0006630845516916808,False,0.4956120999995619,4.547473508864641e-12,8,"[277, 268, 285, 271, 291, 280, 269]"
2025-10-20,6,Optimal,-1027.2649783350587,0.0,False,0.048588400008156896,9.094947017729282e-13,0,"[270, 279, 282, 275, 272, 289, 281]"
2025-10-20,12,Optimal,-1780.6684706450942,0.0,False,0.03273170001921244,9.094947017729282e-13,0,"[274, 275, 289, 287, 288, 291, 281]"
2025-10-20,18,Optimal,-880.160587920284,0.0,False,0.01465299999108538,1.0231815394945443e-12,0,"[276, 275, 289, 290, 280, 264, 281]"
2025-10-21,0,Optimal,47592.730078075576,0.0005332883125452372,False,0.5092028999933973,2.3803181647963356e-12,7,"[277, 268, 285, 271, 291, 280, 269]"
2025-10-21,6,Optimal,250.6236606128743,0.0,False,0.05034320001141168,1.0231815394945443e-12,0,"[270, 279, 282, 284, 272, 289, 281]"
2025-10-21,12,Optimal,-1604.1877722149509,0.0,False,0.03538119999575429,9.094947017729282e-13,0,"[274, 275, 289, 292, 288, 291, 281]"
2025-10-21,18,Optimal,-697.9865198185062,0.0,False,0.013696799986064434,9.094947017729282e-13,0,"[276, 275, 289, 290, 292, 284, 281]"
2025-10-22,0,Optimal,45367.94776703072,0.0007681780019624651,False,0.8097659999912139,3.637978807091713e-12,8,"[277, 268, 285, 286, 291, 280, 269]"
2025-10-22,6,Optimal,-1007.5007089373826,0.0,False,0.04935960000148043,9.094947017729282e-13,0,"[270, 279, 269, 284, 272, 289, 281]"
2025-10-22,12,Optimal,895.194289425637,0.0007111276235633236,False,0.2861265000246931,2.1529444893531036e-12,3,"[274, 275, 293, 292, 288, 291, 281]"
2025-10-22,18,Optimal,-455.2543424767344,0.0,False,0.015702299977419898,9.094947017729282e-13,0,"[276, 275, 267, 290, 292, 284, 281]"
2025-10-23,0,Optimal,52969.25324560174,0.0006326928886516404,False,0.8706148999917787,5.4569682106375694e-12,9,"[277, 268, 285, 286, 291, 272, 269]"
2025-10-23,6,Optimal,-3565.9024677813395,0.0,False,0.05217469998751767,9.094947017729282e-13,0,"[270, 279, 269, 284, 272, 289, 281]"
2025-10-23,12,Optimal,1302.8637540069576,0.0008481212558587055,False,0.4974522999837063,1.5916157281026244e-12,5,"[274, 275, 293, 292, 288, 291, 281]"
2025-10-23,18,Optimal,-176.19045839189556,0.0,False,0.014730499999132007,8.881784197001252e-13,0,"[276, 275, 267, 290, 280, 294, 281]"
2025-10-24,0,Optimal,16643.280517414198,0.0,False,0.06891949998680502,1.4637180356658064e-12,0,"[295, 282, 292, 271, 291, 272, 269]"
2025-10-24,6,Optimal,-23.26244303779859,0.0,False,0.04301100000157021,9.094947017729282e-13,0,"[270, 277, 292, 275, 288, 295, 281]"
2025-10-24,12,Optimal,-386.57257792370046,0.0,False,0.029768999986117706,9.094947017729282e-13,0,"[274, 275, 295, 292, 288, 291, 281]"
2025-10-24,18,Optimal,-267.3745320253739,0.0,False,0.01360999999451451,7.958078640513122e-13,0,"[276, 275, 289, 290, 280, 294, 281]"
2025-10-25,0,Optimal,16889.40510201667,0.0006585497959152245,False,1.8866943000175525,3.666400516522117e-12,1008,"[295, 282, 285, 286, 296, 272, 269]"
2025-10-25,6,Optimal,-413.6831017834771,0.0,False,0.046419199992669746,9.094947017729282e-13,0,"[270, 277, 292, 291, 296, 295, 281]"
2025-10-25,12,Optimal,-669.3060829556171,0.0,False,0.03089269998599775,9.663381206337363e-13,0,"[274, 275, 295, 296, 288, 291, 281]"
2025-10-25,18,Optimal,-800.462292928789,0.0,False,0.013732699997490272,7.958078640513122e-13,0,"[276, 275, 293, 271, 280, 294, 281]"
2025-10-26,0,Optimal,47178.53711019718,0.00020293700456279406,False,0.319799500022782,9.094947017729282e-13,7,"[295, 282, 292, 271, 291, 294, 278]"
2025-10-26,6,Optimal,-1809.6282377109212,5.497631879330933e-05,False,0.6969616999849677,2.9558577807620168e-12,4,"[270, 277, 293, 283, 285, 295, 281]"
2025-10-26,12,Optimal,348.2244767978906,0.0,False,1.0647225999855436,1.0800249583553523e-12,5,"[274, 275, 295, 296, 288, 297, 281]"
2025-10-26,18,Optimal,-788.5220432199502,0.0,False,0.015923700004350394,1.0231815394945443e-12,0,"[276, 275, 293, 271, 280, 284, 281]"
2025-10-27,0,Optimal,42779.995017234825,3.3708632143272627e-05,False,0.3023983000020962,6.366462912410498e-12,2,"[295, 282, 290, 283, 293, 288, 278]"
2025-10-27,6,Optimal,4158.199565345908,0.0009781116965235685,False,0.3586792999994941,2.4442670110147446e-12,5,"[290, 278, 284, 272, 297, 298, 281]"
2025-10-27,12,Optimal,-1403.506022891985,0.0,False,0.03618189998087473,9.094947017729282e-13,0,"[274, 275, 295, 296, 288, 297, 281]"
2025-10-27,18,Optimal,-973.8534141014471,0.0,False,0.014748799992958084,9.094947017729282e-13,0,"[276, 275, 293, 271, 280, 284, 281]"
2025-10-28,0,Optimal,42643.75087942797,0.0,False,0.07335749999037944,2.9061197892588098e-12,0,"[295, 282, 290, 283, 291, 299, 278]"
2025-10-28,6,Optimal,3724.8371032535933,0.0006623174198534701,False,0.9169449000037275,1.8189894035458565e-12,6,"[290, 277, 293, 283, 285, 295, 281]"
2025-10-28,12,Optimal,-1273.3946180096382,0.0,False,0.03321290001622401,9.094947017729282e-13,0,"[274, 275, 295, 296, 288, 297, 281]"
2025-10-28,18,Optimal,-1106.657966918349,0.0,False,0.01746959998854436,9.094947017729282e-13,0,"[276, 275, 293, 290, 280, 284, 281]"
2025-10-29,0,Optimal,47739.01748694942,0.00026202073514544285,False,0.3076650000002701,1.8985701899509877e-11,7,"[295, 282, 290, 283, 291, 299, 300]"
2025-10-29,6,Optimal,766.2869171261036,0.0007451128265404957,False,0.1980189000023529,1.1368683772161603e-12,2,"[290, 277, 293, 291, 285, 295, 281]"
2025-10-29,12,Optimal,-1421.7986365868874,0.0,False,0.03453910001553595,9.094947017729282e-13,0,"[274, 275, 295, 296, 288, 297, 281]"
2025-10-29,18,Optimal,-1063.5578854772905,0.0,False,0.016812499990919605,9.094947017729282e-13,0,"[276, 275, 293, 290, 280, 284, 281]"
2025-10-30,0,Optimal,41964.01880192323,0.0002597107972747724,False,0.5306366000149865,3.637978807091713e-12,5,"[295, 298, 292, 286, 291, 299, 300]"
2025-10-30,6,Optimal,2512.7354326750246,0.0003581001494522954,False,0.2199450999905821,1.8189894035458565e-12,2,"[299, 278, 284, 291, 285, 295, 281]"
2025-10-30,12,Optimal,-202.08997245069014,0.0,False,0.033355999999912456,1.0231815394945443e-12,0,"[277, 289, 299, 296, 288, 297, 281]"
2025-10-30,18,Optimal,-325.5264520827424,0.0,False,0.014880000002449378,9.094947017729282e-13,0,"[278, 298, 300, 285, 280, 284, 281]"
2025-10-31,0,Optimal,18418.49510811608,0.00028892551188564947,False,2.0861507000226993,2.4513724383723456e-12,1008,"[277, 297, 285, 279, 296, 294, 300]"
2025-10-31,6,Optimal,88.25957553298495,0.0,False,0.04906359998858534,9.094947017729282e-13,0,"[276, 282, 301, 283, 297, 295, 281]"
2025-10-31,12,Optimal,-867.4907473716735,0.0,False,0.030568799993488938,9.094947017729282e-13,0,"[276, 300, 301, 296, 288, 297, 281]"
2025-10-31,18,Optimal,-925.8793988937834,0.0,False,0.013651200017193332,1.0231815394945443e-12,0,"[278, 295, 300, 285, 280, 284, 281]"
2025-11-01,0,Optimal,17023.90418368179,8.500207497764353e-07,False,0.2705765999853611,1.5347723092418164e-12,2,"[277, 297, 285, 303, 296, 294, 300]"
2025-11-01,6,Optimal,453.7527995538405,0.0,False,0.045505099988076836,9.094947017729282e-13,0,"[276, 282, 301, 303, 297, 295, 281]"
2025-11-01,12,Optimal,-696.8244335386489,0.0,False,0.030923199985409155,9.094947017729282e-13,0,"[276, 293, 298, 287, 288, 297, 281]"
2025-11-01,18,Optimal,-946.0863117258114,0.0,False,0.014370899996720254,9.094947017729282e-13,0,"[278, 289, 300, 285, 280, 284, 281]"
2025-11-02,0,Optimal,45998.61608555545,0.00019328840437524806,False,2.216209500009427,3.637978807091713e-12,1008,"[281, 287, 283, 301, 284, 294, 300]"
2025-11-02,6,Optimal,4514.583975105204,0.00038660369730669997,False,0.20182580000255257,1.3642420526593924e-12,4,"[279, 292, 300, 304, 297, 295, 281]"
2025-11-02,12,Optimal,-2291.3256566443583,0.0,False,0.03729540001950227,1.0231815394945443e-12,0,"[278, 295, 292, 303, 288, 297, 281]"
2025-11-02,18,Optimal,-1210.3706332928275,0.0,False,0.015941699995892122,1.0231815394945443e-12,0,"[277, 303, 299, 285, 280, 284, 281]"
2025-11-03,0,Optimal,49215.206953779445,0.0001442871297663649,False,0.8110837999847718,1.8189894035458565e-12,5,"[282, 290, 286, 293, 288, 294, 300]"
2025-11-03,6,Optimal,-858.0836292011387,0.0009244769512993254,False,0.6221233999822289,1.3642420526593924e-12,4,"[279, 292, 300, 304, 297, 295, 281]"
2025-11-03,12,Optimal,-1207.0876087411507,0.0,False,0.03328869998222217,9.094947017729282e-13,0,"[289, 299, 302, 305, 288, 297, 281]"
2025-11-03,18,Optimal,-851.7576722005053,0.0,False,0.013602399994852021,9.094947017729282e-13,0,"[298, 302, 287, 301, 288, 294, 281]"
2025-11-04,0,Optimal,45404.99374767311,9.647035917150649e-05,False,0.3557112000125926,3.069544618483633e-12,2,"[282, 290, 283, 301, 284, 305, 300]"
2025-11-04,6,Optimal,2274.356130810514,0.0007753385191519858,False,0.594875700015109,2.0961010704922955e-12,5,"[279, 293, 300, 304, 297, 295, 281]"
2025-11-04,12,Optimal,-1218.6027113789737,0.0,False,0.03354940001736395,1.0231815394945443e-12,0,"[300, 301, 302, 305, 288, 297, 281]"
2025-11-04,18,Optimal,-841.6962113246228,0.0,False,0.01468860000022687,9.094947017729282e-13,0,"[295, 293, 290, 301, 288, 294, 281]"
2025-11-05,0,Optimal,51206.71261040734,0.00024422156933303474,False,0.8031392999982927,1.2221335055073723e-12,10,"[282, 290, 283, 293, 288, 305, 300]"
2025-11-05,6,Optimal,-2521.779018109378,0.0,False,0.05081049998989329,9.094947017729282e-13,0,"[305, 293, 300, 304, 297, 295, 281]"
2025-11-05,12,Optimal,-510.8961952311233,0.0009882661791237317,False,1.359401199995773,9.094947017729282e-13,5,"[293, 306, 307, 305, 288, 297, 281]"
2025-11-05,18,Optimal,-833.0044048295141,0.0,False,0.01807109999936074,9.094947017729282e-13,0,"[289, 300, 290, 301, 288, 294, 281]"
2025-11-06,0,Optimal,46852.41020678579,0.00010228175491177542,False,0.33248080001794733,1.8189894035458565e-12,3,"[282, 287, 306, 301, 284, 304, 300]"
2025-11-06,6,Optimal,3442.44364948179,0.0005299060955682897,False,0.19774289999622852,9.094947017729282e-13,5,"[305, 293, 300, 304, 297, 295, 281]"
2025-11-06,12,Optimal,-855.5432603934885,0.0,False,0.0332666999893263,9.094947017729282e-13,0,"[293, 306, 307, 303, 294, 297, 281]"
2025-11-06,18,Optimal,-863.9662716844673,0.0,False,0.014746000000741333,9.094947017729282e-13,0,"[289, 300, 290, 301, 288, 294, 281]"
2025-11-07,0,Optimal,17327.2805890773,8.329021269185238e-06,False,0.4422160999965854,9.094947017729282e-13,3,"[308, 290, 283, 293, 288, 305, 300]"
2025-11-07,6,Optimal,-682.7974371680688,0.0,False,0.0500453999848105,9.094947017729282e-13,0,"[305, 293, 300, 303, 285, 308, 287]"
2025-11-07,12,Optimal,-284.3315135556594,0.0,False,0.03192449998459779,9.094947017729282e-13,0,"[293, 306, 307, 303, 290, 283, 285]"
2025-11-07,18,Optimal,-683.3183470377639,0.0,False,0.01441000000340864,9.094947017729282e-13,0,"[289, 300, 290, 301, 288, 294, 309]"
2025-11-08,0,Optimal,17786.436642389963,0.00013580516962995761,False,1.965559200005373,2.1600499167107046e-12,1008,"[298, 292, 286, 291, 288, 305, 300]"
2025-11-08,6,Optimal,56.122925586717784,0.0,False,0.046129000023938715,9.094947017729282e-13,0,"[310, 293, 300, 303, 285, 308, 287]"
2025-11-08,12,Optimal,-3.8765219181244817,0.0,False,0.03185020000091754,9.663381206337363e-13,0,"[293, 306, 307, 303, 309, 286, 284]"
2025-11-08,18,Optimal,-751.7631716169919,0.0,False,0.01452110000536777,9.094947017729282e-13,0,"[289, 300, 290, 301, 288, 284, 286]"
2025-11-09,0,Optimal,49153.33582811673,0.0005791180558753621,False,0.6173812000197358,1.0061285138363019e-11,7,"[298, 292, 286, 291, 288, 305, 300]"
2025-11-09,6,Optimal,-117.09033622152339,0.0,False,1.0282099999894854,1.0231815394945443e-12,5,"[310, 293, 300, 304, 297, 308, 287]"
2025-11-09,12,Optimal,-550.4043232540556,0.0,False,0.038201099989237264,9.094947017729282e-13,0,"[293, 306, 307, 287, 304, 288, 284]"
2025-11-09,18,Optimal,-541.0120539588788,0.0,False,0.014897099987138063,9.094947017729282e-13,0,"[289, 300, 290, 301, 292, 297, 286]"
2025-11-10,0,Optimal,49829.06684989472,0.00044429963523870793,False,0.3526166999945417,1.2391865311656147e-11,6,"[298, 292, 286, 312, 288, 305, 300]"
2025-11-10,6,Optimal,3247.0046088712133,0.0007751847065342453,False,0.8245487000094727,2.2737367544323206e-12,15,"[310, 293, 309, 304, 297, 308, 287]"
2025-11-10,12,Optimal,-1533.6515998588761,0.0,False,0.037078099994687364,9.094947017729282e-13,0,"[293, 306, 307, 287, 310, 294, 291]"
2025-11-10,18,Optimal,-653.4158207638945,0.0,False,0.0157242999994196,8.597567102697212e-13,0,"[289, 300, 290, 301, 312, 291, 286]"
2025-11-11,0,Optimal,51694.17274035186,0.00040096445255409095,False,0.8171531000116374,1.7053025658242404e-12,15,"[298, 292, 303, 291, 299, 305, 300]"
2025-11-11,6,Optimal,-632.640771441334,0.00047779797830578796,False,0.3573434999852907,4.320099833421409e-12,3,"[310, 307, 300, 312, 297, 308, 287]"
2025-11-11,12,Optimal,-1502.3250023727483,0.0,False,0.0410793999908492,9.094947017729282e-13,0,"[293, 306, 307, 287, 310, 294, 297]"
2025-11-11,18,Optimal,-487.6229410214057,0.0,False,0.016546900005778298,9.094947017729282e-13,0,"[289, 300, 290, 308, 292, 297, 286]"
2025-11-12,0,Optimal,48990.530848958515,0.0003023892901637694,False,0.8144572000019252,2.071232074740692e-12,11,"[298, 292, 303, 291, 299, 305, 300]"
2025-11-12,6,Optimal,4698.205301735768,0.000994671653927627,False,0.5949838999949861,8.412825991399586e-12,14,"[310, 307, 306, 303, 296, 289, 294]"
2025-11-12,12,Optimal,-2032.1353841332573,0.0,False,0.03739880002103746,9.094947017729282e-13,0,"[293, 306, 307, 287, 314, 290, 297]"
2025-11-12,18,Optimal,-530.2346116877297,0.0,False,0.016102499997941777,9.094947017729282e-13,0,"[289, 300, 290, 308, 292, 291, 313]"
2025-11-13,0,Optimal,47664.133499912954,0.00036701437028475607,False,0.8271869999880437,1.8189894035458565e-12,4,"[298, 314, 301, 291, 299, 305, 300]"
2025-11-13,6,Optimal,1649.0271016880718,0.0008181352095697584,False,0.5840701000124682,1.8189894035458565e-12,9,"[299, 292, 301, 291, 288, 302, 298]"
2025-11-13,12,Optimal,-478.89493226738466,0.0,False,0.03893670000252314,1.1142198275138071e-12,0,"[293, 306, 307, 315, 314, 290, 297]"
2025-11-13,18,Optimal,127.7988585372809,0.0,False,0.01511820001178421,1.0231815394945443e-12,0,"[289, 300, 290, 308, 292, 291, 313]"
2025-11-14,0,Optimal,18320.559908003284,0.00040955569951720727,False,1.8816026999847963,2.3874235921539366e-12,1008,"[298, 314, 301, 291, 307, 294, 300]"
2025-11-14,6,Optimal,-707.1688490403848,0.0,False,0.047478699998464435,9.094947017729282e-13,0,"[299, 292, 301, 291, 296, 302, 298]"
2025-11-14,12,Optimal,-123.01518242057831,0.0,False,0.031115999998291954,9.094947017729282e-13,0,"[293, 306, 307, 315, 314, 290, 291]"
2025-11-14,18,Optimal,-246.16604814139447,0.0,False,0.013913200004026294,7.958078640513122e-13,0,"[289, 300, 290, 308, 292, 297, 313]"
2025-11-15,0,Optimal,19395.550320886156,0.0006101172514258824,False,1.7989473999768961,2.6147972675971687e-12,1008,"[298, 314, 301, 291, 307, 317, 302]"
2025-11-15,6,Optimal,-557.8425608220572,0.0,False,0.04709089998505078,9.094947017729282e-13,0,"[299, 292, 301, 291, 296, 302, 294]"
2025-11-15,12,Optimal,-954.3294102216917,0.0,False,0.03196550000575371,1.0231815394945443e-12,0,"[295, 298, 307, 315, 314, 290, 291]"
2025-11-15,18,Optimal,-695.9258237086084,0.0,False,0.01369599997997284,9.094947017729282e-13,0,"[303, 300, 290, 308, 292, 297, 313]"
2025-11-16,0,Optimal,49137.25166443351,0.00016170390933260143,False,0.5039758000057191,1.5916157281026244e-12,8,"[298, 314, 301, 291, 307, 317, 302]"
2025-11-16,6,Optimal,3616.7028529668637,0.0005304321995909876,False,0.6954604999918956,3.637978807091713e-12,10,"[310, 307, 306, 291, 296, 302, 294]"
2025-11-16,12,Optimal,-1163.041906354031,0.0,False,0.037808099994435906,9.094947017729282e-13,0,"[295, 298, 307, 315, 314, 294, 318]"
2025-11-16,18,Optimal,-497.2003371277575,0.0,False,0.015486599993892014,1.0231815394945443e-12,0,"[303, 300, 304, 296, 310, 316, 313]"
2025-11-17,0,Optimal,47639.28418944462,1.223899070153727e-06,False,0.325946600001771,9.094947017729282e-13,1,"[298, 314, 301, 296, 313, 294, 302]"
2025-11-17,6,Optimal,6515.078672483885,0.0005878981221333363,False,1.2904972000105772,5.115907697472721e-12,17,"[310, 307, 301, 318, 296, 302, 294]"
2025-11-17,12,Optimal,-1516.9403520674173,0.0,False,0.038525400013895705,9.663381206337363e-13,0,"[295, 298, 307, 315, 314, 319, 318]"
2025-11-17,18,Optimal,-683.5463768168809,0.0,False,0.015419199975440279,9.663381206337363e-13,0,"[303, 300, 304, 296, 310, 294, 313]"
2025-11-18,0,Optimal,49754.91212618312,0.00018536754021387426,False,1.8653619000106119,4.661160346586257e-12,1008,"[298, 306, 293, 310, 304, 309, 300]"
2025-11-18,6,Optimal,298.04706928336816,0.0002808102764441637,False,0.191989899991313,1.1368683772161603e-12,2,"[320, 307, 301, 318, 296, 302, 294]"
2025-11-18,12,Optimal,419.3424274766584,0.00033451437720600667,False,0.2713991999917198,1.3642420526593924e-12,2,"[293, 306, 307, 315, 314, 319, 318]"
2025-11-18,18,Optimal,-637.4194291491436,0.0,False,0.014636000007158145,8.810729923425242e-13,0,"[295, 293, 307, 308, 310, 294, 313]"
2025-11-19,0,Optimal,49366.508071318305,0.0001549554934007485,False,0.32139970001298934,7.389644451905042e-12,4,"[298, 306, 312, 299, 305, 321, 300]"
2025-11-19,6,Optimal,6402.458357062855,0.000653306212885972,False,0.4375517000153195,3.637978807091713e-12,16,"[320, 307, 306, 303, 316, 308, 294]"
2025-11-19,12,Optimal,-1691.6985189073903,0.0,False,0.04122909999568947,9.094947017729282e-13,0,"[295, 298, 308, 303, 310, 321, 318]"
2025-11-19,18,Optimal,-693.2706027057487,0.0,False,0.015842499997233972,9.094947017729282e-13,0,"[295, 300, 304, 321, 310, 294, 313]"
2025-11-20,0,Optimal,49165.238461305606,3.991626188783953e-05,False,0.4087217000196688,1.8189894035458565e-12,4,"[298, 306, 312, 299, 305, 319, 300]"
2025-11-20,6,Optimal,1603.5255606998319,6.920597735204806e-05,False,0.3101676999940537,1.1368683772161603e-12,11,"[320, 313, 301, 318, 296, 302, 321]"
2025-11-20,12,Optimal,-512.5126718578397,0.0009346079533355569,False,0.14196999999694526,1.0231815394945443e-12,2,"[295, 298, 308, 303, 310, 319, 318]"
2025-11-20,18,Optimal,-414.9282641922188,0.0,False,0.014037099987035617,9.094947017729282e-13,0,"[295, 300, 304, 321, 310, 305, 313]"
2025-11-21,0,Optimal,18632.390329477857,0.0,False,0.0706421000068076,3.161915174132446e-12,0,"[297, 311, 315, 307, 317, 316, 300]"
2025-11-21,6,Optimal,650.3840258671494,0.0,False,0.0454883000056725,9.094947017729282e-13,0,"[320, 313, 301, 318, 323, 311, 321]"
2025-11-21,12,Optimal,-868.8936995766944,0.0,False,0.032190099998842925,9.094947017729282e-13,0,"[299, 317, 311, 312, 304, 321, 318]"
2025-11-21,18,Optimal,-429.45070895845356,0.0,False,0.013654599984874949,9.094947017729282e-13,0,"[303, 315, 306, 296, 314, 305, 313]"
2025-11-22,0,Optimal,20275.947626596564,0.0001239680732935869,False,1.7097970000177156,4.092726157978177e-12,1008,"[297, 311, 315, 313, 309, 316, 300]"
2025-11-22,6,Optimal,-1116.7519511383102,0.0,False,0.05264740000711754,9.094947017729282e-13,0,"[320, 324, 319, 309, 304, 311, 321]"
2025-11-22,12,Optimal,-711.9751881763418,0.0,False,0.03161289999843575,9.094947017729282e-13,0,"[299, 317, 311, 305, 324, 321, 318]"
2025-11-22,18,Optimal,-119.41192297037023,0.0,False,0.014369399985298514,1.0231815394945443e-12,0,"[303, 315, 324, 321, 314, 305, 313]"
2025-11-23,0,Optimal,50172.654448397254,0.00043213042506453074,False,0.3338000999938231,6.0254023992456496e-12,4,"[318, 311, 315, 313, 309, 316, 300]"
2025-11-23,6,Optimal,3408.5897745775346,0.00021598397065792195,False,0.2620513000001665,3.637978807091713e-12,8,"[320, 324, 319, 300, 312, 311, 321]"
2025-11-23,12,Optimal,-1409.4736571915964,0.0,False,0.03925989998970181,1.0231815394945443e-12,0,"[299, 317, 311, 305, 324, 321, 318]"
2025-11-23,18,Optimal,-435.735491916255,0.0,False,0.014557700022123754,1.0231815394945443e-12,0,"[303, 315, 324, 321, 314, 305, 313]"
2025-11-24,0,Optimal,49291.15288826288,9.10613892659686e-05,False,1.1272360000002664,2.2382096176443156e-12,6,"[314, 303, 310, 304, 321, 316, 300]"
2025-11-24,6,Optimal,793.0083956551641,0.0,False,0.5106466999859549,1.1368683772161603e-12,6,"[320, 324, 314, 325, 303, 316, 321]"
2025-11-24,12,Optimal,-629.4836544350114,0.0,False,0.038473399996291846,9.094947017729282e-13,0,"[299, 302, 311, 305, 324, 321, 318]"
2025-11-24,18,Optimal,-356.65428376551876,0.0,False,0.01703259997884743,9.094947017729282e-13,0,"[317, 299, 324, 321, 314, 305, 313]"
2025-11-25,0,Optimal,57445.100259413695,0.0009084393778675982,False,0.3795811999880243,9.773959419590028e-12,11,"[314, 303, 310, 305, 319, 316, 300]"
2025-11-25,6,Optimal,-2442.0596557102194,0.0007405922903374787,False,0.2866098999802489,9.094947017729282e-13,2,"[310, 313, 319, 300, 327, 316, 321]"
2025-11-25,12,Optimal,-1687.544465199982,0.0,False,0.03964519998407923,9.663381206337363e-13,0,"[301, 307, 315, 314, 309, 323, 318]"
2025-11-25,18,Optimal,-489.1071985751437,0.0,False,0.015324400010285899,9.094947017729282e-13,0,"[317, 326, 306, 327, 314, 305, 313]"
2025-11-26,0,Optimal,53196.09935023219,3.312784197502986e-05,False,0.45184920000610873,3.524291969370097e-12,8,"[318, 311, 315, 304, 321, 327, 322]"
2025-11-26,6,Optimal,977.7421881611608,0.0003414227153310282,False,1.48940840002615,9.094947017729282e-12,16,"[310, 313, 328, 325, 327, 316, 321]"
2025-11-26,12,Optimal,-1328.8301939219282,0.0,False,0.03868650001822971,9.094947017729282e-13,0,"[306, 307, 315, 314, 309, 323, 318]"
2025-11-26,18,Optimal,-465.4512904015735,0.0,False,0.01830100000370294,9.094947017729282e-13,0,"[317, 307, 301, 327, 314, 305, 313]"
2025-11-27,0,Optimal,51409.442945885865,3.397765503190821e-05,False,0.34968219997244887,7.275957614183426e-12,7,"[318, 311, 315, 304, 321, 327, 322]"
2025-11-27,6,Optimal,1791.7397254459868,0.00038133905135538036,False,0.25157940000644885,5.6843418860808015e-12,15,"[310, 329, 314, 325, 327, 316, 321]"
2025-11-27,12,Optimal,-973.049532803577,0.0,False,0.04164929999387823,9.094947017729282e-13,0,"[317, 307, 315, 314, 309, 323, 318]"
2025-11-27,18,Optimal,-350.65104791328366,0.0,False,0.01612119999481365,9.094947017729282e-13,0,"[317, 307, 306, 327, 314, 305, 313]"
2025-11-28,0,Optimal,18760.029637900636,5.4523664383245243e-05,False,0.3256505000172183,2.6147972675971687e-12,4,"[318, 311, 315, 313, 309, 326, 322]"
2025-11-28,6,Optimal,938.9517325095385,0.0,False,0.04959810001309961,1.0231815394945443e-12,0,"[310, 329, 307, 306, 303, 323, 321]"
2025-11-28,12,Optimal,-747.7890007579158,0.0,False,0.03263830000651069,9.094947017729282e-13,0,"[317, 307, 315, 314, 309, 323, 318]"
2025-11-28,18,Optimal,-148.5368477342151,0.0,False,0.017852799996035174,9.094947017729282e-13,0,"[303, 307, 306, 327, 314, 305, 313]"
2025-11-29,0,Optimal,23735.315534297253,8.306578927187525e-07,False,0.36291999998502433,1.0231815394945443e-12,3,"[318, 311, 310, 331, 309, 326, 322]"
2025-11-29,6,Optimal,-1878.6855613642897,0.0,False,0.062443100003292784,9.094947017729282e-13,0,"[310, 329, 326, 319, 318, 323, 321]"
2025-11-29,12,Optimal,-796.1572780755444,0.0,False,0.04393220000201836,9.094947017729282e-13,0,"[317, 307, 315, 310, 322, 323, 318]"
2025-11-29,18,Optimal,-591.6099026595825,0.0,False,0.01794510000036098,9.094947017729282e-13,0,"[317, 329, 308, 311, 331, 305, 313]"
2025-11-30,0,Optimal,53714.84018197325,1.1815427289617854e-05,False,0.6721517000114545,1.2612133559741778e-12,10,"[308, 325, 315, 313, 309, 326, 322]"
2025-11-30,6,Optimal,2933.8084294824926,0.00025620109812396946,False,1.5790296999912243,2.6272317654729704e-12,15,"[310, 329, 326, 319, 309, 323, 321]"
2025-11-30,12,Optimal,-630.7328287687725,0.0,False,0.0420231000171043,9.663381206337363e-13,0,"[306, 328, 311, 314, 322, 323, 318]"
2025-11-30,18,Optimal,-434.51471639241964,0.0,False,0.016973699996015057,9.094947017729282e-13,0,"[317, 307, 308, 311, 331, 305, 313]"
2025-12-01,0,Optimal,56616.63516695411,1.3897965243155735e-05,False,0.6535537999880034,1.95021776505655e-12,9,"[308, 325, 315, 313, 309, 326, 322]"
2025-12-01,6,Optimal,-280.5044796800715,0.0,False,0.90506550000282,1.0231815394945443e-12,11,"[310, 330, 307, 319, 309, 323, 321]"
2025-12-01,12,Optimal,-1222.9224275786394,0.0,False,0.04141070001060143,9.663381206337363e-13,0,"[306, 333, 326, 314, 322, 323, 318]"
2025-12-01,18,Optimal,67.02427948100784,0.0,False,0.016846299986355007,8.810729923425242e-13,0,"[317, 307, 306, 327, 314, 323, 313]"
2025-12-02,0,Optimal,58716.92720162384,0.0008172192904150634,False,0.45283500000368804,2.000888343900442e-11,11,"[308, 311, 310, 331, 321, 327, 320]"
2025-12-02,6,Optimal,283.053479119228,0.0,False,1.009174599981634,3.183231456205249e-12,7,"[310, 330, 307, 319, 318, 316, 317]"
2025-12-02,12,Optimal,-1268.140027219057,7.179780039806044e-05,False,0.24230690000695176,9.094947017729282e-13,1,"[317, 328, 311, 310, 319, 327, 316]"
2025-12-02,18,Optimal,-44.958824029608664,0.0,False,0.014957500010496005,1.0231815394945443e-12,0,"[317, 307, 308, 311, 331, 322, 309]"
2025-12-03,0,Optimal,53108.53796628348,0.0009741450753410461,False,1.989884600014193,1.602984411874786e-11,1008,"[308, 311, 310, 317, 319, 316, 335]"
2025-12-03,6,Optimal,5351.53164255215,0.0005822034317098456,False,0.7876927999895997,9.947598300641403e-13,15,"[310, 330, 333, 325, 327, 311, 335]"
2025-12-03,12,Optimal,1961.3021639876915,0.0,False,0.5367551000090316,1.4779288903810084e-12,10,"[317, 328, 315, 324, 331, 325, 335]"
2025-12-03,18,Optimal,-389.68225210317286,0.0,False,0.014187600027071312,1.0231815394945443e-12,0,"[317, 329, 328, 312, 316, 319, 334]"
2025-12-04,0,Optimal,58389.627269839766,0.0004483085890972955,False,2.078404799976852,3.296918293926865e-12,1008,"[318, 329, 330, 333, 324, 323, 334]"
2025-12-04,6,Optimal,-589.2744054040013,0.0008442903115149856,False,0.6638299000042025,3.566924533515703e-12,8,"[310, 330, 333, 325, 327, 311, 334]"
2025-12-04,12,Optimal,667.8775777156047,0.0007977495817112634,False,0.7961401999928057,4.646949491871055e-12,10,"[317, 328, 312, 309, 321, 313, 335]"
2025-12-04,18,Optimal,30.648496440900075,0.0,False,0.015718000009655952,9.094947017729282e-13,0,"[317, 329, 321, 310, 325, 318, 334]"
2025-12-05,0,Optimal,21931.645404215014,0.00024386735310719584,False,1.7722277999855578,4.263256414560601e-12,1008,"[318, 329, 330, 333, 326, 322, 334]"
2025-12-05,6,Optimal,1268.580008839036,0.0006029402464139008,False,1.1374439999926835,5.5706550483591855e-12,5,"[310, 330, 333, 325, 312, 321, 336]"
2025-12-05,12,Optimal,-499.70352299636187,0.0,False,0.03725339999073185,9.094947017729282e-13,0,"[317, 328, 312, 322, 323, 318, 335]"
2025-12-05,18,Optimal,-153.85527491126095,0.0,False,0.01674500000081025,7.958078640513122e-13,0,"[317, 329, 321, 310, 325, 318, 337]"
2025-12-06,0,Optimal,24146.070553747046,0.0009768415155520425,False,1.9395622000156436,3.637978807091713e-12,1008,"[318, 329, 313, 321, 327, 320, 338]"
2025-12-06,6,Optimal,-157.22476244204083,0.0,False,0.05209919999470003,9.094947017729282e-13,0,"[322, 313, 314, 332, 323, 317, 336]"
2025-12-06,12,Optimal,-626.7683581596445,0.0,False,0.03500410000560805,9.094947017729282e-13,0,"[317, 328, 312, 319, 327, 316, 335]"
2025-12-06,18,Optimal,-403.30534067343876,0.0,False,0.01725039997836575,8.526512829121202e-13,0,"[317, 329, 321, 314, 323, 313, 337]"
2025-12-07,0,Optimal,61487.15581047187,0.0005643839295371534,False,1.4969466000038665,2.603428583825007e-11,6,"[318, 312, 331, 319, 316, 335, 338]"
2025-12-07,6,Optimal,-2405.8172876061,0.0,False,0.055778599984478205,9.094947017729282e-13,0,"[322, 313, 314, 332, 323, 338, 339]"
2025-12-07,12,Optimal,774.9759013935483,0.0009330171927433025,False,1.8673006999888457,1.3642420526593924e-12,10,"[317, 328, 314, 331, 325, 336, 335]"
2025-12-07,18,Optimal,-414.3125051438187,0.0,False,0.013816499995300546,9.094947017729282e-13,0,"[317, 329, 321, 331, 322, 336, 337]"
2025-12-08,0,Optimal,61480.90776465179,0.0005473394525687729,False,0.3207185000064783,2.6943780540023e-11,5,"[318, 315, 317, 324, 316, 335, 338]"
2025-12-08,6,Optimal,972.962026986935,0.0,False,3.150804600008996,9.094947017729282e-13,15,"[322, 313, 314, 332, 316, 335, 337]"
2025-12-08,12,Optimal,-1599.5479218333576,0.0,False,0.03825169999618083,9.094947017729282e-13,0,"[317, 328, 324, 321, 313, 340, 335]"
2025-12-08,18,Optimal,-785.0511986120587,0.0,False,0.016262399993138388,9.094947017729282e-13,0,"[317, 329, 321, 316, 319, 338, 337]"
2025-12-09,0,Optimal,60780.83974513427,0.00046657316824419046,False,1.206006399996113,1.0913936421275139e-11,6,"[318, 315, 333, 341, 316, 335, 338]"
2025-12-09,6,Optimal,-1129.7108021910956,0.00016800556384114775,False,0.4119590999907814,2.3305801732931286e-12,2,"[322, 331, 328, 318, 341, 335, 337]"
2025-12-09,12,Optimal,-852.5872131609214,0.0003834283324155652,False,0.13754170000902377,9.663381206337363e-13,3,"[317, 328, 324, 321, 318, 340, 335]"
2025-12-09,18,Optimal,-698.7936788579709,0.0,False,0.014626300020609051,9.094947017729282e-13,0,"[317, 329, 321, 316, 319, 338, 337]"
2025-12-10,0,Optimal,57672.72368657554,0.0003543707634737212,False,0.6691248000133783,3.524291969370097e-12,5,"[318, 330, 321, 340, 342, 335, 338]"
2025-12-10,6,Optimal,4231.257148988269,0.00015818164952403985,False,0.53896619999432,1.0231815394945443e-12,14,"[322, 331, 319, 327, 321, 342, 337]"
2025-12-10,12,Optimal,-1090.2553527195175,0.00028758176982646253,False,0.15321980000589974,1.8189894035458565e-12,2,"[317, 328, 322, 323, 316, 340, 335]"
2025-12-10,18,Optimal,-769.4174192278444,0.0,False,0.015800399996805936,9.094947017729282e-13,0,"[317, 329, 321, 325, 318, 338, 337]"
2025-12-11,0,Optimal,68060.68357372367,0.0007784230522517683,False,0.38525160000426695,8.071765478234738e-12,12,"[318, 331, 319, 326, 323, 337, 343]"
2025-12-11,6,Optimal,-1581.5621750053365,0.0,False,0.051385600003413856,9.094947017729282e-13,0,"[324, 326, 325, 323, 317, 342, 337]"
2025-12-11,12,Optimal,-1281.1857748301643,0.0,False,0.038396399992052466,1.0231815394945443e-12,0,"[317, 328, 319, 327, 343, 340, 335]"
2025-12-11,18,Optimal,-723.2906968755477,0.0,False,0.01417750000837259,1.0231815394945443e-12,0,"[317, 333, 327, 323, 343, 338, 337]"
2025-12-12,0,Optimal,28717.24121870165,0.0,False,0.07683400000678375,1.0231815394945443e-12,0,"[332, 330, 321, 340, 323, 337, 343]"
2025-12-12,6,Optimal,728.7463531661258,0.0,False,0.3630172999983188,9.663381206337363e-13,3,"[322, 331, 319, 327, 317, 342, 337]"
2025-12-12,12,Optimal,-748.7982830465647,0.0,False,0.032714400003897026,9.094947017729282e-13,0,"[332, 333, 322, 323, 343, 340, 335]"
2025-12-12,18,Optimal,-772.5912376404084,0.0,False,0.014406899979803711,9.094947017729282e-13,0,"[330, 329, 321, 323, 343, 338, 337]"
2025-12-13,0,Optimal,29808.31267070666,0.0003874824191098473,False,0.29806900001131,3.637978807091713e-12,2,"[332, 345, 321, 340, 323, 337, 343]"
2025-12-13,6,Optimal,1332.6078840580378,0.00030446206101972673,False,3.4141672999830917,1.2454393072403036e-10,6,"[322, 330, 328, 318, 321, 342, 337]"
2025-12-13,12,Optimal,-1262.666559194872,0.0,False,0.03679020001436584,9.663381206337363e-13,0,"[345, 333, 322, 323, 343, 340, 335]"
2025-12-13,18,Optimal,-736.23214487951,0.0,False,0.013720499991904944,8.526512829121202e-13,0,"[345, 329, 321, 323, 343, 338, 337]"
2025-12-14,0,Optimal,62523.38155648379,0.0007100464433681245,False,0.8229578000027686,5.9117155615240335e-12,7,"[332, 345, 321, 340, 323, 337, 343]"
2025-12-14,6,Optimal,2654.738391952507,4.008600817545287e-05,False,8.061943600012455,1.9326762412674725e-12,15,"[322, 329, 333, 332, 321, 342, 337]"
2025-12-14,12,Optimal,-944.0357165402859,0.0,False,0.03316829999675974,9.094947017729282e-13,0,"[346, 329, 324, 321, 343, 340, 335]"
2025-12-14,18,Optimal,-730.8548608266126,0.0,False,0.015397700015455484,1.0231815394945443e-12,0,"[346, 326, 328, 325, 343, 338, 337]"
2025-12-15,0,Optimal,61685.113706333934,0.0008150402262377161,False,0.7539345000113826,1.1823431123048067e-11,7,"[332, 345, 321, 326, 323, 337, 343]"
2025-12-15,6,Optimal,3928.8611517792738,0.000830364907248553,False,0.41892290001851507,1.9326762412674725e-12,15,"[322, 329, 333, 332, 321, 342, 337]"
2025-12-15,12,Optimal,-1238.0146174159374,0.0,False,0.03935779997846112,9.094947017729282e-13,0,"[346, 330, 326, 321, 343, 340, 335]"
2025-12-15,18,Optimal,-691.6018818414724,0.0,False,0.015257200022460893,9.094947017729282e-13,0,"[346, 332, 324, 331, 343, 338, 337]"
2025-12-16,0,Optimal,65562.10261487812,0.0002663937973866288,False,2.064319600001909,2.7284841053187847e-12,1008,"[332, 345, 321, 326, 323, 348, 343]"
2025-12-16,6,Optimal,-103.15322318084236,0.0,False,0.30249850000836886,1.0231815394945443e-12,1,"[345, 330, 328, 332, 321, 342, 337]"
2025-12-16,12,Optimal,-1069.584944235134,0.0,False,0.03419999999459833,9.094947017729282e-13,0,"[347, 329, 348, 321, 343, 340, 335]"
2025-12-16,18,Optimal,-661.704895845967,0.0,False,0.01660570001695305,8.348877145181177e-13,0,"[345, 326, 328, 331, 343, 338, 337]"
2025-12-17,0,Optimal,65158.124910637955,0.000211571279149145,False,2.0187816999969073,2.6147972675971687e-12,1008,"[332, 349, 333, 326, 323, 348, 343]"
2025-12-17,6,Optimal,-1100.2946651396392,0.0,False,0.05427530000451952,1.0231815394945443e-12,0,"[345, 330, 328, 332, 341, 342, 337]"
2025-12-17,12,Optimal,-795.62182992394,0.0,False,0.040712100017117336,9.094947017729282e-13,0,"[347, 329, 348, 331, 343, 340, 335]"
2025-12-17,18,Optimal,-647.3941140652203,0.0,False,0.014696500002173707,1.0231815394945443e-12,0,"[345, 326, 328, 331, 343, 338, 337]"
2025-12-18,0,Optimal,62270.90786028214,0.0009828674321959712,False,2.1124398999963887,3.069544618483633e-12,1008,"[332, 329, 331, 340, 347, 348, 343]"
2025-12-18,6,Optimal,2336.70579315094,0.0005885819369648213,False,0.2926863000029698,1.9326762412674725e-12,8,"[324, 331, 347, 349, 341, 342, 337]"
2025-12-18,12,Optimal,-777.2599544407569,0.0,False,0.03613459999905899,9.663381206337363e-13,0,"[347, 329, 348, 323, 343, 340, 335]"
2025-12-18,18,Optimal,-697.7107885296508,0.0,False,0.014843500015558675,9.094947017729282e-13,0,"[345, 326, 328, 331, 343, 338, 337]"
2025-12-19,0,Optimal,27017.47441643282,1.3412849424555006e-05,False,0.32060929998988286,7.16227077646181e-12,4,"[332, 329, 331, 341, 342, 348, 343]"
2025-12-19,6,Optimal,2001.6180277843155,0.0006864853160914762,False,1.2380499999853782,9.094947017729282e-13,5,"[324, 331, 347, 332, 341, 342, 337]"
2025-12-19,12,Optimal,-1108.693133010303,0.0,False,0.034384200000204146,9.094947017729282e-13,0,"[347, 329, 348, 327, 343, 340, 335]"
2025-12-19,18,Optimal,-649.5462958510229,0.0,False,0.01376989998971112,1.0231815394945443e-12,0,"[345, 326, 328, 331, 343, 338, 337]"
2025-12-20,0,Optimal,28711.816842024335,1.3955234603105867e-05,False,0.5493943000037689,2.6147972675971687e-12,6,"[332, 329, 331, 341, 342, 348, 343]"
2025-12-20,6,Optimal,-902.3466747311858,0.0,False,0.04833620000863448,1.0231815394945443e-12,0,"[346, 326, 347, 332, 341, 342, 337]"
2025-12-20,12,Optimal,-878.0400399314237,0.0,False,0.03448729999945499,1.0231815394945443e-12,0,"[347, 329, 348, 327, 343, 340, 335]"
2025-12-20,18,Optimal,-665.0256353620923,0.0,False,0.014419499988434836,1.0231815394945443e-12,0,"[345, 326, 328, 331, 343, 338, 337]"
2025-12-21,0,Optimal,64476.88501688628,0.0009898760643968715,False,2.1995457999873906,2.2737367544323206e-12,1008,"[332, 349, 331, 341, 342, 348, 343]"
2025-12-21,6,Optimal,-415.7767716815342,0.00027396883895365755,False,1.218978499993682,1.5916157281026244e-12,6,"[346, 326, 347, 349, 341, 342, 337]"
2025-12-21,12,Optimal,206.82897185129525,0.0,False,0.788881600019522,7.389644451905042e-12,10,"[347, 329, 348, 352, 343, 340, 335]"
2025-12-21,18,Optimal,-716.9471525896819,0.0,False,0.019076499971561134,9.094947017729282e-13,0,"[345, 326, 333, 348, 343, 338, 337]"
2025-12-22,0,Optimal,62981.46508529649,0.0007537999188645305,False,2.1650153000082355,2.1227464230832993e-12,1008,"[332, 349, 330, 352, 342, 348, 343]"
2025-12-22,6,Optimal,274.72831539432684,0.0001699548884247875,False,0.25493110000388697,3.524291969370097e-12,9,"[346, 352, 348, 353, 341, 342, 337]"
2025-12-22,12,Optimal,-408.76746526385864,0.0,False,0.6620199999888428,9.094947017729282e-13,7,"[347, 330, 348, 352, 343, 340, 335]"
2025-12-22,18,Optimal,-697.2915048248525,0.0,False,0.016384300019126385,1.0231815394945443e-12,0,"[345, 329, 333, 348, 343, 338, 337]"
2025-12-23,0,Optimal,64809.08374445442,0.0009333229575967429,False,2.0177090000070166,2.7284841053187847e-12,1008,"[332, 349, 330, 355, 342, 348, 343]"
2025-12-23,6,Optimal,-1098.222898914214,0.00048372479734964783,False,0.42884130001766607,1.2505552149377763e-12,5,"[346, 352, 348, 353, 341, 342, 337]"
2025-12-23,12,Optimal,-617.6479218805212,0.0,False,0.6979603000218049,5.4569682106375694e-12,7,"[347, 330, 348, 352, 343, 340, 335]"
2025-12-23,18,Optimal,-764.9979560980846,0.0,False,0.014937300002202392,9.094947017729282e-13,0,"[345, 329, 333, 331, 343, 338, 337]"
2025-12-24,0,Optimal,64191.84333666931,0.0006527435140362504,False,2.255288999993354,1.9326762412674725e-12,1008,"[350, 349, 330, 355, 342, 348, 343]"
2025-12-24,6,Optimal,130.88217019906602,0.00038074146900280126,False,0.6344632000254933,4.433786671143025e-12,9,"[346, 352, 351, 353, 341, 342, 337]"
2025-12-24,12,Optimal,-969.2698654196938,0.0,False,0.03917240002192557,9.094947017729282e-13,0,"[347, 356, 348, 352, 343, 340, 335]"
2025-12-24,18,Optimal,-734.4395771658642,0.0,False,0.014817999996012077,9.094947017729282e-13,0,"[356, 332, 353, 331, 343, 338, 337]"
2025-12-25,0,Optimal,61336.448316058464,0.0009995915435730746,False,2.759963400021661,3.8191672047105385e-12,1008,"[350, 353, 330, 355, 342, 348, 343]"
2025-12-25,6,Optimal,389.2586587606169,0.0005575166305046517,False,0.6995174000039697,1.3642420526593924e-12,15,"[346, 333, 351, 353, 341, 342, 337]"
2025-12-25,12,Optimal,1002.0331545330299,0.0004610900099143386,False,0.406047700002091,1.0231815394945443e-12,11,"[347, 356, 348, 352, 343, 340, 335]"
2025-12-25,18,Optimal,-742.0089873371949,0.0,False,0.015257899998687208,1.0231815394945443e-12,0,"[356, 330, 353, 331, 343, 338, 337]"
2025-12-26,0,Optimal,27200.471215220317,1.2935232688023718e-05,False,0.2851698999875225,1.8189894035458565e-12,4,"[350, 353, 331, 352, 342, 348, 343]"
2025-12-26,6,Optimal,456.3984630877653,0.0,False,0.050359099986962974,9.094947017729282e-13,0,"[346, 357, 356, 350, 358, 342, 337]"
2025-12-26,12,Optimal,-858.2744790324326,0.0,False,0.031483400001889095,9.663381206337363e-13,0,"[347, 332, 348, 352, 343, 340, 335]"
2025-12-26,18,Optimal,-729.6960511131775,0.0,False,0.01327809999929741,9.094947017729282e-13,0,"[356, 358, 353, 331, 343, 338, 337]"
2025-12-27,0,Optimal,27562.82515633875,1.3606730379280127e-05,False,0.5316740999987815,9.094947017729282e-13,5,"[350, 353, 351, 352, 342, 348, 343]"
2025-12-27,6,Optimal,373.8982227160293,0.0,False,0.05114100000355393,9.094947017729282e-13,0,"[346, 347, 332, 359, 358, 342, 337]"
2025-12-27,12,Optimal,-772.8078362156702,0.0,False,0.034480800008168444,9.094947017729282e-13,0,"[347, 332, 348, 352, 343, 340, 335]"
2025-12-27,18,Optimal,-670.4485473441244,0.0,False,0.015077899995958433,8.526512829121202e-13,0,"[356, 358, 354, 348, 343, 338, 337]"
2025-12-28,0,Optimal,63265.89804741443,0.00035609303449355155,False,2.2077849000052083,2.1600499167107046e-12,1008,"[356, 357, 351, 352, 342, 348, 343]"
2025-12-28,6,Optimal,-418.57242792104853,0.00035127504766858226,False,0.23362600000109524,1.4921397450962104e-12,1,"[346, 347, 349, 359, 358, 342, 337]"
2025-12-28,12,Optimal,-910.9972492050044,0.0,False,0.03467970000929199,9.094947017729282e-13,0,"[347, 360, 348, 352, 343, 340, 335]"
2025-12-28,18,Optimal,-646.6503563769156,0.0,False,0.01631219999399036,9.094947017729282e-13,0,"[356, 358, 354, 348, 343, 338, 337]"
2025-12-29,0,Optimal,62196.05089224502,0.00043585145237828545,False,2.2506654000026174,3.907985046680551e-12,1008,"[356, 353, 360, 352, 342, 348, 343]"
2025-12-29,6,Optimal,2266.3540167132455,0.0008898995636830886,False,0.3048873000079766,1.4921397450962104e-12,18,"[346, 348, 349, 359, 358, 342, 337]"
2025-12-29,12,Optimal,-638.5227180986691,0.0006946515477216027,False,0.16774319999967702,1.8189894035458565e-12,2,"[347, 361, 348, 352, 343, 340, 335]"
2025-12-29,18,Optimal,-729.4736790389501,0.0,False,0.01497449999442324,1.0231815394945443e-12,0,"[361, 347, 360, 348, 343, 338, 337]"
2025-12-30,0,Optimal,63305.65882272421,0.0009362271131697858,False,0.3823055000102613,7.275957614183426e-12,4,"[356, 353, 360, 355, 358, 337, 343]"
2025-12-30,6,Optimal,972.922817599359,0.0009025079413409027,False,0.973899500007974,1.5916157281026244e-12,8,"[346, 347, 356, 350, 341, 335, 337]"
2025-12-30,12,Optimal,-1695.0659086563282,0.0,False,0.03466790000675246,9.094947017729282e-13,0,"[346, 354, 357, 349, 351, 336, 337]"
2025-12-30,18,Optimal,-737.0074371191608,0.0,False,0.014271499996539205,8.597567102697212e-13,0,"[346, 357, 352, 349, 351, 336, 337]"
2025-12-31,0,Optimal,65257.97961678394,0.0008209871809060664,False,1.1307577000115998,1.958433415438776e-12,12,"[356, 353, 345, 359, 340, 337, 343]"
2025-12-31,6,Optimal,1286.7881259711162,0.0008609013928122366,False,1.094146199990064,1.8189894035458565e-12,7,"[346, 357, 361, 353, 355, 338, 337]"
2025-12-31,12,Optimal,724.3492290061295,3.383477638427847e-06,False,0.7709939999913331,1.8189894035458565e-12,6,"[346, 354, 363, 359, 350, 342, 339]"
2025-12-31,18,Optimal,53.68505610831661,0.0,False,0.016732099989894778,9.094947017729282e-13,0,"[346, 357, 352, 363, 355, 342, 339]"
