date,hour,status,objective,gap,fallback,seconds,physical_error,integer_pairs,history,beta_mean,correction_mean
2025-02-01,0,Optimal,23717.155101119384,1.6476329154575076e-05,False,0.805407700012438,1.8189894035458565e-12,11,"[9, 11, 13, 24, 26, 19, 22]",0.0,0.0
2025-02-01,6,Optimal,-1643.0226750052473,0.0,False,0.05277940002270043,9.663381206337363e-13,0,"[28, 30, 27, 10, 14, 23, 8]",0.028394227895255166,-1.041432448542431
2025-02-01,12,Optimal,-475.53051764297345,0.0,False,0.0346725000126753,9.663381206337363e-13,0,"[20, 23, 11, 26, 22, 15, 14]",0.07244639073302911,-3.2842725024726978
2025-02-01,18,Optimal,-749.600137360249,0.0,False,0.014613800012739375,9.663381206337363e-13,0,"[28, 25, 24, 27, 26, 12, 13]",0.062269538580584136,-1.8661315425471205
2025-02-02,0,Optimal,57196.11359921606,1.6091555047443197e-05,False,0.3909540000022389,5.002220859751105e-12,5,"[31, 20, 16, 24, 26, 19, 22]",0.0,0.0
2025-02-02,6,Optimal,-1284.0486531687889,0.0,False,0.055547800002386793,9.094947017729282e-13,0,"[28, 30, 27, 14, 31, 23, 8]",0.0826595102875865,-3.3321596166646517
2025-02-02,12,Optimal,-1045.6770275357787,0.0,False,0.03587859999970533,9.094947017729282e-13,0,"[29, 30, 11, 21, 26, 27, 14]",0.12764264594842278,-5.472399492672785
2025-02-02,18,Optimal,-774.6010497158227,0.0,False,0.014269100007368252,9.094947017729282e-13,0,"[28, 11, 24, 27, 26, 12, 16]",0.09075061993750287,-3.3697464736481337
2025-02-03,0,Optimal,58845.32413150791,1.9448864310673736e-05,False,0.40453629998955876,2.2737367544323206e-12,7,"[25, 12, 21, 10, 26, 19, 22]",0.0,0.0
2025-02-03,6,Optimal,-2195.7456631146933,2.0710383653514734e-16,False,0.41237249999539927,2.0463630789890885e-12,1,"[28, 29, 27, 10, 31, 19, 8]",0.13897365468681952,-4.499246302453978
2025-02-03,12,Optimal,-1262.2182833866611,6.609032664152992e-05,False,0.22263989999191836,9.094947017729282e-13,1,"[31, 18, 23, 16, 26, 27, 14]",0.1686806708160435,-6.498981363631456
2025-02-03,18,Optimal,-614.5500132961754,0.0,False,0.01790090001304634,9.094947017729282e-13,0,"[30, 22, 10, 27, 18, 12, 16]",0.11777490423638909,-1.7280067264211594
2025-02-04,0,Optimal,60675.87692393026,1.1608781524034766e-05,False,0.38296779998927377,1.4779288903810084e-12,2,"[32, 17, 27, 28, 23, 19, 22]",0.0,0.0
2025-02-04,6,Optimal,-2128.6829683567557,0.0003922973475975063,False,1.354085800005123,5.4569682106375694e-12,7,"[28, 32, 30, 13, 31, 19, 8]",0.16547789245124442,-9.116630550530457
2025-02-04,12,Optimal,-1322.8795490186665,2.1217302743043447e-05,False,0.145601500000339,9.663381206337363e-13,1,"[31, 33, 30, 11, 26, 27, 14]",0.19057969550617004,-9.217067752165953
2025-02-04,18,Optimal,-592.3793598822546,0.0,False,0.014794999995501712,8.100187187665142e-13,0,"[32, 20, 29, 23, 18, 12, 16]",0.1251204188905003,-2.6441107277706877
2025-02-05,0,Optimal,57183.597747412154,8.363799740909206e-05,False,0.909298199985642,1.155742168634788e-12,9,"[33, 9, 11, 13, 30, 29, 22]",0.0,0.0
2025-02-05,6,Optimal,-69.50558773508142,0.0,False,2.517093400005251,1.8189894035458565e-12,14,"[28, 32, 30, 27, 14, 18, 8]",0.20992122035676578,-6.761315121364383
2025-02-05,12,Optimal,-1777.3117963137945,0.0006745948960966172,False,0.25214220001362264,9.094947017729282e-13,3,"[31, 18, 34, 11, 21, 10, 14]",0.2157986584774716,-9.33842618890026
2025-02-05,18,Optimal,-777.7235826562093,0.0,False,0.015028100024210289,9.094947017729282e-13,0,"[34, 28, 25, 24, 23, 8, 16]",0.1378048243457276,-3.1064681237474048
2025-02-06,0,Optimal,61125.51079172433,0.00010908698136943852,False,0.3119973999855574,1.9895196601282805e-12,5,"[33, 9, 20, 16, 24, 8, 18]",0.0,0.0
2025-02-06,6,Optimal,-3049.061237315708,0.0,False,0.06209230000968091,9.094947017729282e-13,0,"[35, 34, 33, 20, 10, 31, 22]",0.2355088200357944,-11.616757612066474
2025-02-06,12,Optimal,-1750.2318302985668,0.0,False,0.036442300013732165,9.094947017729282e-13,0,"[31, 33, 23, 19, 16, 22, 15]",0.23921442963598663,-6.498457332966031
2025-02-06,18,Optimal,-609.2139293441187,0.0,False,0.015891200018813834,8.872902412804251e-13,0,"[34, 28, 19, 15, 9, 26, 16]",0.14984946370082797,-2.7599772682009647
2025-02-07,0,Optimal,23406.18328464351,0.0,False,0.07711330000893213,1.0231815394945443e-12,0,"[34, 31, 12, 21, 10, 26, 18]",0.0,0.0
2025-02-07,6,Optimal,-1621.0212008418093,0.0,False,0.05382120001013391,9.663381206337363e-13,0,"[35, 34, 30, 26, 13, 31, 23]",0.26733389885923775,-12.27570734385129
2025-02-07,12,Optimal,-1352.5981840846018,0.0,False,0.03500259999418631,9.094947017729282e-13,0,"[31, 33, 23, 34, 28, 26, 15]",0.25376354606274604,-9.268142375738478
2025-02-07,18,Optimal,-789.0243352337272,0.0,False,0.01500130002386868,9.094947017729282e-13,0,"[34, 33, 22, 29, 27, 18, 16]",0.16294985693847874,-3.5984053957867337
2025-02-08,0,Optimal,19283.125436824732,0.0,False,0.07128729997202754,9.094947017729282e-13,0,"[37, 25, 12, 21, 10, 26, 18]",0.0,0.0
2025-02-08,6,Optimal,-5.415866283073797,0.0,False,0.05180539999855682,9.094947017729282e-13,0,"[28, 36, 32, 21, 13, 14, 23]",0.29226486610042446,-8.68105502943594
2025-02-08,12,Optimal,-872.805534154869,0.0,False,0.03355439999722876,9.663381206337363e-13,0,"[31, 37, 33, 30, 11, 26, 15]",0.2675975852252189,-10.614409484926622
2025-02-08,18,Optimal,-643.8556251957873,0.0,False,0.014723500004038215,7.958078640513122e-13,0,"[34, 33, 22, 29, 27, 18, 21]",0.16894531084808426,-1.6915818193975296
2025-02-09,0,Optimal,57520.14575584099,0.0007202156419532084,False,0.6072280000080355,5.4569682106375694e-12,6,"[37, 25, 12, 21, 28, 26, 18]",0.0,0.0
2025-02-09,6,Optimal,-992.0173361173465,0.0002263376703848396,False,1.1346388999954797,1.4637180356658064e-12,6,"[11, 17, 32, 33, 27, 14, 23]",0.31133783735523607,-11.277719557997118
2025-02-09,12,Optimal,-1087.2780177420045,0.0,False,0.03760150002199225,9.094947017729282e-13,0,"[35, 13, 20, 36, 11, 22, 15]",0.28386293362639003,-5.464327172203522
2025-02-09,18,Optimal,-760.625056794274,0.0,False,0.01532579999184236,9.094947017729282e-13,0,"[34, 35, 20, 25, 24, 18, 16]",0.174876005950945,-5.98524922353344
2025-02-10,0,Optimal,54462.66281690313,0.000556589671224784,False,0.562021999998251,3.240074875066057e-12,5,"[37, 39, 35, 21, 28, 26, 18]",0.0,0.0
2025-02-10,6,Optimal,-3224.866143070364,0.0,False,0.05522229999769479,9.094947017729282e-13,0,"[39, 35, 38, 21, 27, 14, 23]",0.32681303383388777,-7.2339402334923815
2025-02-10,12,Optimal,388.93741238244695,0.0,False,0.7907508999924175,1.4779288903810084e-12,4,"[32, 37, 24, 30, 19, 21, 17]",0.2946353613827975,-9.30465837130911
2025-02-10,18,Optimal,-785.5336235264598,0.0,False,0.014514000009512529,9.094947017729282e-13,0,"[34, 35, 20, 19, 27, 18, 16]",0.18967219616715358,-5.506603767900105
2025-02-11,0,Optimal,55493.74994470635,0.0004121152927394999,False,0.31615850000525825,3.979039320256561e-12,3,"[37, 32, 17, 21, 28, 26, 18]",0.0,0.0
2025-02-11,6,Optimal,-2975.2085304489297,0.0,False,0.04976580000948161,9.094947017729282e-13,0,"[39, 36, 38, 33, 13, 31, 18]",0.33971072125469653,-14.537271327070998
2025-02-11,12,Optimal,-1109.1936378199453,0.0,False,0.0380328000173904,9.094947017729282e-13,0,"[32, 37, 38, 33, 34, 21, 17]",0.3056075467826617,-9.906051095810367
2025-02-11,18,Optimal,-755.0128163443711,0.0,False,0.014441599982092157,9.094947017729282e-13,0,"[36, 35, 20, 40, 17, 23, 16]",0.19874251897756076,-5.951897069367046
2025-02-12,0,Optimal,55398.63094895638,0.0007660827119490695,False,0.5728317000030074,4.320099833421409e-12,5,"[37, 40, 31, 27, 28, 26, 18]",0.0,0.0
2025-02-12,6,Optimal,-3034.002572621076,0.0,False,0.052267499995650724,9.094947017729282e-13,0,"[39, 36, 38, 33, 27, 41, 18]",0.3506418213721651,-11.246913853914428
2025-02-12,12,Optimal,-1017.4671643150879,0.0,False,0.03774580001481809,9.094947017729282e-13,0,"[31, 37, 38, 30, 34, 21, 17]",0.3139793424637354,-12.96434768690811
2025-02-12,18,Optimal,-679.9571887560301,0.0,False,0.013727599987760186,1.0231815394945443e-12,0,"[34, 33, 39, 40, 41, 23, 21]",0.21218246191141754,-4.896468955906166
2025-02-13,0,Optimal,48409.339708631764,1.6367028887384117e-05,False,0.31659589998889714,1.0231815394945443e-12,4,"[37, 41, 25, 20, 38, 23, 15]",0.0,0.0
2025-02-13,6,Optimal,-1309.2839632452676,0.0,False,0.053236300009302795,9.094947017729282e-13,0,"[39, 35, 38, 25, 16, 19, 23]",0.3653344460348081,2.6409676991678626
2025-02-13,12,Optimal,167.0389554904202,0.0,False,0.581233400007477,4.490630090003833e-12,4,"[32, 37, 25, 30, 41, 21, 17]",0.3220691939515843,-4.482573355604545
2025-02-13,18,Optimal,-744.2562985654527,0.0,False,0.01894660000107251,9.094947017729282e-13,0,"[36, 35, 20, 19, 42, 24, 26]",0.21531959773941098,-3.2513067863453142
2025-02-14,0,Optimal,17343.88527439707,0.00027020585952752167,False,1.6026262000086717,4.149569576838985e-12,1008,"[37, 41, 25, 20, 16, 30, 19]",0.0,0.0
2025-02-14,6,Optimal,258.9548507269392,0.0,False,0.044549399986863136,9.094947017729282e-13,0,"[39, 35, 38, 26, 27, 19, 23]",0.36550686754228073,-1.6946928972968667
2025-02-14,12,Optimal,-496.36228387319153,0.0,False,0.030217599996831268,9.094947017729282e-13,0,"[32, 40, 25, 23, 19, 16, 22]",0.32397784795828144,-0.6865815048701599
2025-02-14,18,Optimal,103.91793938350199,0.0,False,0.014474800002062693,9.094947017729282e-13,0,"[36, 35, 22, 19, 42, 24, 21]",0.21407391370268142,4.197527999495597
2025-02-15,0,Optimal,17997.995651478013,0.0004218448781821981,False,1.7941281999810599,2.2737367544323206e-12,1008,"[37, 41, 25, 20, 38, 30, 19]",0.0,0.0
2025-02-15,6,Optimal,-691.7607592927009,0.0,False,0.04752100000041537,9.094947017729282e-13,0,"[39, 35, 38, 26, 27, 19, 23]",0.3669979531865828,-1.6934623573399858
2025-02-15,12,Optimal,-308.49368486065737,0.0,False,0.03032409999286756,9.094947017729282e-13,0,"[32, 40, 25, 23, 19, 28, 22]",0.32342599103843134,-0.20915621938383136
2025-02-15,18,Optimal,201.84742724702176,0.0,False,0.015399099997011945,8.526512829121202e-13,0,"[36, 35, 20, 19, 29, 27, 43]",0.21546921077660142,0.5836157146304025
2025-02-16,0,Optimal,52781.16262528999,0.00014431831100827008,False,1.0534053000155836,1.546140993013978e-11,17,"[37, 41, 25, 43, 38, 30, 19]",0.0,0.0
2025-02-16,6,Optimal,-2499.8352117905406,0.0,False,0.0547896999923978,9.094947017729282e-13,0,"[39, 29, 30, 26, 42, 43, 22]",0.3670336653601095,1.4950336411905107
2025-02-16,12,Optimal,-954.249472408173,0.0,False,0.038309099996695295,9.094947017729282e-13,0,"[32, 37, 38, 33, 36, 21, 26]",0.32339518543194556,-7.421956785941471
2025-02-16,18,Optimal,958.1374722607997,0.0,False,0.0157671999768354,9.094947017729282e-13,0,"[36, 35, 22, 37, 29, 24, 21]",0.21602890927837742,4.593170364218491
2025-02-17,0,Optimal,52022.32170369852,0.00031541384838874804,False,0.5483877999940887,9.094947017729282e-13,10,"[37, 41, 25, 20, 21, 24, 29]",0.0,0.0
2025-02-17,6,Optimal,-3158.266413298395,0.0,False,0.05512319999979809,9.094947017729282e-13,0,"[39, 36, 38, 20, 42, 19, 22]",0.367068346971449,-9.085969633823444
2025-02-17,12,Optimal,-934.3149268167892,0.0,False,0.034200499998405576,9.094947017729282e-13,0,"[32, 40, 25, 23, 19, 21, 45]",0.3174397015025532,-2.668554205350339
2025-02-17,18,Optimal,329.73875652453216,0.0,False,0.013562900014221668,9.094947017729282e-13,0,"[36, 35, 20, 37, 29, 27, 21]",0.2129773153881559,1.3077478634979913
2025-02-18,0,Optimal,46445.17499428379,0.0003686579343852999,False,0.29904480002005585,3.979039320256561e-12,3,"[37, 42, 39, 35, 27, 44, 26]",0.0,0.0
2025-02-18,6,Optimal,1835.8401396495979,0.0007143410808211958,False,0.7594760000065435,1.8189894035458565e-12,4,"[28, 29, 30, 26, 42, 43, 46]",0.3622958114334541,2.527179588589567
2025-02-18,12,Optimal,-941.1893953235221,0.0,False,0.03522950000478886,9.094947017729282e-13,0,"[39, 40, 25, 23, 34, 27, 45]",0.31737922750847897,1.0440980932937716
2025-02-18,18,Optimal,64.77658808288962,0.0,False,0.014971299999160692,9.094947017729282e-13,0,"[36, 30, 22, 44, 46, 23, 21]",0.21248498360916535,5.513666744741445
2025-02-19,0,Optimal,46676.48279338063,0.00027660574991834045,False,0.5509090000123251,9.094947017729282e-13,5,"[37, 42, 39, 35, 21, 24, 29]",0.0,0.0
2025-02-19,6,Optimal,-354.7162211958237,0.0,False,0.05364630001713522,9.663381206337363e-13,0,"[39, 29, 30, 33, 42, 43, 22]",0.3652333069531695,-4.961140284142339
2025-02-19,12,Optimal,2067.0018372345085,0.0007743674336530215,False,0.5415983999846503,2.1600499167107046e-12,5,"[39, 40, 25, 44, 28, 27, 45]",0.3142082265042027,3.3345860808128243
2025-02-19,18,Optimal,-709.8765455893474,0.0,False,0.015174899977864698,9.094947017729282e-13,0,"[34, 33, 22, 37, 29, 24, 21]",0.19841737760374684,-0.4807489089422613
2025-02-20,0,Optimal,48153.594136228574,5.183084919897934e-05,False,2.1648669999849517,6.934897101018578e-12,1008,"[37, 42, 39, 35, 38, 30, 48]",0.0,0.0
2025-02-20,6,Optimal,649.2279443832836,0.0,False,0.06051579999621026,9.094947017729282e-13,0,"[28, 29, 30, 33, 44, 40, 46]",0.3624383326354569,1.6191265523279579
2025-02-20,12,Optimal,-1035.9537644297725,0.0,False,0.03641000000061467,9.094947017729282e-13,0,"[39, 40, 25, 44, 28, 27, 45]",0.3160092912824066,2.938455407365212
2025-02-20,18,Optimal,-455.6648470821709,0.0,False,0.015240899985656142,8.842926391139372e-13,0,"[34, 33, 22, 37, 29, 24, 45]",0.19821954155337176,0.831015881313263
2025-02-21,0,Optimal,16892.470578073342,6.125233622902351e-07,False,0.25283070001751184,9.094947017729282e-13,2,"[37, 42, 39, 35, 27, 24, 29]",0.0,0.0
2025-02-21,6,Optimal,516.3910560697861,0.0,False,0.04843939997954294,1.0231815394945443e-12,0,"[28, 29, 30, 27, 42, 43, 46]",0.3620210921228193,1.825112994707348
2025-02-21,12,Optimal,-475.20299936015397,0.0,False,0.028877500008093193,9.094947017729282e-13,0,"[32, 40, 25, 30, 50, 27, 45]",0.31662669347294436,-1.1104540098189228
2025-02-21,18,Optimal,-504.29693089184013,0.0,False,0.013888199988286942,9.663381206337363e-13,0,"[34, 33, 28, 42, 41, 50, 45]",0.20096368362942008,-2.0365633182963823
2025-02-22,0,Optimal,17870.631967933445,0.0,False,0.06719990001874976,9.094947017729282e-13,0,"[37, 42, 39, 35, 27, 44, 29]",0.0,0.0
2025-02-22,6,Optimal,-30.752779886080305,0.0,False,0.04586610000114888,9.094947017729282e-13,0,"[28, 51, 38, 26, 42, 47, 45]",0.35980396952027643,-2.504065470567207
2025-02-22,12,Optimal,-942.5796901275805,0.0,False,0.030297899997094646,1.0231815394945443e-12,0,"[39, 40, 25, 44, 28, 27, 45]",0.31493686959881234,2.712126749199088
2025-02-22,18,Optimal,-672.4182881965453,0.0,False,0.018181499995989725,8.526512829121202e-13,0,"[34, 33, 28, 42, 46, 26, 45]",0.19975121979265764,0.7544184648871567
2025-02-23,0,Optimal,47830.3962966661,0.00019407431244568125,False,0.30087179999100044,6.423306331271306e-12,4,"[37, 42, 39, 35, 27, 28, 29]",0.0,0.0
2025-02-23,6,Optimal,2229.0802627640446,0.000677317596931505,False,0.36988669997663237,1.1368683772161603e-12,3,"[28, 51, 30, 27, 42, 47, 45]",0.3599626725914429,1.2948267290602617
2025-02-23,12,Optimal,-1429.9202026010848,0.0,False,0.03631719999248162,9.094947017729282e-13,0,"[39, 29, 43, 44, 50, 27, 45]",0.31270750332055414,3.9610655102454846
2025-02-23,18,Optimal,-838.3957214593582,0.0,False,0.015222499991068617,8.597567102697212e-13,0,"[34, 33, 28, 40, 29, 26, 43]",0.19749558098046047,-2.5940061198369904
2025-02-24,0,Optimal,46370.65490901415,0.000522595488708468,False,0.5022653999913018,7.73070496506989e-12,5,"[37, 42, 39, 50, 53, 28, 29]",0.0,0.0
2025-02-24,6,Optimal,1059.5913123780222,0.0,False,1.1304423000256065,3.637978807091713e-12,7,"[28, 29, 53, 27, 48, 47, 45]",0.36331199431493943,-4.968984338045963
2025-02-24,12,Optimal,-1138.8593053987724,0.0,False,0.03607820000615902,9.094947017729282e-13,0,"[39, 37, 30, 34, 28, 27, 45]",0.3099634602054,1.175246693094637
2025-02-24,18,Optimal,-218.43666036501457,0.0,False,0.014926399977412075,8.970602038971265e-13,0,"[31, 33, 28, 44, 46, 47, 45]",0.19437899945581824,2.534460933964954
2025-02-25,0,Optimal,47811.60095500224,0.00012823033353227828,False,0.6153849000111222,1.3642420526593924e-12,5,"[37, 42, 39, 50, 53, 38, 29]",0.0,0.0
2025-02-25,6,Optimal,-392.6593939514402,0.0,False,0.7338203999970574,3.637978807091713e-12,4,"[28, 29, 53, 27, 42, 47, 45]",0.3612223755806439,-3.229466004570505
2025-02-25,12,Optimal,-1881.3497238098157,0.0,False,0.0360190000210423,1.0231815394945443e-12,0,"[32, 37, 30, 41, 28, 27, 45]",0.31149815290219834,-1.433919014618373
2025-02-25,18,Optimal,-810.594242288114,0.0,False,0.017870300012873486,9.094947017729282e-13,0,"[34, 33, 28, 40, 29, 47, 53]",0.19154944741901844,-2.6008622546484474
2025-02-26,0,Optimal,43501.60045264705,0.00042115010855386427,False,0.5841328999958932,2.6414426201881724e-12,5,"[37, 42, 32, 35, 53, 38, 29]",0.0,0.0
2025-02-26,6,Optimal,2560.403716055002,0.0003715471668833493,False,0.7685020999924745,1.8189894035458565e-12,5,"[28, 51, 53, 54, 42, 47, 45]",0.36068542425709654,0.6652123784333497
2025-02-26,12,Optimal,865.3472378501004,0.0009953109352599729,False,0.5758743000042159,2.5011104298755527e-12,4,"[32, 37, 30, 41, 28, 55, 45]",0.3128190890040145,-1.7070081492444484
2025-02-26,18,Optimal,-370.18975679833125,0.0,False,0.015104299993254244,1.0231815394945443e-12,0,"[34, 33, 28, 44, 54, 47, 45]",0.18745324976937805,0.6782527209780415
2025-02-27,0,Optimal,43541.157472220126,0.00017304344033983304,False,0.7432241000060458,1.8189894035458565e-12,7,"[37, 42, 32, 35, 53, 38, 48]",0.0,0.0
2025-02-27,6,Optimal,612.414192861349,0.00026410866316147586,False,0.28244290000293404,3.232969447708456e-12,1,"[55, 29, 53, 33, 48, 31, 45]",0.35949351943920144,-5.1593955690738404
2025-02-27,12,Optimal,-715.7358071747792,0.0,False,0.03306040001916699,9.094947017729282e-13,0,"[32, 37, 30, 56, 49, 51, 47]",0.31276211538396187,-5.640691248851224
2025-02-27,18,Optimal,-582.6626618162733,0.0,False,0.014352599973790348,9.094947017729282e-13,0,"[34, 33, 39, 40, 29, 51, 55]",0.17581658876801592,-0.7967122615279965
2025-02-28,0,Optimal,15986.414386380875,0.0,False,0.0635142000101041,9.094947017729282e-13,0,"[37, 42, 32, 35, 53, 38, 48]",0.0,0.0
2025-02-28,6,Optimal,334.5162327747809,0.0,False,0.046025099989492446,9.094947017729282e-13,0,"[55, 51, 30, 52, 44, 56, 46]",0.35683125700447965,0.9284518853736315
2025-02-28,12,Optimal,-289.88994591821086,0.0,False,0.030891899979906157,9.094947017729282e-13,0,"[39, 40, 36, 34, 49, 53, 45]",0.3073320106669827,3.397551536273372
2025-02-28,18,Optimal,-734.7884231990951,0.0,False,0.014947499992558733,9.663381206337363e-13,0,"[34, 33, 39, 40, 46, 47, 45]",0.1750215491740472,0.2684084291891024
2025-03-01,0,Optimal,18018.46088421946,0.00039354733744902316,False,2.227340200013714,4.831690603168681e-12,1008,"[37, 42, 32, 35, 53, 38, 48]",0.0,0.0
2025-03-01,6,Optimal,-1017.2339599248028,0.0,False,0.04501540001365356,9.663381206337363e-13,0,"[39, 34, 54, 41, 48, 43, 45]",0.3554931801518317,-16.709793258051825
2025-03-01,12,Optimal,-834.139666534092,0.0,False,0.03050620001158677,9.094947017729282e-13,0,"[31, 38, 36, 41, 42, 58, 47]",0.3049543384190494,-13.078177306303964
2025-03-01,18,Optimal,-535.5977276475279,0.0,False,0.014456700009759516,8.526512829121202e-13,0,"[34, 33, 37, 42, 50, 51, 55]",0.17539164654377876,-0.5526042683699017
2025-03-02,0,Optimal,49934.874989908734,8.081092969451718e-05,False,0.5588806000014301,1.9326762412674725e-12,15,"[37, 33, 55, 35, 53, 38, 48]",0.0,0.0
2025-03-02,6,Optimal,-422.58030293319683,0.0,False,0.7910708999843337,1.1368683772161603e-12,13,"[39, 34, 54, 41, 48, 40, 59]",0.33768593762766463,-15.505499168091795
2025-03-02,12,Optimal,-1718.138083865426,0.0008308354353540936,False,0.1623230999975931,2.2737367544323206e-12,6,"[35, 38, 34, 42, 59, 58, 47]",0.2733790508976376,-16.583112286703933
2025-03-02,18,Optimal,-91.77992907290317,0.0,False,0.015751200000522658,9.094947017729282e-13,0,"[34, 56, 37, 44, 50, 58, 45]",0.15377826544371898,1.717203018481788
2025-03-03,0,Optimal,51285.214296422586,8.716509295915788e-05,False,0.8145055999921169,6.366462912410498e-12,17,"[37, 33, 55, 60, 53, 38, 48]",0.0,0.0
2025-03-03,6,Optimal,-2190.349361922922,0.0,False,0.04947489997721277,1.0231815394945443e-12,0,"[39, 34, 33, 41, 44, 40, 59]",0.31816552636837275,-12.89031810184457
2025-03-03,12,Optimal,-276.3062897891938,0.0,False,0.17106749999220483,9.663381206337363e-13,1,"[37, 33, 41, 42, 59, 57, 45]",0.22861361513107636,-10.372938902519193
2025-03-03,18,Optimal,-390.37642607372493,0.0,False,0.015189700003247708,9.094947017729282e-13,0,"[34, 56, 41, 54, 50, 58, 45]",0.12953834660928715,-0.023268595381245084
2025-03-04,0,Optimal,45449.41784138683,0.00017004566127831551,False,0.2801645999716129,5.115907697472721e-12,6,"[37, 42, 39, 60, 53, 38, 48]",0.0,0.0
2025-03-04,6,Optimal,865.4428507300158,0.000229513859767349,False,0.3400406999862753,1.1368683772161603e-12,5,"[55, 51, 60, 58, 48, 57, 45]",0.3090874067399397,-7.6646505614380755
2025-03-04,12,Optimal,-1083.4189022426474,0.0002822437998051382,False,0.14887089998228475,3.950617610826157e-12,1,"[37, 34, 41, 42, 59, 60, 47]",0.20420005959201334,-9.379308487038944
2025-03-04,18,Optimal,-110.39069596017572,0.0,False,0.015320700011216104,9.094947017729282e-13,0,"[34, 37, 42, 46, 51, 59, 55]",0.11980560922004911,-1.087422351151306
2025-03-05,0,Optimal,47159.10505380325,0.00024243702631269434,False,2.0088270000123885,2.7853275241795927e-12,1008,"[37, 41, 61, 50, 54, 44, 48]",0.0,0.0
2025-03-05,6,Optimal,-1170.9919841071912,0.0,False,0.053691200009780005,9.663381206337363e-13,0,"[55, 38, 60, 42, 62, 57, 45]",0.2944847425574178,-6.725454002710738
2025-03-05,12,Optimal,-1694.2552707590676,0.0,False,0.03660290001425892,9.094947017729282e-13,0,"[37, 43, 56, 59, 55, 57, 47]",0.17462943907747763,-3.6043802423838773
2025-03-05,18,Optimal,-212.90337039315708,0.0,False,0.01472720000310801,9.094947017729282e-13,0,"[36, 37, 52, 57, 43, 62, 45]",0.10408669485116766,-0.5410556506732275
2025-03-06,0,Optimal,43821.86462989825,2.650814945683311e-05,False,1.7264302000112366,3.666400516522117e-12,1008,"[37, 41, 39, 50, 54, 44, 48]",0.0,0.0
2025-03-06,6,Optimal,701.5057436932046,0.0008662256136666541,False,0.30775700000231154,1.2079226507921703e-12,1,"[55, 53, 63, 42, 48, 56, 45]",0.2762161449625794,-2.6702537882745365
2025-03-06,12,Optimal,-785.9422221713031,0.0,False,0.037371199985500425,9.094947017729282e-13,0,"[37, 43, 42, 54, 60, 57, 46]",0.14770770786387022,-3.8434568256906436
2025-03-06,18,Optimal,-476.08073281647677,0.0,False,0.015439299982972443,9.094947017729282e-13,0,"[56, 37, 44, 57, 47, 59, 45]",0.08842964391965565,1.390140654129109
2025-03-07,0,Optimal,17348.385347034866,6.215822004586887e-07,False,0.27333310001995414,9.094947017729282e-13,2,"[59, 40, 61, 43, 51, 44, 48]",0.0,0.0
2025-03-07,6,Optimal,-1313.1820847946606,0.0,False,0.04922759998589754,8.881784197001252e-13,0,"[39, 53, 63, 47, 64, 57, 59]",0.2587662750699377,-9.417292729042382
2025-03-07,12,Optimal,-561.3156899614063,0.0,False,0.030846000008750707,9.094947017729282e-13,0,"[40, 41, 52, 64, 61, 48, 46]",0.13253805871069893,-5.411594009663046
2025-03-07,18,Optimal,-561.4548389208055,0.0,False,0.013880000013159588,8.526512829121202e-13,0,"[56, 41, 44, 50, 47, 59, 45]",0.07992173924213879,-0.19072357349120497
2025-03-08,0,Optimal,15535.799503078704,0.0002819644382146443,False,1.7284837000188418,1.9326762412674725e-12,1008,"[47, 55, 61, 43, 51, 44, 48]",0.0,0.0
2025-03-08,6,Optimal,-150.97048189098524,0.0,False,0.04830049999873154,9.094947017729282e-13,0,"[51, 53, 50, 48, 43, 56, 59]",0.24232958741329294,8.21372148196231
2025-03-08,12,Optimal,-406.0177629239782,0.0,False,0.03547969998908229,9.663381206337363e-13,0,"[38, 44, 50, 51, 57, 53, 47]",0.11652138198476113,2.751074036376782
2025-03-08,18,Optimal,-646.8407116706675,0.0,False,0.014427000016439706,9.094947017729282e-13,0,"[56, 52, 54, 50, 60, 59, 45]",0.07198105510710279,0.39955858907029984
2025-03-09,0,Optimal,44296.78773847132,0.00027660176590742317,False,2.0358114000118803,3.410605131648481e-12,1008,"[47, 55, 61, 43, 51, 57, 48]",0.0,0.0
2025-03-09,6,Optimal,-1697.9309236519198,7.221030751373303e-05,False,0.33624679999775253,1.0231815394945443e-12,1,"[51, 63, 42, 62, 43, 66, 45]",0.22933133261597052,2.5917445781609185
2025-03-09,12,Optimal,1538.7495063897204,0.0009981640147098056,False,8.765462400013348,2.2222224060897133e-12,504,"[41, 66, 50, 54, 58, 53, 45]",0.10254280230328544,3.3579888010627927
2025-03-09,18,Optimal,-745.0149276981621,0.0,False,0.014515099988784641,9.094947017729282e-13,0,"[56, 52, 54, 50, 60, 59, 45]",0.06534470037937348,-0.05174533377381922
2025-03-10,0,Optimal,42588.91752219663,0.00011756720649785913,False,0.5647740999993403,3.637978807091713e-12,6,"[47, 55, 67, 43, 51, 57, 48]",0.0,0.0
2025-03-10,6,Optimal,1709.4327677990286,0.0,False,1.1799159000220243,1.1368683772161603e-12,6,"[51, 53, 42, 48, 43, 66, 49]",0.21581922672517706,7.006423269537887
2025-03-10,12,Optimal,-16.28685473299799,0.0,False,0.5528204999864101,1.5916157281026244e-12,4,"[43, 56, 67, 49, 57, 53, 45]",0.09328153498527277,2.111651096181394
2025-03-10,18,Optimal,-477.8193237367448,0.0,False,0.015726300014648587,9.094947017729282e-13,0,"[40, 44, 65, 51, 62, 59, 45]",0.04631208356545941,-0.08621717982016158
2025-03-11,0,Optimal,37882.443691194814,7.162260180423823e-07,False,0.30653860000893474,1.0231815394945443e-12,4,"[47, 65, 46, 45, 52, 62, 49]",0.0,0.0
2025-03-11,6,Optimal,7021.618515091619,5.7968987119830704e-05,False,0.20963050000136718,1.1368683772161603e-12,1,"[51, 63, 58, 48, 56, 61, 45]",0.2067320212835705,0.7935522052453722
2025-03-11,12,Optimal,-1230.8566182017637,0.00013501049377848335,False,0.15553129999898374,1.1368683772161603e-12,2,"[44, 66, 50, 49, 58, 53, 45]",0.08344387397972852,2.56696842335341
2025-03-11,18,Optimal,-430.54451483242934,0.0,False,0.014687600021716207,9.094947017729282e-13,0,"[42, 66, 57, 50, 47, 53, 45]",0.035410622850670107,0.5166180442585557
2025-03-12,0,Optimal,44237.39973675951,0.00023543868378295878,False,1.8963597000110894,1.8474111129762605e-12,1008,"[47, 63, 60, 53, 64, 58, 56]",0.0,0.0
2025-03-12,6,Optimal,-2732.372231118794,0.0,False,0.053623000014340505,1.0231815394945443e-12,0,"[51, 52, 58, 48, 56, 61, 45]",0.19136864264373396,0.16591262632539475
2025-03-12,12,Optimal,966.5247076960002,0.0008566762876040901,False,0.36453020002227277,5.4569682106375694e-12,4,"[44, 66, 50, 49, 57, 48, 45]",0.07133620470565037,0.1185949541522137
2025-03-12,18,Optimal,-591.0840836952028,0.0,False,0.013905500003602356,9.094947017729282e-13,0,"[69, 66, 67, 50, 47, 59, 45]",0.02158834030476327,0.13945009408525888
2025-03-13,0,Optimal,44439.34835205129,0.0004586387278608757,False,1.1970273999904748,4.774847184307873e-12,6,"[47, 61, 60, 53, 64, 58, 56]",0.0,0.0
2025-03-13,6,Optimal,1176.8630654839362,8.338104486144893e-05,False,0.7422050999884959,1.1368683772161603e-12,4,"[51, 52, 58, 48, 56, 59, 70]",0.17497767476416157,-0.07348965130276494
2025-03-13,12,Optimal,-711.9522397172652,0.0,False,0.03726640000240877,1.0231815394945443e-12,0,"[44, 52, 64, 51, 70, 48, 45]",0.05840672997137175,0.752982402006968
2025-03-13,18,Optimal,-739.4087477874602,0.0,False,0.01649310000357218,8.384404281969182e-13,0,"[69, 54, 43, 68, 58, 59, 45]",0.015815874121499377,-0.13375597871984996
2025-03-14,0,Optimal,15158.257195077973,7.004602856474765e-05,False,0.2602725000178907,9.094947017729282e-13,1,"[47, 61, 60, 54, 44, 58, 56]",0.0,0.0
2025-03-14,6,Optimal,486.2253147857894,0.0,False,0.04547300000558607,9.663381206337363e-13,0,"[51, 52, 58, 48, 56, 68, 70]",0.17632815029631355,2.7467753941109683
2025-03-14,12,Optimal,-790.9245231378146,0.0,False,0.0383426999906078,9.663381206337363e-13,0,"[56, 66, 64, 51, 70, 48, 45]",0.057549525003894826,0.32638114069891205
2025-03-14,18,Optimal,-572.8223818122752,0.0,False,0.015022400009911507,9.094947017729282e-13,0,"[69, 66, 57, 68, 58, 61, 71]",0.013975320897570464,0.15000350513886712
2025-03-15,0,Optimal,15318.138402275976,0.00033476456542672815,False,1.9156401000218466,2.9558577807620168e-12,1008,"[47, 61, 60, 54, 57, 66, 56]",0.0,0.0
2025-03-15,6,Optimal,556.9838067176851,0.0,False,0.0496454999956768,9.663381206337363e-13,0,"[51, 52, 58, 71, 57, 72, 49]",0.1779569841631768,-0.5436063117544113
2025-03-15,12,Optimal,-558.3872919732363,0.0,False,0.03024389999336563,1.0231815394945443e-12,0,"[59, 66, 64, 51, 70, 62, 46]",0.05791811309256624,-1.07378166605933
2025-03-15,18,Optimal,-649.0185741471886,0.0,False,0.013843399996403605,9.094947017729282e-13,0,"[69, 72, 57, 68, 58, 63, 71]",0.016005796105005406,-0.0536524733667795
2025-03-16,0,Optimal,43696.93260160925,0.0,False,0.08578749999287538,1.0231815394945443e-12,0,"[47, 61, 60, 51, 57, 66, 56]",0.0,0.0
2025-03-16,6,Optimal,666.6780386306991,0.0003132726129146656,False,0.2048752999980934,1.1368683772161603e-12,1,"[55, 53, 69, 71, 56, 59, 49]",0.17847661434104697,-0.5108329148987979
2025-03-16,12,Optimal,-1502.7818400981917,0.0,False,0.03802529998938553,1.0231815394945443e-12,0,"[73, 52, 50, 51, 70, 53, 46]",0.05762685400116812,-0.03016273577583121
2025-03-16,18,Optimal,-710.7268426630603,0.0,False,0.016559399984544143,9.094947017729282e-13,0,"[69, 72, 57, 68, 58, 63, 49]",0.015518217790452858,-0.07587857818330647
2025-03-17,0,Optimal,39650.7327237973,0.0,False,0.08225179999135435,1.0231815394945443e-12,0,"[47, 61, 50, 52, 57, 66, 56]",0.0,0.0
2025-03-17,6,Optimal,-2297.930790727968,0.0,False,0.05162390001351014,1.0231815394945443e-12,0,"[55, 53, 50, 62, 56, 66, 49]",0.17820450427116508,-2.7252844538939986
2025-03-17,12,Optimal,2072.842236650356,0.0009413655610082258,False,1.6408125000016298,2.3305801732931286e-12,5,"[73, 52, 71, 68, 55, 53, 47]",0.06232039616873128,0.18829938917975958
2025-03-17,18,Optimal,-207.93484263662654,0.0,False,0.018634600011864677,9.094947017729282e-13,0,"[69, 54, 67, 68, 58, 61, 49]",0.013085147657525352,0.03603195319477787
2025-03-18,0,Optimal,45683.31539544862,2.7365709647793965e-05,False,0.32732620000024326,9.094947017729282e-13,4,"[55, 67, 75, 52, 57, 66, 56]",0.0,0.0
2025-03-18,6,Optimal,-1279.7045201239514,0.0003736370841928645,False,1.7533198000164703,3.097966327914037e-12,6,"[55, 53, 50, 71, 56, 59, 70]",0.17685281520955373,-1.1334331127265993
2025-03-18,12,Optimal,-1582.649742845336,0.0,False,0.03757909999694675,9.094947017729282e-13,0,"[73, 52, 71, 54, 51, 57, 65]",0.06219243746040551,-0.6335173904602177
2025-03-18,18,Optimal,-665.0103501696996,0.0,False,0.018133999983547255,8.86846152070575e-13,0,"[75, 54, 67, 68, 60, 63, 49]",0.012055049631427617,-0.060193215218708254
2025-03-19,0,Optimal,37769.30922347431,5.842526052381747e-06,False,1.7192435000033583,4.092726157978177e-12,1008,"[76, 61, 50, 51, 73, 58, 56]",0.0,0.0
2025-03-19,6,Optimal,4384.454873303077,0.0009814975448157715,False,0.7435613000125159,1.8189894035458565e-12,6,"[74, 54, 50, 71, 56, 59, 70]",0.17723268706532855,-0.8016583978208696
2025-03-19,12,Optimal,-931.73259963463,0.0,False,0.04076540001551621,9.094947017729282e-13,0,"[73, 52, 71, 76, 49, 70, 65]",0.0613667495977511,-0.1471297652664943
2025-03-19,18,Optimal,-782.1847614443111,0.0,False,0.013995000015711412,8.597567102697212e-13,0,"[75, 74, 67, 68, 60, 63, 49]",0.009971427030505346,-0.011418855834606167
2025-03-20,0,Optimal,42715.50236068782,0.00013127043928184992,False,2.2277750999783166,3.183231456205249e-12,1008,"[76, 61, 50, 51, 73, 58, 68]",0.0,0.0
2025-03-20,6,Optimal,-2151.5363569614688,0.0,False,0.05250469999737106,9.094947017729282e-13,0,"[74, 54, 77, 58, 56, 66, 67]",0.18018779117840716,-0.719196544493063
2025-03-20,12,Optimal,554.0499411006481,0.0007439256564614122,False,5.809389800007921,3.637978807091713e-12,504,"[56, 72, 75, 64, 68, 70, 65]",0.061173867103375704,-0.2633034542581964
2025-03-20,18,Optimal,-34.78041676563161,0.0,False,0.015390299988212064,9.094947017729282e-13,0,"[77, 66, 67, 68, 60, 63, 71]",0.010884879261994005,-0.06433425495312675
2025-03-21,0,Optimal,14741.938025710866,0.0005005964743085296,False,2.0592897000024095,1.5916157281026244e-12,1008,"[76, 61, 75, 51, 73, 58, 68]",0.0,0.0
2025-03-21,6,Optimal,-870.9058000262221,0.0,False,0.04667030001292005,1.0231815394945443e-12,0,"[74, 54, 77, 71, 56, 59, 75]",0.18069990042441367,-0.6034596150994461
2025-03-21,12,Optimal,-315.4661535723228,0.0,False,0.032151700026588514,9.094947017729282e-13,0,"[56, 72, 75, 76, 51, 70, 53]",0.0619496141491033,0.8640663348612309
2025-03-21,18,Optimal,-737.3705334697913,0.0,False,0.014883600000757724,9.094947017729282e-13,0,"[77, 78, 65, 51, 60, 59, 71]",0.011253000098516628,-0.15252200677695094
2025-03-22,0,Optimal,16153.54876766796,0.00032689016642328854,False,1.6668157999811228,2.1085355683680973e-12,1008,"[76, 61, 60, 54, 73, 58, 68]",0.0,0.0
2025-03-22,6,Optimal,-700.303543913837,0.0,False,0.04861420000088401,9.094947017729282e-13,0,"[74, 53, 69, 71, 57, 72, 67]",0.1804053762645934,2.4731008814894158
2025-03-22,12,Optimal,-812.3680327552339,0.0,False,0.036212700011674315,9.094947017729282e-13,0,"[56, 72, 75, 76, 78, 70, 65]",0.06204006366790201,-0.1863873079444987
2025-03-22,18,Optimal,-674.134458016503,0.0,False,0.014588799997000024,7.958078640513122e-13,0,"[77, 78, 65, 68, 76, 63, 79]",0.009961127025416149,-0.03492057774656588
2025-03-23,0,Optimal,43037.29645741875,0.0001244891471976161,False,2.1488688999961596,4.433786671143025e-12,1008,"[76, 61, 60, 53, 73, 58, 68]",0.0,0.0
2025-03-23,6,Optimal,-1095.3417509436292,0.0,False,0.05341190000763163,9.094947017729282e-13,0,"[74, 53, 69, 64, 66, 72, 67]",0.17834709939018478,2.7152364973109004
2025-03-23,12,Optimal,-2087.008294315762,0.0,False,0.0365248000016436,9.094947017729282e-13,0,"[80, 74, 75, 54, 78, 57, 65]",0.06365053334896933,-0.7991356287229807
2025-03-23,18,Optimal,-606.3872715000258,0.0,False,0.014585700002498925,8.526512829121202e-13,0,"[77, 66, 72, 62, 60, 63, 71]",0.011971675915745454,0.15237237343167143
2025-03-24,0,Optimal,40614.334738766884,0.00018138142014480083,False,0.3259595999843441,8.730793865652231e-12,6,"[76, 63, 79, 78, 73, 58, 68]",0.0,0.0
2025-03-24,6,Optimal,-106.85678536223588,0.0007211590746089893,False,1.5639060999965295,1.8189894035458565e-12,4,"[81, 54, 69, 64, 66, 72, 67]",0.17530073990733866,2.0361894316859446
2025-03-24,12,Optimal,-1111.1235701879866,0.0,False,0.03661680000368506,9.094947017729282e-13,0,"[80, 74, 75, 64, 76, 79, 62]",0.06496002445708066,-0.04090564317852355
2025-03-24,18,Optimal,-831.7194291835476,0.0,False,0.014299300004495308,1.0231815394945443e-12,0,"[77, 66, 65, 68, 60, 61, 71]",0.012679933475266768,0.03569270071198108
2025-03-25,0,Optimal,44794.81125509975,0.00024100154519083932,False,0.3448666000040248,1.892885848064907e-11,8,"[76, 63, 79, 75, 73, 58, 68]",0.0,0.0
2025-03-25,6,Optimal,-3598.193191044006,0.0,False,0.05362829999648966,9.094947017729282e-13,0,"[55, 63, 69, 64, 61, 72, 67]",0.17643567714867334,0.015850785195389343
2025-03-25,12,Optimal,-404.43556113476774,0.0,False,0.03773400001227856,9.094947017729282e-13,0,"[80, 73, 66, 71, 76, 79, 58]",0.06497912901237769,0.4412341422724622
2025-03-25,18,Optimal,-257.33220031212954,0.0,False,0.01516430001356639,8.633094239485217e-13,0,"[77, 66, 65, 64, 76, 61, 71]",0.012012180433511353,0.12380127701236186
2025-03-26,0,Optimal,38726.801770361446,1.3951988597656041e-05,False,0.3098870999820065,1.2505552149377763e-12,3,"[76, 63, 79, 75, 73, 58, 68]",0.0,0.0
2025-03-26,6,Optimal,259.4162593589399,0.0,False,0.3419656999758445,9.094947017729282e-13,1,"[81, 77, 58, 56, 68, 79, 83]",0.17629471557727883,1.4637364589691189
2025-03-26,12,Optimal,-1907.4940868357542,0.0,False,0.041300299984868616,9.094947017729282e-13,0,"[80, 73, 66, 71, 76, 70, 62]",0.06493497245675675,0.32800386187173086
2025-03-26,18,Optimal,-710.8873413540952,0.0,False,0.01631399997859262,9.094947017729282e-13,0,"[77, 78, 65, 64, 76, 70, 71]",0.016265943518723274,0.23665577639916777
2025-03-27,0,Optimal,41607.67745511502,1.4566230828924774e-05,False,0.31092229997739196,9.094947017729282e-13,4,"[76, 63, 79, 75, 64, 71, 68]",0.0,0.0
2025-03-27,6,Optimal,-28.53281644254085,0.0,False,0.4804934000130743,1.1368683772161603e-12,2,"[74, 63, 69, 64, 68, 79, 83]",0.17679624513877068,0.5247221702092782
2025-03-27,12,Optimal,-1980.3372678158876,0.0,False,0.04318400000920519,9.094947017729282e-13,0,"[80, 74, 66, 64, 84, 70, 83]",0.06479641304327889,1.1862210039669112
2025-03-27,18,Optimal,-419.26834103187207,0.0,False,0.016849200008437037,9.094947017729282e-13,0,"[77, 66, 67, 58, 82, 70, 71]",0.021178815766144873,0.08883371911048174
2025-03-28,0,Optimal,14992.865742444892,2.7676246124488043e-05,False,0.2621575999946799,9.094947017729282e-13,1,"[76, 63, 79, 82, 74, 71, 68]",0.0,0.0
2025-03-28,6,Optimal,-413.43884005469346,0.0,False,0.043033800000557676,8.86846152070575e-13,0,"[74, 63, 69, 71, 68, 79, 75]",0.17752769900368562,-2.1596240885304607
2025-03-28,12,Optimal,-577.1014875446488,0.0,False,0.03421769998385571,9.663381206337363e-13,0,"[81, 73, 75, 64, 84, 79, 65]",0.0666603728926327,-1.6035825783921323
2025-03-28,18,Optimal,-704.8624683521723,0.0,False,0.014935699990019202,9.663381206337363e-13,0,"[77, 66, 67, 58, 59, 84, 79]",0.0208064015082272,-0.08458316593576067
2025-03-29,0,Optimal,13399.012198564356,0.00040521080796774276,False,2.0901272000046447,2.0463630789890885e-12,1008,"[76, 63, 86, 85, 78, 62, 68]",0.0,0.0
2025-03-29,6,Optimal,646.4156525426039,0.0,False,0.0471014000067953,9.094947017729282e-13,0,"[74, 63, 69, 64, 68, 79, 75]",0.1779683597516142,-2.440993012199554
2025-03-29,12,Optimal,-720.3691352775043,0.0,False,0.03588630000012927,9.094947017729282e-13,0,"[80, 73, 66, 71, 84, 79, 83]",0.06831456486068038,0.8956393360633709
2025-03-29,18,Optimal,-657.7991392399006,0.0,False,0.016467399982502684,9.094947017729282e-13,0,"[77, 78, 67, 62, 59, 84, 79]",0.021569478625342902,-0.008854480678967939
2025-03-30,0,Optimal,40808.7722729512,0.0004116879244061874,False,0.3129981000092812,4.320099833421409e-12,6,"[83, 61, 79, 82, 87, 62, 68]",0.0,0.0
2025-03-30,6,Optimal,-2235.286869606787,0.0,False,0.047395700006745756,9.094947017729282e-13,0,"[74, 63, 85, 64, 87, 79, 75]",0.1573310671550642,-0.33731015994247177
2025-03-30,12,Optimal,-1598.8824978856712,0.0009728313141339017,False,0.43075060000410303,2.3661073100811336e-12,4,"[80, 74, 66, 68, 84, 79, 83]",0.06604468881477282,1.3563992634091748
2025-03-30,18,Optimal,5.653126733733004,0.0,False,0.014274700020905584,1.0231815394945443e-12,0,"[77, 78, 67, 62, 63, 84, 79]",0.02262415206382536,-0.3718888672673732
2025-03-31,0,Optimal,35070.86246803143,0.0009981853067954965,False,2.8111039000214078,3.126388037344441e-12,1008,"[83, 63, 86, 82, 87, 62, 68]",0.0,0.0
2025-03-31,6,Optimal,9025.510006929695,0.0007469672565005369,False,0.35907310000038706,1.1368683772161603e-12,5,"[74, 77, 69, 65, 88, 79, 75]",0.13346888641886623,-0.2948939433388894
2025-03-31,12,Optimal,-2339.4384101174765,0.0,False,0.03709650001837872,9.094947017729282e-13,0,"[80, 74, 75, 76, 84, 70, 88]",0.061346546009276325,0.23883812187890197
2025-03-31,18,Optimal,-439.7813894213948,0.0,False,0.01572260001557879,9.094947017729282e-13,0,"[77, 78, 88, 68, 63, 84, 79]",0.027729500472929602,-0.20045725215631854
2025-04-01,0,Optimal,43597.33153654578,0.0009525815320907057,False,0.5520037999958731,4.774847184307873e-12,9,"[83, 63, 79, 75, 74, 71, 77]",0.0,0.0
2025-04-01,6,Optimal,338.73838327671757,0.0,False,2.1781909999845084,1.8189894035458565e-12,5,"[81, 84, 85, 71, 66, 72, 83]",0.11109129252758984,1.9168644374837263
2025-04-01,12,Optimal,-1376.316714557699,0.0,False,0.035366600000998005,9.094947017729282e-13,0,"[81, 73, 75, 64, 85, 89, 65]",0.05706610701407914,-1.2686078542010413
2025-04-01,18,Optimal,-674.141523170605,0.0,False,0.0144797999819275,9.094947017729282e-13,0,"[77, 89, 72, 85, 82, 84, 79]",0.026854594589732356,-0.05314419834773538
2025-04-02,0,Optimal,40837.526217985025,0.0002226236235695757,False,0.804116499988595,9.094947017729282e-13,7,"[83, 63, 86, 82, 87, 71, 77]",0.0,0.0
2025-04-02,6,Optimal,2955.45933807868,0.0007488329620626431,False,0.6441906000254676,9.094947017729282e-13,5,"[89, 76, 85, 71, 66, 72, 83]",0.08846294704191758,1.6416023622443079
2025-04-02,12,Optimal,-1377.9865789277712,0.0,False,0.03865619999123737,9.094947017729282e-13,0,"[81, 73, 75, 64, 84, 70, 88]",0.05205200400698088,-0.719150451213224
2025-04-02,18,Optimal,-662.9906247900502,0.0,False,0.01550940002198331,9.094947017729282e-13,0,"[77, 89, 74, 67, 82, 84, 79]",0.027576506429864735,-0.32197811848014385
2025-04-03,0,Optimal,43050.111316903385,0.0002142461644366032,False,0.3167466000013519,2.3874235921539366e-11,2,"[83, 90, 79, 75, 87, 71, 77]",0.0,0.0
2025-04-03,6,Optimal,-2731.278156896013,0.0,False,0.05387429997790605,9.094947017729282e-13,0,"[89, 76, 85, 71, 88, 79, 83]",0.07779075363733422,0.4422196902272731
2025-04-03,12,Optimal,-1319.1241909389178,0.0,False,0.036615699995309114,9.094947017729282e-13,0,"[81, 73, 75, 91, 68, 78, 83]",0.056210492064271075,-0.8984887253184262
2025-04-03,18,Optimal,-726.4211880507378,0.0,False,0.015067000000271946,1.0231815394945443e-12,0,"[77, 90, 74, 85, 76, 70, 71]",0.029187428229574517,0.11946535988649216
2025-04-04,0,Optimal,13219.87606407391,4.2166530950962534e-05,False,0.25711750000482425,9.663381206337363e-13,1,"[92, 65, 86, 82, 91, 71, 77]",0.0,0.0
2025-04-04,6,Optimal,-568.064514227921,0.0,False,0.04114010001649149,9.663381206337363e-13,0,"[89, 76, 82, 71, 88, 72, 83]",0.07246960987546397,0.45205415335271865
2025-04-04,12,Optimal,-414.98460856188666,0.0,False,0.028757299995049834,9.094947017729282e-13,0,"[80, 74, 75, 71, 87, 79, 83]",0.05449896456310269,0.397086495256356
2025-04-04,18,Optimal,-725.5745993238827,0.0,False,0.016025999997509643,8.526512829121202e-13,0,"[77, 90, 74, 85, 76, 70, 71]",0.027902611478855113,0.07713165395452401
2025-04-05,0,Optimal,13130.352585026942,3.230969119391771e-06,False,0.279400400002487,9.094947017729282e-13,1,"[92, 90, 79, 75, 91, 71, 77]",0.0,0.0
2025-04-05,6,Optimal,-194.8327639070821,0.0,False,0.043456099985633045,9.094947017729282e-13,0,"[89, 76, 92, 71, 80, 72, 83]",0.05072081045841947,0.01618698309324405
2025-04-05,12,Optimal,-605.0045406030946,0.0,False,0.03532609998364933,9.094947017729282e-13,0,"[80, 73, 72, 90, 76, 78, 89]",0.05274474345909883,-0.7275448748254194
2025-04-05,18,Optimal,-166.19284598694554,0.0,False,0.01586519999545999,8.526512829121202e-13,0,"[75, 90, 74, 85, 76, 70, 71]",0.027421615887400372,0.18880509973007775
2025-04-06,0,Optimal,39416.756539776696,7.150720546292026e-05,False,0.31351579999318346,2.3874235921539366e-12,3,"[92, 90, 79, 75, 91, 71, 77]",0.0,0.0
2025-04-06,6,Optimal,-1260.3804679498899,0.0,False,0.05061510001542047,9.094947017729282e-13,0,"[90, 76, 82, 71, 93, 94, 83]",0.04296837707676974,0.3121191878139782
2025-04-06,12,Optimal,-500.1483442383746,0.0,False,0.039716599974781275,9.094947017729282e-13,0,"[81, 73, 72, 71, 87, 79, 83]",0.047455447091613395,-0.411599382745796
2025-04-06,18,Optimal,-742.4761064152084,0.0,False,0.015128099999856204,9.094947017729282e-13,0,"[77, 89, 88, 68, 82, 84, 79]",0.028018562558366805,-0.3445300404682711
2025-04-07,0,Optimal,34636.3799565891,0.0,False,0.07893349998630583,9.094947017729282e-13,0,"[92, 90, 79, 75, 91, 71, 77]",0.0,0.0
2025-04-07,6,Optimal,2581.9870137620774,0.0001267256941669246,False,3.4080577999993693,2.9096725029376103e-12,6,"[89, 76, 92, 71, 80, 72, 83]",0.04004066029950822,0.13411099194856563
2025-04-07,12,Optimal,-1394.0758185235156,0.0,False,0.03579080000054091,9.094947017729282e-13,0,"[95, 86, 92, 90, 68, 78, 83]",0.04685386314549843,-0.7770976104912998
2025-04-07,18,Optimal,-684.5464553217254,0.0,False,0.013696899986825883,9.094947017729282e-13,0,"[77, 89, 88, 93, 82, 84, 79]",0.028396032810756804,-0.32316901806757875
2025-04-08,0,Optimal,40576.22686384801,0.0001721109509081839,False,0.5254866000032052,9.094947017729282e-13,3,"[92, 90, 79, 75, 91, 71, 77]",0.0,0.0
2025-04-08,6,Optimal,-1590.9601923738924,0.0,False,0.050877500005299225,1.0231815394945443e-12,0,"[89, 76, 77, 69, 88, 79, 83]",0.023848643383842225,-0.024794242094012348
2025-04-08,12,Optimal,-1628.4878661522555,0.0,False,0.03637960000196472,9.094947017729282e-13,0,"[95, 86, 92, 90, 76, 78, 83]",0.04314677490148368,-0.705813880478565
2025-04-08,18,Optimal,-474.0860858094624,0.0,False,0.014831099979346618,9.094947017729282e-13,0,"[75, 90, 72, 93, 94, 70, 71]",0.027883215658725646,0.32022051093356585
2025-04-09,0,Optimal,38826.19745852344,0.0008769095028724421,False,0.6073446999944281,1.8189894035458565e-12,10,"[92, 97, 86, 82, 93, 73, 94]",0.0,0.0
2025-04-09,6,Optimal,3722.657163589875,0.0004380709701729625,False,0.5018225999956485,1.8189894035458565e-12,3,"[89, 76, 77, 97, 87, 79, 75]",0.023614614477581883,-0.1997528588515643
2025-04-09,12,Optimal,-1199.790885800689,0.0,False,0.036079099983908236,9.094947017729282e-13,0,"[95, 82, 74, 91, 87, 70, 83]",0.03831199908141711,-0.17258821272862704
2025-04-09,18,Optimal,-719.4132265830657,0.0,False,0.01478640001732856,9.094947017729282e-13,0,"[75, 89, 85, 76, 96, 70, 97]",0.03021526221433528,0.10427442263042337
2025-04-10,0,Optimal,38575.49752727088,0.0006033970231316402,False,0.8013675999827683,5.9685589803848416e-12,7,"[92, 97, 79, 75, 91, 71, 94]",0.0,0.0
2025-04-10,6,Optimal,1946.4209726458198,0.00036889645530693556,False,0.30483490001643077,1.1368683772161603e-12,1,"[89, 76, 77, 97, 87, 93, 83]",0.022720243587654062,-0.011017724567372588
2025-04-10,12,Optimal,-2010.1269877665545,0.0,False,0.037292699998943135,9.094947017729282e-13,0,"[95, 82, 74, 96, 76, 79, 83]",0.03824974982510897,-0.1713504855213871
2025-04-10,18,Optimal,-303.83084981010006,0.0,False,0.016128400020534173,9.094947017729282e-13,0,"[75, 89, 85, 76, 96, 98, 97]",0.029385594668784862,0.09633283596303309
2025-04-11,0,Optimal,12428.139760512477,0.0,False,0.06908190000103787,9.094947017729282e-13,0,"[92, 97, 79, 75, 93, 73, 94]",0.0,0.0
2025-04-11,6,Optimal,513.0451969466218,0.0,False,0.042422200000146404,9.094947017729282e-13,0,"[89, 74, 96, 85, 86, 93, 83]",0.022809136300066084,0.2638412627805692
2025-04-11,12,Optimal,-929.5695345492742,0.0,False,0.028277000004891306,9.094947017729282e-13,0,"[95, 82, 92, 96, 87, 78, 83]",0.03490805523534765,-0.3150491014135215
2025-04-11,18,Optimal,-73.34823815148874,0.0,False,0.014284500008216128,7.958078640513122e-13,0,"[75, 89, 85, 93, 94, 81, 97]",0.03233030983647723,0.3058639720777483
2025-04-12,0,Optimal,13798.406951412173,0.00017165447204485983,False,2.0787528999790084,2.1600499167107046e-12,1008,"[92, 97, 79, 75, 93, 73, 77]",0.0,0.0
2025-04-12,6,Optimal,-1175.5536215892037,0.0,False,0.047044800012372434,9.094947017729282e-13,0,"[99, 74, 77, 85, 86, 93, 75]",0.021318505253091757,-0.24081484204611736
2025-04-12,12,Optimal,-437.03273700874325,0.0,False,0.030629599990788847,9.663381206337363e-13,0,"[95, 82, 74, 91, 84, 100, 83]",0.034924545004015844,0.02538216492951179
2025-04-12,18,Optimal,-496.33042880828884,0.0,False,0.015144099976168945,9.094947017729282e-13,0,"[75, 89, 99, 76, 94, 98, 97]",0.034487412866282395,0.31761616366822865
2025-04-13,0,Optimal,36117.002172982095,0.0,False,0.07931810000445694,9.094947017729282e-13,0,"[76, 88, 86, 82, 78, 74, 77]",0.0,0.0
2025-04-13,6,Optimal,-535.8819359291099,0.0,False,0.05110959999728948,9.094947017729282e-13,0,"[89, 76, 77, 97, 86, 93, 75]",0.022665999459766575,-0.18074261476152925
2025-04-13,12,Optimal,-330.47805181973735,0.0,False,0.03318480000598356,9.094947017729282e-13,0,"[95, 82, 74, 91, 84, 100, 83]",0.03833914916109961,-0.19640664213425918
2025-04-13,18,Optimal,-219.43426729456496,0.0,False,0.014647299976786599,9.094947017729282e-13,0,"[75, 89, 85, 93, 94, 81, 83]",0.03376720987443069,0.1717391852411089
2025-04-14,0,Optimal,38608.853975359394,0.00011518949687874623,False,0.3232281999953557,2.2254198484006337e-12,2,"[76, 88, 86, 82, 78, 102, 77]",0.0,0.0
2025-04-14,6,Optimal,-3287.613684145261,0.0,False,0.049964800011366606,9.094947017729282e-13,0,"[90, 84, 92, 97, 100, 93, 83]",0.02296617175552365,0.2990211511299568
2025-04-14,12,Optimal,-1044.2450521461542,0.0,False,0.035079399996902794,1.0231815394945443e-12,0,"[95, 86, 90, 76, 99, 100, 83]",0.03810737508364687,-0.6185285058480531
2025-04-14,18,Optimal,353.0430970987349,0.0,False,0.013769699988188222,8.597567102697212e-13,0,"[75, 78, 99, 93, 94, 81, 83]",0.033048027718541706,0.08725491748376393
2025-04-15,0,Optimal,32971.891776518416,1.4796357517174246e-06,False,0.2961727000074461,9.094947017729282e-13,1,"[76, 88, 103, 85, 78, 102, 77]",0.0,0.0
2025-04-15,6,Optimal,3407.514383563529,0.00034871708967903114,False,0.971319800009951,1.8189894035458565e-12,8,"[89, 84, 92, 101, 87, 93, 83]",0.021322558726266545,-0.305656687855828
2025-04-15,12,Optimal,-1278.5233267757583,0.0,False,0.0358045999892056,9.094947017729282e-13,0,"[95, 82, 96, 101, 78, 89, 103]",0.036623442874663535,-0.09966825822053813
2025-04-15,18,Optimal,-393.8375623425544,0.0,False,0.014691999997012317,9.094947017729282e-13,0,"[77, 78, 99, 76, 96, 98, 103]",0.03472991458051991,0.12676975947602828
2025-04-16,0,Optimal,36398.862415649375,3.5406871915889416e-05,False,0.29524159998982213,1.8189894035458565e-12,2,"[92, 97, 86, 82, 93, 98, 77]",0.0,0.0
2025-04-16,6,Optimal,3756.1418538997427,0.0005476579521888574,False,0.6680220999987796,3.637978807091713e-12,7,"[89, 84, 92, 97, 87, 93, 83]",0.023917698504365377,-0.15396061704245026
2025-04-16,12,Optimal,-1195.1401070124052,0.0,False,0.034557500010123476,9.094947017729282e-13,0,"[95, 82, 96, 101, 78, 89, 103]",0.0361058281554718,-0.18563999597324304
2025-04-16,18,Optimal,-655.9933778718273,0.0,False,0.01427669997792691,9.094947017729282e-13,0,"[86, 78, 99, 82, 96, 98, 97]",0.035220975808295085,-0.2971162027402115
2025-04-17,0,Optimal,33680.23572207547,0.0009226145455652185,False,1.921234999987064,3.0127011996228248e-12,1008,"[92, 97, 86, 82, 93, 105, 94]",0.0,0.0
2025-04-17,6,Optimal,5219.582875210072,4.870742694506195e-05,False,0.4280471999954898,1.0231815394945443e-12,4,"[89, 105, 98, 97, 87, 93, 83]",0.023018615149596015,-0.24527982510798718
2025-04-17,12,Optimal,-1209.904849982784,0.0,False,0.03771549998782575,1.0231815394945443e-12,0,"[93, 98, 96, 105, 78, 104, 103]",0.03525236606413497,-0.29087757881608867
2025-04-17,18,Optimal,-668.5739596947162,0.0,False,0.015509899996686727,9.094947017729282e-13,0,"[86, 101, 92, 82, 96, 98, 103]",0.03244006431984354,-0.015604166549939548
2025-04-18,0,Optimal,12316.653728441375,8.110370787470151e-05,False,1.601410199975362,5.059064278611913e-12,1008,"[92, 97, 86, 82, 91, 98, 106]",0.0,0.0
2025-04-18,6,Optimal,-293.88270955843115,0.0,False,0.04224800001247786,9.094947017729282e-13,0,"[89, 105, 96, 97, 86, 102, 94]",0.023028607226466886,-0.00610856195605723
2025-04-18,12,Optimal,-369.1588580350458,0.0,False,0.031130799994571134,9.237055564881302e-13,0,"[93, 82, 96, 105, 102, 104, 103]",0.03520593062058954,-0.2641987745350789
2025-04-18,18,Optimal,-779.9595712825285,0.0,False,0.01504570001270622,9.094947017729282e-13,0,"[90, 106, 92, 95, 96, 98, 103]",0.030030913446232304,-0.328617566474404
2025-04-19,0,Optimal,11873.146406673632,0.0,False,0.06432679999852553,9.094947017729282e-13,0,"[92, 97, 86, 99, 87, 104, 106]",0.0,0.0
2025-04-19,6,Optimal,-814.3299047986874,0.0,False,0.03956879998440854,9.663381206337363e-13,0,"[89, 105, 92, 97, 86, 88, 94]",0.023010610737678454,-0.18484490719858432
2025-04-19,12,Optimal,561.242993560236,0.0,False,0.030358900025021285,9.094947017729282e-13,0,"[93, 82, 91, 105, 102, 104, 103]",0.0340375103063337,-0.008716439097614532
2025-04-19,18,Optimal,-737.3763389794634,0.0,False,0.014500699995551258,9.094947017729282e-13,0,"[90, 88, 99, 82, 96, 98, 105]",0.04233417279779726,-0.5036819335821525
2025-04-20,0,Optimal,34198.31456028097,0.0006211421535760353,False,1.7809099000005517,2.2524204723595176e-12,1008,"[92, 97, 86, 99, 87, 104, 106]",0.0,0.0
2025-04-20,6,Optimal,1032.2260033020466,0.0008984145806341936,False,0.35676779999630526,9.094947017729282e-13,2,"[89, 105, 96, 85, 95, 88, 94]",0.024786979547722014,0.10089524533037976
2025-04-20,12,Optimal,-811.4488078286821,0.0,False,0.03756309999153018,8.988365607365267e-13,0,"[108, 98, 91, 105, 102, 104, 88]",0.03338661142478608,0.1475214784277413
2025-04-20,18,Optimal,-741.376530749197,0.0,False,0.015309200010960922,9.094947017729282e-13,0,"[89, 88, 108, 82, 96, 98, 105]",0.041778829828553535,-0.759936315297236
2025-04-21,0,Optimal,35445.74465613756,0.00056935086329265,False,1.805763999989722,5.4569682106375694e-12,1008,"[92, 90, 85, 84, 102, 109, 106]",0.0,0.0
2025-04-21,6,Optimal,-2484.3097118646497,0.0,False,0.0499405000009574,9.094947017729282e-13,0,"[90, 106, 92, 97, 95, 100, 103]",0.02238627838383916,0.3137667773990896
2025-04-21,12,Optimal,-171.08472057794367,0.0,False,0.03420600001118146,9.094947017729282e-13,0,"[108, 98, 91, 84, 102, 104, 88]",0.031022885898682444,0.27134104674637416
2025-04-21,18,Optimal,-441.2468772612254,0.0,False,0.01539390001562424,9.094947017729282e-13,0,"[90, 88, 99, 93, 94, 98, 103]",0.042873828102275156,0.2737246506613933
2025-04-22,0,Optimal,32172.917826080506,5.237737210919379e-07,False,0.547188999975333,1.5134560271690134e-12,3,"[92, 97, 86, 84, 102, 109, 106]",0.0,0.0
2025-04-22,6,Optimal,3849.6438998023073,0.0009560693999536735,False,7.189880700025242,2.6716406864579767e-12,756,"[89, 106, 92, 109, 86, 88, 103]",0.025139301318324616,0.12203872079195853
2025-04-22,12,Optimal,-1075.0960301410055,0.0,False,0.03533499999321066,9.094947017729282e-13,0,"[108, 109, 87, 84, 110, 104, 88]",0.03317029008645304,0.2613462738892539
2025-04-22,18,Optimal,-698.4451214568476,0.0,False,0.017519499990157783,9.094947017729282e-13,0,"[89, 88, 108, 104, 96, 98, 103]",0.04483419130148064,-0.464413289314213
2025-04-23,0,Optimal,31153.96221940457,0.0005681556926498628,False,1.2013936000003014,5.4569682106375694e-12,34,"[92, 90, 85, 93, 105, 107, 89]",0.0,0.0
2025-04-23,6,Optimal,4082.8361039631573,0.00030260769961665843,False,0.3992967999947723,1.0231815394945443e-12,3,"[89, 106, 96, 97, 95, 88, 94]",0.025405547158293136,0.057699667286628606
2025-04-23,12,Optimal,-594.294180096001,0.0,False,0.03649910000967793,9.094947017729282e-13,0,"[108, 109, 87, 84, 110, 104, 88]",0.03139301392633793,0.1521194271279349
2025-04-23,18,Optimal,-676.2197166823205,0.0,False,0.015327900007832795,9.094947017729282e-13,0,"[90, 88, 99, 93, 94, 98, 110]",0.042010347314939814,0.09006744230111575
2025-04-24,0,Optimal,32010.139105616374,0.0007545173288315364,False,1.7365614000009373,3.069544618483633e-12,1008,"[92, 90, 85, 91, 98, 96, 111]",0.0,0.0
2025-04-24,6,Optimal,-399.8170355956508,0.0,False,0.049431599996751174,1.0231815394945443e-12,0,"[89, 105, 98, 101, 86, 88, 94]",0.025502498330476877,-0.2775151584105724
2025-04-24,12,Optimal,1033.0924926685718,0.0003422525079216738,False,1.6106833000085317,4.547473508864641e-12,9,"[108, 109, 91, 105, 106, 104, 103]",0.030144408540212095,-0.20329209090412362
2025-04-24,18,Optimal,-657.9210844915253,0.0,False,0.01580110000213608,9.094947017729282e-13,0,"[90, 88, 85, 93, 94, 98, 110]",0.03686344594545962,0.11975489769380118
2025-04-25,0,Optimal,12146.318992226774,3.8748631787723357e-05,False,0.25718360001337714,9.094947017729282e-13,1,"[92, 90, 108, 87, 98, 96, 111]",0.0,0.0
2025-04-25,6,Optimal,-734.4095544834212,0.0,False,0.043185699993046,9.663381206337363e-13,0,"[89, 106, 92, 112, 86, 88, 94]",0.02530245090132959,0.002584838642182325
2025-04-25,12,Optimal,-938.347334017571,0.0,False,0.030384199984837323,9.094947017729282e-13,0,"[108, 109, 91, 105, 106, 104, 88]",0.03135597725379973,0.07266257791423562
2025-04-25,18,Optimal,-650.8789433997101,0.0,False,0.014413800003239885,8.526512829121202e-13,0,"[90, 101, 99, 104, 94, 98, 110]",0.03611468241772894,0.6339176598065596
2025-04-26,0,Optimal,12005.025724206234,4.735618128058973e-05,False,0.23142870000447147,1.7621459846850485e-12,1,"[92, 90, 99, 102, 104, 114, 111]",0.0,0.0
2025-04-26,6,Optimal,-518.058399842007,0.0,False,0.03994950000196695,8.988365607365267e-13,0,"[89, 106, 98, 112, 108, 88, 94]",0.021940275792528822,-0.03352996746278753
2025-04-26,12,Optimal,-280.2399036648617,0.0,False,0.03196520000346936,9.094947017729282e-13,0,"[108, 109, 112, 101, 110, 104, 88]",0.023438769225757543,0.13434516550973616
2025-04-26,18,Optimal,-784.7027560636842,0.0,False,0.015821599983610213,9.663381206337363e-13,0,"[107, 112, 99, 113, 96, 98, 103]",0.038280435483947495,-0.44931876476732907
2025-04-27,0,Optimal,31874.51476692689,0.0005138249560599791,False,2.001046100020176,2.5011104298755527e-12,1008,"[92, 90, 99, 105, 104, 114, 111]",0.0,0.0
2025-04-27,6,Optimal,2070.199897824131,0.00021110781437478938,False,0.3660983999725431,1.3642420526593924e-12,2,"[89, 105, 98, 109, 108, 102, 94]",0.02072608747598764,-0.3156595932466431
2025-04-27,12,Optimal,-922.4348809723974,0.0,False,0.03691700001945719,9.094947017729282e-13,0,"[95, 109, 96, 105, 106, 97, 103]",0.02182701050323519,-0.32564600660548937
2025-04-27,18,Optimal,-327.9285084206152,0.0,False,0.016099400003440678,1.0231815394945443e-12,0,"[89, 112, 102, 104, 94, 98, 110]",0.03547712851361732,0.3274081208301476
2025-04-28,0,Optimal,37936.52431952999,0.0003819938563967293,False,2.492152499995427,3.240074875066057e-12,1008,"[92, 95, 93, 113, 109, 116, 111]",0.0,0.0
2025-04-28,6,Optimal,1103.4811671680027,0.0005464901274117756,False,0.208392400003504,4.547473508864641e-12,5,"[89, 105, 116, 101, 108, 102, 94]",0.023377450925321522,-0.3730883045200754
2025-04-28,12,Optimal,-1625.5564580865382,0.0,False,0.03660609998041764,9.094947017729282e-13,0,"[108, 98, 91, 101, 106, 89, 107]",0.01832026992225609,0.03945720501060112
2025-04-28,18,Optimal,-706.1208077042924,0.0,False,0.01441020000493154,1.0231815394945443e-12,0,"[89, 106, 92, 113, 96, 100, 115]",0.031268423357062126,-0.07289703079636618
2025-04-29,0,Optimal,32720.769956109943,0.0008978861818314357,False,2.1513644000224303,3.183231456205249e-12,1008,"[92, 95, 93, 105, 104, 114, 111]",0.0,0.0
2025-04-29,6,Optimal,152.46963797809263,0.0,False,0.050191599992103875,9.094947017729282e-13,0,"[90, 105, 92, 101, 108, 102, 94]",0.022929965089396695,-0.1418207512740122
2025-04-29,12,Optimal,-853.645635941167,0.0,False,0.03672790000564419,1.0231815394945443e-12,0,"[108, 98, 117, 101, 102, 100, 107]",0.018205265597224556,-0.010616261565021082
2025-04-29,18,Optimal,-667.6227829157586,0.0,False,0.014568100014002994,1.0231815394945443e-12,0,"[107, 108, 93, 91, 96, 100, 115]",0.03009324289722395,-0.43922082757360914
2025-04-30,0,Optimal,31268.57404012185,0.0004485285785885963,False,1.7575710999954026,3.069544618483633e-12,1008,"[92, 103, 91, 105, 104, 114, 111]",0.0,0.0
2025-04-30,6,Optimal,355.99790077447744,6.706704220697981e-05,False,0.25617359997704625,9.094947017729282e-13,2,"[117, 106, 98, 118, 108, 102, 94]",0.02241566273805853,-0.5271320331016517
2025-04-30,12,Optimal,-930.0516168843164,0.0,False,0.03544289999990724,1.0231815394945443e-12,0,"[108, 98, 117, 114, 102, 100, 107]",0.016714632777907704,0.1867922428508743
2025-04-30,18,Optimal,-650.9073485206668,0.0,False,0.014678000006824732,9.094947017729282e-13,0,"[101, 106, 93, 91, 96, 100, 115]",0.03086872301212374,-0.08425615802497925
2025-05-01,0,Optimal,32734.486046836064,0.0009674352386818965,False,1.511237800004892,3.495870259939693e-12,1008,"[92, 103, 117, 113, 109, 116, 111]",0.0,0.0
2025-05-01,6,Optimal,636.2420652619458,0.0,False,0.04781029999139719,9.094947017729282e-13,0,"[104, 96, 97, 109, 115, 102, 94]",0.0240058550175493,-0.25373198512030093
2025-05-01,12,Optimal,-724.3167034749079,0.0,False,0.03308909997576848,9.094947017729282e-13,0,"[95, 109, 96, 105, 106, 97, 103]",0.014119202472738988,-0.235014772288854
2025-05-01,18,Optimal,-436.9358868236101,0.0,False,0.01521320000756532,9.094947017729282e-13,0,"[101, 106, 92, 117, 111, 98, 110]",0.03254519696822772,1.2304632471702703
2025-05-02,0,Optimal,13270.665908768464,0.0004546298031490978,False,1.7058641999901738,2.7284841053187847e-12,1008,"[110, 108, 118, 115, 107, 94, 111]",0.0,0.0
2025-05-02,6,Optimal,-398.05648508126734,0.0,False,0.041870799992466345,1.0231815394945443e-12,0,"[117, 111, 97, 112, 115, 102, 110]",0.019439572754061052,0.11570679397817195
2025-05-02,12,Optimal,-870.1375646154914,0.0,False,0.030216199986170977,9.094947017729282e-13,0,"[108, 109, 112, 105, 106, 104, 103]",0.006319101537621736,0.02595423949702071
2025-05-02,18,Optimal,2274.3362833030537,0.0,False,0.0170739000022877,8.668621376273222e-13,0,"[107, 102, 93, 116, 114, 98, 120]",0.14280550893050997,6.9680607297586254
2025-05-03,0,Optimal,12215.331561556144,3.089885405599689e-05,False,0.253043600008823,9.094947017729282e-13,1,"[110, 108, 102, 98, 96, 94, 111]",0.0,0.0
2025-05-03,6,Optimal,-653.083749998358,0.0,False,0.039704599999822676,9.094947017729282e-13,0,"[117, 111, 97, 112, 108, 114, 110]",0.02393846974431455,0.05992952678252179
2025-05-03,12,Optimal,776.7590787535272,0.0,False,0.031002300005638972,9.094947017729282e-13,0,"[108, 109, 112, 102, 110, 111, 120]",0.00700334561024434,0.04136145764116729
2025-05-03,18,Optimal,1765.0161513737337,0.0,False,0.01610489998711273,9.663381206337363e-13,0,"[112, 99, 94, 114, 100, 97, 121]",0.24988122016172015,11.58200305739836
2025-05-04,0,Optimal,35133.061772204805,0.0009789366080703318,False,1.8044058000086807,4.405364961712621e-12,1008,"[110, 108, 122, 115, 107, 116, 111]",0.0,0.0
2025-05-04,6,Optimal,-1680.9460011836907,0.0,False,0.052125000016530976,9.094947017729282e-13,0,"[117, 111, 97, 112, 122, 114, 103]",0.0255535651863318,0.05225737797114477
2025-05-04,12,Optimal,-1866.5862132898735,0.0,False,0.03474499998264946,9.094947017729282e-13,0,"[108, 109, 112, 102, 110, 111, 122]",0.01101046885857253,0.06721180909993991
2025-05-04,18,Optimal,1325.0067913544126,0.0,False,0.014532500004861504,9.094947017729282e-13,0,"[112, 104, 114, 119, 111, 110, 122]",0.34010609230091604,18.375060881341778
2025-05-05,0,Optimal,36296.43353335405,1.8931548695331977e-05,False,1.9053410000051372,5.9117155615240335e-12,1008,"[110, 99, 102, 98, 107, 116, 111]",0.0,0.0
2025-05-05,6,Optimal,-713.6670698518394,0.0,False,0.05402360000880435,9.094947017729282e-13,0,"[104, 111, 97, 112, 108, 102, 120]",0.02768616498416829,-0.1487067373197499
2025-05-05,12,Optimal,-178.22948506123606,0.0,False,0.035630300000775605,9.094947017729282e-13,0,"[115, 118, 114, 119, 100, 111, 121]",0.015314931893933046,0.13754073386170032
2025-05-05,18,Optimal,2511.243868953451,0.0,False,0.01679250001325272,9.094947017729282e-13,0,"[112, 114, 113, 117, 97, 105, 122]",0.4317028165485237,19.841586087409716
2025-05-06,0,Optimal,30832.53275727198,2.678141839580429e-07,False,0.2857143000001088,8.185452315956354e-12,3,"[110, 99, 102, 98, 107, 116, 111]",0.0,0.0
2025-05-06,6,Optimal,4285.782365774662,0.000458488914287359,False,0.24436929999501444,1.8189894035458565e-12,3,"[117, 111, 118, 121, 115, 102, 103]",0.024489594438074976,0.4511968831602913
2025-05-06,12,Optimal,-75.79221499388224,0.0,False,0.03246190000209026,9.094947017729282e-13,0,"[115, 117, 101, 119, 100, 107, 124]",0.02373773235938835,0.30482327660846925
2025-05-06,18,Optimal,1515.5897108273016,0.0,False,0.01612889999523759,9.094947017729282e-13,0,"[112, 106, 100, 119, 103, 121, 122]",0.4908174460179229,20.231574541848307
2025-05-07,0,Optimal,34261.30403743275,0.000998814075709175,False,2.2503321999975014,2.2026824808563106e-12,1008,"[110, 117, 105, 123, 121, 106, 100]",0.0,0.0
2025-05-07,6,Optimal,2455.6484012806754,0.0008969092435164382,False,0.19652870000572875,3.844036200462142e-12,2,"[117, 111, 109, 107, 100, 124, 103]",0.04128010859309264,0.195880708624903
2025-05-07,12,Optimal,-541.2746716400421,0.0,False,2.0677880000148434,5.6274984672199935e-12,8,"[108, 118, 101, 106, 104, 122, 124]",0.04863461387396435,-0.0040716290802620065
2025-05-07,18,Optimal,-159.80524123275143,0.0,False,0.014249200001358986,9.094947017729282e-13,0,"[102, 104, 100, 98, 110, 121, 122]",0.5456514197004644,30.83109260040035
2025-05-08,0,Optimal,36305.66436195162,8.695168355076544e-05,False,3.0820200000016484,8.86757334228605e-12,1008,"[110, 117, 105, 104, 114, 119, 112]",0.0,0.0
2025-05-08,6,Optimal,1238.4875128480887,0.0,False,0.054957800020929426,9.094947017729282e-13,0,"[117, 111, 112, 122, 114, 126, 120]",0.04731809789353478,0.012240304710721264
2025-05-08,12,Optimal,20.278262565228573,0.0,False,0.9670248000184074,1.1368683772161603e-12,5,"[115, 112, 105, 106, 111, 126, 124]",0.049200841640137175,0.27920302277338427
2025-05-08,18,Optimal,-445.1280683010027,0.0,False,0.015317500015953556,9.094947017729282e-13,0,"[114, 116, 100, 118, 103, 121, 125]",0.593409391940991,20.200570953240437
2025-05-09,0,Optimal,11913.610045618836,5.90459261562573e-07,False,0.2933285000035539,9.663381206337363e-13,1,"[110, 118, 113, 109, 114, 119, 112]",0.0,0.0
2025-05-09,6,Optimal,2966.8594954866703,0.0,False,0.04174529999727383,9.663381206337363e-13,0,"[104, 118, 121, 108, 102, 124, 123]",0.04754247248430458,-0.6450579174473392
2025-05-09,12,Optimal,-731.552752116242,0.0,False,0.028854800009867176,9.094947017729282e-13,0,"[115, 112, 102, 110, 111, 121, 124]",0.05749427912131016,0.3418452925083019
2025-05-09,18,Optimal,-486.09558165965086,0.0,False,0.013610199996037409,9.663381206337363e-13,0,"[114, 104, 107, 110, 105, 124, 125]",0.6270084409462985,24.501860521079937
2025-05-10,0,Optimal,12712.040359138455,5.359387974275461e-07,False,0.2373356000171043,9.094947017729282e-13,1,"[110, 117, 105, 104, 127, 106, 112]",0.0,0.0
2025-05-10,6,Optimal,-177.40044045018476,0.0,False,0.04039780001039617,9.379164112033322e-13,0,"[105, 116, 112, 108, 102, 110, 123]",0.036896151730996724,0.31849803565162077
2025-05-10,12,Optimal,-574.3681987801815,0.0,False,0.03081460000248626,9.663381206337363e-13,0,"[108, 117, 105, 116, 107, 128, 127]",0.06588920746367471,-0.45468723622465723
2025-05-10,18,Optimal,-44.624515307429164,0.0,False,0.014457400015089661,9.094947017729282e-13,0,"[114, 104, 117, 103, 128, 124, 125]",0.6442016508166141,27.151214844729388
2025-05-11,0,Optimal,35663.22108397048,2.8697345541862647e-06,False,3.0617384999932256,6.4381304878959154e-12,1008,"[103, 118, 113, 109, 129, 106, 112]",0.0,0.0
2025-05-11,6,Optimal,-40.10371838350724,0.0,False,0.05458569998154417,9.094947017729282e-13,0,"[105, 118, 121, 108, 102, 110, 123]",0.04354190945342187,0.36895908246461256
2025-05-11,12,Optimal,-886.7169149639184,0.0,False,0.03382609999971464,9.094947017729282e-13,0,"[115, 112, 102, 104, 122, 129, 124]",0.0545511709973494,0.11900023526182989
2025-05-11,18,Optimal,-760.1962066943704,0.0,False,0.01534790001460351,8.881784197001252e-13,0,"[102, 106, 110, 108, 128, 124, 125]",0.6792140305123696,25.545062337240026
2025-05-12,0,Optimal,31192.91238062509,0.0008723324838477007,False,1.1478753999981564,5.4569682106375694e-12,34,"[103, 118, 115, 107, 114, 119, 112]",0.0,0.0
2025-05-12,6,Optimal,6898.594144263738,0.0,False,0.056849699991289526,2.7284841053187847e-12,0,"[105, 118, 121, 115, 113, 125, 120]",0.05291300045271664,-0.41080492405090296
2025-05-12,12,Optimal,-1490.552094039545,0.0,False,0.03410049999365583,9.094947017729282e-13,0,"[115, 117, 119, 111, 126, 121, 130]",0.058774025056431624,0.056686812491614495
2025-05-12,18,Optimal,38.46355491652838,0.0,False,0.015161499992245808,9.094947017729282e-13,0,"[112, 113, 110, 111, 126, 123, 130]",0.7156566286215699,35.85788641698897
2025-05-13,0,Optimal,37399.373586585236,0.0,False,0.07474420001381077,1.0231815394945443e-12,0,"[108, 122, 123, 121, 124, 130, 131]",0.0,0.0
2025-05-13,6,Optimal,-1365.120638268958,0.0,False,0.05266390001634136,9.094947017729282e-13,0,"[105, 131, 112, 122, 113, 125, 123]",0.04582185290561555,0.380993782987268
2025-05-13,12,Optimal,-277.73814468410006,0.0,False,0.14560670001083054,1.5916157281026244e-12,1,"[115, 112, 119, 111, 131, 121, 124]",0.06433374333044922,0.49422888257697967
2025-05-13,18,Optimal,-416.4069034938158,0.0,False,0.01507100000162609,9.094947017729282e-13,0,"[112, 113, 110, 131, 126, 123, 130]",0.7222189365786078,37.55673785951185
2025-05-14,0,Optimal,36747.358017604405,0.000981954594469997,False,2.324930700007826,4.718003765447065e-12,1008,"[108, 118, 115, 121, 124, 130, 131]",0.0,0.0
2025-05-14,6,Optimal,593.1817700775057,0.0,False,0.520202599989716,9.094947017729282e-13,3,"[106, 118, 121, 115, 130, 132, 123]",0.05142331220173183,-0.024169099577347922
2025-05-14,12,Optimal,-2745.6557152302557,0.0,False,0.036237699998309836,9.094947017729282e-13,0,"[115, 112, 119, 107, 131, 121, 130]",0.07542954956647213,0.29935039137071456
2025-05-14,18,Optimal,-74.01330673931407,0.0,False,0.015320199978305027,9.094947017729282e-13,0,"[112, 117, 131, 132, 126, 129, 130]",0.7290695648217904,32.53739802855862
2025-05-15,0,Optimal,37715.80017627623,0.0009793621630083992,False,2.248549500014633,3.268496584496461e-12,1008,"[108, 118, 123, 121, 124, 130, 131]",0.0,0.0
2025-05-15,6,Optimal,2442.3723005838265,0.0,False,0.058174700010567904,9.094947017729282e-13,0,"[106, 118, 121, 115, 130, 132, 123]",0.0512023478721327,0.1134748922545218
2025-05-15,12,Optimal,-2526.64291541377,0.0,False,0.04001500000595115,9.094947017729282e-13,0,"[115, 112, 110, 132, 128, 125, 130]",0.08342045268048333,0.4035440067453043
2025-05-15,18,Optimal,-968.8585019191429,0.0,False,0.01610810001147911,9.094947017729282e-13,0,"[112, 117, 131, 111, 126, 129, 130]",0.7463110459552806,20.337044414127266
2025-05-16,0,Optimal,14253.590010657234,0.0,False,0.06341420000535436,9.094947017729282e-13,0,"[108, 118, 123, 121, 114, 130, 131]",0.0,0.0
2025-05-16,6,Optimal,-1339.28357011923,0.0,False,0.04776700001093559,9.094947017729282e-13,0,"[133, 118, 121, 115, 130, 132, 123]",0.051911823161388544,-0.1477207526364518
2025-05-16,12,Optimal,-1283.1807306850465,0.0,False,0.031075899983989075,9.094947017729282e-13,0,"[115, 112, 110, 134, 128, 125, 130]",0.08687678773061898,0.37183234983153546
2025-05-16,18,Optimal,-1360.581753863045,0.0,False,0.014292000007117167,9.094947017729282e-13,0,"[112, 107, 131, 111, 133, 129, 130]",0.7469455641161431,14.176498757907536
2025-05-17,0,Optimal,14423.619000521678,0.0,False,0.06636980001349002,9.094947017729282e-13,0,"[108, 118, 123, 121, 114, 130, 131]",0.0,0.0
2025-05-17,6,Optimal,-1278.4857613653421,0.0,False,0.042331799981184304,1.0231815394945443e-12,0,"[133, 118, 121, 115, 135, 132, 123]",0.04961251621269046,0.20939947827262953
2025-05-17,12,Optimal,-524.2376526588907,0.0,False,0.032193099992582574,9.663381206337363e-13,0,"[115, 112, 110, 134, 128, 125, 124]",0.09020728971732529,1.1382484863071565
2025-05-17,18,Optimal,-452.39887337977143,0.0,False,0.014923900016583502,9.094947017729282e-13,0,"[112, 117, 118, 128, 121, 135, 130]",0.757032412800842,25.631835799504298
2025-05-18,0,Optimal,39230.817381643625,0.0008989859293855019,False,2.8404387999908067,5.440221190200489e-12,1008,"[128, 122, 123, 121, 114, 130, 131]",0.0,0.0
2025-05-18,6,Optimal,-1711.681330411707,0.0,False,0.05675330001395196,9.094947017729282e-13,0,"[133, 118, 136, 115, 135, 132, 123]",0.05163887035195788,0.47680948171276705
2025-05-18,12,Optimal,-1420.081657901227,0.0,False,0.03697630000533536,9.094947017729282e-13,0,"[109, 112, 111, 122, 126, 125, 130]",0.10611595367510453,-0.14175846022370833
2025-05-18,18,Optimal,-1399.2114018442244,0.0,False,0.01705349999247119,9.094947017729282e-13,0,"[112, 119, 118, 136, 121, 135, 125]",0.7671548468053944,11.541609196268876
2025-05-19,0,Optimal,35423.87987232715,0.00042969217940558237,False,1.7812588000087999,2.9558577807620168e-12,1008,"[128, 118, 136, 121, 114, 130, 131]",0.0,0.0
2025-05-19,6,Optimal,-1305.2462327283663,0.0,False,0.05362370001967065,9.094947017729282e-13,0,"[117, 131, 121, 115, 135, 125, 128]",0.05761564980491908,-0.5591424766291945
2025-05-19,12,Optimal,-867.5044950024973,0.0,False,0.03494049998698756,9.094947017729282e-13,0,"[118, 114, 111, 122, 126, 120, 130]",0.10652136584313585,-0.9249195456013131
2025-05-19,18,Optimal,-1285.2696409150494,0.0,False,0.016993099998217076,1.0231815394945443e-12,0,"[112, 117, 118, 136, 126, 135, 130]",0.7745969336392425,13.7337832968792
2025-05-20,0,Optimal,35044.85101800434,0.0007243050456145247,False,2.2066082000092138,1.325588527834043e-10,1008,"[137, 118, 136, 121, 114, 130, 131]",0.0,0.0
2025-05-20,6,Optimal,1490.3363400442654,0.0,False,0.056467700022039935,1.0231815394945443e-12,0,"[117, 138, 112, 115, 113, 124, 120]",0.04939270672481636,-0.5360902252305537
2025-05-20,12,Optimal,-1365.5093361235324,0.0,False,0.041878399992128834,1.0231815394945443e-12,0,"[118, 114, 137, 122, 128, 125, 130]",0.09571013129971082,-0.0287271965134975
2025-05-20,18,Optimal,-1587.8497773419163,0.0,False,0.015184400021098554,9.094947017729282e-13,0,"[116, 117, 111, 115, 137, 135, 125]",0.7798367363311054,7.2428252111810565
2025-05-21,0,Optimal,33778.33953587632,0.0009929601869762166,False,1.8712946999876294,3.439026841078885e-12,1008,"[137, 118, 136, 121, 114, 130, 131]",0.0,0.0
2025-05-21,6,Optimal,4917.2246621307095,0.0005477929254034475,False,0.40064770000753924,9.094947017729282e-13,3,"[133, 131, 121, 122, 113, 124, 123]",0.042190781419720984,-0.11619982854458723
2025-05-21,12,Optimal,-1691.1206729018052,0.0,False,0.04179600000497885,1.3002932064409833e-12,0,"[118, 114, 132, 135, 126, 125, 130]",0.09609900131497959,-0.040206153764745865
2025-05-21,18,Optimal,-1452.8789131518695,0.0,False,0.01610929999151267,9.094947017729282e-13,0,"[116, 117, 128, 138, 124, 135, 139]",0.7873845318220289,6.918623211902607
2025-05-22,0,Optimal,36188.61201400828,0.0004690768231838674,False,1.7419647000206169,2.7284841053187847e-12,1008,"[137, 118, 136, 121, 114, 130, 131]",0.0,0.0
2025-05-22,6,Optimal,-513.7304440470865,0.0,False,0.05487729999003932,9.094947017729282e-13,0,"[133, 137, 121, 122, 113, 124, 123]",0.04105358112422825,-0.07100587478042651
2025-05-22,12,Optimal,-1255.2783664160283,0.0,False,0.037584700010484084,9.094947017729282e-13,0,"[118, 138, 134, 135, 128, 125, 130]",0.09605406870118943,0.22419973505123542
2025-05-22,18,Optimal,-1668.899142467191,0.0,False,0.016199300007428974,1.0231815394945443e-12,0,"[116, 131, 118, 138, 123, 140, 139]",0.7923902940054095,-3.7847509894459375
2025-05-23,0,Optimal,14521.102407822376,0.0,False,0.06232230001478456,9.094947017729282e-13,0,"[137, 118, 123, 127, 124, 130, 131]",0.0,0.0
2025-05-23,6,Optimal,-628.204197113526,0.0,False,0.041905200021574274,8.952838470577262e-13,0,"[133, 138, 121, 139, 130, 124, 123]",0.040718241812121525,-0.21636576568556987
2025-05-23,12,Optimal,-193.52825868680088,0.0,False,0.031119999999646097,9.094947017729282e-13,0,"[117, 141, 134, 135, 126, 120, 130]",0.09596768007383064,-0.4168528126100307
2025-05-23,18,Optimal,-1575.1402546969796,0.0,False,0.013773199985735118,1.0231815394945443e-12,0,"[116, 119, 128, 138, 124, 140, 139]",0.7920272563837951,6.081389881555996
2025-05-24,0,Optimal,15300.523606660056,0.0,False,0.059829499979969114,9.094947017729282e-13,0,"[137, 132, 136, 121, 124, 130, 131]",0.0,0.0
2025-05-24,6,Optimal,-1170.0287504206144,0.0,False,0.0438068000075873,9.094947017729282e-13,0,"[133, 142, 118, 139, 130, 124, 123]",0.039269777838337745,-0.14331298164940542
2025-05-24,12,Optimal,-1228.8232656941223,0.0,False,0.03230180000537075,1.0231815394945443e-12,0,"[118, 119, 134, 135, 128, 125, 130]",0.09390717538960124,0.2737544153234231
2025-05-24,18,Optimal,-1729.9060765906754,0.0,False,0.014452500006882474,8.526512829121202e-13,0,"[134, 142, 141, 138, 123, 140, 139]",0.7966463476391923,-5.665664733962115
2025-05-25,0,Optimal,36464.481002099994,0.00011719248947596776,False,2.804521800018847,4.774847184307873e-12,35,"[137, 132, 123, 127, 124, 130, 131]",0.0,0.0
2025-05-25,6,Optimal,-118.42239747506616,0.0,False,0.05197319999570027,9.094947017729282e-13,0,"[133, 138, 121, 129, 130, 125, 123]",0.03895068303699706,0.26102924663036664
2025-05-25,12,Optimal,-1487.9415710479805,0.0,False,0.03271800000220537,9.094947017729282e-13,0,"[118, 119, 132, 135, 128, 125, 124]",0.0941865017076298,1.1334529851571404
2025-05-25,18,Optimal,-1508.8174576720776,0.0,False,0.017462999996496364,1.0231815394945443e-12,0,"[134, 142, 136, 138, 124, 140, 139]",0.7979540806272796,9.488351725492112
2025-05-26,0,Optimal,35205.342861441895,0.0009799055297876897,False,1.0333497000101488,4.547473508864641e-12,33,"[144, 142, 136, 121, 129, 130, 131]",0.0,0.0
2025-05-26,6,Optimal,3030.2963995090977,0.0002826543014370154,False,0.3782467999844812,9.094947017729282e-13,2,"[144, 138, 121, 129, 130, 125, 123]",0.038905012889102454,0.36407451551946396
2025-05-26,12,Optimal,24.61449739565622,3.0376197757169637e-05,False,5.267420799995307,4.888534022029489e-12,504,"[118, 141, 134, 135, 128, 125, 130]",0.09735077602575093,0.04761710395183351
2025-05-26,18,Optimal,-1650.174428250094,0.0,False,0.01849919999949634,8.810729923425242e-13,0,"[134, 142, 136, 138, 123, 140, 139]",0.7984979890294368,2.683407388870212
2025-05-27,0,Optimal,34008.465590823245,0.000689953379881657,False,1.7607064999756403,3.4865443865328416e-12,1008,"[144, 132, 123, 127, 124, 120, 131]",0.0,0.0
2025-05-27,6,Optimal,4617.380613057539,0.0008895023472590863,False,0.40815949998795986,9.094947017729282e-13,3,"[133, 138, 143, 139, 130, 124, 123]",0.0383741773897083,-0.11887581985391556
2025-05-27,12,Optimal,-2085.7646872084056,0.0,False,0.039715199993224815,9.094947017729282e-13,0,"[118, 141, 134, 135, 126, 125, 130]",0.09750392477801559,-0.10109856947150136
2025-05-27,18,Optimal,-1839.3373907361993,0.0,False,0.01639080001041293,1.0231815394945443e-12,0,"[131, 118, 136, 126, 123, 140, 139]",0.7990801290958528,-10.648889178220802
2025-05-28,0,Optimal,37794.67279979036,0.0,False,0.0861979000037536,9.094947017729282e-13,0,"[144, 132, 135, 143, 141, 146, 131]",0.0,0.0
2025-05-28,6,Optimal,71.87704792608291,0.0,False,0.053296900005079806,9.094947017729282e-13,0,"[134, 142, 143, 139, 130, 124, 123]",0.03788365145845357,-0.1531133280840709
2025-05-28,12,Optimal,-1209.969923568107,0.0,False,0.03695730000617914,9.094947017729282e-13,0,"[146, 141, 134, 135, 126, 120, 130]",0.09727410057769777,-0.20374364347563267
2025-05-28,18,Optimal,-1468.8552516717423,0.0,False,0.01662830001441762,9.094947017729282e-13,0,"[134, 141, 143, 137, 124, 140, 139]",0.7944866356377245,3.810903562353699
2025-05-29,0,Optimal,37355.92855692129,0.00040662596581013004,False,0.308212400006596,1.8230179978428117e-11,2,"[144, 142, 123, 127, 124, 146, 131]",0.0,0.0
2025-05-29,6,Optimal,2088.3736391175053,0.0,False,1.282025499996962,1.1368683772161603e-12,5,"[144, 140, 121, 129, 145, 125, 123]",0.039508957995975376,0.6142696948324391
2025-05-29,12,Optimal,-1942.9608505347385,0.0,False,0.036276200000429526,9.094947017729282e-13,0,"[146, 141, 134, 135, 128, 125, 130]",0.09933187994141211,-0.019058407717622426
2025-05-29,18,Optimal,-1072.5024106091698,0.0,False,0.016177999990759417,9.094947017729282e-13,0,"[144, 141, 136, 137, 124, 140, 139]",0.794245723605861,13.361454057422144
2025-05-30,0,Optimal,15134.171683932436,0.0,False,0.06527869999990799,9.094947017729282e-13,0,"[144, 142, 123, 127, 129, 146, 131]",0.0,0.0
2025-05-30,6,Optimal,-918.921334027996,0.0,False,0.041368700010934845,1.0231815394945443e-12,0,"[134, 140, 131, 136, 139, 126, 123]",0.053609776783321746,-0.6756409267922364
2025-05-30,12,Optimal,-849.3520438450746,0.0,False,0.03310900001088157,9.094947017729282e-13,0,"[146, 141, 132, 122, 131, 121, 130]",0.1368404399818925,0.1014195771768282
2025-05-30,18,Optimal,-1497.8191098044326,0.0,False,0.01389610001933761,9.094947017729282e-13,0,"[147, 131, 143, 138, 146, 140, 139]",0.7602547701575088,1.5583105689875953
2025-05-31,0,Optimal,16969.652407827485,0.0,False,0.06531409997842275,9.094947017729282e-13,0,"[128, 147, 136, 127, 129, 146, 131]",0.0,0.0
2025-05-31,6,Optimal,-1974.4927608123735,0.0,False,0.04441080000833608,9.094947017729282e-13,0,"[134, 147, 137, 129, 145, 126, 123]",0.04512924362616285,0.2970754373329467
2025-05-31,12,Optimal,-980.1535970097672,0.0,False,0.03102920000674203,9.094947017729282e-13,0,"[146, 149, 137, 140, 131, 129, 130]",0.12801863348448747,0.04501152933679933
2025-05-31,18,Optimal,-1834.7619876427111,0.0,False,0.016837300005136058,9.094947017729282e-13,0,"[147, 141, 143, 138, 146, 140, 139]",0.7373106667410115,-15.100308830607796
2025-06-01,0,Optimal,47561.49063504195,0.0005802638740060078,False,0.5176991999906022,2.0037305148434825e-12,15,"[149, 138, 136, 127, 129, 146, 131]",0.0,0.0
2025-06-01,6,Optimal,-1137.5381270694513,0.0004414421998555245,False,0.3487854000122752,1.0231815394945443e-12,1,"[134, 133, 138, 136, 145, 126, 123]",0.040756504403068945,0.08113759611558141
2025-06-01,12,Optimal,-1666.7200128407023,0.0,False,0.045326199993724,9.094947017729282e-13,0,"[143, 145, 137, 134, 139, 125, 124]",0.11609067372486342,2.5542899663612335
2025-06-01,18,Optimal,2882.8015836770387,0.0,False,0.017237299995031208,8.597567102697212e-13,0,"[149, 134, 132, 136, 126, 123, 125]",0.7050444349912145,58.59624152327727
2025-06-02,0,Optimal,48953.323771679134,0.00014936151175276506,False,0.6217012999986764,9.094947017729282e-13,15,"[149, 138, 136, 143, 124, 146, 131]",0.0,0.0
2025-06-02,6,Optimal,-2606.5303143627207,0.0,False,0.06207899999571964,1.0231815394945443e-12,0,"[134, 133, 138, 136, 145, 124, 151]",0.04240521521390835,0.6351797088151474
2025-06-02,12,Optimal,738.8562598194408,0.0,False,0.8975495000195224,3.637978807091713e-12,5,"[143, 145, 144, 134, 139, 125, 130]",0.19023599521351675,2.1407457346038736
2025-06-02,18,Optimal,3885.1735375565304,0.0,False,0.016512100002728403,8.313350008393172e-13,0,"[149, 131, 128, 133, 126, 129, 151]",0.7401725935155882,74.78845597092635
2025-06-03,0,Optimal,45394.57869671884,0.0007721983137001491,False,0.5253300000040326,1.8189894035458565e-12,8,"[149, 138, 152, 127, 129, 146, 131]",0.0,0.0
2025-06-03,6,Optimal,1295.816714508175,0.0006966979116956839,False,2.9555274000158533,1.056932319443149e-12,7,"[134, 133, 137, 136, 145, 125, 127]",0.08995065730127838,1.157567637853509
2025-06-03,12,Optimal,-1582.124649006182,0.0,False,0.9011837000143714,1.5916157281026244e-12,5,"[143, 145, 144, 134, 139, 125, 151]",0.22159864032092885,2.753707661095647
2025-06-03,18,Optimal,1148.1023117680602,0.0,False,0.015431800013175234,8.846257060213247e-13,0,"[149, 131, 128, 133, 152, 129, 151]",0.7605516549688929,81.39755866217008
2025-06-04,0,Optimal,51816.773232526815,0.0006212493855408351,False,0.542736099974718,4.206412995699793e-12,14,"[149, 138, 152, 127, 129, 146, 145]",0.0,0.0
2025-06-04,6,Optimal,-6543.94817508625,0.0,False,0.054411400022218004,9.094947017729282e-13,0,"[146, 133, 137, 136, 153, 126, 127]",0.09979779587452091,3.71380330740059
2025-06-04,12,Optimal,4522.366984897979,0.00032547554528829047,False,0.7374243000231218,1.1368683772161603e-12,7,"[143, 145, 144, 134, 139, 127, 151]",0.2479326475140999,4.389897178639145
2025-06-04,18,Optimal,1017.2810835839147,0.0,False,0.016825599974254146,9.094947017729282e-13,0,"[149, 131, 153, 136, 126, 129, 151]",0.7523886862988277,58.023755171787315
2025-06-05,0,Optimal,43248.181181983164,0.000557850764068726,False,0.9853006000048481,1.0231815394945443e-12,13,"[149, 137, 132, 133, 134, 130, 140]",0.0,0.0
2025-06-05,6,Optimal,4032.8125254737365,0.0003100792541463282,False,1.0894300999934785,3.637978807091713e-12,7,"[146, 133, 149, 143, 145, 132, 152]",0.18732081459841937,4.7566237862882685
2025-06-05,12,Optimal,499.00307877464763,0.0005057182925448849,False,1.2003239000041503,7.048583938740194e-12,5,"[143, 145, 144, 134, 139, 133, 153]",0.3165726770364654,4.985584595735552
2025-06-05,18,Optimal,2753.9514210992443,0.0,False,0.017373000009683892,8.597567102697212e-13,0,"[149, 131, 153, 136, 152, 154, 151]",0.7736503580271715,70.5594678472883
2025-06-06,0,Optimal,18291.361531313305,0.00011830099200832362,False,1.5912088000040967,2.7284841053187847e-12,1008,"[149, 137, 132, 133, 129, 146, 145]",0.0,0.0
2025-06-06,6,Optimal,-248.66114140040582,0.0,False,0.045659199997317046,9.094947017729282e-13,0,"[134, 133, 149, 129, 145, 132, 152]",0.2512796409885966,3.1084015764254795
2025-06-06,12,Optimal,-1035.8437246835872,0.0,False,0.03087940000114031,9.094947017729282e-13,0,"[150, 149, 148, 140, 131, 133, 152]",0.37099828248938727,-2.909029480073621
2025-06-06,18,Optimal,3270.8321817820697,0.0,False,0.015431899984832853,9.094947017729282e-13,0,"[149, 153, 141, 136, 152, 154, 155]",0.7973998135146309,90.68118448642856
2025-06-07,0,Optimal,19797.210055009575,0.0008689236481995209,False,1.3078348999843001,1.3073986337985843e-12,33,"[149, 138, 152, 143, 141, 153, 131]",0.0,0.0
2025-06-07,6,Optimal,-1710.2073513902633,0.0,False,0.044789500010665506,1.0231815394945443e-12,0,"[146, 133, 149, 129, 145, 132, 152]",0.29910586938546585,6.3233583424575945
2025-06-07,12,Optimal,-759.1160223384613,0.0,False,0.02933869999833405,9.094947017729282e-13,0,"[143, 145, 144, 134, 139, 154, 152]",0.32451038582982605,3.6511643801504317
2025-06-07,18,Optimal,1317.26901796013,0.0,False,0.013805199996568263,8.846257060213247e-13,0,"[149, 153, 156, 133, 152, 154, 151]",0.8029434213808765,88.57048071811573
2025-06-08,0,Optimal,43516.487654844874,0.000984768247496144,False,0.6939268999849446,4.575895218295045e-12,7,"[149, 138, 152, 143, 157, 153, 131]",0.0,0.0
2025-06-08,6,Optimal,-515.2297786744381,0.0,False,1.2484354999905918,9.094947017729282e-13,7,"[134, 147, 142, 136, 141, 132, 157]",0.3444154806703113,-0.365717099794941
2025-06-08,12,Optimal,-971.5366207113424,0.0,False,0.15175489999819547,9.094947017729282e-13,2,"[143, 145, 148, 140, 131, 154, 152]",0.38575177337591293,1.3836693767958073
2025-06-08,18,Optimal,2217.4652859776807,0.0,False,0.015478499990422279,8.988365607365267e-13,0,"[149, 131, 156, 136, 152, 154, 151]",0.7931565698993503,79.96883354291695
2025-06-09,0,Optimal,49680.15844826767,0.0009552174681710094,False,0.5451666000008117,1.1368683772161603e-11,9,"[149, 138, 152, 143, 157, 153, 131]",0.0,0.0
2025-06-09,6,Optimal,-1532.5095551857262,0.0003271869360594672,False,0.34045530000003055,9.094947017729282e-13,2,"[134, 133, 149, 153, 141, 151, 157]",0.33240970262225533,5.653213557712522
2025-06-09,12,Optimal,-2314.125772428404,0.0,False,0.037172799988184124,9.094947017729282e-13,0,"[150, 145, 148, 140, 131, 158, 155]",0.39579933551890245,-1.7611773088324592
2025-06-09,18,Optimal,-76.1692772091463,0.0,False,0.015207999997073784,1.0231815394945443e-12,0,"[149, 157, 158, 156, 152, 135, 155]",0.7848686570751096,75.79281330791119
2025-06-10,0,Optimal,53852.846563006526,0.0001712435883427453,False,0.7689748000120744,9.094947017729282e-13,7,"[149, 138, 152, 143, 141, 158, 145]",0.0,0.0
2025-06-10,6,Optimal,-1237.4020514788335,0.0,False,0.2625083999882918,1.8189894035458565e-12,4,"[144, 147, 149, 143, 139, 158, 157]",0.37661219781003125,-3.598423104821711
2025-06-10,12,Optimal,2394.065073049499,0.0005463482954168807,False,0.44734309997875243,9.094947017729282e-13,15,"[150, 149, 148, 140, 139, 158, 155]",0.3764048321885858,-4.502768682888161
2025-06-10,18,Optimal,-3325.0144441832444,0.0,False,0.017366999993100762,9.094947017729282e-13,0,"[147, 134, 141, 150, 143, 146, 139]",0.7921803852011766,-53.098741617370244
2025-06-11,0,Optimal,57454.56581063101,0.00018528216768866267,False,0.3040294999955222,2.7284841053187847e-12,5,"[149, 137, 152, 143, 141, 158, 145]",0.0,0.0
2025-06-11,6,Optimal,-1990.9741980446886,0.0008244646866294548,False,0.847808199992869,1.0231815394945443e-12,12,"[144, 147, 142, 136, 139, 158, 157]",0.38297712813278334,-11.870891775816922
2025-06-11,12,Optimal,1434.298567545808,0.0004903468347023966,False,2.7202095999964513,2.0179413695586845e-12,16,"[142, 147, 141, 134, 139, 158, 155]",0.3918215162551635,-4.0037478948621965
2025-06-11,18,Optimal,-2683.3391405874354,0.0,False,0.017577399994479492,9.094947017729282e-13,0,"[147, 142, 141, 160, 133, 146, 139]",0.7846518489704803,-16.10868722500263
2025-06-12,0,Optimal,53024.13147214936,0.0005226942533243264,False,0.7978266999998596,5.092815058560518e-12,8,"[149, 144, 142, 143, 141, 158, 145]",0.0,0.0
2025-06-12,6,Optimal,-1830.567316111188,0.0004308158380680779,False,1.1130319999938365,5.4569682106375694e-12,10,"[144, 147, 149, 136, 139, 158, 157]",0.3987138671212853,-11.85056829777088
2025-06-12,12,Optimal,-81.44777386961657,0.0,False,0.7379331999982242,9.094947017729282e-13,7,"[161, 147, 138, 134, 136, 158, 155]",0.39928660135272476,-2.6876799120019603
2025-06-12,18,Optimal,-2223.86378159067,0.0,False,0.017853900004411116,8.846257060213247e-13,0,"[149, 134, 141, 150, 138, 135, 139]",0.7833860514829531,-7.026661703453874
2025-06-13,0,Optimal,22247.194225146235,0.0004946122943432082,False,1.4695465000113472,2.7284841053187847e-12,1008,"[149, 160, 147, 135, 141, 158, 145]",0.0,0.0
2025-06-13,6,Optimal,-780.4509172329177,0.0,False,0.04518720001215115,9.094947017729282e-13,0,"[144, 140, 162, 136, 141, 158, 157]",0.3945753702746323,-0.27488147972315596
2025-06-13,12,Optimal,1673.0057602271988,0.0,False,0.03232420000131242,9.094947017729282e-13,0,"[142, 146, 149, 144, 136, 157, 152]",0.3990673399048477,9.37604946137119
2025-06-13,18,Optimal,-2434.878704467516,0.0,False,0.015556500002276152,9.094947017729282e-13,0,"[162, 144, 141, 150, 136, 146, 139]",0.7842871050689005,-11.74902278107348
2025-06-14,0,Optimal,22448.555294081547,0.0,False,0.06991379999089986,9.094947017729282e-13,0,"[149, 160, 163, 136, 141, 158, 145]",0.0,0.0
2025-06-14,6,Optimal,-1863.686867149074,0.0,False,0.04709469998488203,9.094947017729282e-13,0,"[146, 140, 162, 136, 163, 158, 157]",0.39687482529864415,-8.870526069218519
2025-06-14,12,Optimal,-1457.457767921887,0.0,False,0.03146480000577867,9.094947017729282e-13,0,"[161, 162, 149, 148, 136, 158, 155]",0.3673932627442359,-6.094469206182794
2025-06-14,18,Optimal,-2019.312275906878,0.0,False,0.014699900028062984,9.094947017729282e-13,0,"[162, 163, 158, 150, 136, 146, 139]",0.7800849798279921,-9.195518228757269
2025-06-15,0,Optimal,49107.21649609332,5.0445093066046916e-05,False,0.30564900001627393,9.094947017729282e-13,4,"[164, 162, 138, 152, 141, 158, 145]",0.0,0.0
2025-06-15,6,Optimal,1884.6429097129067,0.0009802862259016142,False,0.2248801999958232,1.0231815394945443e-12,5,"[144, 140, 162, 145, 163, 158, 157]",0.3933811055311383,-0.555420246525871
2025-06-15,12,Optimal,347.4817725317504,0.0,False,0.5777999999991152,9.094947017729282e-13,8,"[142, 143, 145, 148, 139, 158, 152]",0.35574419262976054,2.3628432927083116
2025-06-15,18,Optimal,-2617.1923540702423,0.0,False,0.018168000009609386,9.094947017729282e-13,0,"[162, 163, 158, 145, 143, 146, 139]",0.7753587351719347,-3.093316288598155
2025-06-16,0,Optimal,51057.34685264153,0.00022784803613714826,False,0.5536518000008073,9.094947017729282e-13,5,"[164, 162, 163, 143, 157, 158, 145]",0.0,0.0
2025-06-16,6,Optimal,358.3018395151464,0.00010726624264456086,False,4.590300100011518,1.2505552149377763e-12,7,"[144, 140, 162, 145, 163, 158, 157]",0.39029250625500994,-0.39119017901938924
2025-06-16,12,Optimal,-321.9055597888217,0.000616295304056153,False,0.14545300000463612,9.094947017729282e-13,1,"[142, 150, 145, 148, 139, 157, 152]",0.3535367899118102,6.83705730954755
2025-06-16,18,Optimal,-2838.5531236298084,0.0,False,0.01768570000422187,1.0231815394945443e-12,0,"[162, 163, 142, 141, 159, 146, 139]",0.773317667056322,-13.970931506540797
2025-06-17,0,Optimal,51380.77227982612,0.0007928852597556747,False,0.7748329000023659,5.314859663485549e-12,13,"[164, 162, 147, 143, 157, 158, 145]",0.0,0.0
2025-06-17,6,Optimal,2812.6988155362974,2.8511870826319697e-05,False,0.7486455999896862,1.8189894035458565e-12,9,"[144, 140, 149, 145, 163, 158, 157]",0.39643439844914646,-0.4276927001635387
2025-06-17,12,Optimal,-1390.4034081200539,0.00021049893693123753,False,0.38503299999865703,9.094947017729282e-13,2,"[142, 143, 147, 141, 139, 158, 152]",0.34991095694171975,1.9099525094083465
2025-06-17,18,Optimal,-2260.003788335002,0.0,False,0.017603499989490956,8.988365607365267e-13,0,"[148, 147, 142, 141, 150, 146, 151]",0.7703987019504246,8.012104770354654
2025-06-18,0,Optimal,51689.88352913301,0.0004416400025463212,False,0.5682143999729306,1.4779288903810084e-12,12,"[164, 162, 147, 143, 157, 146, 145]",0.0,0.0
2025-06-18,6,Optimal,3219.1847141098283,0.0006713424505701998,False,0.4618709000060335,9.094947017729282e-13,12,"[144, 167, 142, 153, 141, 158, 157]",0.4052870938887824,2.3274464158156745
2025-06-18,12,Optimal,-2924.5119319927708,0.0,False,0.03736610000487417,9.094947017729282e-13,0,"[161, 143, 147, 141, 164, 158, 155]",0.3510527513806909,-2.82362357032684
2025-06-18,18,Optimal,-2763.547266920134,0.0,False,0.017816999985370785,8.846257060213247e-13,0,"[162, 147, 166, 158, 160, 143, 140]",0.7678208812019787,-7.1467909155877845
2025-06-19,0,Optimal,48195.363055872964,0.00021164292604052777,False,0.31785670001409017,2.1600499167107046e-12,5,"[164, 168, 163, 166, 141, 151, 145]",0.0,0.0
2025-06-19,6,Optimal,3394.71362610821,0.0002390053144076849,False,2.591481699986616,1.1368683772161603e-12,6,"[148, 147, 142, 153, 141, 155, 157]",0.4050227197216345,10.138169543673987
2025-06-19,12,Optimal,209.68451228997822,0.0,False,0.8086144000117201,1.8189894035458565e-12,5,"[142, 143, 146, 149, 144, 158, 152]",0.35310542689061,1.3132464085418414
2025-06-19,18,Optimal,-2840.253288838343,0.0,False,0.01974980000522919,8.881784197001252e-13,0,"[162, 147, 168, 164, 145, 143, 146]",0.7655184568247494,-10.740250529753187
2025-06-20,0,Optimal,22001.49474527483,0.0,False,0.07222510001156479,9.094947017729282e-13,0,"[164, 168, 163, 152, 148, 151, 145]",0.0,0.0
2025-06-20,6,Optimal,-1510.4036993430589,0.0,False,0.04726419999497011,9.094947017729282e-13,0,"[146, 167, 142, 161, 164, 158, 157]",0.39412331485708413,-4.954521727797686
2025-06-20,12,Optimal,-893.852701436118,0.0,False,0.03253029999905266,9.094947017729282e-13,0,"[169, 150, 146, 167, 144, 158, 155]",0.3524146800538581,-0.6122101322736406
2025-06-20,18,Optimal,-2535.2623984224865,0.0,False,0.01717769997776486,9.094947017729282e-13,0,"[162, 163, 168, 164, 160, 169, 146]",0.7641353188410546,-18.221741151581924
2025-06-21,0,Optimal,21615.84382439373,0.0,False,0.06340840001939796,9.094947017729282e-13,0,"[164, 161, 144, 152, 148, 151, 145]",0.0,0.0
2025-06-21,6,Optimal,-85.68956584174296,0.0,False,0.04686010000295937,9.094947017729282e-13,0,"[146, 167, 149, 153, 169, 158, 157]",0.3946699267022659,2.077089994126705
2025-06-21,12,Optimal,-101.09108475646997,0.0,False,0.02959809999447316,1.0231815394945443e-12,0,"[169, 150, 147, 167, 144, 157, 152]",0.354604015282752,4.02207855939665
2025-06-21,18,Optimal,-2684.8376980151083,0.0,False,0.01423070000601001,1.0231815394945443e-12,0,"[162, 163, 168, 158, 150, 143, 146]",0.760659652493643,-20.87641033809787
2025-06-22,0,Optimal,45779.48611173928,0.000644119206549423,False,0.5032815000158735,1.7053025658242404e-12,10,"[164, 161, 144, 169, 148, 151, 145]",0.0,0.0
2025-06-22,6,Optimal,3778.9786016783214,0.0005228813086344059,False,1.1274852000060491,9.094947017729282e-12,10,"[146, 147, 160, 166, 164, 158, 157]",0.3936927361172541,-2.3198440164915772
2025-06-22,12,Optimal,464.93760438085707,0.0005761493072889805,False,1.53367609999259,1.4779288903810084e-12,9,"[161, 150, 146, 170, 144, 158, 155]",0.3476542363577534,-3.790286309150325
2025-06-22,18,Optimal,-2798.7040300259023,0.0,False,0.021483999997144565,8.846257060213247e-13,0,"[162, 163, 168, 164, 160, 170, 146]",0.76124171447594,-21.1572914120449
2025-06-23,0,Optimal,48421.320531027995,0.00021347780900197528,False,0.31913479999639094,1.6768808563938364e-11,3,"[164, 161, 171, 152, 148, 151, 145]",0.0,0.0
2025-06-23,6,Optimal,416.93268890951816,0.0,False,3.115892600006191,3.581135388230905e-12,13,"[146, 167, 172, 166, 164, 158, 157]",0.3944516131232198,-4.164462076784974
2025-06-23,12,Optimal,-679.0655630171157,0.0,False,0.9595072999945842,9.663381206337363e-13,10,"[161, 150, 147, 170, 148, 158, 155]",0.35172043692330807,-6.657055941951159
2025-06-23,18,Optimal,-1993.9350198323407,0.0,False,0.016308699996443465,9.094947017729282e-13,0,"[162, 147, 168, 164, 150, 170, 154]",0.7574404317939939,-1.8647257670240052
2025-06-24,0,Optimal,54666.01054145197,2.2391776057547468e-05,False,0.5736958000052255,9.094947017729282e-13,3,"[164, 161, 171, 173, 159, 167, 153]",0.0,0.0
2025-06-24,6,Optimal,-625.1742426095562,9.555128897726424e-05,False,1.1406279999937396,3.865352482534945e-12,12,"[146, 147, 160, 170, 164, 158, 157]",0.39473333965525303,-0.26628875565366605
2025-06-24,12,Optimal,-834.0665322255223,0.0005081366569407244,False,0.8509198999963701,8.071765478234738e-12,9,"[161, 150, 146, 167, 164, 158, 155]",0.3450308723658762,1.115063824773655
2025-06-24,18,Optimal,-2231.312943155343,0.0,False,0.018087699980242178,9.094947017729282e-13,0,"[148, 147, 168, 173, 150, 170, 154]",0.7570166236054405,0.4901735208444518
2025-06-25,0,Optimal,47052.759253995595,0.0,False,0.0874824000056833,9.094947017729282e-13,0,"[164, 161, 174, 169, 166, 165, 153]",0.0,0.0
2025-06-25,6,Optimal,1104.8396275389487,0.0009389738733891265,False,1.8578276000043843,2.3874235921539366e-12,23,"[150, 173, 172, 166, 164, 158, 157]",0.3950090498574977,-4.156782275654987
2025-06-25,12,Optimal,1564.4853626008264,0.0007654584826778158,False,1.283988999988651,5.6843418860808015e-12,12,"[161, 150, 147, 167, 164, 158, 155]",0.3449621668182247,-2.2971996103378505
2025-06-25,18,Optimal,-2380.119151709697,0.0,False,0.017533999984152615,9.094947017729282e-13,0,"[162, 149, 168, 173, 150, 170, 155]",0.7595072948436161,-7.857668376143353
2025-06-26,0,Optimal,46665.82274986193,0.0,False,0.08029730000998825,9.094947017729282e-13,0,"[164, 161, 174, 173, 166, 165, 153]",0.0,0.0
2025-06-26,6,Optimal,575.2483371833785,0.0005788736974062932,False,0.7659659000055399,1.8189894035458565e-12,11,"[150, 167, 149, 161, 164, 158, 157]",0.39468102423099194,-7.362195367442888
2025-06-26,12,Optimal,-191.68004607773824,0.0,False,0.41636299999663606,1.8189894035458565e-12,6,"[161, 150, 172, 170, 164, 158, 155]",0.3440005422195171,-1.5042023320604478
2025-06-26,18,Optimal,-2407.2029393306834,0.0,False,0.01619120000395924,9.094947017729282e-13,0,"[174, 149, 168, 173, 150, 170, 155]",0.7586378286284582,0.1019387972309225
2025-06-27,0,Optimal,20972.554040583665,0.0,False,0.06918649998260662,9.663381206337363e-13,0,"[164, 161, 174, 173, 175, 165, 153]",0.0,0.0
2025-06-27,6,Optimal,-398.42153539832213,0.0,False,0.04797110002255067,1.0231815394945443e-12,0,"[150, 165, 170, 175, 169, 158, 157]",0.3903997596447893,2.5277571104167396
2025-06-27,12,Optimal,-2016.7733094564596,0.0,False,0.03330020001158118,9.094947017729282e-13,0,"[161, 150, 172, 170, 164, 158, 155]",0.34306186153333523,-9.642589355207068
2025-06-27,18,Optimal,-2090.7856803817895,0.0,False,0.0169807999918703,8.597567102697212e-13,0,"[174, 163, 166, 158, 150, 170, 155]",0.7605527281036742,-3.3113800297996723
2025-06-28,0,Optimal,20116.85589138392,0.0,False,0.06392809998942539,9.094947017729282e-13,0,"[164, 177, 174, 173, 175, 165, 153]",0.0,0.0
2025-06-28,6,Optimal,1801.3372145338212,0.0003952427973061844,False,4.102802100009285,2.2737367544323206e-12,756,"[150, 165, 166, 175, 169, 158, 157]",0.39060584646296387,4.241333636670835
2025-06-28,12,Optimal,-846.3763651700975,0.0,False,0.03367429997888394,9.094947017729282e-13,0,"[161, 163, 174, 176, 177, 157, 152]",0.3393881919303252,2.6519406791994697
2025-06-28,18,Optimal,-2163.894942329537,0.0,False,0.01528859999962151,9.663381206337363e-13,0,"[174, 163, 166, 173, 150, 170, 155]",0.7607440782428643,5.5524470302272
2025-06-29,0,Optimal,44311.185042026416,1.2713399830591873e-07,False,0.31457830002182163,9.094947017729282e-13,1,"[154, 168, 171, 173, 175, 165, 153]",0.0,0.0
2025-06-29,6,Optimal,6112.042105726264,0.0008606305420130051,False,0.9036720000149217,1.1368683772161603e-12,10,"[178, 165, 166, 175, 169, 155, 157]",0.3897111006997864,5.6841166450904534
2025-06-29,12,Optimal,1213.1284155106523,0.0005088912832294787,False,0.3807712999987416,1.8189894035458565e-12,9,"[161, 163, 174, 176, 177, 157, 152]",0.3376551763559963,2.764027921925866
2025-06-29,18,Optimal,-2398.2691773730107,0.0,False,0.020516100019449368,9.094947017729282e-13,0,"[174, 163, 168, 164, 160, 170, 155]",0.7623688946226819,3.4795374015585394
2025-06-30,0,Optimal,48630.26560333474,3.989812015936333e-05,False,0.34080550001817755,4.547473508864641e-12,3,"[154, 168, 171, 173, 175, 165, 153]",0.0,0.0
2025-06-30,6,Optimal,683.3289083153123,0.0,False,0.37370619998546317,1.1368683772161603e-12,3,"[178, 165, 166, 175, 164, 158, 157]",0.38247533666506195,0.46991158909754344
2025-06-30,12,Optimal,-71.54246513872494,0.0,False,0.37935119998292066,9.094947017729282e-13,4,"[161, 168, 179, 170, 164, 158, 152]",0.2618564003292609,1.4676767560688242
2025-06-30,18,Optimal,-2551.007684299006,0.0,False,0.018035200017038733,9.094947017729282e-13,0,"[162, 163, 168, 164, 175, 159, 172]",0.7357234253812589,-9.263120167153227
2025-07-01,0,Optimal,42879.27010367376,8.845716059932616e-07,False,0.3229146000230685,9.094947017729282e-13,1,"[154, 168, 171, 173, 175, 165, 153]",0.0,0.0
2025-07-01,6,Optimal,11402.042435115125,0.0,False,0.05217619999893941,9.663381206337363e-13,0,"[178, 165, 170, 153, 169, 155, 154]",0.350904752984785,33.62078311470704
2025-07-01,12,Optimal,-2552.4969987718387,0.0,False,0.04357589999563061,1.0231815394945443e-12,0,"[171, 163, 172, 166, 167, 154, 153]",0.21824038016656372,21.101060227033926
2025-07-01,18,Optimal,1819.5483431416824,0.0,False,0.01469320000614971,8.810729923425242e-13,0,"[174, 177, 167, 164, 157, 153, 156]",0.7107582324253644,93.26118391840885
2025-07-02,0,Optimal,41770.88561305121,0.0009910797268981118,False,2.0927642999740783,1.8189894035458565e-12,1008,"[154, 168, 171, 173, 175, 165, 156]",0.0,0.0
2025-07-02,6,Optimal,7699.6474580227605,0.0,False,0.0511623999918811,9.094947017729282e-13,0,"[178, 172, 160, 175, 164, 155, 181]",0.5194792118456567,54.954243342870875
2025-07-02,12,Optimal,-111.5309671136549,0.0,False,0.034571099997265264,9.094947017729282e-13,0,"[171, 165, 166, 172, 176, 181, 155]",0.4835101033544086,54.097152857707
2025-07-02,18,Optimal,-367.0302459205296,0.0,False,0.016237200004979968,1.0231815394945443e-12,0,"[174, 177, 167, 164, 157, 181, 156]",0.7183469191966134,95.28667902549144
2025-07-03,0,Optimal,48155.60395271932,0.0004954024992370557,False,1.7047215000202414,2.9061197892588098e-12,1008,"[170, 162, 163, 180, 166, 167, 155]",0.0,0.0
2025-07-03,6,Optimal,10671.23564695849,0.0,False,0.05065449999528937,9.094947017729282e-13,0,"[178, 177, 160, 169, 179, 155, 181]",0.6025045564840263,58.28766232894258
2025-07-03,12,Optimal,-1355.0132531802897,0.0,False,0.036443899996811524,9.094947017729282e-13,0,"[163, 178, 179, 172, 176, 181, 155]",0.6075400772668303,55.53081143655075
2025-07-03,18,Optimal,64.01354450379884,0.0,False,0.015057099983096123,8.810729923425242e-13,0,"[174, 177, 167, 164, 157, 182, 159]",0.7108855869230903,96.3279067222797
2025-07-04,0,Optimal,20167.349047461532,0.0004950083281660336,False,1.6453326999908313,4.5350390109888394e-12,1008,"[170, 162, 163, 180, 166, 167, 183]",0.0,0.0
2025-07-04,6,Optimal,4553.939034191955,0.0,False,0.04959069998585619,1.0231815394945443e-12,0,"[178, 177, 169, 161, 183, 182, 181]",0.6516023725614559,54.81595004136999
2025-07-04,12,Optimal,-158.01061039402077,0.0,False,0.03061439999146387,1.0231815394945443e-12,0,"[163, 178, 180, 170, 176, 183, 157]",0.6839120101873439,67.82486678138734
2025-07-04,18,Optimal,-591.6866288063097,0.0,False,0.01417450001463294,9.094947017729282e-13,0,"[174, 177, 167, 164, 183, 170, 181]",0.6959966684671156,90.4611655221404
2025-07-05,0,Optimal,20759.10508182853,0.0009593002482093172,False,1.7727576000033878,4.348521542851813e-12,1008,"[170, 162, 163, 180, 166, 167, 182]",0.0,0.0
2025-07-05,6,Optimal,4193.847670741939,0.0,False,0.04384319999371655,9.094947017729282e-13,0,"[178, 177, 169, 183, 180, 184, 181]",0.7236868413190304,67.31238970927132
2025-07-05,12,Optimal,-130.894896409392,0.0,False,0.03081019999808632,9.094947017729282e-13,0,"[163, 178, 180, 170, 176, 183, 181]",0.7883189662419974,76.49013491616796
2025-07-05,18,Optimal,-6.0282529950915205,0.0,False,0.01470500000868924,9.023892744153272e-13,0,"[174, 177, 167, 164, 183, 182, 159]",0.7145240558001339,99.84301165679197
2025-07-06,0,Optimal,48455.55905136958,0.0008594674566691056,False,0.8790826000040397,2.8421709430404007e-12,39,"[170, 162, 163, 180, 166, 158, 181]",0.0,0.0
2025-07-06,6,Optimal,11924.174374976938,0.0,False,0.05516419999185018,9.094947017729282e-13,0,"[178, 177, 183, 175, 180, 184, 185]",0.7632907266272592,71.68979374653752
2025-07-06,12,Optimal,279.36908766041074,0.0,False,0.03607239999109879,9.094947017729282e-13,0,"[163, 178, 180, 170, 182, 183, 185]",0.8413933548465633,88.66828129235317
2025-07-06,18,Optimal,-1512.8604359823253,0.0,False,0.015887699992163107,1.1652900866465643e-12,0,"[174, 177, 167, 164, 175, 182, 159]",0.7230650333474521,78.88667833867838
2025-07-07,0,Optimal,53748.354643736435,0.0009531195341284416,False,1.7716315000143368,1.8189894035458565e-12,46,"[170, 162, 163, 180, 166, 179, 185]",0.0,0.0
2025-07-07,6,Optimal,-2073.920354987502,0.0,False,0.06452899999567308,9.094947017729282e-13,0,"[178, 177, 169, 176, 162, 163, 185]",0.8041294490963466,40.67974284208297
2025-07-07,12,Optimal,921.393978481803,0.0006391243139065111,False,1.0049662999808788,3.637978807091713e-12,12,"[163, 178, 180, 170, 176, 183, 185]",0.8714230279026812,38.05514166360074
2025-07-07,18,Optimal,-1831.56667418054,0.0,False,0.01712000000406988,9.094947017729282e-13,0,"[174, 177, 167, 183, 180, 169, 184]",0.7469481874940082,36.654592626096914
2025-07-08,0,Optimal,67484.06672144258,0.0009828258669473046,False,2.9263928000000305,2.9558577807620168e-12,1008,"[170, 162, 163, 180, 166, 187, 185]",0.0,0.0
2025-07-08,6,Optimal,-6538.4188625425995,0.00041921206228284655,False,0.41165180000825785,1.8189894035458565e-12,3,"[171, 177, 172, 175, 180, 164, 187]",0.8045638743813632,-44.193716409895806
2025-07-08,12,Optimal,-58.596636230521355,0.00012738770210636642,False,1.8525597999978345,9.094947017729282e-13,9,"[171, 165, 174, 170, 167, 173, 177]",0.8860825383211517,-66.46040172748377
2025-07-08,18,Optimal,-1697.5970416760322,0.0,False,0.01999839997733943,1.0231815394945443e-12,0,"[162, 163, 168, 164, 180, 170, 172]",0.7442220508639683,-57.1837535447739
2025-07-09,0,Optimal,66189.52887839175,0.0009444188074812112,False,2.0850834000157192,3.097966327914037e-12,1008,"[164, 168, 163, 180, 166, 187, 185]",0.0,0.0
2025-07-09,6,Optimal,-6262.76012507664,1.3309844370236759e-05,False,0.22965619998285547,9.094947017729282e-13,2,"[171, 177, 172, 175, 162, 163, 187]",0.8084848515954358,-52.65756049384198
2025-07-09,12,Optimal,-477.50838013451636,0.0,False,0.03791590000037104,9.094947017729282e-13,0,"[161, 178, 168, 170, 167, 173, 177]",0.8758943305357607,-42.75839606701523
2025-07-09,18,Optimal,-1661.2740994171606,0.0,False,0.01712129998486489,9.094947017729282e-13,0,"[162, 163, 188, 176, 180, 169, 172]",0.7465471944897089,-56.84007786074581
2025-07-10,0,Optimal,61846.41480706813,0.0009056796040140697,False,1.9335757000080775,1.1027623258996755e-11,1008,"[188, 168, 163, 180, 166, 187, 185]",0.0,0.0
2025-07-10,6,Optimal,-3513.20259855148,2.8922640596844818e-05,False,0.2230297999922186,9.094947017729282e-13,1,"[171, 177, 172, 188, 162, 164, 187]",0.8109609611205472,-34.887094518877326
2025-07-10,12,Optimal,-1536.6500411708241,0.0,False,0.04061540000839159,9.094947017729282e-13,0,"[169, 178, 168, 170, 167, 173, 177]",0.882762910741706,-38.637044779842036
2025-07-10,18,Optimal,-2434.0241022343957,0.0,False,0.018813000002410263,9.094947017729282e-13,0,"[174, 189, 188, 176, 180, 169, 172]",0.7439390708948503,-54.829813418447294
2025-07-11,0,Optimal,34406.800845449194,0.0002835675285943267,False,1.051529800024582,3.296918293926865e-12,34,"[188, 177, 163, 180, 166, 187, 185]",0.0,0.0
2025-07-11,6,Optimal,-2997.3527544666886,0.0,False,0.05152110001654364,9.094947017729282e-13,0,"[171, 167, 166, 188, 174, 163, 187]",0.8257056633168814,-24.952820558182477
2025-07-11,12,Optimal,-2136.0599097196146,0.0,False,0.04088939999928698,9.023892744153272e-13,0,"[169, 178, 174, 170, 167, 173, 177]",0.8931077504957342,-40.002418326805895
2025-07-11,18,Optimal,-2056.451425677219,0.0,False,0.016316499997628853,9.094947017729282e-13,0,"[179, 189, 188, 176, 180, 169, 172]",0.7462772502755826,-45.651190070659624
2025-07-12,0,Optimal,28676.56311614802,0.0004909459473256063,False,2.2120477999851573,2.1458390619955026e-12,1008,"[188, 170, 171, 180, 166, 187, 185]",0.0,0.0
2025-07-12,6,Optimal,-2612.985106254056,0.0,False,0.04911049999645911,1.0231815394945443e-12,0,"[191, 190, 173, 170, 179, 180, 187]",0.8353190922353131,-21.664599302472247
2025-07-12,12,Optimal,694.2968132942442,0.0,False,0.03222929997718893,9.094947017729282e-13,0,"[169, 166, 174, 170, 167, 183, 177]",0.9112027954163692,-10.922926445805691
2025-07-12,18,Optimal,-1435.3840227403593,0.0,False,0.015548299998044968,9.094947017729282e-13,0,"[165, 177, 168, 176, 180, 169, 172]",0.7516419619861593,-19.262327515872112
2025-07-13,0,Optimal,62158.58311198777,0.0006196601669366433,False,1.770921899995301,3.751665644813329e-12,1008,"[188, 177, 169, 172, 165, 187, 185]",0.0,0.0
2025-07-13,6,Optimal,-7150.178868316198,0.00015813157402771454,False,0.2275089000177104,2.4726887204451486e-12,2,"[191, 190, 173, 170, 175, 176, 187]",0.8345541762928629,-32.273230587456474
2025-07-13,12,Optimal,128.6978922677859,0.0,False,3.445504000002984,3.637978807091713e-12,504,"[165, 178, 180, 187, 172, 173, 177]",0.9132332518678576,-9.835348354623006
2025-07-13,18,Optimal,214.95417580019983,0.0,False,0.019720600015716627,9.094947017729282e-13,0,"[165, 177, 167, 176, 175, 192, 187]",0.7499647750468118,1.580987722054412
2025-07-14,0,Optimal,56995.123810412035,0.00020812889080802608,False,4.76773079999839,1.7617907133171684e-11,1008,"[188, 170, 171, 180, 166, 187, 185]",0.0,0.0
2025-07-14,6,Optimal,-3552.3700964978857,0.0,False,0.057082599989371374,9.094947017729282e-13,0,"[178, 167, 166, 170, 174, 180, 187]",0.8250145558258466,-7.0297175677749735
2025-07-14,12,Optimal,1078.0269235341666,0.0008859827674612266,False,3.504672399983974,3.637978807091713e-12,9,"[169, 166, 180, 170, 167, 173, 177]",0.9138270751399544,10.337702421433875
2025-07-14,18,Optimal,111.46483635472919,0.0,False,0.01950850000139326,8.668621376273222e-13,0,"[193, 189, 167, 176, 175, 192, 187]",0.7496578592836752,19.50457319424735
2025-07-15,0,Optimal,59268.20648993229,0.0007653793781612641,False,2.2399815999960992,3.211653165635653e-12,1008,"[188, 170, 194, 173, 175, 187, 185]",0.0,0.0
2025-07-15,6,Optimal,-5064.033328341654,0.0,False,0.07301100000040606,9.094947017729282e-13,0,"[191, 167, 172, 192, 174, 194, 187]",0.824318921584335,-15.740697245446702
2025-07-15,12,Optimal,1232.5674262271607,0.00046372842910197883,False,4.380953900021268,5.4569682106375694e-12,17,"[169, 194, 180, 170, 167, 183, 181]",0.9182081124830971,7.319261315474667
2025-07-15,18,Optimal,-1133.7913875868803,0.0,False,0.018076300009852275,9.094947017729282e-13,0,"[174, 177, 171, 176, 182, 192, 172]",0.7462141116836908,-18.247761316614273
2025-07-16,0,Optimal,57773.42770476509,0.000882410516271299,False,2.5693781999871135,8.412825991399586e-12,1008,"[188, 195, 174, 178, 176, 187, 185]",0.0,0.0
2025-07-16,6,Optimal,-2632.802781771473,0.0,False,0.06048779998673126,1.0231815394945443e-12,0,"[178, 177, 169, 175, 176, 194, 181]",0.8232886336841568,23.26654271494897
2025-07-16,12,Optimal,-2140.29575736799,0.0,False,0.04035880000446923,9.592326932761353e-13,0,"[169, 194, 174, 170, 176, 183, 181]",0.9165405977843982,-9.363506680757176
2025-07-16,18,Optimal,-1438.5718421004285,0.0,False,0.0165125000057742,9.094947017729282e-13,0,"[174, 190, 171, 195, 175, 192, 187]",0.7453538012955114,13.499454667891406
2025-07-17,0,Optimal,55622.724354116035,0.0009240760957959707,False,2.2464405999926385,2.637534635141492e-11,1008,"[188, 195, 194, 196, 176, 187, 185]",0.0,0.0
2025-07-17,6,Optimal,80.78491967832804,0.0,False,0.058561300014844164,9.094947017729282e-13,0,"[178, 177, 169, 175, 179, 194, 195]",0.8173026603731761,2.8478740929315602
2025-07-17,12,Optimal,-2495.8724376319083,0.0,False,0.040229199978057295,1.0089706847793423e-12,0,"[192, 190, 180, 175, 196, 183, 181]",0.9152021382522371,-20.40801176514246
2025-07-17,18,Optimal,-1324.10533735835,0.0,False,0.01904179999837652,9.094947017729282e-13,0,"[196, 179, 178, 195, 175, 192, 187]",0.7433524319083004,1.0856409321707488
2025-07-18,0,Optimal,31229.47643067269,0.0008767554952410435,False,2.8359748999937437,2.5863755581667647e-12,1008,"[188, 195, 194, 173, 175, 187, 185]",0.0,0.0
2025-07-18,6,Optimal,-2899.9037596856333,0.0,False,0.053034800017485395,9.094947017729282e-13,0,"[191, 197, 172, 175, 176, 194, 195]",0.8231338913182233,-8.201899300910938
2025-07-18,12,Optimal,-1810.2276221004588,0.0,False,0.033271699998294935,9.094947017729282e-13,0,"[192, 194, 174, 172, 196, 183, 177]",0.9115467094009974,-5.858712634237051
2025-07-18,18,Optimal,-1439.1168747019954,0.0,False,0.016449799994006753,9.094947017729282e-13,0,"[196, 179, 178, 176, 180, 192, 187]",0.744578526808374,-7.297320446385488
2025-07-19,0,Optimal,31103.350498392298,0.0009369578682668231,False,0.99717149999924,9.094947017729282e-13,12,"[188, 198, 194, 173, 175, 187, 185]",0.0,0.0
2025-07-19,6,Optimal,-2886.1232417764973,0.0,False,0.05043689999729395,8.952838470577262e-13,0,"[191, 198, 172, 175, 176, 194, 195]",0.8235252158555274,7.978267683592495
2025-07-19,12,Optimal,-1479.979557493268,0.0,False,0.03333320000092499,9.094947017729282e-13,0,"[192, 194, 174, 172, 193, 198, 177]",0.911307429676058,-4.538287584248644
2025-07-19,18,Optimal,-1442.6201397144337,0.0,False,0.015001799998572096,9.094947017729282e-13,0,"[196, 179, 178, 188, 173, 181, 187]",0.7469247430901856,7.049357980898579
2025-07-20,0,Optimal,58721.16495334168,0.0007132839731534914,False,2.706651399988914,5.7980287238024175e-12,1008,"[188, 190, 174, 173, 175, 187, 185]",0.0,0.0
2025-07-20,6,Optimal,-3072.340549531807,0.0,False,0.05768060000264086,9.094947017729282e-13,0,"[178, 198, 172, 179, 180, 193, 185]",0.8229636821497394,0.7848878957889439
2025-07-20,12,Optimal,-2703.8116666027518,0.0,False,0.042315400001825765,9.094947017729282e-13,0,"[191, 179, 187, 172, 193, 198, 177]",0.913435693153664,-11.928202126232286
2025-07-20,18,Optimal,-1874.285837788679,0.0,False,0.018328200007090345,8.810729923425242e-13,0,"[196, 199, 197, 188, 173, 181, 187]",0.7465166440509595,-3.2434639598296906
2025-07-21,0,Optimal,60367.23303156543,0.0004238863663486312,False,2.012256099988008,2.5011104298755527e-12,1008,"[188, 190, 177, 196, 175, 187, 185]",0.0,0.0
2025-07-21,6,Optimal,-4022.5096260523424,0.0,False,0.05909190000966191,1.0231815394945443e-12,0,"[178, 198, 192, 179, 180, 193, 185]",0.8226904570091221,1.9984962262382668
2025-07-21,12,Optimal,-883.5930311689096,0.0,False,0.19953469999018125,3.637978807091713e-12,2,"[191, 179, 199, 200, 193, 198, 177]",0.9125579212264867,-13.35406970069624
2025-07-21,18,Optimal,-2541.451754931974,0.0,False,0.018891399988206103,8.65085780787922e-13,0,"[174, 200, 177, 198, 195, 175, 192]",0.7498788881922822,-23.124690166184834
2025-07-22,0,Optimal,56753.32112277626,0.0009385035255429256,False,1.9418515000143088,4.419575816427823e-12,1008,"[188, 190, 201, 178, 175, 187, 185]",0.0,0.0
2025-07-22,6,Optimal,6044.982094453201,0.00012097975321861966,False,0.372189999994589,9.094947017729282e-13,15,"[191, 198, 196, 179, 180, 193, 185]",0.8230994618010418,17.320570572190814
2025-07-22,12,Optimal,-4221.445369487353,0.0,False,0.0433725000184495,9.663381206337363e-13,0,"[201, 190, 174, 200, 196, 198, 177]",0.9181749667394882,5.500562420588204
2025-07-22,18,Optimal,-2093.198912448416,0.0,False,0.01733939998666756,9.094947017729282e-13,0,"[196, 199, 177, 198, 195, 175, 187]",0.7485088350262425,7.629495456855476
2025-07-23,0,Optimal,64172.52842625865,0.0008053063079447881,False,2.9720848000142723,3.524291969370097e-12,1008,"[188, 190, 201, 196, 202, 187, 185]",0.0,0.0
2025-07-23,6,Optimal,-6883.559021363208,0.0,False,0.060721099987858906,9.094947017729282e-13,0,"[191, 197, 192, 175, 180, 193, 181]",0.8197585007947075,-21.68974595280716
2025-07-23,12,Optimal,3348.1845461916864,0.0004420642365524494,False,0.8836742999847047,1.2505552149377763e-12,13,"[201, 190, 187, 202, 196, 198, 177]",0.9181467973764212,13.999381445608627
2025-07-23,18,Optimal,-2159.6794345446915,0.0,False,0.01911560000735335,9.094947017729282e-13,0,"[191, 199, 197, 198, 195, 175, 192]",0.7485502562097814,-16.62749953697029
2025-07-24,0,Optimal,63430.73329008413,0.0002893431303697484,False,2.63671270001214,2.3874235921539366e-12,1008,"[188, 199, 195, 178, 202, 187, 185]",0.0,0.0
2025-07-24,6,Optimal,-4097.268036791496,0.0,False,0.06413080001948401,1.0231815394945443e-12,0,"[178, 197, 192, 176, 184, 187, 203]",0.8149004715032558,2.80001443127521
2025-07-24,12,Optimal,-1667.0342426839538,0.0005822597171966543,False,0.1555203000025358,9.094947017729282e-13,2,"[203, 190, 180, 200, 196, 198, 177]",0.9152139886877184,9.371345077342774
2025-07-24,18,Optimal,-2048.9021493562295,0.0,False,0.019100500008789822,8.100187187665142e-13,0,"[196, 199, 197, 198, 195, 181, 187]",0.7466628542067778,-2.351507326538913
2025-07-25,0,Optimal,27624.938251840613,0.0,False,0.0697564999863971,1.0231815394945443e-12,0,"[188, 204, 200, 194, 202, 187, 185]",0.0,0.0
2025-07-25,6,Optimal,-1772.4073473390615,0.0,False,0.046434100018814206,1.0231815394945443e-12,0,"[178, 190, 177, 201, 184, 187, 203]",0.8180895413432684,3.5694377243103292
2025-07-25,12,Optimal,-1522.20545894066,0.0,False,0.035058400011621416,9.094947017729282e-13,0,"[203, 178, 179, 202, 196, 198, 177]",0.913682423211777,4.21963669305838
2025-07-25,18,Optimal,-1751.5393386458256,0.0,False,0.018147399998269975,8.810729923425242e-13,0,"[196, 200, 177, 202, 195, 181, 187]",0.7469441389424413,-2.761454556515012
2025-07-26,0,Optimal,28754.29197378891,0.0009885524330209314,False,1.690549299994018,2.6272317654729704e-12,1008,"[188, 204, 200, 178, 202, 187, 185]",0.0,0.0
2025-07-26,6,Optimal,-1957.4513158108407,0.0,False,0.04724799998803064,9.094947017729282e-13,0,"[191, 204, 198, 201, 184, 187, 203]",0.818649092142204,-8.091656109160516
2025-07-26,12,Optimal,-1483.7219603790231,0.0,False,0.03081019999808632,9.094947017729282e-13,0,"[204, 178, 179, 199, 196, 197, 184]",0.9187362542793404,0.3224828053649607
2025-07-26,18,Optimal,-1801.6114243857926,0.0,False,0.014772099995752797,9.094947017729282e-13,0,"[191, 200, 197, 198, 195, 181, 187]",0.7468273113530753,-11.987929378568273
2025-07-27,0,Optimal,57384.520769524686,0.0009818979174395068,False,2.4414450000040233,2.3590018827235326e-12,1008,"[188, 204, 206, 194, 202, 187, 185]",0.0,0.0
2025-07-27,6,Optimal,982.6505688044241,0.0008787833236813126,False,2.438754400005564,3.637978807091713e-12,6,"[205, 190, 206, 201, 184, 187, 203]",0.8195657441941436,24.270862403431355
2025-07-27,12,Optimal,-2946.6644551151503,2.7404095929626192e-05,False,0.3178925999964122,2.5863755581667647e-12,2,"[204, 189, 180, 202, 196, 197, 184]",0.9194649975337492,-23.13266471323316
2025-07-27,18,Optimal,-168.90026931103182,0.0,False,0.020529600005829707,9.094947017729282e-13,0,"[191, 200, 197, 205, 201, 192, 187]",0.7464898491542384,-11.661644206054111
2025-07-28,0,Optimal,59155.92868530545,0.00039672871395874835,False,2.6322992000204977,3.232969447708456e-12,1008,"[188, 204, 206, 194, 205, 187, 185]",0.0,0.0
2025-07-28,6,Optimal,-1089.1997817330955,0.00015413219722846825,False,0.2391185000014957,1.1368683772161603e-12,4,"[191, 190, 198, 196, 184, 187, 203]",0.8113780758323009,-6.257071063433099
2025-07-28,12,Optimal,-1830.0511896916576,0.0,False,0.03889989998424426,9.094947017729282e-13,0,"[203, 190, 180, 202, 196, 207, 184]",0.9155274924936134,6.642817622822225
2025-07-28,18,Optimal,-1555.9583167631442,0.0,False,0.018045400007395074,9.094947017729282e-13,0,"[196, 200, 202, 205, 201, 181, 187]",0.7456342239007077,9.709371322007156
2025-07-29,0,Optimal,57574.306268037886,0.0009186208925402352,False,2.6259126999939326,3.0127011996228248e-12,1008,"[188, 204, 206, 194, 202, 187, 185]",0.0,0.0
2025-07-29,6,Optimal,614.8038572932682,0.0,False,0.6555571999924723,9.094947017729282e-13,7,"[191, 190, 198, 196, 194, 187, 203]",0.8105161090453585,-7.060123270972788
2025-07-29,12,Optimal,-2113.2004589401568,0.0,False,0.04350739999790676,9.094947017729282e-13,0,"[204, 189, 206, 200, 196, 207, 184]",0.9162326909716987,-17.629738407511923
2025-07-29,18,Optimal,-1924.8469817177186,0.0,False,0.01926969998748973,8.810729923425242e-13,0,"[191, 200, 197, 205, 195, 181, 187]",0.7459715449668134,-10.306003551815738
2025-07-30,0,Optimal,53128.55889273077,0.0008861381759109209,False,2.328012400015723,4.718003765447065e-12,1008,"[188, 204, 206, 194, 202, 192, 185]",0.0,0.0
2025-07-30,6,Optimal,3970.779841565063,0.00026723483318244235,False,0.512720900005661,9.094947017729282e-13,7,"[205, 209, 197, 188, 194, 186, 203]",0.7803567624877218,0.41234051329853816
2025-07-30,12,Optimal,-2240.6306961219416,0.0001887124186079628,False,0.2708703000098467,3.637978807091713e-12,2,"[204, 189, 206, 200, 196, 197, 198]",0.8817858587960429,-20.652984471741163
2025-07-30,18,Optimal,-888.6050511289944,0.0,False,0.020166600006632507,9.094947017729282e-13,0,"[196, 200, 197, 205, 209, 182, 187]",0.7337492469994591,5.216322249248278
2025-07-31,0,Optimal,55175.114481000666,0.0009122130650484745,False,1.8618282999959774,4.547473508864641e-12,1008,"[188, 204, 206, 194, 202, 192, 185]",0.0,0.0
2025-07-31,6,Optimal,-1689.3618822377982,0.0,False,0.05813399999169633,9.094947017729282e-13,0,"[191, 190, 198, 188, 193, 208, 203]",0.7511633915929304,-5.894588833609861
2025-07-31,12,Optimal,-465.11190596898064,0.00014787894674131758,False,0.31409449997590855,1.4921397450962104e-12,4,"[203, 190, 206, 199, 195, 197, 198]",0.8547344014278545,2.307683758407253
2025-07-31,18,Optimal,-1081.2370791982107,0.0,False,0.017156700021587312,9.094947017729282e-13,0,"[210, 193, 208, 202, 195, 207, 187]",0.7184702307428031,-0.9192861527991271
2025-08-01,0,Optimal,27755.00688377752,6.787885931766472e-06,False,0.258355500001926,9.094947017729282e-13,1,"[188, 204, 206, 194, 202, 211, 185]",0.0,0.0
2025-08-01,6,Optimal,-1862.0317406976385,0.0,False,0.04478840000228956,9.00612917575927e-13,0,"[205, 210, 204, 192, 194, 184, 203]",0.713353318933698,10.342688829844496
2025-08-01,12,Optimal,-2294.195525418379,0.0,False,0.031911400001263246,9.094947017729282e-13,0,"[203, 201, 206, 199, 195, 193, 198]",0.8081411707322995,2.476329184932923
2025-08-01,18,Optimal,-278.0336903799823,0.0,False,0.014805899991188198,9.094947017729282e-13,0,"[210, 193, 208, 202, 195, 207, 187]",0.7040391274083416,16.66255905420929
2025-08-02,0,Optimal,24287.6487639539,8.641331017999009e-05,False,0.4737817000132054,3.637978807091713e-12,3,"[188, 204, 206, 212, 205, 197, 210]",0.0,0.0
2025-08-02,6,Optimal,-1633.3062636079471,0.0,False,0.05090080000809394,9.094947017729282e-13,0,"[205, 210, 198, 192, 194, 195, 187]",0.6280100333184849,-11.233565668784923
2025-08-02,12,Optimal,-1013.9747208478869,0.0,False,0.04374310001730919,9.094947017729282e-13,0,"[191, 203, 206, 200, 202, 193, 198]",0.7292152792295771,-9.740700716103813
2025-08-02,18,Optimal,-493.72551777128626,0.0,False,0.018763600004604086,9.094947017729282e-13,0,"[194, 204, 200, 198, 206, 211, 203]",0.6394118902016059,-3.06380512501797
2025-08-03,0,Optimal,44232.96447304988,0.000893611809961866,False,1.5876709000149276,4.092726157978177e-12,1008,"[213, 203, 198, 201, 207, 208, 187]",0.0,0.0
2025-08-03,6,Optimal,1881.0391890536093,1.3651873616825511e-05,False,0.4377202999894507,4.455102953215828e-12,2,"[191, 209, 204, 207, 194, 195, 187]",0.5274864367595907,-2.580156680826514
2025-08-03,12,Optimal,-2124.08045737692,0.0,False,0.041054400004213676,9.094947017729282e-13,0,"[192, 203, 205, 200, 202, 208, 207]",0.6172098676297253,0.7000077141363018
2025-08-03,18,Optimal,-705.9501848982466,0.0,False,0.01903410002705641,9.094947017729282e-13,0,"[212, 196, 193, 197, 205, 211, 203]",0.5759103378539263,6.790113262999262
2025-08-04,0,Optimal,47265.197233590065,0.00042393247940290547,False,1.8518639999965671,3.183231456205249e-12,1008,"[213, 203, 198, 201, 207, 208, 192]",0.0,0.0
2025-08-04,6,Optimal,1564.6725564236815,0.0,False,0.3313120999955572,1.7053025658242404e-12,1,"[191, 200, 198, 197, 201, 211, 212]",0.3862001500265639,-1.9691819988539296
2025-08-04,12,Optimal,-2362.8395023384073,0.0,False,0.04296510000131093,9.094947017729282e-13,0,"[191, 204, 206, 212, 202, 213, 214]",0.46868048472492774,4.554583573057217
2025-08-04,18,Optimal,7.585495947534255,0.0,False,0.016784599982202053,9.094947017729282e-13,0,"[190, 210, 200, 197, 208, 202, 214]",0.44536909390022067,5.786213618065192
2025-08-05,0,Optimal,45438.89786093307,0.0,False,0.07349609999801032,9.094947017729282e-13,0,"[213, 203, 198, 201, 196, 209, 211]",0.0,0.0
2025-08-05,6,Optimal,2267.8246913304833,0.00011101084214115715,False,0.38108560000546277,9.094947017729282e-13,2,"[191, 215, 210, 206, 213, 208, 203]",0.333907090568376,-3.000006805605498
2025-08-05,12,Optimal,-1086.7286262895561,0.0,False,0.03984589999890886,9.094947017729282e-13,0,"[191, 201, 206, 212, 196, 213, 214]",0.41991731239697494,-1.3514111382098566
2025-08-05,18,Optimal,-448.10312445140903,0.0,False,0.01626819997909479,1.0231815394945443e-12,0,"[190, 210, 193, 199, 198, 209, 211]",0.4041804533243213,0.49604393402407343
2025-08-06,0,Optimal,51167.47324190522,0.00041796170098706956,False,1.7348666000179946,2.2239987629291136e-12,1008,"[213, 204, 206, 212, 207, 209, 211]",0.0,0.0
2025-08-06,6,Optimal,-1923.2310072272587,0.0,False,0.061531899991678074,1.0231815394945443e-12,0,"[191, 200, 210, 204, 213, 208, 203]",0.27545661131948207,-1.9157854285819196
2025-08-06,12,Optimal,-556.6423711605333,0.0,False,0.038944900006754324,9.094947017729282e-13,0,"[190, 210, 205, 212, 196, 213, 198]",0.3431788618461947,-2.4106470458312654
2025-08-06,18,Optimal,-884.9141331130402,0.0,False,0.018045400007395074,8.597567102697212e-13,0,"[190, 204, 215, 201, 197, 209, 211]",0.35787664233346395,-9.203885404957008
2025-08-07,0,Optimal,50189.223978017064,3.9945121968424406e-05,False,0.2974179000011645,1.0231815394945443e-11,2,"[191, 199, 206, 212, 207, 209, 211]",0.0,0.0
2025-08-07,6,Optimal,-1650.3952216781067,0.0,False,0.05497660001856275,9.094947017729282e-13,0,"[190, 216, 192, 197, 214, 211, 203]",0.19556006191171282,-2.933379743002322
2025-08-07,12,Optimal,-1265.9957715952123,0.0,False,0.039830800000345334,9.094947017729282e-13,0,"[192, 209, 200, 199, 193, 213, 198]",0.2614721950028145,-2.8687291138636253
2025-08-07,18,Optimal,-919.7493333103681,0.0,False,0.01828439999371767,9.094947017729282e-13,0,"[190, 200, 201, 198, 209, 208, 203]",0.2825710295090119,-9.9243062466481
2025-08-08,0,Optimal,23794.494836834703,1.43950125820822e-05,False,0.2561883000016678,2.6147972675971687e-12,1,"[218, 204, 206, 212, 207, 209, 211]",0.0,0.0
2025-08-08,6,Optimal,-739.8414491610347,0.0,False,0.04281519999494776,9.094947017729282e-13,0,"[191, 216, 198, 197, 214, 211, 203]",0.13193992083984576,-5.629344447805388
2025-08-08,12,Optimal,-877.0806089023972,0.0,False,0.0350975000183098,9.094947017729282e-13,0,"[201, 204, 200, 199, 196, 207, 198]",0.17670695281031604,-2.9714523335040477
2025-08-08,18,Optimal,-701.9602281762875,0.0,False,0.014685900008771569,8.86846152070575e-13,0,"[204, 201, 196, 216, 192, 203, 217]",0.17622107795804764,-3.071262693652901
2025-08-09,0,Optimal,23379.243207326534,0.0,False,0.06600380002055317,9.094947017729282e-13,0,"[218, 199, 200, 194, 207, 209, 211]",0.0,0.0
2025-08-09,6,Optimal,-992.3950638297035,0.0,False,0.04409439998562448,9.094947017729282e-13,0,"[215, 200, 210, 213, 219, 211, 212]",0.09716245981239584,-1.0854062918436835
2025-08-09,12,Optimal,-628.3660184103978,0.0,False,0.0347100000071805,9.094947017729282e-13,0,"[201, 218, 206, 199, 196, 202, 198]",0.08950450213488671,-0.09098853650500939
2025-08-09,18,Optimal,-847.0137898320341,0.0,False,0.015352099988376722,9.094947017729282e-13,0,"[210, 193, 198, 215, 197, 203, 211]",0.08267952862281508,-0.22814922142947594
2025-08-10,0,Optimal,47338.03912662052,6.348949827295086e-05,False,0.5899782000051346,3.183231456205249e-12,4,"[218, 199, 200, 220, 196, 202, 197]",0.0,0.0
2025-08-10,6,Optimal,-1099.7590823825583,0.0,False,0.0631881000008434,9.094947017729282e-13,0,"[215, 209, 206, 217, 220, 211, 196]",0.09135640134972915,-1.9486047607532075
2025-08-10,12,Optimal,-520.0205753030297,0.0,False,0.043664900003932416,9.094947017729282e-13,0,"[220, 218, 206, 194, 211, 202, 215]",0.08342795712736112,1.1008941176468865
2025-08-10,18,Optimal,-719.3031149855233,0.0,False,0.020483499974943697,1.0231815394945443e-12,0,"[201, 193, 198, 215, 205, 203, 211]",0.07731943987347902,-1.4192478247968472
2025-08-11,0,Optimal,44543.504687413624,0.0,False,0.08978270000079647,9.094947017729282e-13,0,"[218, 198, 195, 221, 196, 202, 197]",0.0,0.0
2025-08-11,6,Optimal,1602.2035302756285,0.0,False,0.06269619998056442,9.094947017729282e-13,0,"[215, 209, 206, 217, 220, 211, 196]",0.08766289090664958,-1.7756875863116093
2025-08-11,12,Optimal,-1018.6323585286555,0.0,False,0.04172789998119697,9.094947017729282e-13,0,"[210, 217, 206, 199, 197, 213, 198]",0.07468609701486872,-2.3352764792750045
2025-08-11,18,Optimal,-401.0329126723815,0.0,False,0.020226499997079372,1.0231815394945443e-12,0,"[201, 195, 198, 194, 205, 203, 211]",0.08664237143738901,-4.0274577605109085
2025-08-12,0,Optimal,49508.65568970281,5.556423210014168e-05,False,0.5591335000062827,1.1368683772161603e-12,3,"[218, 198, 195, 221, 196, 202, 197]",0.0,0.0
2025-08-12,6,Optimal,903.3706417020734,0.0009948938629579214,False,0.268669500015676,1.1368683772161603e-12,3,"[215, 216, 210, 217, 207, 208, 212]",0.09445523574352539,-0.7246027803863493
2025-08-12,12,Optimal,-1099.3889363541696,0.0,False,0.043822299980092794,9.663381206337363e-13,0,"[210, 217, 200, 205, 211, 202, 198]",0.09133084830413953,-0.5288149984626033
2025-08-12,18,Optimal,-693.6417746271067,0.0,False,0.017375199997331947,1.0231815394945443e-12,0,"[204, 195, 198, 209, 207, 208, 202]",0.08847045407922327,-0.7531601572588223
2025-08-13,0,Optimal,44519.96278124843,0.0,False,0.0894288000126835,1.0231815394945443e-12,0,"[218, 223, 200, 221, 196, 202, 197]",0.0,0.0
2025-08-13,6,Optimal,1775.4417750462223,0.00017702088979907528,False,0.9168503000109922,1.1368683772161603e-12,5,"[223, 216, 198, 213, 221, 208, 212]",0.08762995606370298,-0.73135304106096
2025-08-13,12,Optimal,264.76186875410116,0.0003679876587151172,False,5.731219799985411,5.229594535194337e-12,504,"[223, 219, 204, 216, 212, 213, 215]",0.09741594112832991,0.3165929465224255
2025-08-13,18,Optimal,-362.24219255522496,0.0,False,0.01818240000284277,9.094947017729282e-13,0,"[204, 223, 198, 209, 207, 203, 211]",0.07808027999188073,-1.201662883323714
2025-08-14,0,Optimal,46369.386403123375,0.0,False,0.08440769999288023,1.0231815394945443e-12,0,"[218, 223, 200, 221, 207, 202, 197]",0.0,0.0
2025-08-14,6,Optimal,2412.517970715206,0.0,False,0.05398260001675226,9.023892744153272e-13,0,"[223, 218, 198, 197, 219, 201, 203]",0.08867462731975355,-3.1266503017446703
2025-08-14,12,Optimal,-1608.3657847729123,0.0,False,0.041962699993746355,9.094947017729282e-13,0,"[224, 219, 218, 216, 212, 213, 198]",0.09438839561602604,-1.231214620892372
2025-08-14,18,Optimal,-435.09423567556496,0.0,False,0.016763799998443574,8.86846152070575e-13,0,"[204, 223, 198, 209, 205, 208, 202]",0.08950502315929997,-0.22092636747688923
2025-08-15,0,Optimal,24074.706021806625,5.716486667811617e-06,False,0.2748262999812141,9.094947017729282e-13,1,"[218, 223, 200, 221, 215, 205, 214]",0.0,0.0
2025-08-15,6,Optimal,-1125.9644038035924,0.0,False,0.04926340002566576,9.094947017729282e-13,0,"[205, 218, 198, 206, 214, 201, 203]",0.10244000710356216,-0.7301690370770165
2025-08-15,12,Optimal,-880.2956649005068,0.0,False,0.0335526000126265,1.0231815394945443e-12,0,"[222, 210, 217, 206, 199, 213, 198]",0.09741089920063731,-1.5508626233770226
2025-08-15,18,Optimal,-603.5449490343216,0.0,False,0.018009299994446337,9.094947017729282e-13,0,"[221, 225, 206, 219, 220, 203, 211]",0.09073073493678269,-1.5753919007478676
2025-08-16,0,Optimal,25342.139458486996,0.0,False,0.08136939999531023,9.094947017729282e-13,0,"[213, 199, 200, 221, 215, 205, 214]",0.0,0.0
2025-08-16,6,Optimal,-1764.6600145172072,0.0,False,0.04726730001857504,9.094947017729282e-13,0,"[226, 215, 209, 206, 214, 201, 203]",0.10544181242642114,-0.7179694832007676
2025-08-16,12,Optimal,-728.2350800997422,0.0,False,0.031996100005926564,9.094947017729282e-13,0,"[222, 210, 217, 200, 205, 213, 215]",0.10543146682255501,-2.7500321347964993
2025-08-16,18,Optimal,-762.8473698498393,0.0,False,0.01766230000066571,1.0231815394945443e-12,0,"[221, 226, 213, 219, 220, 218, 211]",0.09718107223268671,-2.821980755829125
2025-08-17,0,Optimal,46721.79670697949,0.0,False,0.08162839998840354,9.094947017729282e-13,0,"[213, 204, 200, 221, 215, 205, 214]",0.0,0.0
2025-08-17,6,Optimal,-539.1047894705806,0.0,False,1.0671912000107113,4.092726157978177e-12,6,"[226, 222, 209, 206, 217, 220, 211]",0.10947907695266197,-2.855895758152317
2025-08-17,12,Optimal,-936.7444663075244,0.0,False,0.039847000007284805,9.094947017729282e-13,0,"[223, 225, 209, 226, 216, 213, 215]",0.12405651023857439,-4.070492419043294
2025-08-17,18,Optimal,-373.17607536083625,0.0,False,0.017795000021578744,9.094947017729282e-13,0,"[221, 226, 227, 216, 205, 218, 211]",0.10483234283890006,-1.5974572258510629
2025-08-18,0,Optimal,46298.29566895503,0.0,False,0.08586439999635331,9.094947017729282e-13,0,"[213, 204, 206, 221, 215, 205, 214]",0.0,0.0
2025-08-18,6,Optimal,149.087197022077,0.0,False,1.3309494999994058,1.1368683772161603e-12,6,"[226, 223, 209, 204, 217, 220, 211]",0.12220262249254617,-0.25770267243385864
2025-08-18,12,Optimal,-1444.2930520382072,0.0,False,0.040500299975974485,9.094947017729282e-13,0,"[223, 225, 209, 218, 216, 213, 215]",0.13596449278883155,-4.735222926944795
2025-08-18,18,Optimal,-436.6598852270524,0.0,False,0.018725400004768744,8.846257060213247e-13,0,"[204, 226, 228, 216, 205, 218, 202]",0.11155256057229135,-1.200730458559756
2025-08-19,0,Optimal,45334.26599927596,0.0,False,0.07745849998900667,9.094947017729282e-13,0,"[213, 204, 206, 221, 215, 205, 214]",0.0,0.0
2025-08-19,6,Optimal,-1142.7320599861546,0.0,False,0.05538969999179244,9.094947017729282e-13,0,"[226, 223, 216, 224, 217, 221, 211]",0.12500336458633696,-1.2354062556252519
2025-08-19,12,Optimal,-208.81169134451366,0.0,False,1.1157741000060923,1.3073986337985843e-12,6,"[222, 210, 228, 226, 205, 213, 215]",0.14044606552195582,-3.0627521180206725
2025-08-19,18,Optimal,-816.6891643726826,0.0,False,0.019507399993017316,8.384404281969182e-13,0,"[221, 226, 228, 216, 220, 218, 222]",0.10457936760521072,-3.892699119723606
2025-08-20,0,Optimal,49994.575162566725,0.000161070996469577,False,0.537097000022186,1.0231815394945443e-12,9,"[213, 204, 206, 221, 225, 216, 214]",0.0,0.0
2025-08-20,6,Optimal,-250.29438530753774,0.0,False,0.05645760000334121,9.094947017729282e-13,0,"[226, 215, 216, 206, 213, 221, 211]",0.12891053641061848,-3.542052160089484
2025-08-20,12,Optimal,-832.0914387791406,0.0,False,0.04362149999360554,9.094947017729282e-13,0,"[222, 210, 209, 218, 216, 229, 207]",0.15313452581722334,-7.528803556881589
2025-08-20,18,Optimal,448.3770673799654,0.0,False,0.016881699993973598,1.0231815394945443e-12,0,"[204, 225, 228, 216, 205, 203, 211]",0.10926834511493191,0.16477696795649127
2025-08-21,0,Optimal,47444.55329786364,0.0006164688031098476,False,0.5366294000123162,2.5466018183095684e-12,10,"[213, 228, 206, 221, 225, 216, 214]",0.0,0.0
2025-08-21,6,Optimal,-1074.8908879703467,0.0,False,0.05843340000137687,9.094947017729282e-13,0,"[228, 215, 216, 206, 213, 219, 208]",0.14526198331059653,-2.6158006250285952
2025-08-21,12,Optimal,-573.6368179762525,0.0,False,0.6382709000026807,1.1937117960769683e-12,3,"[225, 210, 209, 218, 216, 213, 215]",0.16751950910735358,-3.5063613150953423
2025-08-21,18,Optimal,-650.1007199110215,0.0,False,0.020178600010694936,9.094947017729282e-13,0,"[204, 226, 227, 206, 230, 207, 222]",0.11267375102390982,-2.968540750112563
2025-08-22,0,Optimal,23596.577236172383,2.0697184627325074e-06,False,0.27752760000294074,9.094947017729282e-13,1,"[213, 223, 206, 221, 225, 216, 214]",0.0,0.0
2025-08-22,6,Optimal,-772.8824521131637,0.0,False,0.04340970001067035,9.094947017729282e-13,0,"[228, 223, 209, 230, 213, 219, 208]",0.1558415091658248,-1.0344668470880418
2025-08-22,12,Optimal,-593.647067240084,0.0,False,0.03192870001657866,9.094947017729282e-13,0,"[225, 210, 209, 226, 205, 211, 215]",0.18014371254004444,-1.4510998882425885
2025-08-22,18,Optimal,-576.4172888043597,0.0,False,0.018770900001982227,1.0231815394945443e-12,0,"[210, 225, 228, 216, 209, 207, 211]",0.11480413901032066,-0.617231617648446
2025-08-23,0,Optimal,22582.606753932654,0.0,False,0.06516369999735616,9.094947017729282e-13,0,"[213, 223, 206, 220, 219, 224, 214]",0.0,0.0
2025-08-23,6,Optimal,1126.2460483908596,0.0,False,0.045791399985319,9.094947017729282e-13,0,"[228, 215, 210, 230, 217, 207, 211]",0.15843505234403701,0.3704031083882847
2025-08-23,12,Optimal,-671.6062818948344,0.0,False,0.03295110000181012,9.094947017729282e-13,0,"[225, 210, 209, 226, 232, 213, 215]",0.18343678260530405,-2.7343137769808497
2025-08-23,18,Optimal,-568.0232183697703,0.0,False,0.01514940001652576,8.810729923425242e-13,0,"[221, 225, 228, 216, 209, 233, 222]",0.1143061655911813,-1.92989576716975
2025-08-24,0,Optimal,46078.50084427738,1.4790567738344803e-05,False,0.7835186999873258,3.183231456205249e-12,8,"[213, 223, 229, 221, 225, 224, 214]",0.0,0.0
2025-08-24,6,Optimal,-2263.156224789499,0.0,False,0.05848289999994449,9.094947017729282e-13,0,"[226, 222, 209, 232, 231, 220, 234]",0.15724891586941783,-5.624758885646183
2025-08-24,12,Optimal,3579.586416901492,0.0008127349368282668,False,0.5852323999861255,1.8189894035458565e-12,8,"[223, 210, 209, 226, 232, 233, 215]",0.1887720372145842,-0.9787746230893093
2025-08-24,18,Optimal,-816.2090950702352,0.0,False,0.01782789998105727,1.0231815394945443e-12,0,"[221, 225, 228, 234, 209, 233, 222]",0.11519088678864248,-1.8794533889320937
2025-08-25,0,Optimal,59358.37832732023,0.000801749021293289,False,0.801029899972491,4.320099833421409e-12,9,"[213, 223, 229, 221, 219, 224, 214]",0.0,0.0
2025-08-25,6,Optimal,-5022.296644059877,0.0,False,0.06543599997530691,1.0231815394945443e-12,0,"[228, 215, 209, 227, 231, 208, 233]",0.17558851978014545,-0.9173318594098206
2025-08-25,12,Optimal,-2027.2420341634775,0.0,False,0.04412469998351298,1.0231815394945443e-12,0,"[223, 227, 209, 218, 232, 233, 208]",0.19144366473786062,-5.120374193332069
2025-08-25,18,Optimal,-833.613324026198,0.0,False,0.01672409998718649,9.094947017729282e-13,0,"[221, 226, 227, 215, 230, 208, 222]",0.12177080792705874,-3.6550633533649375
2025-08-26,0,Optimal,46450.81994055159,2.6130617721083485e-06,False,0.29219759997795336,1.0231815394945443e-12,3,"[226, 228, 217, 220, 222, 234, 214]",0.0,0.0
2025-08-26,6,Optimal,1092.472858942123,0.0005567059473658817,False,0.7423814000212587,1.1368683772161603e-12,7,"[226, 222, 216, 227, 213, 221, 235]",0.18083159828045556,-4.463633484007398
2025-08-26,12,Optimal,-1052.125319395304,0.0,False,0.04375799998524599,9.094947017729282e-13,0,"[223, 227, 219, 218, 216, 211, 215]",0.20543972840120273,-1.4323352024007407
2025-08-26,18,Optimal,-723.7534480572504,0.0,False,0.018040499999187887,1.0231815394945443e-12,0,"[210, 225, 231, 213, 219, 220, 211]",0.13422752165106677,-0.43760129542939663
2025-08-27,0,Optimal,46763.56354531707,2.6305035073481413e-06,False,0.3044639999861829,1.0231815394945443e-12,3,"[226, 228, 217, 220, 222, 215, 214]",0.0,0.0
2025-08-27,6,Optimal,5389.389068468423,0.000765110457917271,False,0.30423740000696853,1.8189894035458565e-12,5,"[229, 222, 218, 227, 213, 220, 235]",0.18731493838322316,-3.6562261681859756
2025-08-27,12,Optimal,-1813.2258565123352,0.0,False,0.037217299977783114,9.663381206337363e-13,0,"[223, 227, 230, 228, 234, 211, 231]",0.20679040691890327,-4.3001740572730665
2025-08-27,18,Optimal,-886.41899562909,0.0,False,0.01997179997852072,9.094947017729282e-13,0,"[224, 225, 223, 228, 219, 233, 211]",0.13639286971685438,-4.499054632176536
2025-08-28,0,Optimal,44539.23140256383,4.88377595164216e-05,False,0.5394495000073221,5.4569682106375694e-12,6,"[226, 228, 217, 220, 222, 215, 216]",0.0,0.0
2025-08-28,6,Optimal,6807.354253331032,0.0006809430570668542,False,0.8262806000129785,1.8189894035458565e-12,8,"[225, 223, 218, 227, 213, 220, 235]",0.19941053851014048,-4.329960551101494
2025-08-28,12,Optimal,-295.23056232470634,0.0,False,0.8405771000252571,2.227551476607914e-12,6,"[238, 225, 230, 218, 216, 211, 215]",0.22206049852471263,-2.2041691157653367
2025-08-28,18,Optimal,-669.9509587969573,0.0,False,0.016419999999925494,9.094947017729282e-13,0,"[221, 235, 231, 213, 219, 233, 211]",0.1493647774139567,-2.119011543433599
2025-08-29,0,Optimal,24473.72880703524,6.411831238427788e-06,False,0.26527569998870604,9.441336601412331e-13,1,"[226, 228, 217, 220, 222, 215, 216]",0.0,0.0
2025-08-29,6,Optimal,-1289.4431266334636,0.0,False,0.04506420000689104,9.094947017729282e-13,0,"[226, 215, 218, 230, 217, 221, 233]",0.20293518787952328,-1.6431918650134125
2025-08-29,12,Optimal,193.3404795021068,0.0,False,0.03317920002155006,9.094947017729282e-13,0,"[238, 225, 230, 217, 216, 212, 231]",0.22509532971025692,-3.6645998004405467
2025-08-29,18,Optimal,-832.6376477914404,0.0,False,0.014301800023531541,9.094947017729282e-13,0,"[221, 235, 239, 228, 234, 230, 217]",0.15476595179307368,-4.2727385233753195
2025-08-30,0,Optimal,23912.734796183475,0.0,False,0.06691560000763275,1.0231815394945443e-12,0,"[226, 240, 231, 220, 222, 215, 216]",0.0,0.0
2025-08-30,6,Optimal,-323.28788374118386,0.0,False,0.04305820001172833,1.0231815394945443e-12,0,"[226, 215, 218, 230, 213, 240, 234]",0.2065548429033597,0.6394321140576589
2025-08-30,12,Optimal,-734.869232945211,0.0,False,0.033343000017339364,9.094947017729282e-13,0,"[235, 225, 239, 236, 226, 232, 215]",0.23334013216932348,-1.8269856634725299
2025-08-30,18,Optimal,-600.6817266961383,0.0,False,0.01397299999371171,9.094947017729282e-13,0,"[224, 235, 239, 228, 234, 220, 222]",0.1686069782693071,-0.16253419984712095
2025-08-31,0,Optimal,45633.293355969116,0.0004400668264365951,False,1.6931122000096366,2.7284841053187847e-12,1008,"[226, 241, 231, 220, 222, 215, 216]",0.0,0.0
2025-08-31,6,Optimal,2509.072433905635,0.0008127222651316276,False,0.36280360000091605,9.094947017729282e-13,2,"[225, 215, 218, 224, 232, 240, 234]",0.2030857691903778,-3.5505846068921216
2025-08-31,12,Optimal,-1199.5462749940805,0.0,False,0.045727600023383275,9.094947017729282e-13,0,"[238, 240, 239, 236, 226, 232, 231]",0.23165758939205436,-5.248590875012543
2025-08-31,18,Optimal,-703.4125393479528,0.0,False,0.018479199992725626,9.094947017729282e-13,0,"[221, 226, 227, 238, 240, 241, 217]",0.16757534809863767,-4.814596736390927
2025-09-01,0,Optimal,50088.43909673349,0.000932587605424175,False,0.7752078000048641,1.8189894035458565e-12,9,"[226, 241, 231, 220, 222, 215, 224]",0.0,0.0
2025-09-01,6,Optimal,-3076.0805221649703,0.0,False,0.05981219999375753,9.094947017729282e-13,0,"[225, 223, 236, 239, 232, 219, 235]",0.21347647752774096,-14.582784392267376
2025-09-01,12,Optimal,-802.3598922345618,0.0,False,0.044822099996963516,9.094947017729282e-13,0,"[238, 240, 237, 236, 228, 234, 231]",0.243694241722333,-13.796374476748992
2025-09-01,18,Optimal,-992.3622927917369,0.0,False,0.01636139999027364,9.094947017729282e-13,0,"[242, 235, 227, 238, 240, 230, 222]",0.18259014076675875,-29.665626725472027
2025-09-02,0,Optimal,42515.80743027859,0.000812511347201631,False,0.7510010999976657,1.8189894035458565e-12,7,"[236, 240, 232, 233, 230, 225, 224]",0.0,0.0
2025-09-02,6,Optimal,4053.1424872599946,0.00040298148564033704,False,0.21256400001584552,1.5916157281026244e-12,1,"[243, 228, 218, 242, 232, 240, 234]",0.40763438877846964,-21.697023413414673
2025-09-02,12,Optimal,-1933.7851210070316,0.0,False,0.04098379999049939,9.094947017729282e-13,0,"[243, 220, 227, 222, 236, 228, 231]",0.4605404377612812,-30.962612720674105
2025-09-02,18,Optimal,-2514.9377419055636,0.0,False,0.0157838000159245,1.0231815394945443e-12,0,"[243, 224, 235, 228, 219, 238, 218]",0.5009184224881037,-71.36832580663139
2025-09-03,0,Optimal,45485.59316190835,0.0001681756593671489,False,0.5387941999942996,9.094947017729282e-13,8,"[236, 218, 223, 229, 235, 219, 234]",0.0,0.0
2025-09-03,6,Optimal,-1930.0263688191337,0.0,False,0.0567008999933023,9.094947017729282e-13,0,"[243, 228, 222, 239, 232, 231, 234]",0.5248372493538648,-30.6267151322856
2025-09-03,12,Optimal,-1209.1593138005871,0.0,False,0.4824664000188932,9.237055564881302e-13,5,"[244, 238, 239, 227, 218, 242, 231]",0.6435953325519488,-45.29651169219889
2025-09-03,18,Optimal,-2399.8618609310356,0.0,False,0.01507970000966452,9.094947017729282e-13,0,"[244, 242, 235, 241, 219, 238, 218]",0.630052005023837,-84.43092618735072
2025-09-04,0,Optimal,45382.94035345297,0.0004393779797722989,False,0.5377517000015359,3.637978807091713e-12,6,"[236, 227, 228, 229, 235, 219, 234]",0.0,0.0
2025-09-04,6,Optimal,-1832.5212060758538,0.0,False,0.05815050000092015,9.094947017729282e-13,0,"[245, 223, 225, 237, 230, 231, 234]",0.6298254105085206,-32.8107289550947
2025-09-04,12,Optimal,-1585.4834538023476,0.0,False,0.038309099996695295,1.0231815394945443e-12,0,"[244, 220, 238, 230, 222, 234, 229]",0.7878747880708986,-39.87345885367267
2025-09-04,18,Optimal,-2710.1887644362146,0.0,False,0.018209300003945827,8.526512829121202e-13,0,"[245, 229, 223, 226, 234, 240, 218]",0.7023245602773349,-102.6564277007357
2025-09-05,0,Optimal,22331.98340428449,0.0,False,0.06549940002150834,8.952838470577262e-13,0,"[236, 244, 228, 229, 235, 219, 234]",0.0,0.0
2025-09-05,6,Optimal,-2888.477859494861,0.0,False,0.04598569998051971,1.0231815394945443e-12,0,"[246, 243, 225, 237, 230, 231, 219]",0.7174866947091739,-47.30447725233276
2025-09-05,12,Optimal,-1032.223132017242,0.0,False,0.031073399994056672,9.094947017729282e-13,0,"[246, 235, 239, 240, 222, 236, 229]",0.894453043955136,-51.23454117825514
2025-09-05,18,Optimal,-2704.607864923963,0.0,False,0.01474510002299212,9.094947017729282e-13,0,"[245, 243, 242, 239, 233, 236, 230]",0.7533362075047283,-113.25761069024874
2025-09-06,0,Optimal,18759.325483123826,0.0,False,0.060844399995403364,9.094947017729282e-13,0,"[236, 244, 241, 231, 221, 237, 234]",0.0,0.0
2025-09-06,6,Optimal,-1767.605243446583,0.0,False,0.04307289997814223,9.094947017729282e-13,0,"[246, 226, 241, 222, 242, 220, 233]",0.8231488194378055,-29.55944902513575
2025-09-06,12,Optimal,-586.8801376323389,0.0,False,0.03340990000288002,9.094947017729282e-13,0,"[246, 235, 237, 238, 227, 236, 228]",0.9909264420746405,-31.74799018269323
2025-09-06,18,Optimal,-1367.9757651758227,0.0,False,0.015665999992052093,1.0231815394945443e-12,0,"[245, 247, 223, 235, 228, 236, 230]",0.7684088802057158,-56.350798314767985
2025-09-07,0,Optimal,37885.1154707386,0.0,False,0.08271799999056384,1.0231815394945443e-12,0,"[236, 244, 241, 232, 221, 237, 234]",0.0,0.0
2025-09-07,6,Optimal,4730.055173197916,0.0005011303754177857,False,0.3763297999976203,1.0231815394945443e-12,2,"[238, 226, 236, 222, 239, 232, 234]",0.8389798196584441,-14.932832266262103
2025-09-07,12,Optimal,-985.2073841629858,0.0,False,0.03864660000544973,9.094947017729282e-13,0,"[246, 224, 237, 240, 226, 233, 228]",1.0160215782356146,-13.409840853350959
2025-09-07,18,Optimal,-1559.5930830843183,0.0,False,0.016683599998941645,9.094947017729282e-13,0,"[246, 231, 224, 221, 226, 236, 230]",0.77987345559523,-48.978829685829716
2025-09-08,0,Optimal,33201.338250254914,1.119855952465201e-05,False,0.30480129999341443,5.002220859751105e-12,1,"[236, 244, 241, 232, 233, 237, 234]",0.0,0.0
2025-09-08,6,Optimal,7108.243081299692,0.000733073361692751,False,0.2145254999923054,1.3869794202037156e-11,2,"[249, 229, 236, 225, 239, 232, 234]",0.8560058319950953,38.8119077878795
2025-09-08,12,Optimal,-1487.397628480717,0.0,False,0.03519450000021607,9.094947017729282e-13,0,"[246, 224, 223, 240, 226, 233, 228]",1.037240899950028,12.260802578887441
2025-09-08,18,Optimal,3623.767845092575,0.0,False,0.01875570000265725,9.094947017729282e-13,0,"[246, 231, 229, 241, 228, 227, 238]",0.7881603600780521,79.0143387964016
2025-09-09,0,Optimal,30565.592737500814,3.470775110554828e-05,False,0.2648065000248607,2.5011104298755527e-12,1,"[236, 244, 241, 232, 233, 225, 224]",0.0,0.0
2025-09-09,6,Optimal,7168.094450173842,0.00016689196717824208,False,0.20320410002022982,9.094947017729282e-13,2,"[249, 229, 236, 225, 227, 240, 234]",0.8641645911308723,16.100020653582575
2025-09-09,12,Optimal,509.65216269442016,0.0,False,0.034527799987699836,1.0231815394945443e-12,0,"[246, 224, 223, 240, 226, 236, 250]",1.0601035238095828,24.9842820620344
2025-09-09,18,Optimal,2085.003434157956,0.0,False,0.016505999985383824,9.094947017729282e-13,0,"[246, 250, 225, 223, 239, 234, 232]",0.7880603329876892,69.38493181902415
2025-09-10,0,Optimal,37539.28828609853,7.638097948165657e-05,False,0.2773993000155315,3.240074875066057e-12,2,"[236, 244, 241, 231, 235, 238, 239]",0.0,0.0
2025-09-10,6,Optimal,353.98511086981523,0.0,False,0.04720870000892319,9.094947017729282e-13,0,"[249, 229, 241, 237, 242, 232, 234]",0.8731608193286057,11.721657677548206
2025-09-10,12,Optimal,4645.653620789153,0.0,False,0.034264399990206584,9.094947017729282e-13,0,"[246, 224, 237, 241, 234, 242, 251]",1.0753488158036708,30.808236515937708
2025-09-10,18,Optimal,-362.88045575330653,0.0,False,0.014931099984096363,9.094947017729282e-13,0,"[248, 237, 231, 224, 239, 234, 232]",0.7815216850102978,43.96400688379705
2025-09-11,0,Optimal,38566.774048741325,0.0006711334871891939,False,1.5394120999844745,3.637978807091713e-12,1008,"[236, 244, 241, 231, 235, 238, 252]",0.0,0.0
2025-09-11,6,Optimal,-114.79410293990443,0.0,False,0.04990080001880415,9.094947017729282e-13,0,"[249, 229, 241, 237, 230, 250, 233]",0.879995195020294,16.667121215839806
2025-09-11,12,Optimal,-679.0102704708188,0.0,False,0.034858400002121925,9.094947017729282e-13,0,"[246, 248, 239, 241, 234, 232, 250]",1.0891305177706398,4.617002004879579
2025-09-11,18,Optimal,479.5399397949511,0.0,False,0.017017100006341934,1.9610979506978765e-12,0,"[248, 237, 231, 235, 252, 234, 232]",0.7813138072532042,38.19924102194711
2025-09-12,0,Optimal,18323.485269825294,2.1522210117792274e-05,False,0.24300039999070577,9.094947017729282e-13,1,"[236, 244, 241, 231, 253, 238, 252]",0.0,0.0
2025-09-12,6,Optimal,-789.3420426685244,0.0,False,0.04165639998973347,9.094947017729282e-13,0,"[249, 229, 241, 227, 251, 231, 233]",0.8996751258765316,12.62990369662299
2025-09-12,12,Optimal,549.1965044640044,0.0,False,0.030095299996901304,9.094947017729282e-13,0,"[246, 248, 239, 230, 233, 252, 250]",1.092835264745591,16.006840844286884
2025-09-12,18,Optimal,-1317.8247781370894,0.0,False,0.0136826999951154,1.0231815394945443e-12,0,"[248, 237, 231, 235, 228, 253, 232]",0.783784481864253,10.605627858102796
2025-09-13,0,Optimal,17784.734346300153,4.570851637032351e-05,False,0.22999050002545118,9.094947017729282e-13,1,"[236, 247, 228, 249, 235, 242, 250]",0.0,0.0
2025-09-13,6,Optimal,-313.17852043385,0.0,False,0.04233550000935793,9.094947017729282e-13,0,"[249, 229, 241, 227, 251, 234, 254]",0.8969648690528361,7.281562052755479
2025-09-13,12,Optimal,685.655347694375,0.0,False,0.030614899995271116,1.0231815394945443e-12,0,"[246, 248, 237, 241, 233, 252, 250]",1.0913058694756719,13.961967221328978
2025-09-13,18,Optimal,-1268.2201180845857,0.0,False,0.015307800000300631,9.094947017729282e-13,0,"[248, 237, 231, 241, 228, 253, 232]",0.7829746660912046,6.902544798932415
2025-09-14,0,Optimal,44742.09395718232,0.00058445860573845,False,0.9908689000003505,9.094947017729282e-13,14,"[236, 247, 248, 229, 230, 234, 250]",0.0,0.0
2025-09-14,6,Optimal,-1481.7799903412715,0.0,False,0.05277189999469556,9.094947017729282e-13,0,"[249, 229, 236, 239, 251, 234, 254]",0.8936429924526578,4.228779457656311
2025-09-14,12,Optimal,-1474.038064844341,0.0,False,0.033639200002653524,9.663381206337363e-13,0,"[246, 248, 237, 241, 233, 228, 250]",1.0917242553966418,-3.0782059988284023
2025-09-14,18,Optimal,-1149.6155845216392,0.0,False,0.016594500018982217,8.668621376273222e-13,0,"[248, 237, 231, 242, 239, 234, 232]",0.7836364814474862,10.790533403803664
2025-09-15,0,Optimal,38934.41755637117,0.0009553701539190153,False,2.0562091000028886,4.320099833421409e-12,1008,"[236, 247, 256, 229, 230, 234, 250]",0.0,0.0
2025-09-15,6,Optimal,337.2311190197553,8.917047454086364e-05,False,0.43047170000500046,9.094947017729282e-13,2,"[238, 229, 236, 239, 232, 231, 254]",0.8973773020376762,-11.950634643103482
2025-09-15,12,Optimal,798.5939085319799,0.0006008782633035417,False,1.1507884999737144,2.7284841053187847e-12,6,"[246, 248, 237, 241, 233, 232, 250]",1.1062610859417255,0.14746844394029696
2025-09-15,18,Optimal,-1977.7609531336973,0.0,False,0.016379399981815368,8.988365607365267e-13,0,"[246, 237, 231, 242, 239, 234, 238]",0.7838766312844812,-29.888373827857393
2025-09-16,0,Optimal,45278.42875011088,0.00033031747300009406,False,0.30353789997752756,2.1600499167107046e-12,6,"[236, 247, 256, 233, 237, 255, 250]",0.0,0.0
2025-09-16,6,Optimal,-1434.268562711759,0.0,False,0.04924820002634078,9.094947017729282e-13,0,"[249, 255, 241, 230, 256, 257, 254]",0.8940096215737838,3.6309927610612363
2025-09-16,12,Optimal,-1232.730344833644,0.0,False,0.03366159999859519,9.094947017729282e-13,0,"[249, 235, 237, 257, 233, 232, 250]",1.124081009987093,15.04600854306495
2025-09-16,18,Optimal,-1492.085390261238,0.0,False,0.015216600004350767,9.094947017729282e-13,0,"[248, 237, 231, 235, 256, 236, 238]",0.7774877012155887,-1.7781991404363546
2025-09-17,0,Optimal,43679.46394474311,0.0003004478460397866,False,0.5043439000146464,1.0231815394945443e-12,5,"[236, 247, 258, 249, 237, 255, 250]",0.0,0.0
2025-09-17,6,Optimal,32.22243774475572,0.0,False,0.2419021999812685,1.1368683772161603e-12,2,"[249, 258, 236, 242, 256, 257, 254]",0.8919594366730488,9.000871073315981
2025-09-17,12,Optimal,-2441.5646966244326,0.0,False,0.03511830000206828,9.094947017729282e-13,0,"[249, 235, 237, 240, 233, 242, 250]",1.1226347905538783,-3.257747392053454
2025-09-17,18,Optimal,-1791.7878996117106,0.0,False,0.014486500003840774,1.0231815394945443e-12,0,"[248, 237, 231, 235, 256, 258, 232]",0.7813678863863717,-7.23357452389627
2025-09-18,0,Optimal,39393.60392054825,0.0007863328551639249,False,1.7248100000142585,4.263256414560601e-12,1008,"[236, 247, 258, 233, 237, 255, 250]",0.0,0.0
2025-09-18,6,Optimal,6855.577973561435,0.00045396730742477124,False,0.20412770000984892,9.094947017729282e-13,2,"[249, 258, 236, 239, 232, 234, 254]",0.8918020446913061,-3.3767452729120966
2025-09-18,12,Optimal,-192.37398915978042,0.0,False,0.034433299995725974,9.094947017729282e-13,0,"[249, 235, 258, 257, 259, 236, 250]",1.1705198878277527,8.226143901790348
2025-09-18,18,Optimal,-1201.0423990078987,0.0,False,0.01664139999775216,8.846257060213247e-13,0,"[248, 237, 254, 241, 233, 258, 232]",0.7808537964221383,7.060495752776863
2025-09-19,0,Optimal,18171.306443486937,0.000495749068353994,False,1.4485338999947999,3.069544618483633e-12,1008,"[236, 247, 258, 253, 238, 257, 260]",0.0,0.0
2025-09-19,6,Optimal,95.64396718197293,0.0,False,0.044202699995366856,9.094947017729282e-13,0,"[249, 260, 236, 259, 251, 234, 254]",0.8905784539941075,0.9200460870478984
2025-09-19,12,Optimal,-761.8050708592276,0.0,False,0.03078339999774471,9.094947017729282e-13,0,"[249, 235, 260, 238, 241, 256, 250]",1.1731878242412646,-8.911168091741622
2025-09-19,18,Optimal,-1214.8020726257923,0.0,False,0.013770199991995469,7.958078640513122e-13,0,"[248, 237, 254, 241, 256, 258, 240]",0.7826660107513084,1.039620153743532
2025-09-20,0,Optimal,16732.00865139536,0.0,False,0.06680229998892173,9.379164112033322e-13,0,"[236, 247, 258, 235, 242, 257, 260]",0.0,0.0
2025-09-20,6,Optimal,-551.6571629025158,0.0,False,0.04246719999355264,9.094947017729282e-13,0,"[238, 260, 236, 237, 242, 234, 235]",0.890229590079101,-20.250386939840563
2025-09-20,12,Optimal,605.0777049636844,0.0,False,0.030743699986487627,1.0231815394945443e-12,0,"[249, 235, 260, 255, 259, 256, 250]",1.1728113468913033,1.4139560199539705
2025-09-20,18,Optimal,-955.8278977798221,0.0,False,0.01660109998192638,9.094947017729282e-13,0,"[248, 237, 251, 260, 239, 258, 240]",0.782616736318993,-0.9835677139488693
2025-09-21,0,Optimal,42785.01138562067,0.0002940360234847072,False,1.8140304000116885,1.8189894035458565e-12,1008,"[236, 247, 258, 235, 242, 257, 260]",0.0,0.0
2025-09-21,6,Optimal,278.30339386760284,0.0,False,0.37787029999890365,1.0231815394945443e-12,5,"[249, 260, 236, 259, 242, 240, 254]",0.88027137298577,-0.12478335751724708
2025-09-21,12,Optimal,-0.7679397963758703,0.0,False,0.037060000002384186,1.0231815394945443e-12,0,"[249, 235, 260, 255, 262, 256, 250]",1.1740257687495261,1.750235985460472
2025-09-21,18,Optimal,-1114.7601524460847,0.0,False,0.01631859998451546,8.881784197001252e-13,0,"[248, 237, 251, 242, 235, 258, 240]",0.7830777519061061,-5.029482721835318
2025-09-22,0,Optimal,46207.19447614139,0.00024981022255898204,False,0.29611949998070486,2.8421709430404007e-12,3,"[236, 247, 258, 253, 242, 257, 260]",0.0,0.0
2025-09-22,6,Optimal,-3530.391766947916,0.0,False,0.052691000018967316,9.094947017729282e-13,0,"[249, 263, 255, 237, 242, 262, 253]",0.8948710785042401,-3.211642585691799
2025-09-22,12,Optimal,-1324.0240169392928,0.0,False,0.03346800000872463,9.094947017729282e-13,0,"[249, 248, 237, 238, 241, 256, 250]",1.1722941405368772,-8.689069406547
2025-09-22,18,Optimal,-686.8003747376758,0.0,False,0.014900100009981543,8.526512829121202e-13,0,"[248, 261, 251, 263, 241, 253, 240]",0.7830011143388158,21.714803516221618
2025-09-23,0,Optimal,45508.57500324106,0.00015598929077455546,False,0.7312342000077479,9.094947017729282e-13,4,"[245, 240, 256, 253, 242, 257, 260]",0.0,0.0
2025-09-23,6,Optimal,-2608.7454068122934,0.0,False,0.051646500010974705,9.094947017729282e-13,0,"[249, 263, 255, 259, 242, 240, 253]",0.8927952592366121,-7.233976507418124
2025-09-23,12,Optimal,-1668.8497711341045,0.0006387269322282779,False,0.38017089999630116,8.355982572538778e-12,2,"[249, 248, 237, 238, 241, 256, 250]",1.175529294421124,-13.278608294765233
2025-09-23,18,Optimal,-1535.5839549058594,0.0,False,0.015295500023057684,9.094947017729282e-13,0,"[264, 237, 255, 254, 241, 253, 240]",0.7811501099441044,-2.756378754651911
2025-09-24,0,Optimal,38483.835591647614,1.032222409194366e-06,False,0.28136940000695176,3.637978807091713e-12,4,"[245, 240, 256, 265, 242, 257, 260]",0.0,0.0
2025-09-24,6,Optimal,4501.058124826444,0.00044310165305452116,False,0.2452332000248134,9.094947017729282e-13,3,"[249, 263, 255, 261, 251, 240, 254]",0.8964685636489439,6.368856944992461
2025-09-24,12,Optimal,2327.1000106254223,0.00022853493983320957,False,0.32133859998430125,5.4569682106375694e-12,2,"[249, 254, 260, 238, 262, 256, 251]",1.172414443837252,21.62250089018444
2025-09-24,18,Optimal,-1385.5671748815146,0.0,False,0.016322099982062355,9.094947017729282e-13,0,"[264, 261, 251, 265, 241, 253, 240]",0.7808065167177624,-0.9795787090309239
2025-09-25,0,Optimal,42687.935881483674,0.0005420630378648843,False,0.5139340999885462,1.0231815394945443e-12,8,"[245, 240, 256, 265, 261, 239, 254]",0.0,0.0
2025-09-25,6,Optimal,181.85793095643623,0.0001006373344834167,False,0.2800549000094179,1.1368683772161603e-12,3,"[249, 260, 255, 239, 256, 264, 253]",0.8932076650402239,-8.030986427718025
2025-09-25,12,Optimal,-721.4284484241654,0.0,False,0.03696110000601038,9.094947017729282e-13,0,"[249, 248, 260, 240, 259, 256, 250]",1.1608876020142425,-12.1195593441598
2025-09-25,18,Optimal,-948.4343880449819,0.0,False,0.016242199984844774,9.094947017729282e-13,0,"[264, 249, 266, 254, 242, 256, 259]",0.783416795475678,-8.691810227367114
2025-09-26,0,Optimal,17908.5088360563,0.0,False,0.06439569999929518,9.094947017729282e-13,0,"[245, 240, 256, 265, 242, 257, 254]",0.0,0.0
2025-09-26,6,Optimal,-85.62678360876536,0.0,False,0.04361239998252131,9.094947017729282e-13,0,"[249, 260, 255, 261, 251, 264, 254]",0.8961243324530935,3.8939197271799535
2025-09-26,12,Optimal,-181.41937239970412,0.0,False,0.0301919000048656,9.094947017729282e-13,0,"[249, 248, 260, 257, 259, 256, 250]",1.1586297664289116,-4.364574422217842
2025-09-26,18,Optimal,-1528.6452068695799,0.0,False,0.014439499995205551,9.094947017729282e-13,0,"[264, 249, 266, 254, 242, 267, 240]",0.7828920595373836,-21.38902480326778
2025-09-27,0,Optimal,16861.257704707146,0.0,False,0.06215160002466291,9.094947017729282e-13,0,"[245, 241, 256, 265, 242, 257, 254]",0.0,0.0
2025-09-27,6,Optimal,4483.825694712522,0.0,False,0.04761249999864958,9.094947017729282e-13,0,"[249, 260, 255, 259, 251, 264, 254]",0.893623490464909,19.033252591959307
2025-09-27,12,Optimal,-938.8367351363459,0.0,False,0.030370499996934086,1.0231815394945443e-12,0,"[249, 266, 260, 257, 259, 256, 250]",1.1585695571233703,7.053507434777581
2025-09-27,18,Optimal,-1701.0606811841199,0.0,False,0.013908300024922937,9.094947017729282e-13,0,"[264, 249, 266, 254, 260, 267, 259]",0.781792236695788,-4.483380314834826
2025-09-28,0,Optimal,44905.989374883626,0.0,False,0.07780329999513924,9.094947017729282e-13,0,"[245, 248, 264, 253, 261, 252, 266]",0.0,0.0
2025-09-28,6,Optimal,814.4999941121885,0.0007553205895594633,False,0.25787239999044687,3.637978807091713e-12,4,"[249, 269, 258, 259, 265, 264, 253]",0.8871607558396271,-7.081322081782748
2025-09-28,12,Optimal,-1467.0647327337783,0.0,False,0.0384421999915503,9.094947017729282e-13,0,"[249, 266, 260, 257, 259, 256, 250]",1.1587163216509617,5.779186971950639
2025-09-28,18,Optimal,-1558.4783645093673,0.0,False,0.019111500005237758,7.958078640513122e-13,0,"[264, 261, 266, 254, 242, 267, 269]",0.781163562069579,1.891956448344768
2025-09-29,0,Optimal,47304.32395313312,0.0,False,0.08179319999180734,9.094947017729282e-13,0,"[245, 248, 264, 253, 255, 252, 266]",0.0,0.0
2025-09-29,6,Optimal,-3466.587014790093,0.0,False,0.05281230001128279,9.094947017729282e-13,0,"[249, 270, 267, 268, 265, 264, 254]",0.885052977469125,10.355318973308728
2025-09-29,12,Optimal,-753.1197076026659,0.0,False,0.9674655999988317,9.094947017729282e-13,6,"[249, 266, 260, 257, 269, 256, 250]",1.1595084045043995,0.5732496821884767
2025-09-29,18,Optimal,-1900.7095210037378,0.0,False,0.016333999985363334,8.872902412804251e-13,0,"[264, 249, 270, 262, 263, 267, 269]",0.7800266381371632,-11.374575945085546
2025-09-30,0,Optimal,47164.41835269699,0.0,False,0.0766445999906864,9.094947017729282e-13,0,"[246, 258, 263, 271, 255, 252, 266]",0.0,0.0
2025-09-30,6,Optimal,-893.3102421770876,0.0,False,0.054034700006013736,9.094947017729282e-13,0,"[249, 270, 258, 259, 251, 266, 254]",0.8031463826767569,4.871665092061996
2025-09-30,12,Optimal,-1132.5597909719645,0.0,False,0.38211279999813996,9.663381206337363e-13,2,"[247, 266, 263, 271, 269, 256, 250]",1.0534259312958665,-0.1963907816081169
2025-09-30,18,Optimal,-1880.6312842547334,0.0,False,0.017356399999698624,8.588685318500211e-13,0,"[264, 261, 250, 254, 260, 271, 268]",0.7612560862793872,-11.616898981838347
2025-10-01,0,Optimal,43231.700397712986,0.0,False,0.08353730000089854,9.094947017729282e-13,0,"[246, 268, 249, 259, 255, 252, 266]",0.0,0.0
2025-10-01,6,Optimal,-2164.655769510369,0.0,False,0.057600899977842346,9.094947017729282e-13,0,"[245, 260, 258, 261, 262, 266, 254]",0.7148284715174699,-3.349525381124764
2025-10-01,12,Optimal,-2957.102733607713,0.000946043508221181,False,0.24040430001332425,1.5916157281026244e-12,2,"[245, 272, 263, 271, 261, 268, 250]",0.9314261267105945,-20.21457176019088
2025-10-01,18,Optimal,-2225.5371163632835,0.0,False,0.017351499991491437,8.810729923425242e-13,0,"[248, 261, 266, 263, 272, 258, 269]",0.7207725163787465,-28.201488057368028
2025-10-02,0,Optimal,46920.45676985727,0.0008317192503964868,False,0.721315600007074,8.412825991399586e-12,15,"[247, 268, 249, 259, 255, 252, 266]",0.0,0.0
2025-10-02,6,Optimal,-4297.58544464974,0.0,False,0.05462680000346154,9.094947017729282e-13,0,"[273, 263, 258, 261, 251, 266, 254]",0.6105053603784593,3.242900179664637
2025-10-02,12,Optimal,-1157.7820015938341,0.0,False,0.033688199997413903,9.094947017729282e-13,0,"[249, 266, 258, 271, 262, 268, 250]",0.7850333577050735,10.630583729568649
2025-10-02,18,Optimal,-2279.748114658644,0.0,False,0.016514999995706603,1.0231815394945443e-12,0,"[248, 261, 262, 254, 272, 258, 269]",0.6872690839619406,-21.71652992305263
2025-10-03,0,Optimal,15819.752359192289,7.97710219859903e-06,False,0.24150219999137335,9.094947017729282e-13,1,"[247, 268, 249, 259, 255, 252, 266]",0.0,0.0
2025-10-03,6,Optimal,-1390.0884212149385,0.0,False,0.04174460002104752,9.094947017729282e-13,0,"[249, 263, 258, 265, 272, 266, 254]",0.481954612051495,-3.942903480882152
2025-10-03,12,Optimal,849.3602746354654,0.0,False,0.03054749997681938,1.0231815394945443e-12,0,"[249, 266, 258, 271, 259, 269, 253]",0.5744205828863778,4.020597034435834
2025-10-03,18,Optimal,-1319.8147103485726,0.0,False,0.014177300006849691,9.663381206337363e-13,0,"[273, 261, 262, 272, 267, 259, 269]",0.6394712457508791,-17.45918056204903
2025-10-04,0,Optimal,19381.953822978943,0.0,False,0.06908600000315346,9.094947017729282e-13,0,"[273, 256, 275, 259, 255, 252, 266]",0.0,0.0
2025-10-04,6,Optimal,-1525.498365387434,0.0,False,0.04449249999015592,9.094947017729282e-13,0,"[274, 267, 255, 261, 264, 266, 254]",0.30193623125713887,2.796717471133514
2025-10-04,12,Optimal,-494.1906890648619,0.0,False,0.0292765999911353,9.094947017729282e-13,0,"[274, 272, 267, 261, 259, 264, 253]",0.3172425276455727,-1.57078760155034
2025-10-04,18,Optimal,-1994.6149638904405,0.0,False,0.015169399994192645,9.094947017729282e-13,0,"[275, 249, 262, 272, 256, 258, 257]",0.5782901405402705,-39.83976274774573
2025-10-05,0,Optimal,46353.47183088949,0.0004342750021510122,False,0.8087805999966804,4.661160346586257e-12,15,"[276, 256, 275, 259, 255, 252, 266]",0.0,0.0
2025-10-05,6,Optimal,-4427.311366710217,0.0,False,0.04933020001044497,9.094947017729282e-13,0,"[274, 260, 255, 261, 264, 266, 254]",0.22778609318504492,0.9000220840012664
2025-10-05,12,Optimal,-1297.2121727982067,0.000780827932075562,False,0.5856588000024203,1.4779288903810084e-12,4,"[273, 263, 270, 258, 259, 256, 253]",0.23902146504754448,-2.390852041048907
2025-10-05,18,Optimal,-2213.1508779044534,0.0,False,0.015861300023971125,8.846257060213247e-13,0,"[273, 264, 262, 272, 271, 258, 257]",0.5593038730316537,-29.06409525785286
2025-10-06,0,Optimal,40643.59470187143,5.270496585202814e-06,False,0.7340269999986049,9.094947017729282e-13,7,"[276, 268, 275, 259, 255, 252, 266]",0.0,0.0
2025-10-06,6,Optimal,123.10134145988579,0.0,False,0.2936051999859046,1.1368683772161603e-12,3,"[270, 260, 255, 268, 264, 257, 254]",0.1917036595955271,-1.7103387813734616
2025-10-06,12,Optimal,130.74587751069478,0.0,False,0.9340780000202358,2.6147972675971687e-12,8,"[273, 272, 266, 254, 259, 256, 253]",0.21914227944608866,3.280026981458912
2025-10-06,18,Optimal,-2099.0636760082157,0.0,False,0.01660460000857711,8.810729923425242e-13,0,"[273, 261, 262, 272, 271, 268, 257]",0.5495045173015802,-23.741503705366384
2025-10-07,0,Optimal,41533.97852799081,7.418775286173838e-05,False,0.30229620001045987,3.296918293926865e-12,6,"[276, 268, 275, 259, 255, 257, 266]",0.0,0.0
2025-10-07,6,Optimal,441.08521468284823,0.0,False,0.7466180000046734,1.1368683772161603e-12,4,"[270, 260, 255, 268, 272, 257, 254]",0.11930206529753937,-0.7687303141237742
2025-10-07,12,Optimal,1583.6153527159277,0.0009310833759553341,False,6.252428800013149,5.356071142159635e-11,504,"[277, 275, 260, 257, 259, 264, 251]",0.15553356132954452,-0.10202634391198745
2025-10-07,18,Optimal,-1429.7664217859956,0.0,False,0.016279100003885105,9.094947017729282e-13,0,"[273, 276, 266, 265, 271, 258, 257]",0.5662008479056493,-26.362455387869193
2025-10-08,0,Optimal,36414.11335899044,1.888771802804978e-05,False,0.306898499984527,1.0231815394945443e-12,4,"[276, 268, 275, 279, 272, 262, 254]",0.0,0.0
2025-10-08,6,Optimal,263.5762935795185,0.0003152517460342427,False,0.48781409999355674,3.637978807091713e-12,3,"[270, 260, 277, 265, 275, 256, 254]",0.09404378244154782,-0.33162058167086217
2025-10-08,12,Optimal,-1086.4214455930903,0.0,False,0.03480739999213256,9.094947017729282e-13,0,"[279, 275, 260, 270, 254, 268, 269]",0.10130497346681469,0.611914541751882
2025-10-08,18,Optimal,-542.5274426807914,0.0,False,0.014532199973473325,8.810729923425242e-13,0,"[273, 277, 270, 263, 260, 259, 269]",0.5933449941420269,-2.396944013738256
2025-10-09,0,Optimal,42478.37978401764,0.0004262968227430876,False,0.7212737999798264,3.232969447708456e-12,10,"[276, 268, 275, 279, 272, 278, 254]",0.0,0.0
2025-10-09,6,Optimal,-4151.3748840100125,0.0,False,0.050572200008900836,9.094947017729282e-13,0,"[274, 276, 277, 265, 259, 256, 271]",0.07302403084846516,0.21325547493265007
2025-10-09,12,Optimal,-1054.28350695255,0.0,False,0.03263940001488663,9.094947017729282e-13,0,"[279, 275, 263, 270, 258, 268, 269]",0.049895271864858884,-0.6420004534144691
2025-10-09,18,Optimal,1975.6171696107754,0.0,False,0.014758899982552975,1.0231815394945443e-12,0,"[279, 264, 255, 265, 260, 271, 253]",0.5752663308523118,16.392810936454882
2025-10-10,0,Optimal,13812.160301631216,1.894495793869299e-05,False,0.26374049999867566,9.094947017729282e-13,1,"[276, 258, 263, 279, 272, 278, 254]",0.0,0.0
2025-10-10,6,Optimal,129.78524093291867,0.0,False,0.04169579999870621,9.094947017729282e-13,0,"[274, 276, 277, 265, 259, 256, 281]",0.05213668544808029,0.1729574437727686
2025-10-10,12,Optimal,-1218.6198783151126,0.0,False,0.0301638999953866,9.663381206337363e-13,0,"[274, 275, 260, 270, 258, 268, 255]",0.036042030344062975,0.03847183886057079
2025-10-10,18,Optimal,1706.374415880839,0.0,False,0.014726699999300763,9.663381206337363e-13,0,"[279, 264, 255, 265, 260, 256, 281]",0.5644649773605857,20.388012826564147
2025-10-11,0,Optimal,14715.401507212437,1.7569674384159794e-05,False,0.2422884000116028,9.094947017729282e-13,1,"[276, 258, 264, 271, 261, 270, 260]",0.0,0.0
2025-10-11,6,Optimal,248.68103875054402,0.0,False,0.042943800013745204,9.094947017729282e-13,0,"[270, 260, 255, 262, 259, 256, 280]",0.048258899772952675,-0.7595280561765901
2025-10-11,12,Optimal,-476.72527726337506,0.0,False,0.03089309998904355,9.094947017729282e-13,0,"[279, 275, 263, 270, 259, 264, 281]",0.03148613093127874,-0.11119145655820878
2025-10-11,18,Optimal,920.3994228146163,0.0,False,0.015086600003996864,8.526512829121202e-13,0,"[279, 264, 255, 263, 280, 282, 281]",0.5775215636594475,19.941667191636984
2025-10-12,0,Optimal,39600.11055427424,0.0003681815788582249,False,0.28601030001300387,1.9198864720237907e-11,2,"[276, 258, 264, 265, 267, 270, 260]",0.0,0.0
2025-10-12,6,Optimal,-463.93393907213743,0.0,False,0.048228500003460795,9.094947017729282e-13,0,"[270, 260, 278, 265, 275, 264, 280]",0.04567871441078772,-0.4082796801432128
2025-10-12,12,Optimal,-652.4388629043412,0.0,False,0.03420229998300783,9.094947017729282e-13,0,"[274, 275, 260, 270, 258, 280, 283]",0.031471350782027355,0.369583152255596
2025-10-12,18,Optimal,841.2757576190426,0.0,False,0.014039400004548952,8.668621376273222e-13,0,"[273, 276, 266, 265, 267, 259, 269]",0.5801396244817616,-0.32142877619255417
2025-10-13,0,Optimal,41520.9695158956,0.000280860072510642,False,0.28723149999859743,5.4569682106375694e-12,2,"[276, 258, 263, 271, 261, 270, 260]",0.0,0.0
2025-10-13,6,Optimal,-1377.7429196472863,0.0,False,0.04698590000043623,9.094947017729282e-13,0,"[274, 276, 277, 265, 259, 283, 271]",0.04199817143835301,0.4845763603255594
2025-10-13,12,Optimal,737.4315443595631,0.0,False,0.03371560000232421,9.094947017729282e-13,0,"[279, 275, 263, 270, 259, 264, 281]",0.036686261618675234,-0.24655661964008616
2025-10-13,18,Optimal,354.44869168532506,0.0,False,0.015562499989755452,9.094947017729282e-13,0,"[273, 276, 266, 265, 280, 258, 269]",0.5779275883547735,-1.8840030014990528
2025-10-14,0,Optimal,43142.41284186906,0.00011748868561891425,False,0.524610099993879,1.8189894035458565e-12,5,"[276, 258, 263, 265, 267, 280, 260]",0.0,0.0
2025-10-14,6,Optimal,-3002.436139491766,0.0,False,0.049849200004246086,9.094947017729282e-13,0,"[274, 276, 277, 265, 259, 264, 271]",0.03874169516836775,0.23252620158697399
2025-10-14,12,Optimal,1848.344042672559,0.0008715827616346624,False,0.600833500007866,1.623590151211829e-12,5,"[274, 275, 260, 270, 262, 269, 284]",0.037299240170500805,0.23882071466268823
2025-10-14,18,Optimal,-346.5647453426402,0.0,False,0.01435090001905337,9.094947017729282e-13,0,"[273, 264, 266, 265, 267, 259, 284]",0.5958011440473904,0.1910721856436332
2025-10-15,0,Optimal,45888.72173600921,2.4602228846374958e-05,False,0.32336489998851903,1.3642420526593924e-12,3,"[276, 282, 285, 271, 267, 280, 260]",0.0,0.0
2025-10-15,6,Optimal,-3177.4084629657655,0.0,False,0.047037200012709945,1.0231815394945443e-12,0,"[274, 276, 282, 268, 275, 285, 281]",0.03875690253919709,0.26140236174485515
2025-10-15,12,Optimal,-336.3349899489761,0.0,False,3.5023606999893673,2.1955770534987096e-12,504,"[279, 275, 263, 270, 262, 264, 281]",0.036100804261990506,-0.36836516089847027
2025-10-15,18,Optimal,-1098.2770518006573,0.0,False,0.015095600014319643,9.094947017729282e-13,0,"[273, 277, 266, 265, 267, 286, 284]",0.5964689206212108,-3.2312767649820384
2025-10-16,0,Optimal,43531.084873509055,8.84806205747963e-05,False,0.29161490002297796,1.1226575225009583e-12,3,"[276, 282, 263, 265, 267, 280, 260]",0.0,0.0
2025-10-16,6,Optimal,-378.7852438783645,0.0,False,0.04915529998834245,9.094947017729282e-13,0,"[274, 276, 282, 268, 272, 266, 271]",0.037570119927433525,0.34313017515866373
2025-10-16,12,Optimal,-1298.9412503895867,0.00033047948339289375,False,0.12996130000101402,1.5347723092418164e-12,2,"[274, 275, 260, 270, 268, 269, 284]",0.03644186569837179,0.26028503878342396
2025-10-16,18,Optimal,-985.5627102970172,0.0,False,0.014356400002725422,9.094947017729282e-13,0,"[273, 277, 266, 265, 287, 271, 284]",0.5985478426441464,-5.576090822351186
2025-10-17,0,Optimal,15208.076998754403,0.0,False,0.06234860001131892,9.094947017729282e-13,0,"[276, 282, 263, 265, 267, 272, 262]",0.0,0.0
2025-10-17,6,Optimal,1645.5905428294845,0.0,False,0.04306569998152554,9.663381206337363e-13,0,"[270, 279, 282, 261, 272, 266, 281]",0.03796397919741943,-0.04774647935648695
2025-10-17,12,Optimal,-1309.7837363200001,0.0,False,0.031199299992294982,9.094947017729282e-13,0,"[274, 275, 263, 270, 280, 269, 284]",0.03481958152438859,0.34168228055392025
2025-10-17,18,Optimal,-1265.0904602312364,0.0,False,0.014335400017444044,9.094947017729282e-13,0,"[273, 277, 266, 265, 288, 271, 284]",0.5974994476270553,-9.396289176218415
2025-10-18,0,Optimal,16999.797294697637,0.0003220587647566446,False,1.5150513999979012,2.6290081223123707e-12,1008,"[276, 282, 263, 265, 267, 280, 266]",0.0,0.0
2025-10-18,6,Optimal,-479.79751737278286,0.0,False,0.05030210001859814,9.094947017729282e-13,0,"[274, 279, 282, 268, 264, 280, 281]",0.03819367101017304,0.1311939072274288
2025-10-18,12,Optimal,-1299.0057527055008,0.0,False,0.0363008999847807,1.0231815394945443e-12,0,"[274, 275, 263, 271, 268, 269, 281]",0.03353665914064398,0.017723938041058082
2025-10-18,18,Optimal,-1268.330011113021,0.0,False,0.017482600000221282,1.0231815394945443e-12,0,"[273, 276, 266, 285, 288, 286, 284]",0.5933169742335697,-0.7485847301850962
2025-10-19,0,Optimal,45538.521936773526,0.00010831301848781668,False,0.31230869999853894,9.094947017729282e-13,2,"[276, 282, 290, 283, 279, 272, 266]",0.0,0.0
2025-10-19,6,Optimal,-1420.0859174587158,0.000963641030001593,False,0.20086480001918972,1.1368683772161603e-12,1,"[274, 276, 282, 268, 264, 266, 271]",0.033017710581221694,0.38460430244810173
2025-10-19,12,Optimal,-1536.6128883605284,0.0,False,0.035717799997655675,9.094947017729282e-13,0,"[279, 275, 263, 271, 280, 264, 281]",0.03347436597863826,-0.3481132983121628
2025-10-19,18,Optimal,-862.437803913605,0.0,False,0.014079399988986552,9.094947017729282e-13,0,"[273, 264, 266, 285, 288, 286, 269]",0.5932272967598571,1.0038740622594478
2025-10-20,0,Optimal,48752.40326070904,0.0003109011676251225,False,0.5222950000024866,5.5706550483591855e-12,3,"[276, 282, 290, 265, 267, 272, 266]",0.0,0.0
2025-10-20,6,Optimal,-2175.9999006142557,0.0,False,0.049366099992766976,9.094947017729282e-13,0,"[270, 279, 282, 284, 283, 280, 281]",0.03176634043603083,-0.45413142639382875
2025-10-20,12,Optimal,-2170.6505613583313,0.0,False,0.04152749999775551,9.094947017729282e-13,0,"[274, 275, 289, 271, 286, 269, 284]",0.034147582198793644,0.16625006500349218
2025-10-20,18,Optimal,-1285.1406960591357,0.0,False,0.015681999997468665,9.094947017729282e-13,0,"[273, 276, 290, 285, 288, 286, 284]",0.5922119510433324,-1.1528799792693258
2025-10-21,0,Optimal,47771.52476614787,7.68892300078406e-05,False,0.28428639998310246,1.1368683772161603e-12,4,"[276, 282, 292, 265, 267, 272, 266]",0.0,0.0
2025-10-21,6,Optimal,-1125.859693323755,0.0007735404624568725,False,0.23314700002083555,9.094947017729282e-13,4,"[274, 279, 269, 284, 272, 266, 271]",0.03144638721741618,0.3774677353393931
2025-10-21,12,Optimal,-1720.4249023582684,0.0,False,0.035836299997754395,9.094947017729282e-13,0,"[274, 275, 289, 271, 286, 269, 284]",0.03520421747142346,0.09772859456942815
2025-10-21,18,Optimal,-1042.1213311266254,0.0,False,0.015917599987005815,9.094947017729282e-13,0,"[273, 270, 290, 272, 280, 286, 269]",0.6034676675821352,1.2664070738044548
2025-10-22,0,Optimal,45456.09085871365,0.00028833161676990274,False,0.2969775999954436,8.58335624798201e-12,2,"[276, 282, 292, 271, 267, 272, 266]",0.0,0.0
2025-10-22,6,Optimal,-2113.597529526515,0.0,False,0.048265399993397295,9.094947017729282e-13,0,"[274, 279, 282, 268, 272, 280, 281]",0.028656954352617902,-0.05510708441213194
2025-10-22,12,Optimal,-496.920132885027,0.00021390567723617818,False,0.26612509999540634,1.8189894035458565e-12,2,"[274, 275, 293, 271, 286, 269, 284]",0.03350517259872854,0.4368357403110663
2025-10-22,18,Optimal,-594.6446188871585,0.0,False,0.01599119999445975,1.0231815394945443e-12,0,"[275, 270, 293, 285, 280, 286, 269]",0.6026454564321693,5.3409554017209935
2025-10-23,0,Optimal,50653.81193768905,0.0006094407865587653,False,0.6574826999858487,6.139089236967266e-12,15,"[276, 282, 292, 271, 267, 294, 278]",0.0,0.0
2025-10-23,6,Optimal,-4345.158608583538,0.0,False,0.04973099997732788,9.094947017729282e-13,0,"[270, 279, 282, 284, 272, 289, 281]",0.028209644802713617,-0.235843365887735
2025-10-23,12,Optimal,105.33142571262267,0.0,False,0.6685251999879256,4.661160346586257e-12,4,"[279, 275, 289, 287, 286, 291, 281]",0.03323175920998919,-0.6090349201670541
2025-10-23,18,Optimal,-879.2097743838979,0.0,False,0.01650379999773577,9.094947017729282e-13,0,"[273, 270, 290, 294, 280, 286, 269]",0.6026387190738274,1.7430215926567678
2025-10-24,0,Optimal,16247.12834798109,4.986276471533845e-05,False,1.9122955999919213,3.069544618483633e-12,1008,"[276, 281, 290, 283, 293, 294, 278]",0.0,0.0
2025-10-24,6,Optimal,-1032.9964456526538,0.0,False,0.04624379999586381,9.379164112033322e-13,0,"[274, 279, 269, 291, 288, 289, 271]",0.029559775065342526,0.36684181730056475
2025-10-24,12,Optimal,-216.93533118421493,0.0,False,0.02979489997960627,9.023892744153272e-13,0,"[279, 275, 270, 295, 286, 291, 281]",0.02952231921153376,-0.2498790419739199
2025-10-24,18,Optimal,-3.610362706344148,0.0,False,0.013933599984738976,7.958078640513122e-13,0,"[275, 270, 295, 272, 280, 286, 269]",0.6031555466506822,6.514092050709932
2025-10-25,0,Optimal,16086.95974773416,0.00037054381966589,False,2.0388426999852527,2.9558577807620168e-12,1008,"[276, 281, 292, 271, 291, 294, 278]",0.0,0.0
2025-10-25,6,Optimal,-247.61842724723425,0.0,False,0.04196679999586195,8.966161146872764e-13,0,"[274, 277, 292, 275, 296, 289, 281]",0.029826451848273896,-0.018748120544900673
2025-10-25,12,Optimal,-668.746806246092,0.0,False,0.02856679999968037,9.094947017729282e-13,0,"[274, 275, 270, 292, 286, 269, 284]",0.029122971348877275,0.030973817075240075
2025-10-25,18,Optimal,-544.2640900448054,0.0,False,0.013675399997737259,9.663381206337363e-13,0,"[273, 270, 295, 285, 288, 271, 284]",0.612113305583323,-0.33595371190386486
2025-10-26,0,Optimal,46652.0306996325,0.0005392960180526664,False,0.4893986999813933,1.1297629498585593e-12,4,"[276, 281, 290, 283, 293, 288, 270]",0.0,0.0
2025-10-26,6,Optimal,-2279.2665541108413,4.7069925566949106e-05,False,1.3121231999830343,3.637978807091713e-12,5,"[270, 277, 292, 272, 285, 295, 281]",0.028235480583444397,-0.2910318239213796
2025-10-26,12,Optimal,501.3947260632112,0.0,False,1.3087281000043731,1.9895196601282805e-12,5,"[279, 275, 270, 292, 286, 297, 281]",0.027066582786874422,-0.12067931036465072
2025-10-26,18,Optimal,-797.7172022105298,0.0,False,0.015823900001123548,9.094947017729282e-13,0,"[275, 270, 295, 283, 287, 292, 284]",0.6146211027855275,6.166118349282397
2025-10-27,0,Optimal,42032.182560394234,1.4865180593300865e-05,False,0.7881145999999717,1.1368683772161603e-12,8,"[276, 281, 287, 275, 279, 284, 280]",0.0,0.0
2025-10-27,6,Optimal,5508.756009008038,0.00023825338134661055,False,0.3476985000015702,1.1368683772161603e-12,4,"[290, 277, 284, 272, 285, 295, 281]",0.028853725308844468,0.1850483178663448
2025-10-27,12,Optimal,-1903.1245493860504,0.0,False,0.03488279998418875,1.0231815394945443e-12,0,"[274, 275, 298, 292, 286, 297, 281]",0.02871915614768698,-0.09021945403455629
2025-10-27,18,Optimal,-1327.9018137372639,0.0,False,0.013956999988295138,9.094947017729282e-13,0,"[273, 298, 295, 285, 288, 292, 284]",0.6101767356756249,-0.7771295652333721
2025-10-28,0,Optimal,42112.085369713386,1.5681190796988777e-06,False,0.27942690000054426,9.094947017729282e-13,1,"[276, 281, 287, 275, 293, 288, 280]",0.0,0.0
2025-10-28,6,Optimal,3943.9787011874582,0.00047170325045421837,False,0.19631140001001768,5.115907697472721e-12,2,"[274, 277, 292, 272, 285, 298, 287]",0.027803341019214094,-0.6076311669487778
2025-10-28,12,Optimal,-1180.954070785692,0.0,False,0.03264409999246709,9.094947017729282e-13,0,"[279, 275, 293, 287, 286, 291, 281]",0.028838065320343546,-0.39308285675053234
2025-10-28,18,Optimal,-1162.7987155711103,0.0,False,0.014139600010821596,9.094947017729282e-13,0,"[273, 298, 295, 291, 287, 292, 284]",0.6134080750119143,0.9525882362892817
2025-10-29,0,Optimal,47732.084584531476,0.0005152615427116864,False,0.3088112999976147,5.016431714466307e-12,6,"[276, 281, 287, 275, 293, 288, 278]",0.0,0.0
2025-10-29,6,Optimal,953.4952961617577,0.0005163495079760616,False,1.5507943000120576,2.8421709430404007e-12,6,"[290, 279, 293, 275, 285, 289, 281]",0.028701558071624896,0.12235191176680402
2025-10-29,12,Optimal,-1262.2295812356608,0.0,False,0.03583599999547005,1.0231815394945443e-12,0,"[274, 275, 293, 292, 286, 297, 284]",0.030643621642165483,0.27469059481647573
2025-10-29,18,Optimal,-1196.664215842005,0.0,False,0.015726400015410036,9.094947017729282e-13,0,"[273, 298, 295, 291, 294, 292, 284]",0.6134778309657536,1.661777671836977
2025-10-30,0,Optimal,42171.46322967012,2.6785398084948376e-05,False,0.28232569998363033,3.979039320256561e-12,2,"[276, 282, 290, 283, 293, 288, 278]",0.0,0.0
2025-10-30,6,Optimal,939.9053009160828,0.00046331492368709777,False,0.5539811000053305,9.094947017729282e-13,2,"[290, 278, 301, 275, 285, 298, 287]",0.024172204996150744,-0.2047828080952898
2025-10-30,12,Optimal,-759.0982286289947,0.0,False,0.17245099999126978,1.8189894035458565e-12,2,"[274, 289, 298, 292, 286, 297, 284]",0.013499698207164866,0.051760121000342996
2025-10-30,18,Optimal,-982.4983679817437,0.0,False,0.015104100020835176,9.094947017729282e-13,0,"[275, 298, 290, 300, 287, 297, 284]",0.5670093155514037,0.8979844657328413
2025-10-31,0,Optimal,18563.950424347644,6.692515794807778e-05,False,0.47225789999356493,5.4569682106375694e-12,3,"[295, 298, 292, 286, 291, 299, 302]",0.0,0.0
2025-10-31,6,Optimal,-609.1498204955501,0.0,False,0.046063699992373586,9.094947017729282e-13,0,"[299, 278, 284, 283, 297, 289, 287]",0.027991612846380583,-0.09264776763891305
2025-10-31,12,Optimal,73.97606064023579,0.0,False,0.02869590002228506,9.094947017729282e-13,0,"[277, 299, 301, 302, 286, 297, 281]",0.020749401673460295,-0.011961338418027597
2025-10-31,18,Optimal,-936.4746769509952,0.0,False,0.01348999998299405,9.094947017729282e-13,0,"[275, 293, 299, 285, 294, 292, 284]",0.516446125805119,-5.486723281910456
2025-11-01,0,Optimal,17339.16955353241,0.0006164097889027818,False,1.6530004999949597,3.637978807091713e-12,1008,"[295, 298, 292, 279, 291, 299, 302]",0.0,0.0
2025-11-01,6,Optimal,-261.14655790647805,0.0,False,0.047471300000324845,1.0231815394945443e-12,0,"[299, 278, 301, 283, 297, 289, 287]",0.02404585779086165,-0.024635215085911127
2025-11-01,12,Optimal,-30.505740245272975,0.0,False,0.03125150001142174,9.094947017729282e-13,0,"[277, 293, 296, 303, 286, 297, 284]",0.027182763684517393,0.08826235817595114
2025-11-01,18,Optimal,-722.7758269896652,0.0,False,0.013596100005088374,7.958078640513122e-13,0,"[278, 290, 291, 285, 288, 297, 284]",0.4829757383791192,0.8091648068872831
2025-11-02,0,Optimal,46060.08382399952,0.0,False,0.08269519999157637,1.4779288903810084e-12,0,"[277, 297, 285, 303, 296, 304, 302]",0.0,0.0
2025-11-02,6,Optimal,4011.4450466395115,4.774477531699832e-05,False,0.20182430002023466,1.1368683772161603e-12,1,"[299, 282, 284, 304, 285, 289, 281]",0.0316188332535407,0.2515896948319904
2025-11-02,12,Optimal,-2284.742414562584,0.0,False,0.03944290001527406,9.094947017729282e-13,0,"[278, 293, 304, 303, 286, 297, 284]",0.02172432359015623,0.08628834950132358
2025-11-02,18,Optimal,-1143.6067516913636,0.0,False,0.01451380000798963,9.094947017729282e-13,0,"[277, 290, 291, 285, 302, 297, 284]",0.411169293882094,-5.068342831774029
2025-11-03,0,Optimal,49576.666795304576,9.625242533907523e-05,False,0.33025920001091436,9.606537787476555e-12,5,"[281, 287, 283, 301, 284, 305, 302]",0.0,0.0
2025-11-03,6,Optimal,-1049.676360627853,0.0006242194519689288,False,1.8457752999966033,2.6779550799105323e-12,756,"[299, 282, 284, 304, 297, 289, 281]",0.03644731140277585,0.1314502152287953
2025-11-03,12,Optimal,-1367.0332480324994,0.0,False,0.03570350000518374,9.094947017729282e-13,0,"[289, 300, 305, 287, 286, 297, 281]",0.014294644014490024,-0.06304084927564779
2025-11-03,18,Optimal,-1144.9609548299284,0.0,False,0.01488870001048781,9.094947017729282e-13,0,"[298, 295, 300, 285, 294, 286, 284]",0.32704757819005204,3.3442917829962506
2025-11-04,0,Optimal,45558.15624348622,0.0,False,0.0766023000178393,2.4442670110147446e-12,0,"[281, 287, 306, 303, 296, 304, 302]",0.0,0.0
2025-11-04,6,Optimal,1552.2402292672898,0.0,False,2.0951879000058398,5.88684656577243e-12,6,"[299, 293, 284, 304, 285, 289, 281]",0.026416264913901935,0.19720024265505384
2025-11-04,12,Optimal,-1295.1232856705415,0.0,False,0.034544199996162206,1.0231815394945443e-12,0,"[299, 298, 305, 287, 286, 291, 281]",0.024172258877112416,-0.44049258428379967
2025-11-04,18,Optimal,-1064.0171544191614,0.0,False,0.01506209999206476,9.094947017729282e-13,0,"[304, 299, 300, 296, 280, 286, 284]",0.2405905821411115,0.7263282647262179
2025-11-05,0,Optimal,51331.76159120729,0.0002916333872732546,False,0.34562420001020655,8.33710878112015e-12,4,"[281, 287, 306, 301, 284, 304, 302]",0.0,0.0
2025-11-05,6,Optimal,-3160.4727370681185,0.0,False,0.05566800001543015,9.094947017729282e-13,0,"[299, 307, 284, 283, 297, 289, 287]",0.021622234888232946,-0.07218165688179733
2025-11-05,12,Optimal,101.11108484403586,0.0,False,1.311766600003466,9.094947017729282e-13,5,"[293, 300, 304, 295, 286, 291, 281]",0.026946687044836177,-0.3805356128319053
2025-11-05,18,Optimal,-914.3780661635533,0.0,False,0.015968400024576113,1.0231815394945443e-12,0,"[306, 299, 285, 287, 289, 307, 283]",0.1276663328969797,-0.462901455535428
2025-11-06,0,Optimal,47254.61484579298,1.460312912772007e-05,False,0.3326570999925025,1.0231815394945443e-12,4,"[281, 297, 285, 303, 296, 307, 302]",0.0,0.0
2025-11-06,6,Optimal,2511.253080366934,0.00024074659858614792,False,0.3039734000049066,1.7834622667578515e-12,8,"[305, 293, 284, 304, 285, 289, 281]",0.02159012547215331,0.2058581280775954
2025-11-06,12,Optimal,-1225.4652950555283,0.0,False,0.04077940000570379,9.094947017729282e-13,0,"[299, 298, 304, 303, 286, 297, 284]",0.02808340317834606,0.090061445747169
2025-11-06,18,Optimal,-1096.3428584260173,0.0,False,0.015417699993122369,9.094947017729282e-13,0,"[306, 299, 300, 301, 292, 307, 283]",0.1292062537939247,-0.30693717237206813
2025-11-07,0,Optimal,17524.8710888323,0.00010285566738334729,False,1.1615736999956425,2.227551476607914e-12,7,"[282, 287, 306, 301, 284, 304, 302]",0.0,0.0
2025-11-07,6,Optimal,-318.38570032306757,0.0,False,0.043527500005438924,9.663381206337363e-13,0,"[299, 307, 284, 283, 285, 302, 294]",0.023280654131634625,-0.23102081814172468
2025-11-07,12,Optimal,-996.2568288562688,0.0,False,0.030034600000362843,9.094947017729282e-13,0,"[293, 298, 296, 303, 307, 291, 285]",0.03656983301810127,-0.3145775637707477
2025-11-07,18,Optimal,-772.7632182946463,0.0,False,0.01326619999599643,9.094947017729282e-13,0,"[304, 299, 291, 301, 292, 307, 284]",0.09169248591468654,0.13564763502537577
2025-11-08,0,Optimal,17729.56418212757,1.6056459500076756e-06,False,0.2547908000124153,1.2505552149377763e-12,2,"[308, 290, 283, 293, 310, 304, 302]",0.0,0.0
2025-11-08,6,Optimal,-420.22817116450784,0.0,False,0.045598500000778586,9.663381206337363e-13,0,"[310, 307, 284, 283, 285, 302, 294]",0.021470047940870512,-0.12421035524745203
2025-11-08,12,Optimal,-627.4816579474203,0.0,False,0.02965579999727197,9.094947017729282e-13,0,"[299, 309, 305, 302, 295, 288, 283]",0.03725669643246109,-0.00502812752873744
2025-11-08,18,Optimal,-974.7722479222977,0.0,False,0.013511900004232302,9.094947017729282e-13,0,"[290, 308, 291, 300, 289, 297, 286]",0.04619440824833501,-0.21255808396873438
2025-11-09,0,Optimal,48796.64774107426,0.000412533077869946,False,0.5376633999985643,1.0231815394945443e-12,8,"[308, 290, 311, 293, 310, 304, 302]",0.0,0.0
2025-11-09,6,Optimal,133.68060759473536,0.0,False,1.7580477999872528,1.1368683772161603e-12,5,"[299, 293, 284, 304, 297, 302, 294]",0.021495101947735535,-0.022803974530502983
2025-11-09,12,Optimal,-992.4323026110003,0.0,False,0.03651000000536442,9.094947017729282e-13,0,"[299, 311, 296, 292, 287, 288, 297]",0.038568216150771724,-0.042113706554364666
2025-11-09,18,Optimal,-566.0459993889805,0.0,False,0.014159399986965582,9.094947017729282e-13,0,"[304, 306, 310, 300, 296, 297, 286]",0.01812325149674023,0.1700200745908826
2025-11-10,0,Optimal,49416.62662247945,0.0004162818232993748,False,0.5372931000019889,1.0231815394945443e-12,7,"[308, 290, 311, 293, 310, 304, 302]",0.0,0.0
2025-11-10,6,Optimal,3280.8641887929166,0.0005231523434853964,False,0.6780379000119865,1.0231815394945443e-12,13,"[299, 293, 309, 304, 285, 302, 287]",0.022517005505474176,0.18214621843667544
2025-11-10,12,Optimal,-1169.2458641101498,0.0,False,0.03822399998898618,9.094947017729282e-13,0,"[299, 309, 296, 292, 303, 286, 297]",0.03382606465618861,0.6152385178248658
2025-11-10,18,Optimal,-567.9681097174041,0.0,False,0.016797599993878976,9.094947017729282e-13,0,"[304, 306, 310, 285, 301, 292, 307]",0.019006460990305115,0.20473798055657266
2025-11-11,0,Optimal,51477.84832691179,0.0009762372226129644,False,0.5501751000119839,1.4210854715202004e-12,10,"[308, 290, 286, 312, 288, 304, 302]",0.0,0.0
2025-11-11,6,Optimal,82.75736685922558,0.0,False,3.1209845000121277,1.2505552149377763e-12,6,"[310, 292, 306, 312, 297, 302, 294]",0.023975692717460344,-0.23036971088510694
2025-11-11,12,Optimal,-1475.2213550793897,0.0,False,0.044945200002985075,9.663381206337363e-13,0,"[299, 311, 296, 292, 303, 313, 290]",0.037408488517334255,0.03922563182518213
2025-11-11,18,Optimal,-555.5010693577399,0.0,False,0.016673200007062405,9.094947017729282e-13,0,"[304, 306, 310, 300, 296, 292, 307]",0.018029730686681972,0.14497566213922256
2025-11-12,0,Optimal,48670.60488093208,0.0005883431561446561,False,0.5822809000092093,2.8421709430404007e-12,7,"[308, 290, 311, 312, 288, 304, 302]",0.0,0.0
2025-11-12,6,Optimal,4587.838898458836,8.300905300885499e-05,False,0.35166640000534244,5.002220859751105e-12,12,"[299, 307, 306, 303, 288, 308, 295]",0.021877603066489514,-0.09324166059428232
2025-11-12,12,Optimal,-2102.5180906087594,0.0,False,0.037417200015624985,9.094947017729282e-13,0,"[299, 309, 296, 292, 303, 294, 290]",0.036117071233660994,0.2384834542419112
2025-11-12,18,Optimal,-343.6398507635976,0.0,False,0.01586630000383593,9.663381206337363e-13,0,"[303, 308, 310, 300, 314, 292, 294]",0.018213279175609883,-0.043244294671071944
2025-11-13,0,Optimal,47396.35872754886,0.000664287126378898,False,0.9046696999866981,3.637978807091713e-12,7,"[308, 292, 303, 315, 288, 304, 302]",0.0,0.0
2025-11-13,6,Optimal,2628.3171551897262,0.0008943912864321713,False,0.6822453999775462,5.9543481256696396e-12,5,"[315, 313, 301, 291, 304, 311, 295]",0.022355285255192456,-0.00376202192036155
2025-11-13,12,Optimal,-709.6902773313116,0.0,False,0.03762969997478649,9.094947017729282e-13,0,"[299, 309, 296, 315, 312, 294, 290]",0.03493055842246216,0.37731542873030527
2025-11-13,18,Optimal,128.29245882065123,0.0,False,0.016151899995747954,9.094947017729282e-13,0,"[304, 306, 310, 315, 314, 302, 294]",0.018354135434921266,0.20329213752331235
2025-11-14,0,Optimal,18488.820290689193,2.5931520388093763e-06,False,0.48334400000749156,2.4442670110147446e-12,6,"[308, 292, 303, 315, 299, 305, 302]",0.0,0.0
2025-11-14,6,Optimal,-818.5707326417645,0.0,False,0.045767400006297976,9.663381206337363e-13,0,"[315, 292, 301, 300, 304, 311, 295]",0.021340060838656964,-0.07840750333852685
2025-11-14,12,Optimal,119.43378983501646,0.0,False,0.03202810001675971,9.663381206337363e-13,0,"[293, 311, 296, 310, 303, 307, 291]",0.03238079947238453,-0.3745424562038407
2025-11-14,18,Optimal,-473.20538398011684,0.0,False,0.01464259999920614,1.0231815394945443e-12,0,"[303, 308, 310, 315, 314, 292, 294]",0.015202675308062193,-0.019141213396777976
2025-11-15,0,Optimal,19365.407934730298,0.000842984218209737,False,1.7376204000029247,2.7853275241795927e-12,1008,"[308, 292, 303, 315, 299, 305, 316]",0.0,0.0
2025-11-15,6,Optimal,-373.7026284775128,0.0,False,0.04652679999708198,9.094947017729282e-13,0,"[315, 313, 301, 291, 296, 311, 294]",0.021897592229372844,0.1613563924873866
2025-11-15,12,Optimal,-889.8045476681476,0.0,False,0.030390400002943352,9.094947017729282e-13,0,"[308, 298, 305, 310, 303, 307, 291]",0.03264136310592616,-0.27510691648676944
2025-11-15,18,Optimal,-714.896146267355,0.0,False,0.013845400011632591,9.094947017729282e-13,0,"[317, 308, 311, 315, 301, 292, 307]",0.010875159347167727,-0.13831491362438975
2025-11-16,0,Optimal,49289.03748593571,0.0005354050178777497,False,0.6879291000077501,4.547473508864641e-12,13,"[308, 292, 303, 315, 299, 305, 316]",0.0,0.0
2025-11-16,6,Optimal,4139.311106522285,0.000556844465308977,False,0.5470066999841947,1.1368683772161603e-12,11,"[299, 307, 306, 318, 296, 311, 294]",0.022787304534297115,0.1446441404038077
2025-11-16,12,Optimal,-1074.9392097423492,0.0,False,0.04127620000508614,9.094947017729282e-13,0,"[293, 311, 296, 315, 312, 294, 297]",0.03235427460159747,0.44735976885375117
2025-11-16,18,Optimal,-491.1019629655018,0.0,False,0.016579799994360656,9.094947017729282e-13,0,"[304, 299, 310, 300, 314, 302, 294]",0.01028847114359686,0.23293697400965663
2025-11-17,0,Optimal,47382.90912872488,0.0003808073707244865,False,0.5678406999795698,9.094947017729282e-13,11,"[308, 292, 303, 315, 307, 317, 316]",0.0,0.0
2025-11-17,6,Optimal,7266.5093597788045,3.1576267902030906e-05,False,0.39918710000347346,1.1368683772161603e-12,11,"[299, 307, 301, 300, 304, 308, 295]",0.02392587527343175,-0.17343956707742889
2025-11-17,12,Optimal,-1809.5168154302519,0.0,False,0.04293140000663698,1.0231815394945443e-12,0,"[308, 298, 305, 310, 312, 295, 297]",0.03347094378916856,-0.28830718091926016
2025-11-17,18,Optimal,-682.8669390392316,0.0,False,0.015614800009643659,9.094947017729282e-13,0,"[304, 308, 311, 300, 314, 292, 294]",0.011920989378824428,0.024594723009203106
2025-11-18,0,Optimal,49781.89805767146,7.952648870157999e-06,False,0.3279884000075981,9.663381206337363e-13,2,"[308, 314, 301, 296, 313, 294, 302]",0.0,0.0
2025-11-18,6,Optimal,-436.105921685787,0.00014552026734224174,False,0.192650799988769,1.1368683772161603e-12,1,"[320, 307, 301, 300, 304, 311, 294]",0.02484495612552021,-0.10399558601415809
2025-11-18,12,Optimal,637.4388981323534,0.0,False,0.19155229997704737,9.094947017729282e-13,2,"[299, 309, 296, 315, 302, 307, 297]",0.033106260015771743,0.23512817651188853
2025-11-18,18,Optimal,-600.9022075214298,0.0,False,0.01574499998241663,9.094947017729282e-13,0,"[304, 308, 295, 300, 319, 313, 294]",0.011947292472394361,0.1272841641031657
2025-11-19,0,Optimal,49163.604556783015,0.00030128219406851467,False,0.8268833000038285,9.094947017729282e-13,10,"[308, 314, 301, 310, 304, 309, 302]",0.0,0.0
2025-11-19,6,Optimal,6957.597255607081,0.0007776864654194496,False,0.32103739999001846,6.59383658785373e-12,16,"[299, 313, 301, 303, 316, 308, 294]",0.025507971596355473,0.023480530701174993
2025-11-19,12,Optimal,-1478.5418973682051,0.0,False,0.03660759999183938,9.094947017729282e-13,0,"[299, 311, 296, 315, 312, 294, 297]",0.03253552131473278,0.26159392859778813
2025-11-19,18,Optimal,-643.3925477244387,0.0,False,0.014573699998436496,1.0231815394945443e-12,0,"[317, 308, 311, 315, 318, 302, 307]",0.013592310062616695,-0.054950575800561285
2025-11-20,0,Optimal,48856.037537438046,2.9241304084852564e-05,False,0.33333789999596775,1.8189894035458565e-12,6,"[308, 314, 301, 310, 304, 321, 322]",0.0,0.0
2025-11-20,6,Optimal,2205.602651304815,0.000779021184500718,False,1.4926941000157967,3.637978807091713e-12,14,"[299, 313, 301, 318, 296, 311, 321]",0.025875908960934276,0.13766499288458106
2025-11-20,12,Optimal,149.37202199227607,0.0,False,0.2498998999944888,1.8189894035458565e-12,3,"[299, 311, 296, 322, 302, 307, 297]",0.030778566726372088,0.1666934044193076
2025-11-20,18,Optimal,-261.9611479688307,0.0,False,0.01563559999340214,9.094947017729282e-13,0,"[304, 299, 321, 300, 318, 313, 297]",0.012274726864738442,0.05562356409625307
2025-11-21,0,Optimal,18590.079074667083,5.500442048391537e-06,False,0.2838400000182446,9.094947017729282e-13,2,"[298, 306, 312, 299, 305, 319, 322]",0.0,0.0
2025-11-21,6,Optimal,783.835826899915,0.0,False,0.05115389998536557,9.094947017729282e-13,0,"[299, 305, 301, 318, 304, 297, 321]",0.026087082845588555,0.04484621353970194
2025-11-21,12,Optimal,-626.0018654311008,0.0,False,0.033850800013169646,9.094947017729282e-13,0,"[308, 298, 305, 315, 312, 314, 297]",0.02599899783366108,-0.2794054521632817
2025-11-21,18,Optimal,-590.6006885576327,0.0,False,0.017228699987754226,9.663381206337363e-13,0,"[317, 308, 310, 300, 323, 302, 297]",0.01187667731453087,-0.026530814591375646
2025-11-22,0,Optimal,20112.681855312207,0.0007771284633359365,False,1.5752088999724947,2.5011104298755527e-12,1008,"[298, 306, 312, 307, 317, 324, 322]",0.0,0.0
2025-11-22,6,Optimal,-903.1607316879815,0.0,False,0.04880739998770878,9.094947017729282e-13,0,"[299, 324, 319, 309, 304, 297, 321]",0.025686166531726187,0.2927219261984327
2025-11-22,12,Optimal,-674.7535366660746,0.0,False,0.030487300013191998,9.663381206337363e-13,0,"[299, 311, 305, 315, 312, 314, 297]",0.027151052254572428,0.03710871952383437
2025-11-22,18,Optimal,-290.55289700569233,0.0,False,0.014356899977428839,8.526512829121202e-13,0,"[304, 308, 321, 300, 319, 313, 297]",0.009686555222868501,0.08671466121836907
2025-11-23,0,Optimal,49690.32535277037,2.9913378064320186e-05,False,0.3236613000044599,5.080380560684716e-12,2,"[298, 325, 312, 307, 317, 324, 322]",0.0,0.0
2025-11-23,6,Optimal,4214.729488995474,0.0007392817226144368,False,2.6388772999926005,1.0913936421275139e-11,14,"[299, 324, 319, 309, 312, 316, 321]",0.026419167096699434,0.293676452165677
2025-11-23,12,Optimal,-1338.703574911518,0.0,False,0.040178900002501905,9.094947017729282e-13,0,"[299, 311, 305, 315, 312, 314, 313]",0.027243907808590054,0.15073586881796286
2025-11-23,18,Optimal,-628.2940518795085,0.0,False,0.014863299991702661,9.094947017729282e-13,0,"[317, 308, 321, 300, 325, 314, 309]",0.010046260780121927,0.036333843933277925
2025-11-24,0,Optimal,49002.83114389966,6.936336614314244e-06,False,0.5653747000033036,1.1368683772161603e-12,8,"[318, 311, 315, 313, 309, 326, 322]",0.0,0.0
2025-11-24,6,Optimal,1882.5056013657238,0.0008342216877292003,False,0.26934619998792186,4.320099833421409e-12,6,"[320, 305, 314, 306, 303, 316, 321]",0.02369378457754117,-0.10677029774673252
2025-11-24,12,Optimal,-1128.2754651667196,0.0,False,0.03397570000379346,9.094947017729282e-13,0,"[299, 311, 305, 315, 312, 314, 318]",0.025794298277142552,0.012140641778059834
2025-11-24,18,Optimal,-687.6299755578235,0.0,False,0.013827599992509931,1.0231815394945443e-12,0,"[320, 308, 321, 300, 326, 314, 309]",0.012099762235501058,-0.10822533180714487
2025-11-25,0,Optimal,57004.68372313371,7.229615246660255e-05,False,0.5453948999929707,1.2505552149377763e-12,9,"[318, 311, 315, 304, 321, 327, 322]",0.0,0.0
2025-11-25,6,Optimal,-2320.8537205617035,0.0,False,0.050012399995466694,9.094947017729282e-13,0,"[320, 324, 319, 309, 312, 323, 321]",0.024171286252935208,0.02698804681094377
2025-11-25,12,Optimal,-1636.825067639863,0.0,False,0.03625360000296496,9.094947017729282e-13,0,"[306, 301, 304, 310, 323, 325, 327]",0.025485024174999007,0.10522247932406698
2025-11-25,18,Optimal,-525.2521429675119,0.0,False,0.01562920000287704,8.846257060213247e-13,0,"[317, 308, 312, 301, 318, 302, 307]",0.01063359629762262,-0.024046452829792102
2025-11-26,0,Optimal,53235.970030815944,0.00012208056775488434,False,2.7601288000005297,3.524291969370097e-12,1008,"[308, 325, 312, 313, 309, 326, 302]",0.0,0.0
2025-11-26,6,Optimal,1051.8800173071647,0.0007569187566027812,False,0.9029743999999482,1.2505552149377763e-12,12,"[320, 324, 314, 306, 312, 316, 321]",0.020674174058006194,-0.10082529082381164
2025-11-26,12,Optimal,-1543.8115909020453,0.0,False,0.0376420000102371,1.0231815394945443e-12,0,"[306, 326, 317, 310, 312, 325, 327]",0.028595616664981158,-0.08042102153422956
2025-11-26,18,Optimal,-479.43081521457714,0.0,False,0.015538600011495873,9.094947017729282e-13,0,"[320, 308, 312, 325, 323, 302, 305]",0.010420899890895466,-0.09071014150056225
2025-11-27,0,Optimal,51490.574228567115,0.00010308675139974892,False,2.4693815000064205,2.6147972675971687e-12,1008,"[308, 325, 312, 313, 309, 326, 302]",0.0,0.0
2025-11-27,6,Optimal,1610.420367676792,0.0007815351689205298,False,0.762601900001755,1.1368683772161603e-12,16,"[310, 324, 328, 325, 303, 323, 321]",0.02065025281420604,0.17162394998934577
2025-11-27,12,Optimal,-1240.0267908252001,0.0,False,0.03884490000200458,9.094947017729282e-13,0,"[306, 329, 304, 310, 312, 325, 327]",0.02773279323531188,-0.0034833736425439344
2025-11-27,18,Optimal,-553.9146446887398,0.0,False,0.016609199985396117,8.979483823168266e-13,0,"[317, 308, 310, 325, 323, 302, 307]",0.012481950121239581,-0.02209002657529356
2025-11-28,0,Optimal,18855.41353674096,5.045652908033072e-06,False,0.30513299998710863,1.8189894035458565e-12,7,"[308, 325, 312, 307, 317, 324, 323]",0.0,0.0
2025-11-28,6,Optimal,831.3130219930323,0.0,False,0.04445889999624342,9.094947017729282e-13,0,"[310, 324, 326, 306, 318, 323, 321]",0.018803660128516256,0.18425572061530773
2025-11-28,12,Optimal,-875.1311589161705,0.0,False,0.03282500000204891,9.094947017729282e-13,0,"[306, 330, 328, 315, 323, 325, 327]",0.027311790801906342,0.1828593621990696
2025-11-28,18,Optimal,-352.2686056102856,0.0,False,0.014120100007858127,8.526512829121202e-13,0,"[317, 308, 321, 316, 318, 328, 307]",0.012692945033325635,0.06156751772413284
2025-11-29,0,Optimal,23688.907378958294,4.913193941257167e-06,False,0.30882979999296367,3.637978807091713e-12,2,"[308, 325, 315, 313, 317, 324, 323]",0.0,0.0
2025-11-29,6,Optimal,-1826.6831329526206,0.0,False,0.04802029998973012,9.094947017729282e-13,0,"[320, 329, 326, 319, 318, 304, 321]",0.018974906788471663,-0.06833520150055068
2025-11-29,12,Optimal,-823.7465321024108,0.0,False,0.030244800000218675,1.0231815394945443e-12,0,"[306, 329, 328, 315, 323, 331, 327]",0.027836729391918478,-0.011800047582419102
2025-11-29,18,Optimal,-600.0332397436724,0.0,False,0.013328000000910833,8.526512829121202e-13,0,"[320, 308, 331, 315, 318, 328, 305]",0.012812415851783584,-0.26972969225260546
2025-11-30,0,Optimal,53606.6865318204,0.00010511428187333232,False,0.3193473000137601,1.8189894035458565e-12,6,"[332, 306, 312, 307, 317, 324, 323]",0.0,0.0
2025-11-30,6,Optimal,2924.6692484026435,0.00037970735364474924,False,1.6724595999985468,7.389644451905042e-12,16,"[320, 324, 326, 319, 318, 323, 321]",0.019018056740108088,0.03280849871981137
2025-11-30,12,Optimal,-1153.9450599598956,0.0,False,0.039709100004984066,9.094947017729282e-13,0,"[332, 329, 305, 310, 323, 331, 327]",0.0279453028049559,-0.03369757169691382
2025-11-30,18,Optimal,-711.463631233726,0.0,False,0.01594370001112111,1.0231815394945443e-12,0,"[324, 329, 310, 316, 323, 322, 305]",0.013717499150654408,-0.08654700767773199
2025-12-01,0,Optimal,56494.17308440535,7.636020059046303e-05,False,2.901864300016314,9.386269539390923e-12,1008,"[332, 306, 312, 307, 333, 324, 323]",0.0,0.0
2025-12-01,6,Optimal,-853.7670726065269,0.0007100113391046972,False,0.7976541999960318,2.1600499167107046e-12,16,"[310, 330, 326, 319, 309, 323, 321]",0.018886907328057628,1.8256664346428213
2025-12-01,12,Optimal,-1142.2926080200136,0.0,False,0.04476420002174564,9.094947017729282e-13,0,"[332, 311, 326, 315, 319, 331, 313]",0.027527655517721638,2.4994609021542327
2025-12-01,18,Optimal,-141.06888900117121,0.0,False,0.014398600003914908,9.094947017729282e-13,0,"[320, 306, 310, 325, 323, 328, 307]",0.01820616382323607,0.038619584789822387
2025-12-02,0,Optimal,58562.78418898189,2.143551196368936e-05,False,0.6893625000084285,1.4210854715202004e-12,10,"[332, 325, 315, 313, 309, 326, 322]",0.0,0.0
2025-12-02,6,Optimal,1826.136729112664,0.000945475399940745,False,0.2818491000216454,2.2737367544323206e-12,5,"[310, 330, 326, 319, 318, 323, 334]",0.17469904078197931,15.015186382746583
2025-12-02,12,Optimal,-437.7269395209813,0.0,False,0.036499899986665696,9.094947017729282e-13,0,"[308, 330, 322, 319, 323, 313, 334]",0.08788505408417019,6.69417838716888
2025-12-02,18,Optimal,-427.1693728841506,0.0,False,0.014958899992052466,1.0231815394945443e-12,0,"[320, 311, 310, 325, 314, 313, 334]",0.018645820664973792,0.26444532271748405
2025-12-03,0,Optimal,51954.39470779919,0.0005942264283455157,False,0.3369836999918334,3.353761712787673e-11,6,"[332, 325, 315, 331, 321, 327, 320]",0.0,0.0
2025-12-03,6,Optimal,7976.394212463791,9.910905006344429e-05,False,0.3912060000002384,2.2737367544323206e-12,21,"[310, 313, 326, 325, 332, 335, 321]",0.25701550058959477,21.812785237505995
2025-12-03,12,Optimal,1076.0927994290578,0.0,False,0.03482219998841174,9.094947017729282e-13,0,"[309, 330, 322, 319, 313, 325, 335]",0.13360801171470213,10.116287689175783
2025-12-03,18,Optimal,-707.2669560583698,0.0,False,0.018310800020117313,9.094947017729282e-13,0,"[320, 311, 310, 325, 314, 313, 334]",0.025313518344687508,0.1950789806999779
2025-12-04,0,Optimal,58645.35939216309,0.0005005964699616581,False,2.012992200005101,3.410605131648481e-12,1008,"[332, 311, 310, 317, 319, 316, 335]",0.0,0.0
2025-12-04,6,Optimal,1007.750243797964,6.563320295153549e-05,False,1.1723671000218019,9.094947017729282e-13,13,"[310, 313, 326, 325, 334, 336, 311]",0.30073865161620666,27.684897977091303
2025-12-04,12,Optimal,533.9171633676286,0.0,False,0.03394470000057481,9.094947017729282e-13,0,"[309, 326, 319, 323, 324, 334, 335]",0.15890739514523677,14.289736362847286
2025-12-04,18,Optimal,-704.0596785027212,0.0,False,0.015312000003177673,9.094947017729282e-13,0,"[320, 331, 312, 319, 314, 322, 334]",0.024629628704642203,0.6500236898367594
2025-12-05,0,Optimal,22166.963024184082,0.000960750589640493,False,2.1805848000221886,3.808509063674137e-12,1008,"[332, 311, 310, 317, 324, 323, 337]",0.0,0.0
2025-12-05,6,Optimal,2298.8935712782063,0.0,False,0.04896220000227913,9.094947017729282e-13,0,"[310, 313, 329, 325, 335, 336, 337]",0.3378850461480245,28.84348047100594
2025-12-05,12,Optimal,-576.4356238792545,0.0,False,0.4053243999951519,2.7853275241795927e-12,2,"[311, 328, 319, 336, 331, 337, 335]",0.17790004589745145,14.34427058430217
2025-12-05,18,Optimal,-657.1565184364315,0.0,False,0.013414799992460757,7.389644451905042e-13,0,"[320, 331, 312, 326, 318, 322, 337]",0.028143245447291063,0.39531573886469124
2025-12-06,0,Optimal,23589.212382957005,0.0001953107673794994,False,1.7500626999826636,2.9558577807620168e-12,1008,"[332, 311, 330, 333, 326, 322, 334]",0.0,0.0
2025-12-06,6,Optimal,1021.5244221418764,0.0,False,0.05099560000235215,1.0231815394945443e-12,0,"[322, 331, 333, 338, 335, 323, 337]",0.3602462790210161,30.81427789473694
2025-12-06,12,Optimal,-332.804568204499,0.0,False,0.03413269997690804,9.094947017729282e-13,0,"[311, 328, 319, 336, 314, 337, 318]",0.1884590416890629,16.783889641589163
2025-12-06,18,Optimal,-670.5990586267977,0.0,False,0.013865699991583824,8.526512829121202e-13,0,"[320, 331, 316, 319, 328, 336, 338]",0.03613503278031309,0.6980072790803794
2025-12-07,0,Optimal,60283.40986025933,0.0009317457350918517,False,2.210959299991373,2.374989094278135e-12,1008,"[332, 329, 313, 321, 327, 320, 339]",0.0,0.0
2025-12-07,6,Optimal,-1452.334458373315,0.0,False,0.059847099997568876,9.094947017729282e-13,0,"[322, 331, 333, 338, 335, 339, 337]",0.37940105291224313,30.54056382576946
2025-12-07,12,Optimal,1636.762691702309,0.000396116268604427,False,0.16582859997288324,2.7391422463551862e-12,9,"[329, 322, 336, 323, 337, 339, 335]",0.19911717571197873,17.233888021222256
2025-12-07,18,Optimal,-730.118902233773,0.0,False,0.014077200001338497,9.094947017729282e-13,0,"[320, 331, 325, 323, 313, 334, 339]",0.040997102966846846,0.3445615753953845
2025-12-08,0,Optimal,60278.41191574988,0.0009217244852676241,False,2.1584307000157423,3.183231456205249e-12,1008,"[332, 329, 331, 319, 327, 320, 339]",0.0,0.0
2025-12-08,6,Optimal,3527.1720859562033,0.0006849242309965007,False,1.0549736999964807,1.2505552149377763e-12,14,"[322, 331, 333, 338, 335, 339, 340]",0.394306574147702,33.37657285194992
2025-12-08,12,Optimal,-1762.900175610527,0.0,False,0.034944299986818805,1.0231815394945443e-12,0,"[329, 328, 336, 337, 340, 339, 335]",0.20658838360437595,14.844986320974051
2025-12-08,18,Optimal,-714.2149495790596,0.0,False,0.01755260000936687,9.094947017729282e-13,0,"[320, 331, 325, 314, 313, 334, 335]",0.046762138034183935,0.36182454351493465
2025-12-09,0,Optimal,59467.46864185985,0.0009977562538671374,False,2.7964950000168756,2.9558577807620168e-12,1008,"[332, 329, 317, 324, 327, 320, 339]",0.0,0.0
2025-12-09,6,Optimal,368.91343082974794,0.0003730708070064757,False,1.129882799985353,1.7195134205394424e-12,6,"[341, 331, 333, 338, 335, 339, 340]",0.39583881402686094,29.721066126234163
2025-12-09,12,Optimal,-1047.6232663982732,0.0,False,0.040244100004201755,9.094947017729282e-13,0,"[329, 322, 341, 331, 340, 339, 335]",0.20399919733087016,12.89055061329532
2025-12-09,18,Optimal,-551.0811749575505,0.0,False,0.01572270001634024,9.094947017729282e-13,0,"[320, 331, 341, 323, 328, 334, 339]",0.046196761586926274,0.7046560470547121
2025-12-10,0,Optimal,57467.93296518288,0.0009564882832044099,False,2.604556700011017,2.5792701308091637e-12,1008,"[332, 315, 333, 341, 316, 320, 339]",0.0,0.0
2025-12-10,6,Optimal,4639.613395871368,0.00014149747383182434,False,0.6582609000033699,1.3642420526593924e-12,17,"[341, 331, 333, 338, 336, 339, 340]",0.40403155125226187,32.59462419876617
2025-12-10,12,Optimal,-1152.0123831017313,0.0,False,0.03391679999185726,1.0231815394945443e-12,0,"[329, 328, 315, 337, 325, 342, 335]",0.2068586219204229,11.563796604717055
2025-12-10,18,Optimal,-691.8634736557589,0.0,False,0.015186699980404228,9.094947017729282e-13,0,"[320, 331, 341, 323, 322, 334, 335]",0.05108147296988491,0.5806040826790495
2025-12-11,0,Optimal,66611.12819646492,0.0005094816493686976,False,0.3944603000127245,4.857270141656045e-11,5,"[332, 330, 321, 340, 342, 335, 338]",0.0,0.0
2025-12-11,6,Optimal,-3089.1160340070946,0.0,False,0.05678539999644272,9.094947017729282e-13,0,"[322, 326, 333, 325, 332, 327, 321]",0.4063863606649607,-24.11605090324604
2025-12-11,12,Optimal,-1580.4016302540056,0.0,False,0.038086799992015585,9.094947017729282e-13,0,"[332, 322, 333, 337, 325, 343, 318]",0.21046363637558801,-10.82339635748964
2025-12-11,18,Optimal,-689.8728005537424,0.0,False,0.015643799997633323,1.0231815394945443e-12,0,"[324, 321, 325, 318, 332, 334, 335]",0.053573235050672935,-1.2860288557185955
2025-12-12,0,Optimal,27602.731961512203,2.4937323630226915e-05,False,0.27710710000246763,9.663381206337363e-13,1,"[328, 329, 333, 341, 342, 335, 338]",0.0,0.0
2025-12-12,6,Optimal,247.8501968970323,0.0,False,0.7569536999799311,9.094947017729282e-13,8,"[322, 331, 333, 325, 318, 323, 321]",0.4084597736945354,1.8723342181964389
2025-12-12,12,Optimal,-1029.9057812964927,0.0,False,0.033265600010054186,9.094947017729282e-13,0,"[326, 322, 333, 323, 324, 321, 335]",0.21255056858051513,0.26727805945770505
2025-12-12,18,Optimal,-772.1600384150169,0.0,False,0.013575399992987514,9.094947017729282e-13,0,"[324, 329, 325, 318, 332, 334, 335]",0.059858862455687625,-0.8697099891026556
2025-12-13,0,Optimal,28592.36764170442,5.1618656366248766e-05,False,0.2628796999924816,9.094947017729282e-13,1,"[328, 329, 333, 341, 342, 335, 338]",0.0,0.0
2025-12-13,6,Optimal,138.01235387404162,0.0,False,1.7120922000030987,1.9895196601282805e-12,7,"[322, 330, 328, 325, 318, 342, 340]",0.40812828148862723,-2.9617926072113345
2025-12-13,12,Optimal,-1350.579628437858,0.0,False,0.03437720000511035,9.094947017729282e-13,0,"[345, 330, 319, 323, 324, 321, 335]",0.21273294027390033,-1.2545668100350502
2025-12-13,18,Optimal,-746.9340123411904,0.0,False,0.013720199989620596,9.094947017729282e-13,0,"[330, 321, 345, 318, 332, 334, 335]",0.061831069132336346,-0.7962493872814311
2025-12-14,0,Optimal,61019.948417192216,7.865424818834719e-05,False,0.5661228999961168,4.774847184307873e-12,4,"[328, 329, 333, 341, 342, 335, 338]",0.0,0.0
2025-12-14,6,Optimal,1577.1008960357524,0.0007181557847626525,False,1.8164442999986932,2.5011104298755527e-12,19,"[322, 330, 346, 319, 334, 342, 340]",0.4082101136981865,-1.2928334632369087
2025-12-14,12,Optimal,-65.41852060626738,0.0,False,0.4350377000228036,9.094947017729282e-13,9,"[346, 329, 328, 323, 331, 321, 327]",0.21347364654324227,-0.3052707242053605
2025-12-14,18,Optimal,-783.8437448859333,0.0,False,0.014085400005569682,9.094947017729282e-13,0,"[324, 331, 325, 333, 332, 334, 339]",0.06484749920065502,-0.4534401037405165
2025-12-15,0,Optimal,60403.329231149764,0.00032207627345976977,False,0.6088346999895293,8.526512829121202e-12,6,"[328, 329, 333, 340, 347, 335, 338]",0.0,0.0
2025-12-15,6,Optimal,1862.3039593526394,0.000940721773816785,False,6.195776600012323,1.0629719326971099e-11,19,"[322, 330, 346, 325, 347, 342, 340]",0.4079226209358829,-7.014782995326745
2025-12-15,12,Optimal,-543.962217787251,0.0006391125417619533,False,0.3237348000111524,1.8189894035458565e-12,7,"[345, 326, 328, 323, 331, 321, 327]",0.2132625366717914,1.5715525146911304
2025-12-15,18,Optimal,-249.73293965156856,0.0,False,0.014997200021753088,9.094947017729282e-13,0,"[324, 321, 341, 323, 343, 334, 335]",0.0649239194575544,0.2468427706501097
2025-12-16,0,Optimal,65567.84204953468,0.0001723658912844645,False,1.1987568000040483,3.637978807091713e-12,11,"[328, 329, 333, 340, 347, 337, 338]",0.0,0.0
2025-12-16,6,Optimal,-1685.067600441609,0.0006532868232398387,False,1.0186906000017188,2.3874235921539366e-12,11,"[324, 331, 328, 325, 347, 342, 340]",0.4060521049346918,1.5689926649639827
2025-12-16,12,Optimal,-1292.4482893504685,0.0,False,0.038438099989434704,1.0231815394945443e-12,0,"[345, 329, 328, 323, 331, 321, 327]",0.2130584607746078,5.479169543595471
2025-12-16,18,Optimal,-710.1880113773957,0.0,False,0.015398100018501282,7.958078640513122e-13,0,"[330, 331, 345, 333, 343, 334, 339]",0.06570170960022671,-0.5513969439488053
2025-12-17,0,Optimal,65043.45944096028,0.0001756446693654761,False,2.399808899994241,1.1709744285326451e-11,15,"[328, 329, 331, 340, 347, 337, 338]",0.0,0.0
2025-12-17,6,Optimal,-3285.634732019509,0.0,False,0.06351680000079796,1.0231815394945443e-12,0,"[324, 331, 328, 325, 349, 332, 327]",0.4061637693851675,1.4031987952141936
2025-12-17,12,Optimal,-430.286601431092,0.0,False,0.6273563999857288,1.0231815394945443e-12,8,"[345, 326, 328, 348, 331, 325, 327]",0.21070182373612517,2.2411195593988062
2025-12-17,18,Optimal,-136.7311437282829,0.0,False,0.017009500006679446,9.094947017729282e-13,0,"[330, 331, 326, 333, 343, 334, 335]",0.06814278962533461,-0.2938379079654434
2025-12-18,0,Optimal,62038.324237292676,0.0001854747102693497,False,0.9071130999946035,4.291678123991005e-12,7,"[328, 346, 330, 341, 342, 337, 338]",0.0,0.0
2025-12-18,6,Optimal,361.8622430978925,0.0005259154475077664,False,0.33359829999972135,1.8189894035458565e-12,2,"[345, 326, 333, 334, 349, 342, 327]",0.40614395358921307,7.882291521587738
2025-12-18,12,Optimal,-1042.7640210426148,0.0,False,0.04026219999650493,9.094947017729282e-13,0,"[345, 326, 341, 348, 331, 343, 327]",0.21065353034553363,3.6813347232844382
2025-12-18,18,Optimal,-593.1771133786586,0.0,False,0.01470930001232773,9.094947017729282e-13,0,"[330, 331, 326, 348, 343, 334, 335]",0.06884366255449309,0.09891175368045324
2025-12-19,0,Optimal,26683.184089535524,0.0005232083454044311,False,0.28177110000979155,5.242029033070139e-12,2,"[328, 346, 330, 324, 327, 337, 338]",0.0,0.0
2025-12-19,6,Optimal,-1054.9021886705382,0.0005975791897730367,False,0.3731369999877643,9.094947017729282e-13,2,"[345, 351, 328, 338, 349, 332, 327]",0.4052594273671554,-6.271236821930978
2025-12-19,12,Optimal,-1148.51888191124,0.0,False,0.03737760000512935,9.663381206337363e-13,0,"[346, 326, 328, 348, 334, 343, 327]",0.21015766613329878,-1.7312807508628205
2025-12-19,18,Optimal,122.54425572467176,0.0,False,0.01399530001799576,7.958078640513122e-13,0,"[330, 331, 326, 348, 343, 337, 335]",0.06849830770891224,1.0709019243336335
2025-12-20,0,Optimal,28446.343734983115,0.00027094232238752535,False,0.9259346000035293,9.737988193592173e-12,5,"[328, 346, 330, 352, 327, 337, 338]",0.0,0.0
2025-12-20,6,Optimal,-2231.96158669624,0.0,False,0.06170879999990575,9.094947017729282e-13,0,"[330, 351, 333, 352, 349, 342, 327]",0.4043039965126299,2.217491464239453
2025-12-20,12,Optimal,-868.5949615134202,0.0,False,0.03943309999885969,9.663381206337363e-13,0,"[346, 326, 328, 348, 334, 350, 335]",0.20971305317311006,-1.511468820254304
2025-12-20,18,Optimal,-396.70223833242284,0.0,False,0.01984470000024885,7.958078640513122e-13,0,"[347, 341, 350, 348, 343, 334, 335]",0.07257509876897576,0.9796974574054218
2025-12-21,0,Optimal,64294.94556802913,0.0008671105840076706,False,1.2323799000005238,1.5916157281026244e-12,10,"[328, 329, 330, 352, 327, 337, 338]",0.0,0.0
2025-12-21,6,Optimal,-2117.868866874996,0.0,False,0.0670298999757506,9.094947017729282e-13,0,"[330, 329, 333, 344, 349, 342, 327]",0.4046502721225837,0.5368202912831409
2025-12-21,12,Optimal,409.51255793607106,0.00038914973447534375,False,1.0950462999753654,1.0231815394945443e-12,10,"[345, 326, 328, 348, 331, 350, 327]",0.2094355429431395,0.97402042515216
2025-12-21,18,Optimal,-710.447586222749,0.0,False,0.014563899982022122,9.094947017729282e-13,0,"[347, 346, 350, 333, 332, 334, 339]",0.07618098199625085,-0.6558640289415051
2025-12-22,0,Optimal,62843.013745516684,0.00042492769370389665,False,0.3510995999968145,8.185452315956354e-12,5,"[328, 329, 345, 333, 327, 337, 338]",0.0,0.0
2025-12-22,6,Optimal,-1445.1854582058504,0.0,False,0.06044160001329146,9.094947017729282e-13,0,"[330, 329, 343, 347, 348, 342, 327]",0.40526489132881244,4.867204327199624
2025-12-22,12,Optimal,-653.5663268414165,0.0,False,0.5286717999842949,4.206412995699793e-12,7,"[345, 351, 328, 348, 331, 353, 335]",0.20930873427362828,-2.674933791646959
2025-12-22,18,Optimal,-582.211209673884,0.0,False,0.015708600025391206,9.094947017729282e-13,0,"[347, 354, 351, 333, 343, 334, 335]",0.07490551020379496,-0.18271420208348602
2025-12-23,0,Optimal,64606.27808796055,0.0003804532859795231,False,0.9783040000183973,1.8189894035458565e-12,8,"[328, 329, 345, 333, 340, 337, 338]",0.0,0.0
2025-12-23,6,Optimal,-3174.132586304996,0.00033900897635648857,False,0.539164299989352,1.8189894035458565e-12,11,"[330, 346, 352, 347, 348, 332, 354]",0.40494180523493906,-9.122937023443384
2025-12-23,12,Optimal,-523.8226505378099,0.0001195884647987222,False,0.6743361999979243,4.291678123991005e-12,9,"[345, 351, 328, 336, 331, 353, 352]",0.20840120478122537,-4.479436134529321
2025-12-23,18,Optimal,-82.41717008089518,0.0,False,0.013956100010545924,9.094947017729282e-13,0,"[347, 354, 351, 328, 343, 337, 335]",0.07748466169860825,0.8521562386815648
2025-12-24,0,Optimal,64020.449779171126,0.0002786419585413324,False,0.7040007000032347,3.979039320256561e-12,4,"[332, 329, 345, 333, 340, 337, 338]",0.0,0.0
2025-12-24,6,Optimal,-1976.713861961881,0.0008779419792507026,False,0.8243340999761131,3.801403636316536e-12,8,"[330, 346, 352, 347, 353, 350, 356]",0.4037496529305592,-5.402738689923735
2025-12-24,12,Optimal,-990.1259960090897,0.0,False,0.4282213000115007,1.8189894035458565e-12,5,"[345, 351, 333, 348, 350, 353, 356]",0.20666760339154747,-0.5186468461471645
2025-12-24,18,Optimal,-504.4338757284137,0.0,False,0.014552899985574186,9.663381206337363e-13,0,"[347, 331, 350, 348, 343, 334, 335]",0.07692431653055354,0.4534770725759063
2025-12-25,0,Optimal,61156.07178799392,0.0004594966252588599,False,1.4333662999852095,3.637978807091713e-12,10,"[332, 349, 345, 333, 340, 337, 338]",0.0,0.0
2025-12-25,6,Optimal,-1407.4813564153537,0.00042039759352967477,False,1.3907885999942664,6.139089236967266e-12,10,"[330, 346, 352, 357, 353, 350, 356]",0.4034730037734666,-1.2679466965396744
2025-12-25,12,Optimal,1360.4735367109197,0.0,False,0.4859835999959614,1.4779288903810084e-12,10,"[345, 351, 333, 331, 350, 355, 356]",0.20666015440419747,-3.482154858506597
2025-12-25,18,Optimal,-627.4101709796469,0.0,False,0.018409199983580038,8.597567102697212e-13,0,"[347, 354, 351, 348, 343, 334, 335]",0.07691181901323482,-0.05978387738490037
2025-12-26,0,Optimal,26837.605956416104,0.00022728965061940553,False,0.5009737000218593,3.637978807091713e-12,2,"[332, 349, 345, 355, 358, 337, 338]",0.0,0.0
2025-12-26,6,Optimal,-1025.304710826785,0.0,False,0.049052100017433986,9.094947017729282e-13,0,"[331, 333, 344, 357, 355, 350, 358]",0.4040258240719583,0.34882074553533315
2025-12-26,12,Optimal,-943.2084435351514,0.0,False,0.035747500020079315,9.094947017729282e-13,0,"[347, 349, 333, 331, 350, 355, 356]",0.20614032809208305,1.8367086054643964
2025-12-26,18,Optimal,-719.3121390036591,0.0,False,0.014254799985792488,9.094947017729282e-13,0,"[344, 354, 358, 348, 332, 334, 335]",0.07652807120219479,-0.7960255989049609
2025-12-27,0,Optimal,27141.60430950422,7.586372235593376e-05,False,0.8707898000138812,2.5792701308091637e-12,5,"[332, 349, 345, 355, 358, 337, 338]",0.0,0.0
2025-12-27,6,Optimal,-1330.477738104627,0.0,False,0.05184749999898486,9.094947017729282e-13,0,"[351, 343, 347, 349, 332, 359, 358]",0.4041877059144474,-2.8164832272255946
2025-12-27,12,Optimal,-966.1329024818004,0.0,False,0.03692609997233376,9.094947017729282e-13,0,"[345, 351, 359, 348, 350, 355, 356]",0.20549545630633542,-0.7354057332524124
2025-12-27,18,Optimal,-443.29925649489644,0.0,False,0.013717299996642396,9.094947017729282e-13,0,"[347, 341, 358, 333, 343, 334, 335]",0.08209599604829404,0.6626684470689987
2025-12-28,0,Optimal,63098.444615693516,0.0002571715457152388,False,0.9142524999915622,2.1600499167107046e-12,11,"[350, 353, 360, 355, 358, 337, 338]",0.0,0.0
2025-12-28,6,Optimal,-1870.5668395842956,0.00038715149831168604,False,0.6369500000146218,1.4779288903810084e-12,7,"[351, 343, 347, 349, 342, 359, 358]",0.40398992876550954,-3.734663013684942
2025-12-28,12,Optimal,-1156.102190737854,0.00014501586560017305,False,0.1544941000174731,1.8189894035458565e-12,3,"[345, 358, 359, 348, 350, 355, 356]",0.2053361028641716,-2.1719345001583545
2025-12-28,18,Optimal,-483.68271774094507,0.0,False,0.014695699996082112,8.881784197001252e-13,0,"[347, 354, 351, 348, 343, 334, 335]",0.08497576750813529,0.9046173814641585
2025-12-29,0,Optimal,62049.62037783885,0.0001724120052942944,False,0.867389799997909,3.581135388230905e-12,7,"[350, 361, 345, 355, 358, 337, 338]",0.0,0.0
2025-12-29,6,Optimal,69.68463542405583,0.0,False,2.7422086000151467,1.9326762412674725e-12,17,"[351, 352, 347, 361, 342, 359, 358]",0.40427081819525434,-1.439678288755593
2025-12-29,12,Optimal,-773.5070570598946,0.0,False,0.041270899993833154,9.094947017729282e-13,0,"[345, 358, 359, 348, 350, 355, 356]",0.20545226801236408,-4.011612760996503
2025-12-29,18,Optimal,-773.2010369856085,0.0,False,0.014613699982874095,9.094947017729282e-13,0,"[360, 346, 350, 349, 343, 334, 335]",0.082635227093823,-0.23733898854471688
2025-12-30,0,Optimal,61867.81118345737,0.00013900521038874916,False,0.34056840001721866,4.639844064513454e-12,5,"[350, 361, 345, 359, 340, 335, 338]",0.0,0.0
2025-12-30,6,Optimal,225.41460910548767,0.0008895036351319445,False,2.416736499988474,7.275957614183426e-12,15,"[351, 343, 347, 361, 350, 359, 358]",0.3963024367787927,6.901814169651906
2025-12-30,12,Optimal,-1426.857118223457,0.0002287767670519254,False,0.151349299994763,9.094947017729282e-13,1,"[347, 351, 361, 336, 350, 355, 356]",0.2036795184707864,1.1485124535204894
2025-12-30,18,Optimal,-776.1957095339615,0.0,False,0.013841900014085695,9.094947017729282e-13,0,"[360, 346, 345, 362, 353, 337, 335]",0.08179285176887172,-1.7415671962147643
2025-12-31,0,Optimal,63641.025538377085,0.0008325681604187856,False,1.901196599996183,3.183231456205249e-12,1008,"[350, 361, 354, 351, 341, 347, 338]",0.0,0.0
2025-12-31,6,Optimal,-606.3369320866587,0.0,False,1.0946632999985013,1.0402345651527867e-11,6,"[363, 362, 347, 361, 350, 359, 358]",0.3785568559590538,0.022599055640645186
2025-12-31,12,Optimal,171.30652985041124,0.00037927976595136315,False,0.16404740000143647,2.149391775674303e-12,4,"[346, 363, 360, 341, 350, 355, 356]",0.19285735540854262,-0.8461720932950733
2025-12-31,18,Optimal,210.83088806143527,0.0,False,0.015325199987273663,9.094947017729282e-13,0,"[360, 346, 350, 362, 353, 342, 338]",0.07601552756369383,-0.36401941040919533
