date,hour,status,fallback,gap,seconds,alpha,gain,objective,selected,candidates
2025-02-01,0,Optimal,False,0.00030584976528808764,2.8236488999973517,1.0,0.75,24294.543269068214,seed:0.0,44
2025-02-01,6,Optimal,False,0.0,0.8844045999867376,0.0,0.0,-1154.1174592420066,block:1:-20.0,40
2025-02-01,12,Optimal,False,0.0,0.7791956000000937,0.0,0.0,-438.9144079327541,seed:0.0,36
2025-02-01,18,Optimal,False,7.000562356485863e-05,0.31616919999942183,0.0,0.0,-277.0288212923521,seed:0.0,32
2025-02-02,0,Optimal,False,0.00040333224721121933,4.333923900005175,1.0,0.75,57557.2327872116,block:0:-20.0,44
2025-02-02,6,Optimal,False,0.0008573286143953907,2.9193482999980915,0.0,0.0,-138.01676650064155,block:1:-50.0,40
2025-02-02,12,Optimal,False,0.0001517466175476174,5.638344300008612,1.0,0.75,12.971845438891961,seed:0.0,36
2025-02-02,18,Optimal,False,0.00035128923294982796,0.5315919999993639,0.0,0.0,-85.87314342503353,seed:0.0,32
2025-02-03,0,Optimal,False,0.0003110058463003248,3.1046366000082344,0.0,0.0,59661.17058368199,block:0:-20.0,44
2025-02-03,6,Optimal,False,0.00038683371710786235,1.5558536000025924,0.0,0.0,-1689.865024841567,block:1:-20.0,40
2025-02-03,12,Optimal,False,0.0,1.2076380999933463,0.0,0.0,-641.5358010562396,seed:0.0,36
2025-02-03,18,Optimal,False,0.0006688121522545786,0.5203876000014134,0.0,0.0,88.47838314213618,seed:0.0,32
2025-02-04,0,Optimal,False,0.00023869256440248093,2.368854000000283,0.0,0.0,61272.005160158194,block:0:-20.0,44
2025-02-04,6,Optimal,False,0.00031823512396784493,2.6323372999904677,0.0,0.0,-1454.412547153023,block:1:-50.0,40
2025-02-04,12,Optimal,False,0.0006365787919167917,1.187884099999792,1.0,0.75,-1553.4085881007843,seed:0.0,36
2025-02-04,18,Optimal,False,0.0,0.43268489999172743,0.0,0.0,16.465835927318366,seed:0.0,32
2025-02-05,0,Optimal,False,0.00027090566736178296,3.224778799994965,0.75,0.75,57629.865151626975,policy_refine,44
2025-02-05,6,Optimal,False,0.00034488134356458906,2.2193745000113267,0.5,0.75,2866.2880518223774,block:1:-50.0,40
2025-02-05,12,Optimal,False,0.00012016915577762885,2.017400099997758,1.0,0.75,705.5026977562662,seed:0.0,36
2025-02-05,18,Optimal,False,0.00040635677486517194,0.4429385999974329,0.0,0.0,-131.92200347345226,seed:0.0,32
2025-02-06,0,Optimal,False,0.00046835062914939,2.1949030999967363,0.0,0.0,61015.62502753672,block:0:-20.0,44
2025-02-06,6,Optimal,False,0.0005897961672600919,2.625165300007211,0.0,0.0,-1845.764543965391,block:1:-50.0,40
2025-02-06,12,Optimal,False,0.0005462754092366654,0.7020843999926001,0.0,0.0,-1977.7858831498215,seed:0.0,36
2025-02-06,18,Optimal,False,0.0005042906522469511,0.49871250000433065,0.0,0.0,46.66714217851771,seed:0.0,32
2025-02-07,0,Optimal,False,0.0008093538167075722,1.729038399993442,0.0,0.0,22967.4899874733,block:1:-20.0,44
2025-02-07,6,Optimal,False,0.0,1.493474899994908,0.0,0.0,-522.2150510847902,block:1:-50.0,40
2025-02-07,12,Optimal,False,0.0,0.6959288000070956,0.0,0.0,-483.83665467942717,seed:0.0,36
2025-02-07,18,Optimal,False,0.0008107583414626702,0.36624489999667276,0.0,0.0,-90.2005560178994,seed:0.0,32
2025-02-08,0,Optimal,False,0.0009162960486946712,1.754121700010728,0.0,0.0,19969.334475241674,block:2:-20.0,44
2025-02-08,6,Optimal,False,0.0,1.1199780000024475,0.0,0.0,933.1995644304627,seed:1.0,40
2025-02-08,12,Optimal,False,0.000637090715808542,0.7055211999977473,1.0,0.75,417.6354784594671,seed:0.0,36
2025-02-08,18,Optimal,False,0.0,0.3743670999974711,0.0,0.0,434.03231341553055,seed:0.0,32
2025-02-09,0,Optimal,False,0.00041539219383346994,2.447373700008029,1.0,0.0,57517.88661095488,seed:0.0,44
2025-02-09,6,Optimal,False,8.131858139200295e-05,2.7848549999907846,0.0,0.0,-872.6710607727167,seed:0.0,40
2025-02-09,12,Optimal,False,0.0,1.3314644000056433,0.0,0.0,-660.753671891194,seed:0.0,36
2025-02-09,18,Optimal,False,0.0,0.5260990999959176,0.0,0.0,-310.2356144234083,seed:0.0,32
2025-02-10,0,Optimal,False,0.0004292971850702365,2.4648193000030005,0.0,0.0,54221.189031718495,block:0:-20.0,44
2025-02-10,6,Optimal,False,0.0,0.908854599998449,1.0,0.0,-1546.927215058484,seed:0.5,40
2025-02-10,12,Optimal,False,0.0,1.666318899995531,1.0,0.75,411.4025788924106,seed:0.0,36
2025-02-10,18,Optimal,False,0.0,0.533864100012579,0.0,0.0,-63.73975775372739,seed:0.0,32
2025-02-11,0,Optimal,False,0.00041368448931839233,5.074238100001821,0.0,0.0,54726.93436528806,block:1:-20.0,44
2025-02-11,6,Optimal,False,0.0005501225799867199,1.277948800008744,0.0,0.0,-1194.2473373194903,block:1:-50.0,40
2025-02-11,12,Optimal,False,0.0,0.6836618000088492,0.0,0.0,-947.3556699348438,seed:0.0,36
2025-02-11,18,Optimal,False,0.0,0.4750235999963479,0.0,0.0,-100.6816409417938,seed:0.0,32
2025-02-12,0,Optimal,False,0.0004705745612597038,4.847433799994178,0.5,0.75,54836.66189488966,policy_refine,44
2025-02-12,6,Optimal,False,0.0,0.9295890999928815,0.0,0.0,-2626.077279430586,block:1:-20.0,40
2025-02-12,12,Optimal,False,7.911587268761994e-05,0.9073726999922656,0.0,0.0,-858.3879437361962,seed:0.0,36
2025-02-12,18,Optimal,False,0.0002485820206492895,0.4709686000132933,0.0,0.0,43.91097022468432,seed:0.0,32
2025-02-13,0,Optimal,False,0.0007772735820705708,6.130945299999439,0.0,0.0,47801.156469725574,block:0:-20.0,44
2025-02-13,6,Optimal,False,0.0005825115579388404,9.541886899998644,1.0,0.75,1023.0265974539119,block:1:-20.0,40
2025-02-13,12,Optimal,False,0.0,5.795808900002157,1.0,0.75,2683.391860964049,seed:0.0,36
2025-02-13,18,Optimal,False,0.0003464613741986752,1.3382200000050943,0.0,0.0,-227.71509549812342,seed:0.0,32
2025-02-14,0,Optimal,False,0.0007206406159813433,8.115086099991458,1.0,0.0,17902.337732252257,policy_refine,44
2025-02-14,6,Optimal,False,0.0,0.8395120999921346,1.0,0.75,1107.153372241462,seed:1.0,40
2025-02-14,12,Optimal,False,0.0,0.49176360000274144,1.0,0.75,1112.0402313689867,seed:0.0,36
2025-02-14,18,Optimal,False,0.00010919654487072257,0.3327860999997938,0.0,0.0,269.4806992881711,seed:0.0,32
2025-02-15,0,Optimal,False,0.0008646677367862005,4.600819100000081,0.0,0.0,18446.222744050174,block:1:-20.0,44
2025-02-15,6,Optimal,False,0.0,0.9459073999896646,0.0,0.0,67.91095175626359,block:1:-20.0,40
2025-02-15,12,Optimal,False,0.00011128440088211335,0.931297999995877,1.0,0.75,259.831256356166,seed:0.0,36
2025-02-15,18,Optimal,False,0.0,0.4252416999952402,0.0,0.0,425.9345987286413,seed:0.0,32
2025-02-16,0,Optimal,False,0.0005913896565876777,3.4003851000015857,0.75,0.0,52393.69127698963,policy_refine,44
2025-02-16,6,Optimal,False,0.0,0.8982288000115659,0.0,0.0,-1081.524080389007,block:1:-50.0,40
2025-02-16,12,Optimal,False,0.0,0.5386788000032539,0.0,0.0,-786.3163763186063,seed:0.0,36
2025-02-16,18,Optimal,False,2.4072908156180773e-05,0.33906240000214893,0.0,0.0,2945.9347363718653,seed:0.0,32
2025-02-17,0,Optimal,False,0.0005287362860243615,2.8782351999980165,0.75,0.0,51097.95550580221,policy_refine,44
2025-02-17,6,Optimal,False,1.331635554595419e-05,1.4142537000006996,0.0,0.0,-1322.02388013354,block:1:-20.0,40
2025-02-17,12,Optimal,False,0.00060920764940724,0.8097125999920536,0.0,0.0,-161.95951309213805,seed:0.5,36
2025-02-17,18,Optimal,False,0.0005514910976097127,0.35452280000026803,0.0,0.0,811.6587287381824,seed:0.0,32
2025-02-18,0,Optimal,False,0.0006597371671015058,2.0881220000010217,0.0,0.0,46094.079524848996,block:0:-20.0,44
2025-02-18,6,Optimal,False,0.00028638857829625127,1.7180975999945076,0.0,0.0,4640.016276366117,block:1:-20.0,40
2025-02-18,12,Optimal,False,0.0009140303408441597,6.038540599998669,1.0,0.75,1487.6031300208504,seed:0.0,36
2025-02-18,18,Optimal,False,1.8779568324619988e-05,1.4250823000038508,0.0,0.0,526.0739701912713,seed:0.0,32
2025-02-19,0,Optimal,False,0.00038020462165853805,11.849047900002915,0.0,0.0,46098.255713961626,block:0:-20.0,44
2025-02-19,6,Optimal,False,0.0006520785632470958,4.065142599996761,1.0,0.75,2741.8125710864774,policy_refine,40
2025-02-19,12,Optimal,False,0.0003812387189462293,4.082457600001362,1.0,0.0,4309.168821197951,seed:0.0,36
2025-02-19,18,Optimal,False,0.0008471041519706637,1.0989621999906376,0.0,0.0,-174.5297589306661,seed:0.0,32
2025-02-20,0,Optimal,False,0.000664901136805305,11.480911899998318,0.0,0.0,48133.09880562231,block:0:-20.0,44
2025-02-20,6,Optimal,False,0.0,4.463209599998663,0.0,0.0,1371.4929187749667,seed:1.0,40
2025-02-20,12,Optimal,False,0.00015616962411720518,2.2340822000114713,0.0,0.0,513.3701500928732,block:3:-20.0,36
2025-02-20,18,Optimal,False,0.0,0.9245401000080165,0.0,0.0,561.0917958483319,seed:0.0,32
2025-02-21,0,Optimal,False,0.0008650464806226213,5.5640122999902815,0.0,0.0,17264.489310801117,block:1:-20.0,44
2025-02-21,6,Optimal,False,0.0,2.815042700007325,0.0,0.0,1648.8970919451133,block:1:-50.0,40
2025-02-21,12,Optimal,False,0.0,1.686010300007183,1.0,0.75,1281.91716043119,seed:0.0,36
2025-02-21,18,Optimal,False,6.0656187568786115e-05,1.145836000010604,0.0,0.0,91.23391037197445,seed:0.0,32
2025-02-22,0,Optimal,False,0.0009212730225567133,5.2588757000048645,0.0,0.0,17876.939698178732,block:1:-20.0,44
2025-02-22,6,Optimal,False,0.0,2.8773677999997744,0.0,0.0,1817.6276932679116,block:1:-20.0,40
2025-02-22,12,Optimal,False,0.0006898566220542841,2.372514799993951,0.0,0.0,1104.3759303636698,block:2:-20.0,36
2025-02-22,18,Optimal,False,0.0006881745107514172,1.0459168999950634,0.0,0.0,703.2837477182716,seed:0.0,32
2025-02-23,0,Optimal,False,0.0006864589183854919,6.442738099998678,0.0,0.0,47169.951848588316,block:0:-20.0,44
2025-02-23,6,Optimal,False,0.00060999059419142,4.770609200000763,0.0,0.0,4058.875195282446,block:1:-20.0,40
2025-02-23,12,Optimal,False,0.0,1.6930566000082763,0.0,0.0,528.668165503942,block:2:-20.0,36
2025-02-23,18,Optimal,False,0.0,1.0567723999993177,0.0,0.0,443.35649263256084,seed:0.0,32
2025-02-24,0,Optimal,False,0.0004914363250819873,6.269293200006359,0.0,0.0,46129.69881291174,block:0:-20.0,44
2025-02-24,6,Optimal,False,0.0006229606419430743,4.611285099992529,1.0,0.75,4706.507154566987,seed:0.5,40
2025-02-24,12,Optimal,False,0.0,0.49289160000626,0.0,0.0,-159.66572256782027,seed:0.0,36
2025-02-24,18,Optimal,False,3.003739004513079e-07,0.41072849999181926,0.0,0.0,672.3637777212191,seed:0.0,32
2025-02-25,0,Optimal,False,0.0004874967764745037,4.148923500004457,0.0,0.0,47270.058922901335,seed:1.0,44
2025-02-25,6,Optimal,False,0.0008687126838201508,2.2535796000011032,0.0,0.0,1318.9007889782076,policy_refine,40
2025-02-25,12,Optimal,False,0.0,0.6592385999974795,1.0,0.0,-209.55717114996096,policy_refine,36
2025-02-25,18,Optimal,False,0.00012581662779192806,0.29388319999270607,0.0,0.0,608.258357132427,seed:0.0,32
2025-02-26,0,Optimal,False,0.0006182553818165212,2.181947399993078,0.0,0.0,43295.41241052548,seed:1.0,44
2025-02-26,6,Optimal,False,0.00030930467382938047,1.7943529000040144,0.0,0.0,5579.9210551505475,block:1:-50.0,40
2025-02-26,12,Optimal,False,0.0008569419895382392,2.4319193999981508,0.0,0.0,4250.621746346523,seed:0.5,36
2025-02-26,18,Optimal,False,0.00036551192215558925,0.32376559999829624,0.0,0.0,523.0880445492697,seed:0.0,32
2025-02-27,0,Optimal,False,0.000635215082297426,2.485202699986985,0.0,0.0,43617.98275414943,seed:1.0,44
2025-02-27,6,Optimal,False,0.0003925552910679252,1.9937973000050988,0.0,0.0,3293.217013209623,policy_refine,40
2025-02-27,12,Optimal,False,0.00028780099138072697,4.612917999998899,1.0,0.75,2894.0366764335254,seed:0.0,36
2025-02-27,18,Optimal,False,0.0,0.34210710000479594,0.0,0.0,595.2053041710246,seed:0.0,32
2025-02-28,0,Optimal,False,0.0006815578817008526,3.975415399996564,0.0,0.0,16420.8577864714,seed:1.0,44
2025-02-28,6,Optimal,False,5.959653487044783e-06,1.1877791000006255,0.0,0.0,1603.811203498788,seed:1.0,40
2025-02-28,12,Optimal,False,0.0,0.6791974999941885,0.0,0.0,979.1327803018316,seed:0.5,36
2025-02-28,18,Optimal,False,0.00040123436502170615,0.4745771000016248,0.0,0.0,-80.37916891795331,seed:0.0,32
2025-03-01,0,Optimal,False,0.0008940089171721621,4.537112699996214,0.25,0.0,18431.01862966366,policy_refine,44
2025-03-01,6,Optimal,False,0.00010935940759284273,1.4144450000021607,0.0,0.0,229.87341180743385,seed:1.0,40
2025-03-01,12,Optimal,False,0.0,0.6976030000078026,1.0,0.75,45.55229128640855,seed:0.0,36
2025-03-01,18,Optimal,False,0.0,0.3255461000080686,0.0,0.0,413.6156996101282,seed:0.0,32
2025-03-02,0,Optimal,False,0.00040674548466135003,2.5496060000004945,0.25,0.0,49070.64224395355,policy_refine,44
2025-03-02,6,Optimal,False,2.6536057829027464e-05,3.471414300001925,0.0,0.0,2120.9641598428248,block:1:-50.0,40
2025-03-02,12,Optimal,False,0.0,2.0714060999889625,1.0,0.75,53.57886578505372,seed:0.0,36
2025-03-02,18,Optimal,False,0.0001631847246863289,0.36082360000000335,0.0,0.0,776.0183538645173,seed:0.0,32
2025-03-03,0,Optimal,False,0.00029986409321766194,5.169797700000345,0.25,0.75,50444.538574945414,policy_refine,44
2025-03-03,6,Optimal,False,0.0,3.0247717000020202,0.0,0.0,-141.1932617109058,block:1:-20.0,40
2025-03-03,12,Optimal,False,0.0003767196881337835,1.739499800009071,0.0,0.0,854.8692036094899,seed:0.5,36
2025-03-03,18,Optimal,False,0.00014840044191022757,0.3716058999998495,0.0,0.0,695.1803242524193,seed:0.0,32
2025-03-04,0,Optimal,False,0.00040911655924033227,2.373195799998939,0.0,0.0,45356.8390820722,seed:1.0,44
2025-03-04,6,Optimal,False,0.00019847322591754954,3.5785503999941284,0.0,0.0,3362.6443318705383,block:1:-20.0,40
2025-03-04,12,Optimal,False,0.0,3.5766666999988956,1.0,0.75,1064.36085597696,seed:0.0,36
2025-03-04,18,Optimal,False,0.0,0.34163510000507813,0.0,0.0,376.85905988608533,seed:0.0,32
2025-03-05,0,Optimal,False,0.00048527123967995113,4.677295400004368,0.0,0.0,46389.154147629844,block:1:-20.0,44
2025-03-05,6,Optimal,False,0.0007198356289982193,1.5654240000003483,0.0,0.0,1111.3798619397196,seed:0.0,40
2025-03-05,12,Optimal,False,0.0,0.5288048000074923,0.0,0.0,-1069.4146039827551,seed:0.0,36
2025-03-05,18,Optimal,False,0.00013024204724021996,0.550110099997255,0.0,0.0,292.70928364617,seed:0.0,32
2025-03-06,0,Optimal,False,0.0006403203817643855,4.220897099992726,0.0,0.0,43291.183346193895,block:1:-50.0,44
2025-03-06,6,Optimal,False,0.0007776834706415411,1.3578213000000687,0.0,0.0,2968.470141583017,block:1:-50.0,40
2025-03-06,12,Optimal,False,0.0,2.091480799994315,1.0,0.75,968.8411478346284,seed:0.0,36
2025-03-06,18,Optimal,False,0.0,0.3271989000058966,0.0,0.0,144.18141279800403,seed:0.0,32
2025-03-07,0,Optimal,False,0.0005900554570020606,1.936819700000342,0.0,0.0,17668.561842515017,block:0:-20.0,44
2025-03-07,6,Optimal,False,0.0,0.8731803999980912,0.0,0.0,-399.3702022959765,seed:1.0,40
2025-03-07,12,Optimal,False,0.00034933812621488146,0.8964415000082226,0.0,0.0,-14.708363772360304,seed:1.0,36
2025-03-07,18,Optimal,False,6.376033855879596e-05,0.3541389999882085,0.0,0.0,38.547039670727365,seed:0.0,32
2025-03-08,0,Optimal,False,0.00042838383853617795,4.943182099988917,0.0,0.0,15996.137318457393,block:1:-20.0,44
2025-03-08,6,Optimal,False,0.0,0.8688827000005404,0.0,0.0,676.2184088007754,seed:0.5,40
2025-03-08,12,Optimal,False,0.0004399004768574402,1.0338415000005625,1.0,0.75,120.96820552960642,seed:0.0,36
2025-03-08,18,Optimal,False,0.0,0.3661193000007188,0.0,0.0,-143.49386585738074,seed:0.0,32
2025-03-09,0,Optimal,False,0.0003939275960263449,6.6312864999927115,1.0,0.75,44325.52435537485,policy_refine,44
2025-03-09,6,Optimal,False,0.0,0.9563253999949666,0.0,0.0,104.08092070944369,block:1:-50.0,40
2025-03-09,12,Optimal,False,0.0,1.530394499990507,0.0,0.0,516.2341155919296,seed:0.0,36
2025-03-09,18,Optimal,False,0.0007563173365846709,0.3872745999979088,0.0,0.0,-194.4887265079984,seed:0.0,32
2025-03-10,0,Optimal,False,0.0004278060685905403,4.498294700009865,0.0,0.0,42700.8342154101,block:0:-20.0,44
2025-03-10,6,Optimal,False,0.000971799407171403,4.484972999998718,0.75,0.75,4262.127424153026,policy_refine,40
2025-03-10,12,Optimal,False,0.0,7.029196599993156,1.0,0.75,1650.6492886634028,seed:0.0,36
2025-03-10,18,Optimal,False,0.0,1.3860855999955675,0.0,0.0,-27.67251513729059,seed:0.0,32
2025-03-11,0,Optimal,False,0.0004689018847652178,11.051798700005747,0.0,0.0,38256.591906809335,block:1:-20.0,44
2025-03-11,6,Optimal,False,0.00011780683474295216,4.713117599996622,0.0,0.0,7961.080386501526,block:1:-20.0,40
2025-03-11,12,Optimal,False,4.86852563172239e-05,4.233574400001089,0.0,0.0,455.73031697323233,seed:0.0,36
2025-03-11,18,Optimal,False,2.5234606504617433e-06,0.4309040000080131,0.0,0.0,37.89796749960928,seed:0.0,32
2025-03-12,0,Optimal,False,0.0003312609807950889,4.015197400003672,0.0,0.0,44153.178424692196,block:1:20.0,44
2025-03-12,6,Optimal,False,0.0,0.7959465000021737,0.0,0.0,-1768.1088773472343,block:1:-50.0,40
2025-03-12,12,Optimal,False,0.0,0.7359454999968875,1.0,0.75,405.0223733196613,seed:0.0,36
2025-03-12,18,Optimal,False,0.0,0.44124070000543725,0.0,0.0,-122.08653894873555,seed:0.0,32
2025-03-13,0,Optimal,False,0.0005070684571571893,3.1147523000108777,0.0,0.0,44101.23596143685,block:1:-20.0,44
2025-03-13,6,Optimal,False,0.00036696782602631234,5.282515300001251,0.0,0.0,2817.216504652214,block:1:-20.0,40
2025-03-13,12,Optimal,False,0.0007380472477467978,4.191554100005305,1.0,0.75,2218.622780030965,seed:0.0,36
2025-03-13,18,Optimal,False,0.0003121133052854882,0.36372140000457875,0.0,0.0,-111.99082484583097,seed:0.0,32
2025-03-14,0,Optimal,False,0.0005566714486622597,2.206103800010169,0.0,0.0,15508.35243398682,seed:0.0,44
2025-03-14,6,Optimal,False,0.0,0.8931014999980107,0.0,0.0,898.9209821896827,block:1:-50.0,40
2025-03-14,12,Optimal,False,5.142299198167771e-05,0.7175997999875108,1.0,0.75,203.30647450406872,seed:0.0,36
2025-03-14,18,Optimal,False,0.00035357130643060654,0.34851630000048317,0.0,0.0,-50.52872757354271,seed:0.0,32
2025-03-15,0,Optimal,False,0.0005609398573731508,4.40859590000764,0.0,0.0,15844.17423529972,seed:1.0,44
2025-03-15,6,Optimal,False,0.0,0.9645199999940814,0.0,0.0,1311.350283301272,seed:1.0,40
2025-03-15,12,Optimal,False,0.0,0.5295552000025054,1.0,0.75,764.4210253494232,seed:0.0,36
2025-03-15,18,Optimal,False,0.0007751487242170064,0.35984620000817813,0.0,0.0,-34.00084750187145,seed:0.0,32
2025-03-16,0,Optimal,False,0.0003524755554941391,1.8367633000016212,0.0,0.0,43605.5257486155,seed:1.0,44
2025-03-16,6,Optimal,False,0.0004847374245262136,2.241986699998961,0.0,0.0,2872.9010375139956,block:1:-50.0,40
2025-03-16,12,Optimal,False,6.672464202662824e-05,1.091558600004646,1.0,0.75,316.6482368325987,seed:0.0,36
2025-03-16,18,Optimal,False,0.0,0.3615133999992395,0.0,0.0,5.664553977212133,seed:0.0,32
2025-03-17,0,Optimal,False,0.0004355619099382025,4.149276900003315,0.0,0.0,39810.516168373186,seed:1.0,44
2025-03-17,6,Optimal,False,0.0008484188728902956,1.1690091999917058,1.0,0.75,-1363.3141168945535,block:1:-20.0,40
2025-03-17,12,Optimal,False,0.00033448847680066533,1.8318160999915563,1.0,0.0,2243.571820278824,seed:0.0,36
2025-03-17,18,Optimal,False,0.0,0.3912015999958385,0.0,0.0,-118.09760073606971,seed:0.0,32
2025-03-18,0,Optimal,False,0.0002379603722721597,2.1898949000024004,0.0,0.0,45368.690251044056,block:1:-20.0,44
2025-03-18,6,Optimal,False,0.0,2.548323899987736,0.0,0.0,553.1886178793326,block:1:-20.0,40
2025-03-18,12,Optimal,False,0.0,1.4475235999998404,0.0,0.0,-243.90471904454668,block:3:-20.0,36
2025-03-18,18,Optimal,False,0.00099044378398889,0.3098552000010386,0.0,0.0,242.42592148338065,seed:0.0,32
2025-03-19,0,Optimal,False,0.0004771296630302388,4.824725300000864,0.0,0.0,38106.64628453503,seed:0.0,44
2025-03-19,6,Optimal,False,0.000408952816237291,3.5266639000037685,0.0,0.0,4621.259714199487,block:1:-50.0,40
2025-03-19,12,Optimal,False,0.0,2.4999274000001606,1.0,0.0,404.22390936468673,seed:0.0,36
2025-03-19,18,Optimal,False,0.0,0.3907729000056861,0.0,0.0,-278.8980020728262,seed:0.0,32
2025-03-20,0,Optimal,False,0.000511753068653278,9.891584400000283,0.0,0.0,42532.25541347218,block:0:-20.0,44
2025-03-20,6,Optimal,False,0.0,0.8755301000055624,0.0,0.0,-1288.9699116072293,block:1:-20.0,40
2025-03-20,12,Optimal,False,0.00044862308809424744,8.790897400001995,1.0,0.75,505.55130644954534,seed:0.0,36
2025-03-20,18,Optimal,False,0.0003851311888691786,0.37364370000432245,1.0,0.75,568.1805143715119,seed:0.0,32
2025-03-21,0,Optimal,False,0.00022086229464137025,4.434504200005904,0.0,0.0,15159.10724809614,block:0:-20.0,44
2025-03-21,6,Optimal,False,0.0,0.8607405999937328,0.0,0.0,21.720036309138358,block:1:-20.0,40
2025-03-21,12,Optimal,False,0.0008523914084522654,0.659394300004351,0.0,0.0,33.12198007565523,seed:0.0,36
2025-03-21,18,Optimal,False,0.0,0.33221839999896474,0.0,0.0,-158.20385776222648,seed:0.0,32
2025-03-22,0,Optimal,False,0.00044593642861337387,7.172044300008565,0.0,0.0,16415.189779133332,block:0:-20.0,44
2025-03-22,6,Optimal,False,0.0,0.9039273000089452,0.0,0.0,68.0167417462779,block:1:-50.0,40
2025-03-22,12,Optimal,False,0.0,0.7099857000139309,0.0,0.0,-197.29556765379655,seed:0.0,36
2025-03-22,18,Optimal,False,0.00010615463654496276,0.379875800004811,0.0,0.0,-191.67727766417815,seed:0.0,32
2025-03-23,0,Optimal,False,0.0005543427091287247,5.322697700001299,1.0,0.75,43530.82552094709,block:0:-20.0,44
2025-03-23,6,Optimal,False,0.0,1.1469549999892479,1.0,0.0,-800.5339401881245,block:1:-20.0,40
2025-03-23,12,Optimal,False,0.0007430929709637455,0.7555054000113159,0.0,0.0,-1292.5474663647562,seed:0.0,36
2025-03-23,18,Optimal,False,0.000747836199803495,0.45525410000118427,1.0,0.75,52.06639307758097,seed:0.0,32
2025-03-24,0,Optimal,False,0.0005034496373622398,5.603673599995091,0.0,0.0,40923.6005104942,block:0:-20.0,44
2025-03-24,6,Optimal,False,4.133443735316062e-06,3.6747119999927236,1.0,0.75,1929.0244032648698,block:1:-20.0,40
2025-03-24,12,Optimal,False,0.0007407850244328693,3.433583099991665,1.0,0.0,1705.88061462544,seed:0.0,36
2025-03-24,18,Optimal,False,0.0,0.4184913999924902,1.0,0.75,38.844796959973905,seed:0.0,32
2025-03-25,0,Optimal,False,0.0005142402634026748,2.2842782999941846,0.0,0.0,45307.2223774528,block:0:-20.0,44
2025-03-25,6,Optimal,False,0.0,0.8921811000036541,0.0,0.0,-2706.5281134941915,block:1:-20.0,40
2025-03-25,12,Optimal,False,0.0007464467097135457,1.0062004999927012,1.0,0.75,-319.0052837890155,seed:0.0,36
2025-03-25,18,Optimal,False,0.0,0.3542291999910958,1.0,0.75,-28.738772580545287,seed:0.0,32
2025-03-26,0,Optimal,False,0.0005948580445753602,2.0811923000001116,0.0,0.0,39178.34758248454,block:0:-20.0,44
2025-03-26,6,Optimal,False,0.0008820245895211469,1.5907963999925414,0.0,0.0,1853.260950126892,block:1:-20.0,40
2025-03-26,12,Optimal,False,0.0,0.6739229999948293,0.0,0.0,-364.21582227686287,seed:0.0,36
2025-03-26,18,Optimal,False,0.0,0.39956989999336656,0.0,0.0,-189.4146312938473,seed:0.0,32
2025-03-27,0,Optimal,False,0.000988016492171021,2.0538118000113172,0.0,0.0,41609.926668019165,seed:1.0,44
2025-03-27,6,Optimal,False,0.00016166855692865663,3.669326200004434,0.0,0.0,2108.8628812695415,block:1:-20.0,40
2025-03-27,12,Optimal,False,0.0,1.5479965999984415,1.0,0.75,-348.75516549164007,seed:0.0,36
2025-03-27,18,Optimal,False,0.0006524518113267786,0.35795299999881536,1.0,0.75,285.2021702906793,seed:0.0,32
2025-03-28,0,Optimal,False,0.0005281072701604577,4.028206600007252,0.0,0.0,15517.446895864718,block:1:-50.0,44
2025-03-28,6,Optimal,False,0.0,1.3903762999980245,0.0,0.0,33.7642186143206,seed:1.0,40
2025-03-28,12,Optimal,False,0.0,0.6496652000059839,0.0,0.0,127.6543586901902,block:2:-20.0,36
2025-03-28,18,Optimal,False,0.0,0.40634570000111125,0.0,0.0,-146.81515912735466,seed:0.0,32
2025-03-29,0,Optimal,False,0.0006690762804336626,6.209618599998066,0.0,0.0,14003.515954994848,seed:0.5,44
2025-03-29,6,Optimal,False,0.0,1.0773970000009285,1.0,0.75,897.9547521829251,seed:1.0,40
2025-03-29,12,Optimal,False,8.485716106928067e-05,0.7035783000028459,1.0,0.75,694.3416011149707,block:2:-20.0,36
2025-03-29,18,Optimal,False,0.0,0.42570350000460166,0.0,0.0,145.48941199274762,seed:0.0,32
2025-03-30,0,Optimal,False,0.0005300521878474015,5.064615799987223,0.0,0.0,40294.43995863725,block:0:-20.0,44
2025-03-30,6,Optimal,False,0.0,0.8741319999971893,0.0,0.0,-1237.57902011658,seed:0.0,40
2025-03-30,12,Optimal,False,0.0,1.3774646999954712,1.0,0.75,-960.5188314756116,seed:0.0,36
2025-03-30,18,Optimal,False,0.0006704566876333081,0.45371139999770094,0.0,0.0,-89.2197002545319,seed:0.0,32
2025-03-31,0,Optimal,False,0.000713007321568303,6.9226658000116,0.0,0.0,36046.54197960552,block:1:-50.0,44
2025-03-31,6,Optimal,False,0.0002482713809673301,1.9226802000048338,0.0,0.0,8011.981469425704,block:1:-20.0,40
2025-03-31,12,Optimal,False,0.0,3.8145948000019416,1.0,0.75,148.684179608332,seed:0.0,36
2025-03-31,18,Optimal,False,0.0005900658612193971,0.3213236000010511,0.0,0.0,488.9987032633305,seed:0.0,32
2025-04-01,0,Optimal,False,0.0005326042986602498,4.663618499995209,0.0,0.0,42588.58809489795,block:1:-20.0,44
2025-04-01,6,Optimal,False,0.0001049884107501846,2.3603035999985877,0.0,0.0,3780.372922646926,seed:1.0,40
2025-04-01,12,Optimal,False,0.0,1.980463600004441,1.0,0.75,630.2649828464516,seed:0.0,36
2025-04-01,18,Optimal,False,0.0,0.38320749999547843,0.0,0.0,-157.5536666253102,seed:0.0,32
2025-04-02,0,Optimal,False,0.0004915784725524078,5.137719999998808,0.0,0.0,40134.96682681213,block:0:-20.0,44
2025-04-02,6,Optimal,False,0.0002434239747395833,2.6928109000000404,0.75,0.75,4764.399739500183,policy_refine,40
2025-04-02,12,Optimal,False,3.895882178950817e-06,1.369072600005893,0.0,0.0,61.90810054583138,seed:0.0,36
2025-04-02,18,Optimal,False,1.753395240115692e-05,0.4621095000038622,0.0,0.0,-197.35276632435531,seed:0.0,32
2025-04-03,0,Optimal,False,0.00043826074383083617,5.63466409999819,0.0,0.0,42061.47187090941,block:0:-20.0,44
2025-04-03,6,Optimal,False,0.0,0.8651676000008592,0.0,0.0,-1424.6779862948124,block:1:-20.0,40
2025-04-03,12,Optimal,False,0.0,0.7497732999909203,0.0,0.0,-763.0343974357572,seed:0.0,36
2025-04-03,18,Optimal,False,0.0,0.5710331000009319,0.0,0.0,-157.21673723862062,seed:0.0,32
2025-04-04,0,Optimal,False,0.0003874186110826125,3.921502100012731,1.0,0.0,13725.822693931003,policy_refine,44
2025-04-04,6,Optimal,False,0.0,0.8428880999999819,1.0,0.0,260.12729302704577,seed:1.0,40
2025-04-04,12,Optimal,False,0.00028923670263365927,0.7723621000041021,0.0,0.0,709.5653979241374,seed:0.0,36
2025-04-04,18,Optimal,False,0.0,0.357464999993681,0.0,0.0,-268.48098515668164,seed:0.0,32
2025-04-05,0,Optimal,False,0.00017606991502350849,1.9060259999969276,1.0,0.0,13656.438457572567,policy_refine,44
2025-04-05,6,Optimal,False,0.0,0.8505134000006365,0.0,0.0,446.26017554366456,block:1:-20.0,40
2025-04-05,12,Optimal,False,0.0,0.5021386000007624,0.0,0.0,333.2956145446643,seed:0.0,36
2025-04-05,18,Optimal,False,0.0005481071149685287,0.3442819000047166,0.0,0.0,351.7532648949179,seed:0.0,32
2025-04-06,0,Optimal,False,0.00033748172277239536,2.016866800011485,0.0,0.0,38641.84690575151,block:0:-20.0,44
2025-04-06,6,Optimal,False,0.0,0.8668215000070632,0.0,0.0,244.35360671648115,block:1:-20.0,40
2025-04-06,12,Optimal,False,0.0007443626464839028,0.7563755000010133,0.0,0.0,378.04191860713746,seed:0.0,36
2025-04-06,18,Optimal,False,0.0,0.3999889999977313,0.0,0.0,-321.69002324493,seed:0.0,32
2025-04-07,0,Optimal,False,0.0004214716927403927,3.924499400003697,0.0,0.0,33777.81486836282,block:3:20.0,44
2025-04-07,6,Optimal,False,0.00015403277426441532,1.8981578999955673,0.0,0.0,4513.66006792458,block:1:-20.0,40
2025-04-07,12,Optimal,False,0.0,2.3818696000089403,0.0,0.0,41.70333379412017,seed:0.5,36
2025-04-07,18,Optimal,False,0.0,0.5659608000132721,0.0,0.0,-1058.6037618087184,seed:1.0,32
2025-04-08,0,Optimal,False,0.0003118444786578541,2.3855872999993153,0.0,0.0,39558.568167134224,block:0:-20.0,44
2025-04-08,6,Optimal,False,0.0,0.8490105999953812,0.0,0.0,-250.3826664644746,seed:0.0,40
2025-04-08,12,Optimal,False,0.0,0.5146535999956541,0.0,0.0,-1043.2969389511902,seed:0.0,36
2025-04-08,18,Optimal,False,0.0007888972644967754,0.3079043999896385,0.0,0.0,92.80293668959222,seed:0.0,32
2025-04-09,0,Optimal,False,0.0004008998854477032,2.4252621000050567,0.0,0.0,38721.501777093225,block:1:-50.0,44
2025-04-09,6,Optimal,False,0.0,1.755443700007163,0.0,0.0,4268.956353512276,block:1:-20.0,40
2025-04-09,12,Optimal,False,0.00040867223436870707,0.79252479999559,0.0,0.0,-85.75969835353337,seed:0.0,36
2025-04-09,18,Optimal,False,0.0,0.38869409999460913,0.0,0.0,-207.73256973938365,seed:0.0,32
2025-04-10,0,Optimal,False,0.00045900035446255543,2.8175087999989046,0.0,0.0,37882.47728402904,block:1:-20.0,44
2025-04-10,6,Optimal,False,0.0,1.50702089999686,1.0,0.0,4229.393446418296,seed:0.0,40
2025-04-10,12,Optimal,False,0.0,0.5096917000046233,0.0,0.0,-1297.3161445929004,seed:0.0,36
2025-04-10,18,Optimal,False,0.000587086393307696,0.33755279998877086,0.0,0.0,247.1371485038449,seed:0.0,32
2025-04-11,0,Optimal,False,0.00012328930792951536,1.6746000999992248,0.0,0.0,12982.579255027953,block:1:-50.0,44
2025-04-11,6,Optimal,False,0.0,0.9240846999891801,0.0,0.0,677.5228268105701,seed:1.0,40
2025-04-11,12,Optimal,False,0.0,0.7317350999946939,0.0,0.0,-211.8693145471931,seed:0.0,36
2025-04-11,18,Optimal,False,2.7268491631544635e-05,0.3848776000086218,0.0,0.0,394.5352630761215,seed:0.0,32
2025-04-12,0,Optimal,False,0.00012699545645682622,5.442110200005118,0.0,0.0,14238.959909827852,seed:0.5,44
2025-04-12,6,Optimal,False,0.0,0.8439260000013746,0.0,0.0,-570.2163342084167,seed:1.0,40
2025-04-12,12,Optimal,False,4.8312277805150375e-06,0.6514862000040011,0.0,0.0,-79.80191578877348,seed:0.0,36
2025-04-12,18,Optimal,False,0.0,0.39295039999706205,0.0,0.0,-144.35267313146915,seed:0.0,32
2025-04-13,0,Optimal,False,0.0007327519013794482,3.8315609999990556,0.0,0.0,34918.68038227128,block:1:-20.0,44
2025-04-13,6,Optimal,False,0.0,0.8648226999939652,0.0,0.0,4116.11501079848,block:1:-50.0,40
2025-04-13,12,Optimal,False,0.000564269677202168,0.6174919000040973,1.0,0.0,1272.7133973543403,seed:0.0,36
2025-04-13,18,Optimal,False,0.0008616662047676561,0.3599183000042103,0.0,0.0,261.90025415949384,seed:0.0,32
2025-04-14,0,Optimal,False,0.0007315451386087694,4.20871169999009,0.0,0.0,38459.004755738984,block:0:-20.0,44
2025-04-14,6,Optimal,False,0.0,0.8606127999955788,0.0,0.0,-2204.5224248556196,block:1:-20.0,40
2025-04-14,12,Optimal,False,0.0,0.5253899000090314,0.0,0.0,-340.9042825756287,block:2:-20.0,36
2025-04-14,18,Optimal,False,0.00027930663946717816,0.3530575999902794,0.0,0.0,912.6467187644869,seed:0.0,32
2025-04-15,0,Optimal,False,0.00030669804200728735,2.0356613000039943,0.0,0.0,32951.543717956134,block:1:-20.0,44
2025-04-15,6,Optimal,False,0.0,2.781877600005828,0.5,0.75,5163.553380005226,block:1:-20.0,40
2025-04-15,12,Optimal,False,0.0,3.6395208000030834,1.0,0.0,2134.4465994503707,seed:0.5,36
2025-04-15,18,Optimal,False,0.0009645846411249744,0.3042308000003686,0.0,0.0,762.8087253141974,seed:0.0,32
2025-04-16,0,Optimal,False,0.000506194348976921,4.257399199996144,0.0,0.0,35101.88176206558,block:0:-20.0,44
2025-04-16,6,Optimal,False,0.0009772087094753776,1.980781999998726,0.0,0.0,5580.656366948798,block:1:-20.0,40
2025-04-16,12,Optimal,False,0.0005393977409288297,3.9079724000039278,1.0,0.75,1362.1988910074401,seed:0.0,36
2025-04-16,18,Optimal,False,0.0009928356196078033,0.4906394999998156,0.0,0.0,-210.60530702519677,seed:0.0,32
2025-04-17,0,Optimal,False,0.0004895316571824362,6.059878899992327,0.0,0.0,33345.3515241258,block:0:-20.0,44
2025-04-17,6,Optimal,False,0.0007903516990810528,4.627377699987846,1.0,0.75,6521.619800915965,seed:1.0,40
2025-04-17,12,Optimal,False,0.0006850184850845305,9.76634250000643,1.0,0.75,614.5049233102486,seed:0.0,36
2025-04-17,18,Optimal,False,0.0,0.4999777000048198,0.0,0.0,-37.17017667821594,seed:0.0,32
2025-04-18,0,Optimal,False,0.0002758661278733508,4.238584999999148,0.0,0.0,12837.204863589614,seed:0.5,44
2025-04-18,6,Optimal,False,0.0,0.8567364999908023,0.0,0.0,-25.656595454415722,seed:1.0,40
2025-04-18,12,Optimal,False,0.0,0.5532192000100622,0.0,0.0,325.6548518303508,block:2:-20.0,36
2025-04-18,18,Optimal,False,0.0,0.4388745000032941,0.0,0.0,-252.30764404490594,seed:0.0,32
2025-04-19,0,Optimal,False,0.00042318012370241013,1.6233102999976836,0.0,0.0,12401.692226841791,block:2:-20.0,44
2025-04-19,6,Optimal,False,0.0,1.0285576000023866,0.0,0.0,-223.84843546478393,seed:1.0,40
2025-04-19,12,Optimal,False,0.0,0.5082725999964168,0.0,0.0,1211.2108206943415,seed:0.5,36
2025-04-19,18,Optimal,False,0.0,0.3122173000010662,0.0,0.0,-238.00875425218024,seed:0.0,32
2025-04-20,0,Optimal,False,0.0007449404371504758,4.695839000007254,0.0,0.0,33995.19551766369,block:0:20.0,44
2025-04-20,6,Optimal,False,0.0,1.9991416999982903,0.0,0.0,3508.2249784007095,block:1:-20.0,40
2025-04-20,12,Optimal,False,0.00010209579679546864,0.843628800008446,0.0,0.0,1747.8847662905173,seed:0.0,36
2025-04-20,18,Optimal,False,0.0,0.4179096000007121,0.0,0.0,-189.24218294302395,seed:0.0,32
2025-04-21,0,Optimal,False,0.0005767503111004587,7.048741200007498,0.75,0.75,35234.53667920736,policy_refine,44
2025-04-21,6,Optimal,False,0.0,0.8563311000034446,0.0,0.0,-785.2225410900405,seed:1.0,40
2025-04-21,12,Optimal,False,0.0,1.9462863999942783,0.0,0.0,49.462159042802384,seed:0.0,36
2025-04-21,18,Optimal,False,0.0002952667684228965,0.648076299999957,0.0,0.0,-27.84401285064054,seed:0.0,32
2025-04-22,0,Optimal,False,0.000577191758975036,3.4115552000002936,0.25,0.0,33492.09024950525,policy_refine,44
2025-04-22,6,Optimal,False,0.0004627713617397679,4.059718900010921,0.5,0.75,7266.5534550093325,policy_refine,40
2025-04-22,12,Optimal,False,0.0009421202857203696,1.4946873000008054,0.0,0.0,3941.8733968718125,block:3:-20.0,36
2025-04-22,18,Optimal,False,0.0,0.3788446999969892,0.0,0.0,1972.7985902773914,block:3:-20.0,32
2025-04-23,0,Optimal,False,0.000463287585305419,6.445219600005657,0.0,0.0,23615.84783871947,block:3:20.0,44
2025-04-23,6,Optimal,False,0.0,0.9667473000008613,0.0,0.0,-4362.502633241729,block:3:20.0,40
2025-04-23,12,Optimal,False,0.0007238155978037172,0.7103735999990022,0.0,0.0,-9667.241076554124,block:3:20.0,36
2025-04-23,18,Optimal,False,0.000875367062059471,0.38397290000284556,0.0,0.0,-10581.42698554604,block:3:-20.0,32
2025-04-24,0,Optimal,False,0.0003211273833551859,7.343279699998675,0.0,0.0,25555.728881572108,block:3:20.0,44
2025-04-24,6,Optimal,False,0.0,0.9378465999907348,0.0,0.0,-6746.121226337379,block:3:20.0,40
2025-04-24,12,Optimal,False,0.0,0.5739560999936657,0.0,0.0,-8218.773240021383,block:2:-20.0,36
2025-04-24,18,Optimal,False,0.0003668255507885634,0.3645487000030698,0.0,0.0,-8794.190300379516,block:3:20.0,32
2025-04-25,0,Optimal,False,0.0,1.31860990000132,0.0,0.0,10843.275359210202,seed:0.5,44
2025-04-25,6,Optimal,False,0.0,1.6493676000100095,0.0,0.0,-196.06642749405083,seed:0.0,40
2025-04-25,12,Optimal,False,0.0,0.5336373000027379,0.0,0.0,-498.1872414371872,seed:0.0,36
2025-04-25,18,Optimal,False,7.688312700486702e-05,0.434233599997242,0.0,0.0,-283.94970409150676,seed:1.0,32
2025-04-26,0,Optimal,False,0.00042362996609093606,2.2618878000066616,0.0,0.0,12338.207141593275,block:2:-20.0,44
2025-04-26,6,Optimal,False,0.0,1.520157899998594,1.0,0.75,189.33572889753313,seed:1.0,40
2025-04-26,12,Optimal,False,0.0,0.5949033000069903,0.0,0.0,681.1791853198262,block:2:-20.0,36
2025-04-26,18,Optimal,False,0.0,0.4323042999894824,0.0,0.0,-133.4487294403299,seed:0.0,32
2025-04-27,0,Optimal,False,0.0005663339070968188,4.749855999994907,0.0,0.0,31492.612465258935,block:3:20.0,44
2025-04-27,6,Optimal,False,0.00018726968552642634,2.0510492000030354,1.0,0.75,3231.9592778615665,block:3:20.0,40
2025-04-27,12,Optimal,False,0.0,0.60256610000215,0.0,0.0,-729.768827936609,seed:1.0,36
2025-04-27,18,Optimal,False,0.0005653750679664232,0.4603916000050958,0.0,0.0,-742.7307304084853,seed:0.5,32
2025-04-28,0,Optimal,False,0.00034905002681985634,5.284998100003577,0.0,0.0,32233.48019419059,block:3:20.0,44
2025-04-28,6,Optimal,False,0.00046814934601385,1.9771803000039654,0.0,0.0,-7854.861899338953,block:2:20.0,40
2025-04-28,12,Optimal,False,0.0,0.5993563999945763,0.0,0.0,-13787.930646252767,block:3:20.0,36
2025-04-28,18,Optimal,False,0.0002760566118091694,0.389767300002859,0.0,0.0,-12941.608609576922,block:3:-20.0,32
2025-04-29,0,Optimal,False,0.00013615961064742857,8.471379200011143,0.5,0.75,31451.40905182532,policy_refine,44
2025-04-29,6,Optimal,False,0.000456911656291706,2.4403002000035485,0.0,0.0,3539.4965994003096,policy_refine,40
2025-04-29,12,Optimal,False,0.0006117642751867256,1.939194899998256,0.25,0.75,3261.210295054031,policy_refine,36
2025-04-29,18,Optimal,False,0.0,0.3376529999950435,0.0,0.0,1718.027916373029,block:3:-20.0,32
2025-04-30,0,Optimal,False,0.0004612872615972911,8.93857030000072,0.0,0.0,31614.717955056556,block:3:20.0,44
2025-04-30,6,Optimal,False,0.0,1.9643629000056535,0.0,0.0,1383.8340074966213,block:1:-20.0,40
2025-04-30,12,Optimal,False,0.0001268973176058532,17.927998699989985,0.0,0.0,170.9618675025614,seed:0.5,36
2025-04-30,18,Optimal,False,0.0005495102179304066,2.3605948999902466,0.0,0.0,-709.8752049522883,seed:1.0,32
2025-05-01,0,Optimal,False,0.00041433637685344755,10.63770750000549,0.0,0.0,26909.793126345674,block:2:-20.0,44
2025-05-01,6,Optimal,False,0.0,0.8302362999966135,0.0,0.0,-4042.5480646844894,block:1:-20.0,40
2025-05-01,12,Optimal,False,0.0007735967584297417,0.6444535000046017,0.0,0.0,-8987.653592690694,block:3:50.0,36
2025-05-01,18,Optimal,False,0.0007006376431275798,0.3358347000030335,0.0,0.0,-8846.162999370661,block:3:50.0,32
2025-05-02,0,Optimal,False,0.0,1.2178646000102162,0.0,0.0,12412.055601168813,seed:0.5,44
2025-05-02,6,Optimal,False,0.0,0.8897850000066683,0.0,0.0,110.68364302297266,seed:1.0,40
2025-05-02,12,Optimal,False,0.0,1.0253775000019232,0.0,0.0,-149.850966193162,block:2:-20.0,36
2025-05-02,18,Optimal,False,6.453129937625885e-05,0.36152880000008736,0.0,0.0,2981.775870358989,seed:0.0,32
2025-05-03,0,Optimal,False,0.00036631698695410654,2.2294638000021223,1.0,0.0,12692.811709214171,seed:0.5,44
2025-05-03,6,Optimal,False,0.0,1.3121456999942893,0.0,0.0,-151.32745286428514,seed:1.0,40
2025-05-03,12,Optimal,False,7.250454019912989e-05,0.9260933000041405,0.75,0.75,959.7041419353345,policy_refine,36
2025-05-03,18,Optimal,False,0.0,0.3423304000025382,0.0,0.0,2056.9346924480856,seed:0.0,32
2025-05-04,0,Optimal,False,0.0009586687846478192,4.830744399994728,0.0,0.0,30752.127800196955,block:3:20.0,44
2025-05-04,6,Optimal,False,0.0,1.0211109000083525,0.0,0.0,-7348.474380929035,block:3:20.0,40
2025-05-04,12,Optimal,False,0.0,0.6368168999906629,0.0,0.0,-11226.208173041245,block:3:50.0,36
2025-05-04,18,Optimal,False,0.00039507917242967086,0.5108386000065366,0.0,0.0,-6399.514071473743,block:3:20.0,32
2025-05-05,0,Optimal,False,0.00025406388857484924,2.4063084999943385,0.0,0.0,35573.760833767854,block:1:-20.0,44
2025-05-05,6,Optimal,False,0.0,0.9418818999984069,1.0,0.0,1483.0128733696129,policy_refine,40
2025-05-05,12,Optimal,False,1.919227499790479e-05,1.1829398999980185,0.75,0.0,1622.913494677638,policy_refine,36
2025-05-05,18,Optimal,False,0.0009847618582822966,0.3264575000066543,1.0,0.75,5725.950290262945,policy_refine,32
2025-05-06,0,Optimal,False,0.00048488687267527717,2.212632199996733,0.0,0.0,31496.80309422495,block:1:-20.0,44
2025-05-06,6,Optimal,False,0.0,1.138818599996739,0.0,0.0,5355.502083414475,block:1:-50.0,40
2025-05-06,12,Optimal,False,0.000283735943645131,1.1147977000073297,1.0,0.0,2142.1200017160463,seed:0.0,36
2025-05-06,18,Optimal,False,1.2716601260205769e-05,0.3744165999960387,0.0,0.0,2532.140503169542,seed:0.0,32
2025-05-07,0,Optimal,False,0.0007446376935576548,5.200001899997005,0.0,0.0,34382.24994651919,block:0:-20.0,44
2025-05-07,6,Optimal,False,0.0,1.5802819000091404,0.0,0.0,5409.7863405423,block:1:-20.0,40
2025-05-07,12,Optimal,False,0.0,1.1853122000029543,1.0,0.75,1689.1158519313383,seed:1.0,36
2025-05-07,18,Optimal,False,0.0,0.3755321000062395,0.0,0.0,2897.7680327228645,seed:0.0,32
2025-05-08,0,Optimal,False,0.0005999999986433043,9.437803499997244,0.0,0.0,30956.54071240483,block:3:20.0,44
2025-05-08,6,Optimal,False,0.0001084707541474528,1.1228351000027033,0.0,0.0,-4707.602960914854,block:3:20.0,40
2025-05-08,12,Optimal,False,0.0,0.9494001999992179,0.0,0.0,-7103.254109679778,seed:1.0,36
2025-05-08,18,Optimal,False,0.0002983199578195982,0.3092031000123825,0.0,0.0,-6359.640033043617,block:3:50.0,32
2025-05-09,0,Optimal,False,0.0,1.2613386000011815,0.0,0.0,10995.899440076604,seed:0.0,44
2025-05-09,6,Optimal,False,0.0,0.8457479999924544,0.75,0.75,2747.1415975291766,policy_refine,40
2025-05-09,12,Optimal,False,0.0,0.5134852999908617,1.0,0.75,2571.8800436494375,seed:1.0,36
2025-05-09,18,Optimal,False,0.0,0.23256959998980165,0.0,0.0,1563.80998091973,seed:0.0,32
2025-05-10,0,Optimal,False,0.0002898372149787271,3.869373800000176,0.0,0.0,12562.27352022801,seed:1.0,44
2025-05-10,6,Optimal,False,0.0,1.0846626999991713,0.0,0.0,1605.7946892460586,seed:1.0,40
2025-05-10,12,Optimal,False,0.00018580777266465217,0.6954563000035705,0.0,0.0,977.2513641529918,seed:1.0,36
2025-05-10,18,Optimal,False,0.0,0.25499780000245664,0.0,0.0,2558.3798493725944,seed:0.0,32
2025-05-11,0,Optimal,False,0.000603422969360361,9.053425099991728,0.0,0.0,34671.48627902607,block:1:-20.0,44
2025-05-11,6,Optimal,False,0.0,1.6556773999909637,0.0,0.0,4134.356305290663,block:1:-20.0,40
2025-05-11,12,Optimal,False,0.00022458250271533697,0.8548799999989569,1.0,0.0,3148.76543373302,seed:1.0,36
2025-05-11,18,Optimal,False,7.227202125610883e-05,0.3209713999967789,0.0,0.0,2109.8428033279006,seed:0.0,32
2025-05-12,0,Optimal,False,0.0005875064596217117,3.5426712000044063,0.0,0.0,31452.254463822977,block:1:-20.0,44
2025-05-12,6,Optimal,False,0.0007794881420679448,1.2357544999977108,0.0,0.0,7606.033267351391,block:1:-20.0,40
2025-05-12,12,Optimal,False,0.0,0.7725565000000643,0.75,0.75,3664.320422647342,policy_refine,36
2025-05-12,18,Optimal,False,0.0,0.24960349999309983,0.0,0.0,4164.904362629666,seed:0.0,32
2025-05-13,0,Optimal,False,0.0007238481336929083,1.9903764000046067,1.0,0.0,36299.65822852372,block:3:-20.0,44
2025-05-13,6,Optimal,False,0.0,0.9599256999936188,0.0,0.0,-2845.160369771634,block:1:-50.0,40
2025-05-13,12,Optimal,False,0.0,0.7007928999955766,0.0,0.0,-2420.4573009071946,block:3:20.0,36
2025-05-13,18,Optimal,False,0.0,0.36541790000046603,0.0,0.0,-5196.518540173889,block:3:20.0,32
2025-05-14,0,Optimal,False,0.0004285810063276772,5.656170100002782,0.0,0.0,27369.32580306656,block:3:20.0,44
2025-05-14,6,Optimal,False,0.0,2.1289981000008993,0.0,0.0,-9166.37994552969,block:1:-20.0,40
2025-05-14,12,Optimal,False,0.0,0.5304113000020152,0.0,0.0,-11450.447750785286,block:3:50.0,36
2025-05-14,18,Optimal,False,0.0002339315686546989,0.35531739999714773,0.0,0.0,-9844.41587147432,block:3:50.0,32
2025-05-15,0,Optimal,False,0.0004351949784113717,6.563949599993066,1.0,0.75,36118.3535906273,seed:0.5,44
2025-05-15,6,Optimal,False,0.0003386195040165032,1.149919300005422,0.0,0.0,3747.754374040729,block:1:-20.0,40
2025-05-15,12,Optimal,False,0.000919901666873714,0.8612127000087639,0.0,0.0,-1883.942576209246,seed:0.0,36
2025-05-15,18,Optimal,False,0.0005197051509497153,0.4608372000075178,0.0,0.0,-512.206613730366,seed:0.0,32
2025-05-16,0,Optimal,False,0.0,1.3280143000010867,0.0,0.0,14384.023294003193,block:1:-50.0,44
2025-05-16,6,Optimal,False,0.0,1.081229399991571,0.0,0.0,-250.6435173511502,seed:1.0,40
2025-05-16,12,Optimal,False,0.0,0.580459000004339,0.0,0.0,-355.1200831475228,seed:0.0,36
2025-05-16,18,Optimal,False,0.00040551475133097003,0.7573230999987572,0.0,0.0,-656.9708257357485,seed:0.0,32
2025-05-17,0,Optimal,False,5.9756812273985664e-05,1.8190399000013713,0.0,0.0,14516.179339922084,block:1:-50.0,44
2025-05-17,6,Optimal,False,0.0,1.2124887999962084,0.0,0.0,-150.6200149945327,seed:1.0,40
2025-05-17,12,Optimal,False,0.0,0.7626033000124153,1.0,0.75,1578.7910263073452,block:3:-50.0,36
2025-05-17,18,Optimal,False,0.00036123297605726936,0.38891930000681896,1.0,0.75,1164.7846735542694,seed:0.0,32
2025-05-18,0,Optimal,False,0.0009216626116255925,10.901404099990032,0.0,0.0,36547.77096664676,block:3:20.0,44
2025-05-18,6,Optimal,False,0.00040514182747246124,1.6196865999954753,0.0,0.0,-4376.391755822326,block:1:-20.0,40
2025-05-18,12,Optimal,False,0.0,0.5490668999991613,0.0,0.0,-5113.566702346562,block:2:-20.0,36
2025-05-18,18,Optimal,False,0.0009876066652759019,0.442141100007575,0.0,0.0,-4569.502057130405,block:3:20.0,32
2025-05-19,0,Optimal,False,0.000489658516244149,5.729211199999554,0.75,0.0,32958.25357180397,policy_refine,44
2025-05-19,6,Optimal,False,0.0,0.9382978000066942,0.0,0.0,-2200.594972479286,seed:0.0,40
2025-05-19,12,Optimal,False,0.0,0.8976527000049828,0.0,0.0,-1917.569577408251,seed:0.5,36
2025-05-19,18,Optimal,False,0.0009859502098776302,0.3687521999963792,0.0,0.0,-2988.3010839457406,seed:1.0,32
2025-05-20,0,Optimal,False,0.0003652479087677304,4.894889000002877,0.0,0.0,35915.39360845246,block:0:-20.0,44
2025-05-20,6,Optimal,False,0.0002822081186058886,2.3756534999993164,1.0,0.0,6667.075789410197,block:3:20.0,40
2025-05-20,12,Optimal,False,0.0006442472084975489,2.2854962999990676,0.75,0.0,4464.069464533681,policy_refine,36
2025-05-20,18,Optimal,False,0.0,0.37831220000225585,0.0,0.0,2337.9952510585226,block:3:-20.0,32
2025-05-21,0,Optimal,False,0.00033345343349716654,4.638982800010126,0.0,0.0,35140.5400443335,block:0:-20.0,44
2025-05-21,6,Optimal,False,0.00033027254264290424,2.5825423000060255,1.0,0.0,9513.489199622392,block:1:-20.0,40
2025-05-21,12,Optimal,False,0.0,3.7866510000021663,1.0,0.0,4588.910784931896,seed:1.0,36
2025-05-21,18,Optimal,False,0.0,2.436321200002567,0.5,0.75,1758.5569785848188,policy_refine,32
2025-05-22,0,Optimal,False,0.0003536890568563747,12.522807900008047,0.25,0.0,35902.07127841146,policy_refine,44
2025-05-22,6,Optimal,False,0.0,1.353192400012631,1.0,0.0,2879.693186052114,block:1:-20.0,40
2025-05-22,12,Optimal,False,0.000997115913653187,2.5379327999980887,0.0,0.0,777.7288180305264,seed:0.0,36
2025-05-22,18,Optimal,False,0.0,0.9779722999955993,0.0,0.0,-929.5602837481798,seed:0.0,32
2025-05-23,0,Optimal,False,0.0,5.644352799994522,0.0,0.0,14823.173467408484,seed:1.0,44
2025-05-23,6,Optimal,False,0.0009204494338381386,1.3377618000085931,1.0,0.75,792.962997491257,seed:1.0,40
2025-05-23,12,Optimal,False,0.0,0.5291869000066072,0.0,0.0,1639.53682040486,block:2:-20.0,36
2025-05-23,18,Optimal,False,4.50228731145891e-05,0.45877649998874404,0.0,0.0,-655.3298064390206,seed:0.0,32
2025-05-24,0,Optimal,False,0.00023574791279890216,4.311148799999501,0.0,0.0,14678.11936874668,block:3:-20.0,44
2025-05-24,6,Optimal,False,0.0,1.1207677999918815,0.0,0.0,-2009.817751176314,block:3:20.0,40
2025-05-24,12,Optimal,False,0.0,0.6363068999926327,0.0,0.0,-2826.5199960523046,seed:1.0,36
2025-05-24,18,Optimal,False,0.0007684515208399982,0.5054310999985319,0.0,0.0,-3229.836016358766,seed:0.5,32
2025-05-25,0,Optimal,False,0.0004868389016738087,4.119649000000209,0.0,0.0,34895.83166883642,block:3:-20.0,44
2025-05-25,6,Optimal,False,0.0,0.9656640000030166,0.0,0.0,302.8935596865283,block:2:-20.0,40
2025-05-25,12,Optimal,False,0.0,0.7919522000011057,0.0,0.0,-1483.3860832575247,seed:1.0,36
2025-05-25,18,Optimal,False,0.0008134555980443083,0.4338906000048155,0.0,0.0,-2166.390364075193,seed:0.5,32
2025-05-26,0,Optimal,False,0.00018022551998673317,5.899887099993066,0.0,0.0,34649.21269572905,block:1:-20.0,44
2025-05-26,6,Optimal,False,0.00018643795315664708,2.6280907999898773,0.25,0.0,5249.368370072545,policy_refine,40
2025-05-26,12,Optimal,False,0.0009629062917359661,2.5302096999948844,0.0,0.0,1273.6262276834723,seed:0.0,36
2025-05-26,18,Optimal,False,0.0006906971785174277,0.512057800006005,0.0,0.0,-913.7380676305062,seed:0.0,32
2025-05-27,0,Optimal,False,0.00037315528284194346,4.157552799995756,0.0,0.0,31676.433641623466,block:2:-20.0,44
2025-05-27,6,Optimal,False,0.0,1.394031999996514,0.0,0.0,370.71945776368216,block:3:20.0,40
2025-05-27,12,Optimal,False,0.0005549010520806665,0.7488722999987658,0.0,0.0,-10225.704186833953,block:3:20.0,36
2025-05-27,18,Optimal,False,3.954477362359193e-05,0.36089409999840427,0.0,0.0,-12891.516674457791,block:3:50.0,32
2025-05-28,0,Optimal,False,0.0003045376182509306,4.422868599998765,0.0,0.0,33667.616478436656,block:3:20.0,44
2025-05-28,6,Optimal,False,9.308805987753029e-05,1.2933743999892613,0.0,0.0,-3211.686553820463,block:3:20.0,40
2025-05-28,12,Optimal,False,0.0,0.547027499997057,0.0,0.0,-7692.409865489986,block:2:-20.0,36
2025-05-28,18,Optimal,False,0.0008215824253025324,0.3694711999996798,0.0,0.0,-10355.587650021746,block:3:20.0,32
2025-05-29,0,Optimal,False,0.00044532464118559586,2.1177341000002343,0.0,0.0,30473.585841803786,block:3:20.0,44
2025-05-29,6,Optimal,False,0.0001421618418707771,2.304245399995125,0.0,0.0,-2547.208224656685,block:2:-20.0,40
2025-05-29,12,Optimal,False,7.642766880920116e-06,0.6498792999918805,0.0,0.0,-9193.293070224121,seed:1.0,36
2025-05-29,18,Optimal,False,2.9358073458227222e-05,0.414097299988498,0.0,0.0,-7963.319479120021,seed:1.0,32
2025-05-30,0,Optimal,False,0.0,1.2225399000017205,0.0,0.0,9538.019079767404,block:3:-20.0,44
2025-05-30,6,Optimal,False,0.0,1.0441561000043293,0.0,0.0,-6179.743364034913,block:3:-20.0,40
2025-05-30,12,Optimal,False,0.0,0.5180905999877723,0.0,0.0,-7698.894685233896,block:2:-20.0,36
2025-05-30,18,Optimal,False,0.0009418523860150288,0.5472991999995429,0.0,0.0,-8253.736556077572,seed:1.0,32
2025-05-31,0,Optimal,False,0.0,1.221335199996247,0.0,0.0,11229.685385726405,block:3:20.0,44
2025-05-31,6,Optimal,False,0.0,1.163488199992571,0.0,0.0,-7976.450619981736,block:3:-20.0,40
2025-05-31,12,Optimal,False,0.0,0.5362378999998327,0.0,0.0,-7262.997190407273,block:3:20.0,36
2025-05-31,18,Optimal,False,8.155046964337113e-05,0.4014067999960389,0.0,0.0,-9368.544902496227,seed:1.0,32
2025-06-01,0,Optimal,False,0.0003460495126565958,3.0592453999997815,0.25,0.75,47548.23185047722,policy_refine,44
2025-06-01,6,Optimal,False,0.0,1.8355788000044413,0.0,0.0,3896.676144105148,block:1:-20.0,40
2025-06-01,12,Optimal,False,0.0006685117637708764,0.8940228999999817,0.0,0.0,1247.2614515822042,policy_refine,36
2025-06-01,18,Optimal,False,0.0001303678704399195,0.37322510000376496,1.0,0.0,6570.147244589429,block:3:-20.0,32
2025-06-02,0,Optimal,False,0.0004992859760822697,3.0930690999957733,0.25,0.75,48074.09805273348,policy_refine,44
2025-06-02,6,Optimal,False,0.0,1.1475098000082653,0.0,0.0,-1538.3355354597093,block:1:-20.0,40
2025-06-02,12,Optimal,False,0.00037103316336620636,1.955916500010062,0.0,0.0,522.8765850437319,seed:0.0,36
2025-06-02,18,Optimal,False,0.0,0.24709449999500066,0.0,0.0,6337.22663663833,seed:0.0,32
2025-06-03,0,Optimal,False,0.000699718839024469,4.914272800000617,0.5,0.0,45089.53445095055,block:1:-20.0,44
2025-06-03,6,Optimal,False,0.0005825552675147138,9.39150630000222,0.0,0.0,3960.5273631578793,block:1:-50.0,40
2025-06-03,12,Optimal,False,0.0005984765938230474,4.060505200002808,1.0,0.75,913.7016640809345,seed:0.0,36
2025-06-03,18,Optimal,False,0.0,0.248517100000754,0.0,0.0,4547.58667563779,seed:0.0,32
2025-06-04,0,Optimal,False,0.0007114465061646974,2.6505975000036415,0.75,0.0,52390.34729208086,policy_refine,44
2025-06-04,6,Optimal,False,0.0,0.8839333000069018,0.0,0.0,-3287.9810821372557,block:1:-20.0,40
2025-06-04,12,Optimal,False,0.0,1.0605628000048455,1.0,0.0,3810.872840871949,policy_refine,36
2025-06-04,18,Optimal,False,3.450805456857063e-05,0.29427399999985937,0.0,0.0,2934.3818992421197,seed:0.0,32
2025-06-05,0,Optimal,False,0.0004334278271130465,3.1050318000052357,0.0,0.0,42523.458819064545,block:1:-50.0,44
2025-06-05,6,Optimal,False,0.0007688541467523369,1.4872085999959381,0.0,0.0,6894.413640917113,block:1:-20.0,40
2025-06-05,12,Optimal,False,0.00017300911622891574,3.7923411000083433,1.0,0.75,3796.767973068777,seed:0.0,36
2025-06-05,18,Optimal,False,0.0009071895701833896,0.4371761000074912,0.0,0.0,2469.529114506917,seed:0.0,32
2025-06-06,0,Optimal,False,0.0005587829224952419,6.698070500002359,0.0,0.0,13647.537175714473,block:3:-20.0,44
2025-06-06,6,Optimal,False,0.0,0.8596897999959765,1.0,0.75,-1800.3410894409367,block:3:-20.0,40
2025-06-06,12,Optimal,False,1.062187295379484e-05,0.7667067000002135,1.0,0.0,-6591.37951433998,seed:0.0,36
2025-06-06,18,Optimal,False,0.0006134252852347836,0.3312359999981709,0.0,0.0,-1784.7463691035427,block:3:-20.0,32
2025-06-07,0,Optimal,False,0.00026747430697853484,5.446907999998075,0.0,0.0,5885.496674132408,block:1:-20.0,44
2025-06-07,6,Optimal,False,0.0,1.0421094999910565,0.0,0.0,-13122.94475645018,block:3:20.0,40
2025-06-07,12,Optimal,False,0.0006228329641329544,0.65542579999601,0.0,0.0,-12959.099031631804,seed:1.0,36
2025-06-07,18,Optimal,False,0.0007845402463921809,0.3064122000068892,0.0,0.0,-12189.68437558895,block:3:-20.0,32
2025-06-08,0,Optimal,False,0.0004564511723510627,4.518251700006658,0.0,0.0,43978.884767146585,seed:1.0,44
2025-06-08,6,Optimal,False,0.0004365182617610896,10.4216873000114,1.0,0.75,2629.646795995164,block:3:20.0,40
2025-06-08,12,Optimal,False,0.0009646176257337258,2.7635080000036396,1.0,0.75,3452.801225548896,block:2:-50.0,36
2025-06-08,18,Optimal,False,6.6556695340894e-05,0.3289617999980692,0.0,0.0,3894.8143810537194,seed:0.0,32
2025-06-09,0,Optimal,False,0.00043909741028371184,2.4966056999983266,1.0,0.0,50840.99656834921,policy_refine,44
2025-06-09,6,Optimal,False,0.0,3.137025000003632,0.0,0.0,-1198.6588695582539,block:1:-20.0,40
2025-06-09,12,Optimal,False,0.0,1.838885899996967,0.75,0.75,1007.6561454654075,policy_refine,36
2025-06-09,18,Optimal,False,0.0,0.30729450000217184,0.0,0.0,1696.1579528224715,seed:0.0,32
2025-06-10,0,Optimal,False,0.000641834533417878,3.2881848999968497,0.0,0.0,49547.12789598277,block:3:20.0,44
2025-06-10,6,Optimal,False,0.00010873970972721182,2.819347700002254,0.0,0.0,-6008.725178712667,block:3:20.0,40
2025-06-10,12,Optimal,False,0.0,2.5856197999964934,0.0,0.0,-7410.323471031126,block:3:20.0,36
2025-06-10,18,Optimal,False,0.0008526328326740181,0.33609270000306424,0.0,0.0,-12979.980409031965,block:3:20.0,32
2025-06-11,0,Optimal,False,0.00018346600817316616,2.208761100002448,0.0,0.0,64245.0444844812,seed:1.0,44
2025-06-11,6,Optimal,False,0.000666453425000213,7.788776300003519,1.0,0.0,10620.566675764352,policy_refine,40
2025-06-11,12,Optimal,False,0.0003229934333932042,1.5587117000104627,0.75,0.75,7653.546889955034,policy_refine,36
2025-06-11,18,Optimal,False,0.0,0.30141549999825656,0.5,0.75,3828.5640729911825,policy_refine,32
2025-06-12,0,Optimal,False,0.00042810104980761735,3.2625621000042884,0.0,0.0,51418.26375167559,block:2:-20.0,44
2025-06-12,6,Optimal,False,0.0007805686778206539,5.021811999991769,0.0,0.0,-5973.156166609478,block:1:-50.0,40
2025-06-12,12,Optimal,False,0.0,3.8263311999908183,0.0,0.0,-5408.739157345521,seed:1.0,36
2025-06-12,18,Optimal,False,4.219884919944672e-06,1.2792396000004373,0.0,0.0,-6379.405949097844,block:3:-20.0,32
2025-06-13,0,Optimal,False,0.0,9.464851099997759,0.0,0.0,17196.519119843277,block:2:-20.0,44
2025-06-13,6,Optimal,False,0.0,3.4465762000036193,0.0,0.0,-3414.464571986529,block:3:-20.0,40
2025-06-13,12,Optimal,False,0.0,1.8288815000123577,0.0,0.0,-2378.4368477938106,seed:0.5,36
2025-06-13,18,Optimal,False,0.0,1.2423154999996768,0.0,0.0,-6541.204677491413,seed:1.0,32
2025-06-14,0,Optimal,False,0.00012897841760686873,5.01598899999226,0.5,0.0,26393.930598431816,policy_refine,44
2025-06-14,6,Optimal,False,0.0008899684005339234,3.1134394999971846,1.0,0.75,5569.101752895232,policy_refine,40
2025-06-14,12,Optimal,False,9.617162612135445e-05,0.5744903000013437,0.5,0.75,4870.614538098004,block:3:-50.0,36
2025-06-14,18,Optimal,False,0.0,0.27533809999295045,0.5,0.75,5012.7257225595695,policy_refine,32
2025-06-15,0,Optimal,False,0.0007643427315024073,2.050340400004643,0.0,0.0,59251.76259521752,seed:1.0,44
2025-06-15,6,Optimal,False,0.00017477562235522796,1.8503579999960493,0.0,0.0,11501.33198666864,block:1:-50.0,40
2025-06-15,12,Optimal,False,0.00045161119531356896,1.2132183000067016,0.75,0.75,11758.382835015114,policy_refine,36
2025-06-15,18,Optimal,False,0.0,0.28988769999705255,1.0,0.75,8564.631526470297,policy_refine,32
2025-06-16,0,Optimal,False,0.0005907199900801201,4.396720799995819,0.0,0.0,43234.45514723016,block:1:20.0,44
2025-06-16,6,Optimal,False,0.0,2.5814392999891425,0.0,0.0,-9584.217755833923,block:3:-20.0,40
2025-06-16,12,Optimal,False,0.0002949137128381223,0.9269922000094084,0.0,0.0,-11834.160696618426,seed:1.0,36
2025-06-16,18,Optimal,False,3.4181220994682243e-06,0.4617352000059327,0.0,0.0,-16220.638334405614,block:3:50.0,32
2025-06-17,0,Optimal,False,0.00018731248322526885,2.89813069999218,0.0,0.0,42974.812921721714,block:3:20.0,44
2025-06-17,6,Optimal,False,0.0005162465540099731,2.152935799997067,0.0,0.0,-5138.772300550748,block:3:-20.0,40
2025-06-17,12,Optimal,False,0.0007874323031266282,1.513936300005298,0.0,0.0,-10550.132643147748,block:3:-20.0,36
2025-06-17,18,Optimal,False,0.00023079305288861455,0.5734551000059582,0.0,0.0,-12091.066508951648,block:3:20.0,32
2025-06-18,0,Optimal,False,0.0006057107642581303,5.860049599999911,0.0,0.0,35945.40006594153,block:3:-20.0,44
2025-06-18,6,Optimal,False,0.0003219413880859464,2.623016400000779,0.0,0.0,-11545.00708108123,block:1:-20.0,40
2025-06-18,12,Optimal,False,0.0,0.6458496999985073,0.0,0.0,-21658.02202172788,block:2:-20.0,36
2025-06-18,18,Optimal,False,0.00042874431359434483,0.47342910000588745,0.0,0.0,-22061.437283716656,block:3:-20.0,32
2025-06-19,0,Optimal,False,0.0008615332835331147,2.4117492999939714,0.25,0.0,46755.08782075255,policy_refine,44
2025-06-19,6,Optimal,False,0.0,7.665225799995824,0.0,0.0,6864.735477738175,block:1:-20.0,40
2025-06-19,12,Optimal,False,0.000919440233703548,3.0631706999993185,1.0,0.0,8083.343595563414,seed:1.0,36
2025-06-19,18,Optimal,False,0.00019786607498934928,0.7977048000029754,0.0,0.0,-232.57056387487984,seed:0.0,32
2025-06-20,0,Optimal,False,5.790125238103042e-06,3.03155319999496,0.0,0.0,21666.88586258065,block:1:-50.0,44
2025-06-20,6,Optimal,False,0.0,1.8715511000045808,0.0,0.0,237.71363906803248,seed:1.0,40
2025-06-20,12,Optimal,False,0.0007293436337969945,1.0173303999908967,1.0,0.0,1439.2928220135432,seed:1.0,36
2025-06-20,18,Optimal,False,7.881311074838785e-06,0.682279100001324,0.0,0.0,-1067.5758085706495,seed:0.0,32
2025-06-21,0,Optimal,False,3.8221494104097114e-05,4.5491409999958705,0.0,0.0,12178.80938506301,block:3:20.0,44
2025-06-21,6,Optimal,False,0.0,1.641502099999343,0.0,0.0,-13119.878602332237,block:3:20.0,40
2025-06-21,12,Optimal,False,0.0,0.5344208000024082,0.0,0.0,-15260.871554022086,block:3:50.0,36
2025-06-21,18,Optimal,False,2.2786625132028412e-07,0.3673265999968862,0.0,0.0,-17618.175715363468,block:3:20.0,32
2025-06-22,0,Optimal,False,0.0007205965388905227,2.472376499994425,1.0,0.0,36186.76105926762,block:2:-20.0,44
2025-06-22,6,Optimal,False,0.0006345661449820755,5.882449500000803,1.0,0.75,-8929.67555941886,block:3:-20.0,40
2025-06-22,12,Optimal,False,0.0,2.904229599997052,1.0,0.75,-10920.774920188003,block:3:20.0,36
2025-06-22,18,Optimal,False,0.0002251072985124572,0.38001960000838153,0.0,0.0,-14992.068037403349,seed:1.0,32
2025-06-23,0,Optimal,False,0.0003729450958020701,2.4621699999988778,0.0,0.0,47620.94356622824,block:0:-20.0,44
2025-06-23,6,Optimal,False,0.00032911573158802307,2.8750860000000102,0.0,0.0,3181.3178128126183,seed:0.0,40
2025-06-23,12,Optimal,False,0.0,2.3811621999921044,1.0,0.0,1031.0733038600406,seed:1.0,36
2025-06-23,18,Optimal,False,0.0,0.5921821000083582,0.0,0.0,-490.7056223057255,seed:0.0,32
2025-06-24,0,Optimal,False,0.000736210853876486,2.41123329999391,0.0,0.0,54601.06144823116,block:0:-50.0,44
2025-06-24,6,Optimal,False,0.00041256999002720464,2.359456999998656,0.0,0.0,1176.700910964149,block:1:-20.0,40
2025-06-24,12,Optimal,False,0.0001581197918216341,1.0140010000031907,0.0,0.0,2095.9317196868496,seed:1.0,36
2025-06-24,18,Optimal,False,0.0,0.4980107999872416,0.0,0.0,0.28812664988592473,seed:0.0,32
2025-06-25,0,Optimal,False,0.0003508175021339618,1.8655591999995522,0.25,0.0,47305.60248360961,policy_refine,44
2025-06-25,6,Optimal,False,0.0007345195720854422,3.206288699992001,0.75,0.0,5071.791553773397,policy_refine,40
2025-06-25,12,Optimal,False,0.00015292120677887238,1.1125538000051165,0.5,0.75,5998.816123717118,block:3:20.0,36
2025-06-25,18,Optimal,False,0.0,0.5190663999965182,0.0,0.0,-554.3482508496022,seed:0.0,32
2025-06-26,0,Optimal,False,0.00043351506973333346,1.7106652999937069,0.0,0.0,46715.02514532527,block:1:-20.0,44
2025-06-26,6,Optimal,False,0.0005166147383410275,3.6037825999956112,0.0,0.0,3474.5040308697526,block:1:-50.0,40
2025-06-26,12,Optimal,False,0.0006821991692283827,3.0827406000025803,0.75,0.75,4433.493361534106,policy_refine,36
2025-06-26,18,Optimal,False,0.0,0.3339252000005217,0.0,0.0,303.76830163257,seed:0.0,32
2025-06-27,0,Optimal,False,0.0008746023505440161,1.8762418999976944,0.0,0.0,19762.159569805615,block:1:-20.0,44
2025-06-27,6,Optimal,False,0.00038765569246990703,1.5053425999940373,1.0,0.0,2446.5540523503396,seed:1.0,40
2025-06-27,12,Optimal,False,0.0,0.7314828999951715,0.0,0.0,947.7659233958515,seed:0.0,36
2025-06-27,18,Optimal,False,0.0,0.6269393999973545,0.0,0.0,384.3278351188678,seed:0.0,32
2025-06-28,0,Optimal,False,1.0913241711911705e-05,2.0215194999909727,0.0,0.0,18965.747510898113,block:0:-20.0,44
2025-06-28,6,Optimal,False,9.528712960541181e-05,4.312097999994876,0.0,0.0,3664.309150229369,seed:1.0,40
2025-06-28,12,Optimal,False,0.0,0.6554168000002392,0.0,0.0,3433.073352720324,seed:1.0,36
2025-06-28,18,Optimal,False,0.0,0.47567260000505485,0.0,0.0,132.94485366034223,seed:0.0,32
2025-06-29,0,Optimal,False,0.0009999667426028212,2.3020781999948667,0.0,0.0,45309.17303054083,block:1:-50.0,44
2025-06-29,6,Optimal,False,0.0009187037380379444,4.333332399997744,0.0,0.0,6056.494882522695,block:1:-50.0,40
2025-06-29,12,Optimal,False,7.835185125762679e-05,1.853931100005866,0.0,0.0,6690.9281677165145,seed:1.0,36
2025-06-29,18,Optimal,False,0.0,0.5208205999952042,0.0,0.0,106.04681693339444,seed:0.0,32
2025-06-30,0,Optimal,False,0.0007176459357018741,2.888480099994922,1.0,0.0,39608.112416764976,block:3:20.0,44
2025-06-30,6,Optimal,False,9.068246260060111e-06,1.389816000009887,0.0,0.0,-12869.596728577788,block:3:20.0,40
2025-06-30,12,Optimal,False,0.0,0.8297137999907136,0.0,0.0,-15261.074615327692,block:3:-20.0,36
2025-06-30,18,Optimal,False,8.704473613164837e-05,0.46207730000605807,0.0,0.0,-19222.902327510034,block:3:-20.0,32
2025-07-01,0,Optimal,False,0.0002615404447378906,4.932384300002013,0.0,0.0,42289.67173320464,block:0:-20.0,44
2025-07-01,6,Optimal,False,0.0007077226757692545,3.470032099998207,0.0,0.0,13560.791273490047,block:1:-20.0,40
2025-07-01,12,Optimal,False,0.0009515524717067061,3.728087299998151,1.0,0.0,6074.854961374545,block:2:-20.0,36
2025-07-01,18,Optimal,False,0.0,0.756309100004728,0.0,0.0,4559.397525119211,seed:0.0,32
2025-07-02,0,Optimal,False,0.0009565711794536275,10.613132599988603,1.0,0.0,35625.3634067136,block:1:50.0,44
2025-07-02,6,Optimal,False,0.0,3.601575299995602,0.0,0.0,9376.97711087479,block:3:-20.0,40
2025-07-02,12,Optimal,False,2.9316640797798093e-05,3.5522712000092724,1.0,0.75,-7760.935520665568,block:3:50.0,36
2025-07-02,18,Optimal,False,1.7489271229767275e-07,1.0606525000039255,0.0,0.0,-11820.197848750471,block:3:20.0,32
2025-07-03,0,Optimal,False,0.0009240197245621064,10.743173199996818,0.25,0.0,45967.524492567296,policy_refine,44
2025-07-03,6,Optimal,False,0.0009921104892015474,3.509283500010497,0.0,0.0,15392.53703212511,seed:1.0,40
2025-07-03,12,Optimal,False,0.0006328065107900607,1.9504824000032386,0.75,0.75,7593.41110593243,policy_refine,36
2025-07-03,18,Optimal,False,0.00010374410592713055,0.8493064000067534,0.0,0.0,4777.495559309127,seed:0.0,32
2025-07-04,0,Optimal,False,0.0009929955350181944,7.193047199994908,0.0,0.0,18925.352473990613,block:0:20.0,44
2025-07-04,6,Optimal,False,0.0,0.7448946999938926,0.5,0.0,9190.460675085495,seed:1.0,40
2025-07-04,12,Optimal,False,0.0008693755889618673,0.827714900005958,0.75,0.75,5743.581362805269,policy_refine,36
2025-07-04,18,Optimal,False,0.0006709473800683019,0.24723580000863876,0.0,0.0,2829.658295669472,seed:0.0,32
2025-07-05,0,Optimal,False,0.0009027157248688097,3.971812299991143,0.0,0.0,13474.243231006907,block:3:-20.0,44
2025-07-05,6,Optimal,False,0.0,0.75903030000336,0.0,0.0,2449.565499174642,block:2:-20.0,40
2025-07-05,12,Optimal,False,7.986837447921522e-05,0.5333172999962699,0.0,0.0,-6446.217821769644,block:3:50.0,36
2025-07-05,18,Optimal,False,1.6225236178849106e-05,0.30532010000024457,0.0,0.0,-9404.566322004788,block:3:-20.0,32
2025-07-06,0,Optimal,False,0.0007853586355935761,2.4504660999955377,0.0,0.0,44576.03862097279,block:1:-20.0,44
2025-07-06,6,Optimal,False,0.0,0.7694479000056162,0.0,0.0,17988.84908715926,block:1:-20.0,40
2025-07-06,12,Optimal,False,0.0001301793144304728,0.5845287000120152,0.0,0.0,11234.21944700738,seed:1.0,36
2025-07-06,18,Optimal,False,0.00017351083607566943,0.2669139999925392,0.0,0.0,1535.0510924088017,seed:0.0,32
2025-07-07,0,Optimal,False,0.0009564705354498015,4.557382900005905,0.25,0.0,50892.9121267605,policy_refine,44
2025-07-07,6,Optimal,False,0.0,0.8172199999971781,0.0,0.0,2425.9047687114335,block:1:-20.0,40
2025-07-07,12,Optimal,False,0.0,11.264096700004302,1.0,0.75,6207.673837107593,seed:1.0,36
2025-07-07,18,Optimal,False,0.00021039263423407767,0.27739659999497235,0.0,0.0,1578.3017906305026,seed:0.0,32
2025-07-08,0,Optimal,False,0.0008861294923940605,5.39140409999527,0.0,0.0,65309.33752170811,block:0:20.0,44
2025-07-08,6,Optimal,False,0.0,1.5485531999875093,0.0,0.0,397.06639153452636,block:3:-20.0,40
2025-07-08,12,Optimal,False,0.0004014023341652301,1.6125541000074008,0.0,0.0,1986.868118426858,block:3:20.0,36
2025-07-08,18,Optimal,False,7.348472038801647e-07,0.46590899999137037,0.0,0.0,933.0549217763601,seed:0.0,32
2025-07-09,0,Optimal,False,0.0008310291565534188,4.848862600003486,0.0,0.0,63007.80553104703,block:0:20.0,44
2025-07-09,6,Optimal,False,0.0,1.3811759000091115,0.0,0.0,859.5408105648262,block:3:-20.0,40
2025-07-09,12,Optimal,False,0.00015250191907004653,1.171101700005238,1.0,0.75,529.3123704334546,policy_refine,36
2025-07-09,18,Optimal,False,2.068144789030553e-05,0.47282139999151696,0.0,0.0,1718.6872194314979,seed:0.0,32
2025-07-10,0,Optimal,False,0.0009037135186446565,5.369089999992866,0.0,0.0,60357.86293929131,block:2:-20.0,44
2025-07-10,6,Optimal,False,0.0,1.3866901000001235,0.0,0.0,-3065.7161561160115,block:2:20.0,40
2025-07-10,12,Optimal,False,0.0007146228017931725,0.9882628999912413,0.0,0.0,-3329.104370959305,block:3:20.0,36
2025-07-10,18,Optimal,False,0.000948826903885975,0.37451819999841973,0.0,0.0,-3447.897934936758,block:3:-20.0,32
2025-07-11,0,Optimal,False,0.0,3.904962100001285,0.0,0.0,32455.913205290686,block:3:-20.0,44
2025-07-11,6,Optimal,False,0.0,1.2519723999866983,0.0,0.0,-2474.785572894081,block:2:-20.0,40
2025-07-11,12,Optimal,False,1.4214417422308739e-05,0.726701999999932,0.0,0.0,-3833.792790912104,block:3:-20.0,36
2025-07-11,18,Optimal,False,6.178653578470407e-05,0.41065369998977985,0.0,0.0,-3017.489085886788,seed:1.0,32
2025-07-12,0,Optimal,False,0.0,1.3400608000083594,0.0,0.0,18264.607795320993,block:3:20.0,44
2025-07-12,6,Optimal,False,0.0001054783931912093,1.2318248999945354,0.0,0.0,-13698.337340958093,block:3:20.0,40
2025-07-12,12,Optimal,False,0.0004894115089539463,0.835898699995596,0.0,0.0,-14093.639056313568,block:3:50.0,36
2025-07-12,18,Optimal,False,0.000705934083132196,0.3635080999956699,0.0,0.0,-17940.336245228584,block:3:50.0,32
2025-07-13,0,Optimal,False,0.0005175034234623774,6.147416799998609,0.25,0.75,52503.50070837029,policy_refine,44
2025-07-13,6,Optimal,False,0.0,1.303875199999311,0.0,0.0,-10740.982659761976,block:3:20.0,40
2025-07-13,12,Optimal,False,0.0007231926665537291,3.838906200006022,0.0,0.0,-13698.22581479921,block:3:20.0,36
2025-07-13,18,Optimal,False,8.17192368983639e-05,1.0937177000014344,0.0,0.0,-12791.395882899913,block:3:50.0,32
2025-07-14,0,Optimal,False,0.000631828156073963,11.91853579999588,1.0,0.0,44066.42256087495,policy_refine,44
2025-07-14,6,Optimal,False,0.0,3.9637668000068516,0.0,0.0,-9985.585455049157,block:3:20.0,40
2025-07-14,12,Optimal,False,2.9786819969471813e-05,2.3791554999916116,0.0,0.0,-10562.222926841945,block:3:20.0,36
2025-07-14,18,Optimal,False,0.0006830291161009337,1.1750941000063904,0.0,0.0,-11518.346352254972,block:3:50.0,32
2025-07-15,0,Optimal,False,0.0006477876924645856,19.99668459998793,0.5,0.0,46063.17275458118,block:2:-20.0,44
2025-07-15,6,Optimal,False,0.0,3.170367399987299,0.0,0.0,-15447.004617387196,block:2:-20.0,40
2025-07-15,12,Optimal,False,0.0,1.922514300007606,0.0,0.0,-15002.449910506073,block:3:-20.0,36
2025-07-15,18,Optimal,False,6.79027427090354e-05,1.154807200000505,0.0,0.0,-13972.839455391866,seed:1.0,32
2025-07-16,0,Optimal,False,0.0008681164443708475,6.00854629999958,1.0,0.75,45414.89469203415,block:3:20.0,44
2025-07-16,6,Optimal,False,0.0006264715715506361,1.1683324000041466,0.0,0.0,-12485.674641821908,block:3:20.0,40
2025-07-16,12,Optimal,False,0.0,1.1295128000056138,0.0,0.0,-15619.258086119286,seed:1.0,36
2025-07-16,18,Optimal,False,6.218238786151409e-05,0.4312895000039134,0.0,0.0,-13317.578558161511,seed:1.0,32
2025-07-17,0,Optimal,False,0.0007243971407676217,7.791435799997998,0.0,0.0,51331.21288501648,block:0:20.0,44
2025-07-17,6,Optimal,False,0.000798010369950899,5.80064119999588,0.0,0.0,2753.5209966086977,block:1:-20.0,40
2025-07-17,12,Optimal,False,0.0,12.414318700000877,1.0,0.75,-153.70009851794532,seed:0.0,36
2025-07-17,18,Optimal,False,0.00026331299320357546,0.36839010000403505,0.0,0.0,1020.1716878385573,seed:0.0,32
2025-07-18,0,Optimal,False,0.0005893217745773546,7.278006000007736,0.0,0.0,28597.86098287584,block:0:20.0,44
2025-07-18,6,Optimal,False,0.0,1.2237296999956015,0.0,0.0,-1141.8123162120264,seed:1.0,40
2025-07-18,12,Optimal,False,0.0,1.4157078999996884,0.0,0.0,-1253.6890150483216,seed:0.0,36
2025-07-18,18,Optimal,False,5.9331985841448973e-05,0.6727472000056878,0.0,0.0,-655.6762900307596,seed:0.0,32
2025-07-19,0,Optimal,False,8.496447931944735e-05,7.745516700000735,0.0,0.0,22421.234242585193,block:3:-20.0,44
2025-07-19,6,Optimal,False,0.0003805940107711691,1.6266969999996945,0.0,0.0,-8983.548874689173,block:3:20.0,40
2025-07-19,12,Optimal,False,0.0006100054629465087,0.815365100002964,0.0,0.0,-9609.165795347659,block:3:-20.0,36
2025-07-19,18,Optimal,False,0.0,0.5811191999964649,0.0,0.0,-9817.064509482456,block:3:20.0,32
2025-07-20,0,Optimal,False,0.0009038347348825781,7.086597300003632,0.0,0.0,51675.931044244586,block:3:20.0,44
2025-07-20,6,Optimal,False,5.926313935021947e-05,1.2452884999947855,0.0,0.0,-6711.718796202843,block:3:20.0,40
2025-07-20,12,Optimal,False,0.0006970429917841091,1.0081917000061367,0.0,0.0,-9169.223628578162,block:3:20.0,36
2025-07-20,18,Optimal,False,0.0008791167100703807,0.3854789999895729,0.0,0.0,-10501.137144388627,block:3:20.0,32
2025-07-21,0,Optimal,False,0.0005159116011618007,7.802626200005761,0.5,0.75,58762.992192072066,block:2:20.0,44
2025-07-21,6,Optimal,False,0.0,0.9234820999990916,0.0,0.0,-2531.4705758110786,block:1:-20.0,40
2025-07-21,12,Optimal,False,0.0,1.284714300010819,0.0,0.0,-1940.7090592992643,seed:0.5,36
2025-07-21,18,Optimal,False,0.0009995341346116775,0.3746055000083288,0.0,0.0,-1203.0444790120782,seed:0.5,32
2025-07-22,0,Optimal,False,0.0009745488930517998,4.371855700010201,0.0,0.0,43614.4886596532,block:1:-20.0,44
2025-07-22,6,Optimal,False,0.0008810510269026264,2.113750299991807,0.0,0.0,-1355.8990389162113,block:3:20.0,40
2025-07-22,12,Optimal,False,0.0005900512373641987,0.6923514999944018,0.0,0.0,-16108.88917882288,block:3:20.0,36
2025-07-22,18,Optimal,False,0.000857386690529496,0.37626299999828916,0.0,0.0,-14318.026344567039,block:3:20.0,32
2025-07-23,0,Optimal,False,0.0008187931026652145,8.066388000006555,0.0,0.0,63907.68346584128,seed:1.0,44
2025-07-23,6,Optimal,False,0.0,0.9308955000014976,0.0,0.0,-761.2884608337987,block:3:20.0,40
2025-07-23,12,Optimal,False,0.0,1.4361734999984037,0.0,0.0,1932.1723371852813,block:2:-20.0,36
2025-07-23,18,Optimal,False,0.0001554680304949312,0.4338644000090426,0.0,0.0,-1570.4572183792739,seed:1.0,32
2025-07-24,0,Optimal,False,0.0008185377215765968,5.061234299995704,0.0,0.0,58468.97296510348,block:3:20.0,44
2025-07-24,6,Optimal,False,0.0,1.0787161000043852,0.0,0.0,-2589.3905623845044,block:3:-20.0,40
2025-07-24,12,Optimal,False,0.0,1.6865116000117268,0.0,0.0,-3539.3205050078495,block:2:-20.0,36
2025-07-24,18,Optimal,False,0.00011973245850043753,0.6013978000119096,0.0,0.0,-2978.345036186847,seed:1.0,32
2025-07-25,0,Optimal,False,0.0,1.3466965999978129,0.0,0.0,25593.18660429618,block:0:20.0,44
2025-07-25,6,Optimal,False,0.0,1.2758133999886923,0.0,0.0,252.45143978641318,seed:1.0,40
2025-07-25,12,Optimal,False,0.0004383606602658325,0.8979963000019779,0.0,0.0,657.3637542869201,block:2:-50.0,36
2025-07-25,18,Optimal,False,0.00032998470863394234,0.48748139999224804,0.0,0.0,83.20143971561473,seed:0.0,32
2025-07-26,0,Optimal,False,0.0006328968878056195,3.7584214999951655,0.0,0.0,20467.636805504673,block:2:-20.0,44
2025-07-26,6,Optimal,False,0.0,1.2396527999953832,0.0,0.0,-9400.851271836755,block:2:-20.0,40
2025-07-26,12,Optimal,False,0.0004312604153096757,0.7428294999990612,0.0,0.0,-11620.917529923629,block:3:20.0,36
2025-07-26,18,Optimal,False,0.0007134372380846538,0.36750279999978375,0.0,0.0,-12153.319846133789,block:3:-20.0,32
2025-07-27,0,Optimal,False,0.0009871281631367182,5.634023500009789,0.0,0.0,50855.30474236103,seed:1.0,44
2025-07-27,6,Optimal,False,0.000452684968927648,3.0505276000039885,0.0,0.0,6458.904558945307,block:1:-50.0,40
2025-07-27,12,Optimal,False,0.0007428057013745628,3.0616193000023486,0.0,0.0,186.31372519624267,seed:0.0,36
2025-07-27,18,Optimal,False,5.312894844059442e-05,0.8114829999976791,0.0,0.0,1478.2206889219742,seed:0.0,32
2025-07-28,0,Optimal,False,0.0008208121186531393,4.99631610000506,0.0,0.0,54110.75289547377,seed:1.0,44
2025-07-28,6,Optimal,False,0.0,1.3553582000022288,0.0,0.0,4864.201906027851,block:1:-20.0,40
2025-07-28,12,Optimal,False,0.0006778057755369801,1.6231769000005443,1.0,0.75,2022.9190716625867,seed:0.0,36
2025-07-28,18,Optimal,False,0.00014504897168745492,0.6201594999874942,0.0,0.0,229.5066754993348,seed:0.0,32
2025-07-29,0,Optimal,False,0.0009246274863983948,9.143886700010626,0.0,0.0,52699.73178725927,seed:1.0,44
2025-07-29,6,Optimal,False,0.0009063764177759391,2.210129400002188,0.5,0.0,6517.876053469253,policy_refine,40
2025-07-29,12,Optimal,False,0.0004636565716203189,1.560087999998359,0.0,0.0,1324.798610341237,seed:0.0,36
2025-07-29,18,Optimal,False,0.0006274682554583178,0.4386668999941321,0.0,0.0,-733.9943966374386,seed:0.0,32
2025-07-30,0,Optimal,False,0.0005939897030075744,4.4218295000027865,0.0,0.0,50465.48135748057,block:0:20.0,44
2025-07-30,6,Optimal,False,0.0006866673830438814,1.7653913000103785,1.0,0.75,11687.788300355842,policy_refine,40
2025-07-30,12,Optimal,False,0.0004066103220627217,3.1149278999946546,1.0,0.75,2590.1244325039397,policy_refine,36
2025-07-30,18,Optimal,False,0.0008183594841420636,0.32375019999744836,0.0,0.0,2783.4997467125586,seed:0.0,32
2025-07-31,0,Optimal,False,0.0009387644405464764,8.350725900003454,0.0,0.0,52033.63306139207,block:0:20.0,44
2025-07-31,6,Optimal,False,0.0,1.1234487999900011,1.0,0.75,5486.255168234046,policy_refine,40
2025-07-31,12,Optimal,False,0.0007745933028904656,1.407458300003782,1.0,0.75,3940.881111546956,block:3:-20.0,36
2025-07-31,18,Optimal,False,0.0,0.4364363999920897,0.0,0.0,1605.2573568907544,seed:0.0,32
2025-08-01,0,Optimal,False,0.0006461890683812896,4.246215999999549,0.0,0.0,27204.956833242773,block:0:50.0,44
2025-08-01,6,Optimal,False,0.0,1.2437432000006083,0.0,0.0,1873.8990658285038,seed:1.0,40
2025-08-01,12,Optimal,False,0.0007974584328959915,0.7316044000035618,0.0,0.0,680.1791491354093,block:3:-50.0,36
2025-08-01,18,Optimal,False,0.00016211868347164852,0.2951372000097763,0.0,0.0,1978.2176770154365,seed:0.0,32
2025-08-02,0,Optimal,False,5.2131605724636484e-05,4.755912900000112,0.75,0.0,25946.019416967396,policy_refine,44
2025-08-02,6,Optimal,False,0.0,1.111229899994214,0.75,0.75,1941.691729823825,policy_refine,40
2025-08-02,12,Optimal,False,0.0008123461887091604,0.8051242999936221,0.25,0.75,2703.34780263419,policy_refine,36
2025-08-02,18,Optimal,False,0.0007395779382419404,0.3081967000034638,0.0,0.0,3007.1375528911562,policy_refine,32
2025-08-03,0,Optimal,False,0.0009528357871384767,4.232570299995132,0.75,0.0,45016.0685666457,policy_refine,44
2025-08-03,6,Optimal,False,0.0008538509838803216,5.166610999993281,0.0,0.0,3805.6421027401857,seed:1.0,40
2025-08-03,12,Optimal,False,5.608133551283852e-05,2.5867639999923995,0.0,0.0,489.05700945241176,seed:0.5,36
2025-08-03,18,Optimal,False,0.0008415796362509641,0.4591072000039276,0.0,0.0,628.2838510642814,seed:0.0,32
2025-08-04,0,Optimal,False,0.000729165926850153,4.27079429999867,0.0,0.0,40007.66831452073,block:3:20.0,44
2025-08-04,6,Optimal,False,0.00034132252342138926,1.399497500009602,0.0,0.0,-1274.8023323793495,block:3:20.0,40
2025-08-04,12,Optimal,False,0.00044542055330287154,1.024044199992204,0.0,0.0,-8138.707856752794,block:3:20.0,36
2025-08-04,18,Optimal,False,0.0004222442687361226,0.38885709999885876,0.0,0.0,-9706.739864752051,block:3:50.0,32
2025-08-05,0,Optimal,False,0.00027632646685689166,3.897458799998276,1.0,0.0,36928.41686604446,block:3:20.0,44
2025-08-05,6,Optimal,False,0.0007385630823913287,2.0759454000071855,0.0,0.0,-4482.515963646559,block:3:20.0,40
2025-08-05,12,Optimal,False,0.0007800747955683027,0.6455921000015223,0.0,0.0,-8917.773593392776,block:2:-20.0,36
2025-08-05,18,Optimal,False,2.7052204580603917e-05,0.4332474999973783,0.0,0.0,-10256.433177472445,block:3:50.0,32
2025-08-06,0,Optimal,False,0.0001438395712978068,4.187504700006684,0.0,0.0,41891.7783294256,block:3:20.0,44
2025-08-06,6,Optimal,False,0.0,0.8971964000083972,0.0,0.0,-7774.507334659583,block:3:20.0,40
2025-08-06,12,Optimal,False,0.0,1.612069499999052,0.0,0.0,-8938.090924720382,seed:1.0,36
2025-08-06,18,Optimal,False,0.0005409608709711275,0.3800734999967972,0.0,0.0,-9556.65415939517,block:3:50.0,32
2025-08-07,0,Optimal,False,0.0004716878112106003,4.307613799988758,0.0,0.0,47791.51818260404,block:0:-50.0,44
2025-08-07,6,Optimal,False,0.0,3.4145469999930356,0.0,0.0,1673.7746214550832,block:1:-20.0,40
2025-08-07,12,Optimal,False,0.0006371016715909173,1.5314095999929123,1.0,0.0,1036.1286219221595,seed:0.0,36
2025-08-07,18,Optimal,False,0.0007455910203544631,0.40268870000727475,0.0,0.0,-289.5897073057879,seed:0.0,32
2025-08-08,0,Optimal,False,0.0006094927129248552,1.978732300005504,0.0,0.0,23820.76326143958,block:1:-20.0,44
2025-08-08,6,Optimal,False,0.0,1.3070645999978296,0.0,0.0,277.72107777487923,seed:1.0,40
2025-08-08,12,Optimal,False,0.0005784589048533228,0.7852837000100408,0.0,0.0,362.41805265683547,seed:0.0,36
2025-08-08,18,Optimal,False,0.000841855895451664,0.40973919999669306,0.0,0.0,-65.93183448653735,seed:0.0,32
2025-08-09,0,Optimal,False,0.0003199187726124968,1.6295167000062065,0.0,0.0,23641.82605228324,block:0:-20.0,44
2025-08-09,6,Optimal,False,0.0,1.4261243000073591,0.0,0.0,5.182973900410037,seed:0.0,40
2025-08-09,12,Optimal,False,0.00033742260666873655,0.7975312000053236,1.0,0.75,588.0690944969529,seed:1.0,36
2025-08-09,18,Optimal,False,0.00010290482790629073,0.3652538000023924,0.0,0.0,13.709541299099328,seed:0.0,32
2025-08-10,0,Optimal,False,0.000832519534793204,2.3904824999917764,0.5,0.75,46704.21460570847,policy_refine,44
2025-08-10,6,Optimal,False,0.0009512873458336828,5.373258999999962,1.0,0.75,793.7170356068298,block:1:-20.0,40
2025-08-10,12,Optimal,False,0.0002682554131947387,2.6545597999938764,1.0,0.75,984.99316430047,seed:0.0,36
2025-08-10,18,Optimal,False,0.000301373935196289,0.5048593000101391,0.0,0.0,-311.3311391181394,seed:0.0,32
2025-08-11,0,Optimal,False,0.0005573653080700128,4.600983199998154,0.0,0.0,45233.696510848706,seed:0.0,44
2025-08-11,6,Optimal,False,0.00035955831136727165,1.564171800011536,1.0,0.75,2236.9300669066797,policy_refine,40
2025-08-11,12,Optimal,False,0.0,1.8697436000074958,1.0,0.75,96.88807185635619,seed:0.0,36
2025-08-11,18,Optimal,False,0.00034539747071656723,0.4527626000053715,0.0,0.0,16.43917307360563,seed:0.0,32
2025-08-12,0,Optimal,False,0.0005460150423687945,4.895365699994727,0.0,0.0,49517.83315815005,block:1:-20.0,44
2025-08-12,6,Optimal,False,0.0,4.644563800000469,0.0,0.0,2189.5933842251134,block:1:-20.0,40
2025-08-12,12,Optimal,False,0.0008155269715022083,0.6504932999960147,0.0,0.0,1463.8176589979246,seed:1.0,36
2025-08-12,18,Optimal,False,0.0,0.5055850999924587,0.0,0.0,231.88173977465837,seed:0.0,32
2025-08-13,0,Optimal,False,0.000732227262196328,1.8826239999907557,0.0,0.0,45507.15097407124,block:1:-20.0,44
2025-08-13,6,Optimal,False,0.0,3.114493200002471,1.0,0.75,2839.7050198029356,seed:0.0,40
2025-08-13,12,Optimal,False,0.00021799714853183423,12.09063690000039,1.0,0.75,1718.7339279904436,seed:0.0,36
2025-08-13,18,Optimal,False,4.7730472654223586e-05,0.4952540999947814,0.0,0.0,42.55395863862607,seed:0.0,32
2025-08-14,0,Optimal,False,0.0005431814632906797,1.8133617999992566,0.75,0.0,47320.33393297875,policy_refine,44
2025-08-14,6,Optimal,False,0.0,0.9329626000107965,0.0,0.0,4190.933043052053,seed:0.0,40
2025-08-14,12,Optimal,False,9.71607978134229e-06,0.7911645999993198,0.0,0.0,-384.43217065479973,seed:0.5,36
2025-08-14,18,Optimal,False,0.00032056295252645185,0.4924812999961432,0.0,0.0,199.96959777480413,seed:0.0,32
2025-08-15,0,Optimal,False,0.00033211204852390025,2.00734709999233,0.75,0.0,24271.026274048134,policy_refine,44
2025-08-15,6,Optimal,False,0.0,1.0819034000014653,0.0,0.0,-204.65090512064788,seed:1.0,40
2025-08-15,12,Optimal,False,0.0,0.5243767000065418,1.0,0.0,53.028341751454946,seed:0.5,36
2025-08-15,18,Optimal,False,0.0,0.3708199000102468,0.0,0.0,-267.7383028354065,seed:0.0,32
2025-08-16,0,Optimal,False,8.188028779868374e-05,1.7498102999961702,0.0,0.0,25267.315005100514,block:0:-20.0,44
2025-08-16,6,Optimal,False,0.0,1.1034959000098752,0.0,0.0,-832.3272169231859,seed:1.0,40
2025-08-16,12,Optimal,False,0.0007138031481230655,0.9775422000093386,0.0,0.0,-262.47922218113877,seed:0.5,36
2025-08-16,18,Optimal,False,0.0,0.34223359999305103,0.0,0.0,-178.17062883700135,seed:0.0,32
2025-08-17,0,Optimal,False,0.0004229108975306212,1.6501631999999518,0.0,0.0,46769.45981263273,seed:0.0,44
2025-08-17,6,Optimal,False,0.0,2.3892552999895997,0.0,0.0,-116.67742836956052,block:2:-20.0,40
2025-08-17,12,Optimal,False,0.000828914182733405,1.2322443000011845,1.0,0.75,123.2407320886552,seed:0.0,36
2025-08-17,18,Optimal,False,0.0,0.38544650000403635,0.0,0.0,47.386223799718664,seed:0.0,32
2025-08-18,0,Optimal,False,0.0006471970119299157,4.082850499995402,0.0,0.0,46688.87112688302,seed:0.0,44
2025-08-18,6,Optimal,False,0.0002987930377121996,3.3907356999989133,0.0,0.0,915.243413769273,block:1:-20.0,40
2025-08-18,12,Optimal,False,6.763059698426645e-05,3.669717800003127,1.0,0.0,-577.9850774369447,block:2:-20.0,36
2025-08-18,18,Optimal,False,0.0,0.4001542000041809,0.0,0.0,-487.90051885801586,seed:0.0,32
2025-08-19,0,Optimal,False,0.0005855953330971951,1.7337382000114303,0.0,0.0,45636.86925654292,block:1:-20.0,44
2025-08-19,6,Optimal,False,0.0,0.8959667000017362,0.0,0.0,-312.74955912875566,block:1:-20.0,40
2025-08-19,12,Optimal,False,8.872363709411276e-05,4.019329999995534,1.0,0.0,269.3902661626479,seed:0.0,36
2025-08-19,18,Optimal,False,0.00023752879608186927,0.427093700011028,0.0,0.0,-293.2901499510481,seed:0.0,32
2025-08-20,0,Optimal,False,0.0006313893056279433,4.943967799990787,0.0,0.0,49902.95577295327,block:0:-20.0,44
2025-08-20,6,Optimal,False,0.0,1.3444504000071902,1.0,0.75,2195.7729581834456,block:2:-20.0,40
2025-08-20,12,Optimal,False,0.0006949107507507353,0.8915971999958856,1.0,0.75,792.2046496410243,seed:0.0,36
2025-08-20,18,Optimal,False,9.955607984591985e-05,0.35251189999689814,0.0,0.0,1489.9253201964434,seed:0.0,32
2025-08-21,0,Optimal,False,0.0008053756345082377,2.3544825999997556,0.0,0.0,39674.46013349266,block:3:50.0,44
2025-08-21,6,Optimal,False,0.0,0.9005217000085395,0.0,0.0,-7620.003053297066,block:3:-20.0,40
2025-08-21,12,Optimal,False,4.220818946560624e-08,0.8132244000007631,0.0,0.0,-9898.750473669877,block:3:-20.0,36
2025-08-21,18,Optimal,False,0.0006316758950623359,0.36167709999426734,0.0,0.0,-10497.952915717397,block:3:20.0,32
2025-08-22,0,Optimal,False,0.0,1.283616600005189,0.0,0.0,22475.420506011593,block:0:-20.0,44
2025-08-22,6,Optimal,False,0.0,0.8731810999888694,0.0,0.0,386.50558686944066,block:1:-50.0,40
2025-08-22,12,Optimal,False,0.0007619399490546705,1.4024887999985367,1.0,0.75,690.2565821727268,seed:0.0,36
2025-08-22,18,Optimal,False,8.37256362014931e-05,0.33983480000460986,0.0,0.0,118.6378000068461,seed:0.0,32
2025-08-23,0,Optimal,False,0.00010242945155387142,1.7439186999981757,0.0,0.0,18171.124708714473,block:3:50.0,44
2025-08-23,6,Optimal,False,0.0,1.586329099998693,0.0,0.0,-5033.348859000718,block:2:-20.0,40
2025-08-23,12,Optimal,False,0.0,0.5146724999940488,0.0,0.0,-8068.111029711905,seed:0.5,36
2025-08-23,18,Optimal,False,0.00010262875761890202,0.5560896999959368,0.0,0.0,-8366.690086871113,seed:1.0,32
2025-08-24,0,Optimal,False,0.0006562072141196795,4.7690265999990515,0.0,0.0,45513.473251941155,seed:0.0,44
2025-08-24,6,Optimal,False,0.0,0.9100892999995267,0.0,0.0,-1600.3793740181973,seed:1.0,40
2025-08-24,12,Optimal,False,0.0,0.9466100999998162,1.0,0.75,1612.4980352758262,seed:0.0,36
2025-08-24,18,Optimal,False,0.0,0.6007786999980453,0.0,0.0,-241.1880447656379,seed:0.0,32
2025-08-25,0,Optimal,False,0.0005646932908410417,2.8255088000005344,0.0,0.0,59282.28890844817,block:0:-20.0,44
2025-08-25,6,Optimal,False,0.0,0.8644632999930764,0.0,0.0,-3875.077013524432,block:1:-20.0,40
2025-08-25,12,Optimal,False,0.00012188221846007837,1.0495601000002353,0.0,0.0,-2195.197339066773,block:2:-20.0,36
2025-08-25,18,Optimal,False,0.000689643143236718,0.4720499999966705,0.0,0.0,22.58211327442791,seed:0.0,32
2025-08-26,0,Optimal,False,0.00045386561191380513,4.609172500000568,0.0,0.0,46323.41943869383,block:0:-50.0,44
2025-08-26,6,Optimal,False,0.0,3.49583359999815,0.0,0.0,3864.7180661302737,block:1:-20.0,40
2025-08-26,12,Optimal,False,0.0,1.119422100004158,1.0,0.75,162.8890262424458,seed:0.0,36
2025-08-26,18,Optimal,False,4.184583238617242e-05,0.3723606999992626,0.0,0.0,-131.21178819834,seed:0.0,32
2025-08-27,0,Optimal,False,0.00045519973309273337,2.084615899992059,0.0,0.0,46828.038384759784,block:1:-20.0,44
2025-08-27,6,Optimal,False,0.0,1.7502873999910662,0.0,0.0,8050.091091523965,block:1:-20.0,40
2025-08-27,12,Optimal,False,0.00010656794828898978,6.039387500000885,1.0,0.75,2507.5130215665013,seed:0.0,36
2025-08-27,18,Optimal,False,0.0008719214359779138,0.37095350000890903,0.0,0.0,13.660938536793054,seed:0.0,32
2025-08-28,0,Optimal,False,0.0006107169367990086,3.4063010000099894,0.0,0.0,44964.86117270685,block:2:-20.0,44
2025-08-28,6,Optimal,False,6.87342229733314e-05,2.569836900001974,1.0,0.0,8621.105149758547,seed:1.0,40
2025-08-28,12,Optimal,False,0.0,2.645772299991222,1.0,0.0,3411.049620787705,seed:0.0,36
2025-08-28,18,Optimal,False,0.0,0.3739898999920115,0.0,0.0,-127.70603019529729,seed:0.0,32
2025-08-29,0,Optimal,False,0.0005401749335452722,2.0725613000104204,0.0,0.0,24860.243344490988,block:2:-20.0,44
2025-08-29,6,Optimal,False,0.0,0.8499536000017542,0.0,0.0,-691.1965680307981,seed:1.0,40
2025-08-29,12,Optimal,False,0.00011322681988785741,0.8164689000113867,1.0,0.75,459.734809644486,seed:0.0,36
2025-08-29,18,Optimal,False,0.0,0.4346839999925578,0.0,0.0,-398.360452066849,seed:0.0,32
2025-08-30,0,Optimal,False,0.00024328080560024305,1.650818399997661,0.0,0.0,23866.56286563551,block:1:-20.0,44
2025-08-30,6,Optimal,False,0.0002680958187887959,1.3404758000106085,0.0,0.0,618.5164337721026,block:1:-50.0,40
2025-08-30,12,Optimal,False,0.00018827465789763098,0.7901468000054592,1.0,0.75,983.4822531994454,block:2:-20.0,36
2025-08-30,18,Optimal,False,0.0,0.4432709000102477,0.0,0.0,445.4772978590258,seed:0.0,32
2025-08-31,0,Optimal,False,0.00034104183842008313,19.250583100001677,0.0,0.0,45722.981064387335,block:1:-20.0,44
2025-08-31,6,Optimal,False,0.0,4.216228200006299,0.0,0.0,4725.089398626992,block:1:-50.0,40
2025-08-31,12,Optimal,False,0.0009454407619868219,2.8880394000007072,0.0,0.0,-166.87876265481003,seed:0.0,36
2025-08-31,18,Optimal,False,0.0002463157751712965,0.4628284999926109,0.0,0.0,79.81521730520309,seed:0.0,32
2025-09-01,0,Optimal,False,0.0005249214092230121,2.6448954999941634,0.0,0.0,49859.14131094513,block:0:-20.0,44
2025-09-01,6,Optimal,False,0.0,0.7961550000036368,0.0,0.0,-2387.642927498664,block:1:-20.0,40
2025-09-01,12,Optimal,False,0.0,0.6861422999936622,0.0,0.0,-55.613376777842646,seed:0.5,36
2025-09-01,18,Optimal,False,0.0007087836295315364,1.7158442999934778,0.0,0.0,-466.73156350594553,seed:0.0,32
2025-09-02,0,Optimal,False,0.00044075510917968274,2.575805300002685,0.0,0.0,36643.34049237268,block:3:20.0,44
2025-09-02,6,Optimal,False,0.0007820321138630948,1.3868832999869483,0.0,0.0,-4590.553464913903,block:1:-20.0,40
2025-09-02,12,Optimal,False,0.00015443714096658782,0.891080499990494,0.0,0.0,-10889.31149400926,seed:1.0,36
2025-09-02,18,Optimal,False,0.0007284186360773239,1.1555165000027046,0.0,0.0,-12817.55514770727,block:3:20.0,32
2025-09-03,0,Optimal,False,0.0004981237796187018,2.845855899999151,1.0,0.0,44897.17788147261,block:0:-20.0,44
2025-09-03,6,Optimal,False,0.0,0.8894954000134021,0.0,0.0,-1250.5218528959488,block:1:-20.0,40
2025-09-03,12,Optimal,False,0.0009254011466160298,0.7662183000065852,0.0,0.0,-1673.2536549073793,seed:0.5,36
2025-09-03,18,Optimal,False,0.0007013834594383202,0.42549270000017714,0.0,0.0,-2195.379671401872,seed:0.0,32
2025-09-04,0,Optimal,False,0.00025320064399713034,2.8915333000040846,0.0,0.0,45543.99188327826,seed:0.0,44
2025-09-04,6,Optimal,False,0.0,0.8829107000055956,0.0,0.0,-1624.8674285023944,block:1:-20.0,40
2025-09-04,12,Optimal,False,0.0007441286061812111,1.792700899997726,0.0,0.0,-1785.5083709993019,seed:0.5,36
2025-09-04,18,Optimal,False,0.0008495230948273089,0.396716600007494,0.0,0.0,-2774.3566288077714,seed:0.0,32
2025-09-05,0,Optimal,False,5.8356933735774154e-05,1.7059087000088766,0.0,0.0,22453.870520972916,block:2:-20.0,44
2025-09-05,6,Optimal,False,0.0,1.1108997000119416,0.0,0.0,-2732.729966904726,seed:1.0,40
2025-09-05,12,Optimal,False,0.0007330739456261777,0.6397918000002392,0.0,0.0,-1847.5809837330473,seed:0.5,36
2025-09-05,18,Optimal,False,0.00017397648371383215,0.4044406000029994,0.0,0.0,-2859.1063799105495,seed:0.0,32
2025-09-06,0,Optimal,False,2.1405535640451487e-05,1.6717876000038814,0.0,0.0,19063.066852925465,seed:0.0,44
2025-09-06,6,Optimal,False,0.0,0.8886264000029769,0.0,0.0,-1371.9704267612035,seed:1.0,40
2025-09-06,12,Optimal,False,0.0,0.886335200004396,0.0,0.0,-413.6303739514933,seed:0.0,36
2025-09-06,18,Optimal,False,0.00027229606749378486,0.3700069999904372,0.0,0.0,-844.9182017810086,seed:0.0,32
2025-09-07,0,Optimal,False,0.0008973718175095406,1.608376899996074,0.0,0.0,38627.59441788264,seed:0.0,44
2025-09-07,6,Optimal,False,0.0,1.3813267999939853,1.0,0.0,5387.725805393916,policy_refine,40
2025-09-07,12,Optimal,False,0.00022447847707680193,0.8386364999896614,0.0,0.0,1276.9919003787377,seed:0.0,36
2025-09-07,18,Optimal,False,5.358149389121245e-05,0.39323739999963436,0.0,0.0,-1027.5918174635667,seed:0.0,32
2025-09-08,0,Optimal,False,0.0008386941793805297,2.1143370999925537,0.0,0.0,33793.596174070975,block:1:-20.0,44
2025-09-08,6,Optimal,False,0.0008647709772156224,1.46781450000708,0.0,0.0,7981.329192548644,block:1:-50.0,40
2025-09-08,12,Optimal,False,0.0006575317066808891,1.218569299991941,0.75,0.75,3581.069165937438,policy_refine,36
2025-09-08,18,Optimal,False,0.0006379465481466247,0.34144519999972545,0.0,0.0,6309.706717275667,seed:0.0,32
2025-09-09,0,Optimal,False,0.0006766742127501577,4.134634300004109,0.0,0.0,31037.739590574736,seed:0.5,44
2025-09-09,6,Optimal,False,0.0,1.138022600003751,0.0,0.0,7680.449092547718,block:1:-20.0,40
2025-09-09,12,Optimal,False,0.00010797174229472886,0.6491355000034673,0.75,0.75,5802.662081452307,policy_refine,36
2025-09-09,18,Optimal,False,8.419912643925372e-05,0.3373946999927284,1.0,0.75,5100.627045028722,seed:0.0,32
2025-09-10,0,Optimal,False,0.0008306302362810923,3.8141714999947,0.0,0.0,37090.006650914096,block:0:20.0,44
2025-09-10,6,Optimal,False,9.185024390270333e-05,1.5341321000014432,1.0,0.0,3333.6881928507796,block:1:-20.0,40
2025-09-10,12,Optimal,False,0.000979125696812435,0.9986195999954361,0.75,0.75,8247.765303855527,policy_refine,36
2025-09-10,18,Optimal,False,0.0005562543408704724,0.35951540000678506,1.0,0.75,2884.13305168278,seed:0.0,32
2025-09-11,0,Optimal,False,0.0005360684701255171,4.785575300003984,0.0,0.0,38311.83793380819,seed:1.0,44
2025-09-11,6,Optimal,False,8.626332903670603e-05,1.3180457999987993,0.0,0.0,1239.6234571410855,block:1:-50.0,40
2025-09-11,12,Optimal,False,0.00028061885821866687,0.6487324000045191,1.0,0.75,2154.9751311075056,seed:1.0,36
2025-09-11,18,Optimal,False,0.0002014508654247653,0.2784788999997545,0.0,0.0,2287.724252458973,seed:0.0,32
2025-09-12,0,Optimal,False,0.00083955010360609,5.004800599999726,0.0,0.0,17757.335820928838,seed:1.0,44
2025-09-12,6,Optimal,False,0.0,1.0549289000045974,0.0,0.0,1284.7397970031225,seed:1.0,40
2025-09-12,12,Optimal,False,0.0,0.5009066999919014,1.0,0.0,3436.068448241024,block:2:-20.0,36
2025-09-12,18,Optimal,False,6.917092221884928e-05,0.3117318000004161,0.0,0.0,-250.92918365338255,seed:0.0,32
2025-09-13,0,Optimal,False,0.0004683843454144417,1.9957835000095656,0.0,0.0,16990.268324365286,seed:1.0,44
2025-09-13,6,Optimal,False,6.391906679086095e-05,1.380762799992226,0.0,0.0,1096.6161355951217,seed:1.0,40
2025-09-13,12,Optimal,False,0.0,0.5198640000016894,1.0,0.75,4025.7229016218807,block:2:-20.0,36
2025-09-13,18,Optimal,False,1.4358398839890881e-05,0.2862693999923067,0.0,0.0,144.18423982269263,seed:0.0,32
2025-09-14,0,Optimal,False,0.0005543498572059338,2.9922347999963677,0.0,0.0,42868.25267001202,block:1:-20.0,44
2025-09-14,6,Optimal,False,1.54263685228727e-05,1.1724200999888126,0.0,0.0,906.1192630336116,block:1:-20.0,40
2025-09-14,12,Optimal,False,0.00010788847043574337,1.1156304999894928,1.0,0.75,2578.5772563478977,seed:1.0,36
2025-09-14,18,Optimal,False,0.00016378898864865624,0.29819169999973383,0.0,0.0,1058.453431402171,seed:0.0,32
2025-09-15,0,Optimal,False,0.0007416668517136877,6.413868400006322,0.0,0.0,37894.11515854162,seed:1.0,44
2025-09-15,6,Optimal,False,0.0,1.3776737000007415,0.0,0.0,1342.919666996786,block:1:-20.0,40
2025-09-15,12,Optimal,False,4.307593300842579e-05,1.3722048000054201,1.0,0.0,3421.215720195962,block:2:-20.0,36
2025-09-15,18,Optimal,False,2.0413574610397267e-05,0.6702760999905877,0.0,0.0,-718.1387028904846,seed:0.0,32
2025-09-16,0,Optimal,False,0.0008162683937014217,2.1189908999949694,0.0,0.0,43257.19594715058,block:1:-20.0,44
2025-09-16,6,Optimal,False,0.0,0.8834544000128517,0.0,0.0,1532.917270676376,block:1:-20.0,40
2025-09-16,12,Optimal,False,0.0,0.5136990000028163,1.0,0.75,2282.531073661875,seed:1.0,36
2025-09-16,18,Optimal,False,0.0002867441728867451,0.3001361999922665,0.0,0.0,-334.5029389204443,seed:0.0,32
2025-09-17,0,Optimal,False,0.0006054931698518685,4.5982431000011275,0.0,0.0,42740.602065000116,block:1:-20.0,44
2025-09-17,6,Optimal,False,0.00030248923484754194,2.5306834999937564,0.0,0.0,3780.183360921503,block:1:-20.0,40
2025-09-17,12,Optimal,False,0.0,0.7254461999982595,1.0,0.0,1488.2170775176096,policy_refine,36
2025-09-17,18,Optimal,False,0.0006699901383673733,0.3659306000045035,0.0,0.0,624.9917755227957,seed:0.0,32
2025-09-18,0,Optimal,False,0.0005132910631222725,4.303627700006473,0.0,0.0,38592.899663787844,block:1:-20.0,44
2025-09-18,6,Optimal,False,0.0009730887854499539,1.5419208000093931,0.25,0.0,10114.72879999757,policy_refine,40
2025-09-18,12,Optimal,False,0.0007001857043835664,1.150688399997307,1.0,0.75,4290.752972931586,block:2:-20.0,36
2025-09-18,18,Optimal,False,9.280850598530721e-05,0.36075639999762643,0.0,0.0,591.9231348927867,seed:0.0,32
2025-09-19,0,Optimal,False,0.0007768867239133366,3.68724879999354,0.0,0.0,13840.821374616176,block:3:-20.0,44
2025-09-19,6,Optimal,False,0.0,0.884393700005603,0.0,0.0,-6039.467208719607,block:3:50.0,40
2025-09-19,12,Optimal,False,0.0,0.6347856000065804,0.0,0.0,-7529.251910354906,block:3:20.0,36
2025-09-19,18,Optimal,False,0.00030537829122716795,0.39939890000096057,0.0,0.0,-7923.10111870386,block:3:20.0,32
2025-09-20,0,Optimal,False,0.0006106305744877354,3.5807284000038635,0.0,0.0,10748.956117040412,block:3:20.0,44
2025-09-20,6,Optimal,False,0.0,0.8689998000045307,0.0,0.0,-8112.776668040929,block:3:20.0,40
2025-09-20,12,Optimal,False,0.0,0.5394446999998763,0.0,0.0,-9427.879510965538,block:3:50.0,36
2025-09-20,18,Optimal,False,0.00032692283169813554,0.35977929999353364,0.0,0.0,-11165.303954756613,block:3:-20.0,32
2025-09-21,0,Optimal,False,0.0006522852693379595,4.475577399993199,0.0,0.0,38280.951867884185,block:3:20.0,44
2025-09-21,6,Optimal,False,1.4289725611496866e-05,1.7715319999988424,0.0,0.0,-2677.7084553260147,block:3:20.0,40
2025-09-21,12,Optimal,False,0.000989199741471278,0.6677325000055134,0.0,0.0,-7688.065998250677,seed:1.0,36
2025-09-21,18,Optimal,False,0.0002553395405497753,0.38977690000319853,0.0,0.0,-8538.322068408313,block:3:50.0,32
2025-09-22,0,Optimal,False,0.0006772998679970811,4.336892899998929,0.0,0.0,43512.45839752282,seed:1.0,44
2025-09-22,6,Optimal,False,0.0,0.9966909999930067,0.0,0.0,-1241.3016088891734,block:1:-20.0,40
2025-09-22,12,Optimal,False,0.00034218639967790017,0.6851331000070786,1.0,0.75,-659.4006405654923,seed:0.0,36
2025-09-22,18,Optimal,False,0.00032541943585193,0.28686670000024606,0.0,0.0,870.9026943190407,seed:0.0,32
2025-09-23,0,Optimal,False,0.000819679060500111,2.722030899996753,0.0,0.0,44842.03347446349,seed:1.0,44
2025-09-23,6,Optimal,False,9.422095529094359e-05,1.683508799993433,0.0,0.0,-508.0080618078334,block:1:-20.0,40
2025-09-23,12,Optimal,False,0.0,0.7433862999896519,1.0,0.75,-266.54114073929526,seed:0.0,36
2025-09-23,18,Optimal,False,0.0,0.3275856999971438,0.0,0.0,-152.21885106632817,seed:0.0,32
2025-09-24,0,Optimal,False,0.0005753475401855772,2.0794213000044692,0.0,0.0,31582.518914151726,block:3:20.0,44
2025-09-24,6,Optimal,False,0.0,1.1887950000091223,0.0,0.0,-932.2773998943571,block:3:20.0,40
2025-09-24,12,Optimal,False,0.0,2.70902219999698,0.0,0.0,-5365.765992839148,block:3:20.0,36
2025-09-24,18,Optimal,False,0.00017214561661069435,0.3511526999936905,0.0,0.0,-10182.126978365477,block:3:20.0,32
2025-09-25,0,Optimal,False,0.0005992880768492774,5.762874499996542,0.25,0.75,40491.43098752126,policy_refine,44
2025-09-25,6,Optimal,False,0.0003530936838657091,7.622016000008443,0.0,0.0,1487.3356442906907,block:1:-20.0,40
2025-09-25,12,Optimal,False,0.00037352415019860477,4.944143000000622,1.0,0.75,1169.7261321055128,seed:0.5,36
2025-09-25,18,Optimal,False,0.00015089865437801033,1.2755083999945782,0.0,0.0,-286.2242136505867,seed:0.0,32
2025-09-26,0,Optimal,False,0.000786167735827663,5.010563500007265,0.0,0.0,18082.006619011656,block:1:-20.0,44
2025-09-26,6,Optimal,False,0.0,3.7772285000100965,0.0,0.0,407.68744978284235,seed:1.0,40
2025-09-26,12,Optimal,False,0.000692210554712395,1.97155030000431,1.0,0.75,852.7665733472495,seed:0.0,36
2025-09-26,18,Optimal,False,0.0006867422609170081,1.0803797999978997,0.0,0.0,-1169.0013670810324,seed:1.0,32
2025-09-27,0,Optimal,False,0.0005533329132576246,9.235725899998215,0.0,0.0,17611.951619896838,block:0:-20.0,44
2025-09-27,6,Optimal,False,0.0,2.9250909999973373,0.0,0.0,5524.492807787394,block:1:-20.0,40
2025-09-27,12,Optimal,False,0.0009017164119070582,2.3388306999986526,1.0,0.0,3717.5602159176233,policy_refine,36
2025-09-27,18,Optimal,False,0.0007628762097606264,1.390391599998111,0.0,0.0,-354.74435959895516,seed:0.0,32
2025-09-28,0,Optimal,False,0.000482570931544134,5.173064100003103,0.0,0.0,42268.24466154097,block:3:20.0,44
2025-09-28,6,Optimal,False,0.0007983844679294918,7.489581699992414,0.0,0.0,5447.458323376257,block:1:-20.0,40
2025-09-28,12,Optimal,False,0.0009799800205374637,2.5420198000065284,1.0,0.75,1743.7780996326096,seed:0.0,36
2025-09-28,18,Optimal,False,0.00020166234337330987,1.2432773000036832,0.0,0.0,-1510.3420416072577,seed:0.5,32
2025-09-29,0,Optimal,False,0.0008744093381906612,5.122656799998367,0.0,0.0,43085.365972693195,block:1:-20.0,44
2025-09-29,6,Optimal,False,0.0,2.79511530000309,0.0,0.0,-3301.3675073735044,block:3:20.0,40
2025-09-29,12,Optimal,False,0.0008571391932920323,7.013414500004728,0.0,0.0,-4007.191402164496,seed:0.5,36
2025-09-29,18,Optimal,False,0.0008125985694132108,0.9499435000034282,0.0,0.0,-5025.630447069562,seed:1.0,32
2025-09-30,0,Optimal,False,0.0009194400120504173,5.425336000000243,0.0,0.0,41808.93339260431,block:2:-20.0,44
2025-09-30,6,Optimal,False,0.0,2.9103997999918647,0.0,0.0,-5415.916591114984,block:3:-20.0,40
2025-09-30,12,Optimal,False,0.0006887116149424846,5.373738100010087,0.0,0.0,-7881.127164007616,block:3:20.0,36
2025-09-30,18,Optimal,False,0.0001888134974504904,0.3398429000080796,0.0,0.0,-9786.113402488834,seed:0.5,32
2025-10-01,0,Optimal,False,0.0008897487873057643,1.5778140000038547,1.0,0.0,38007.409036508965,policy_refine,44
2025-10-01,6,Optimal,False,0.0,1.4398381000064546,0.0,0.0,-254.86265450736784,block:3:20.0,40
2025-10-01,12,Optimal,False,0.00017471402968425353,2.0786604000022635,0.0,0.0,-4439.212177535388,seed:0.5,36
2025-10-01,18,Optimal,False,0.00033749096500110287,0.3102452000021003,0.0,0.0,-5239.172577122076,seed:1.0,32
2025-10-02,0,Optimal,False,0.0009516438515828757,5.6889374000020325,0.0,0.0,43673.825423514645,block:0:-20.0,44
2025-10-02,6,Optimal,False,0.0,1.3438090999989072,1.0,0.75,305.24088943271363,block:1:-50.0,40
2025-10-02,12,Optimal,False,9.982964054878053e-08,0.6079204999987269,1.0,0.0,1449.3717947850714,block:2:-20.0,36
2025-10-02,18,Optimal,False,0.0008025112475817713,0.40809080000326503,0.0,0.0,-623.3572414293249,seed:0.0,32
2025-10-03,0,Optimal,False,0.0004719367316189121,5.191489100005128,0.0,0.0,15378.614791953103,block:0:20.0,44
2025-10-03,6,Optimal,False,0.0,0.787483300009626,0.0,0.0,604.9182522947397,seed:1.0,40
2025-10-03,12,Optimal,False,0.0,0.4632756000064546,1.0,0.0,2924.434662065671,policy_refine,36
2025-10-03,18,Optimal,False,0.0006597479785512153,0.3040591000026325,0.0,0.0,-221.12412109319558,seed:0.0,32
2025-10-04,0,Optimal,False,0.0007686464326217879,3.47312840000086,0.0,0.0,12499.379263862562,block:2:-20.0,44
2025-10-04,6,Optimal,False,0.0,1.3646051999967312,0.0,0.0,-10198.110067816586,block:3:50.0,40
2025-10-04,12,Optimal,False,0.0,0.46444090000295546,0.0,0.0,-10972.747718826746,block:3:20.0,36
2025-10-04,18,Optimal,False,0.00066631052165571,0.35845870000775903,0.0,0.0,-12497.071392408398,seed:1.0,32
2025-10-05,0,Optimal,False,0.000733969231594955,4.825484300003154,1.0,0.75,39251.8977148324,block:3:-20.0,44
2025-10-05,6,Optimal,False,0.0,0.8329140999994706,0.0,0.0,-9361.011547381971,block:3:-20.0,40
2025-10-05,12,Optimal,False,5.2025897808403833e-08,0.6024061999924015,0.0,0.0,-8680.318492137927,seed:0.0,36
2025-10-05,18,Optimal,False,0.0004798387026255685,0.33326909999595955,0.0,0.0,-9247.547248988363,block:3:-20.0,32
2025-10-06,0,Optimal,False,0.0008196359170507228,2.044736700001522,0.75,0.0,38701.2863470045,policy_refine,44
2025-10-06,6,Optimal,False,0.0,1.7820919000077993,1.0,0.0,5299.10309592581,policy_refine,40
2025-10-06,12,Optimal,False,0.0009961017623642218,3.814219399995636,1.0,0.0,3003.5868090832973,seed:0.0,36
2025-10-06,18,Optimal,False,0.00036267293649771897,0.511227199996938,0.0,0.0,-958.4754637124481,seed:0.0,32
2025-10-07,0,Optimal,False,0.0005221866898121666,4.3101625999988755,0.75,0.0,40831.14066667526,policy_refine,44
2025-10-07,6,Optimal,False,0.00010850386539067518,1.935133599996334,0.0,0.0,1617.7737741840438,seed:1.0,40
2025-10-07,12,Optimal,False,0.0,9.89079180000408,1.0,0.0,2841.9930257459455,block:2:-20.0,36
2025-10-07,18,Optimal,False,0.0,0.5447950000088895,0.0,0.0,-583.7372934050684,seed:0.0,32
2025-10-08,0,Optimal,False,0.0005931835503657223,2.2635358999978052,0.0,0.0,36135.826780690346,seed:1.0,44
2025-10-08,6,Optimal,False,0.0001538237554232461,2.1716983999940567,0.0,0.0,2044.1331830256172,block:1:-20.0,40
2025-10-08,12,Optimal,False,5.985491107688003e-08,0.8822040999948513,0.0,0.0,1826.5154161511314,seed:0.5,36
2025-10-08,18,Optimal,False,0.0,0.43589069999870844,0.0,0.0,674.6635942352989,seed:0.0,32
2025-10-09,0,Optimal,False,0.0006466926438829316,5.008341699998709,0.0,0.0,42733.79392067948,seed:1.0,44
2025-10-09,6,Optimal,False,0.0,0.8730136000085622,0.0,0.0,-2665.1180620088026,block:1:-20.0,40
2025-10-09,12,Optimal,False,0.0008463136563968975,1.859884499994223,0.0,0.0,1634.3403959851125,seed:1.0,36
2025-10-09,18,Optimal,False,0.00013703271591859926,0.3444426000060048,0.25,0.75,4321.748460575052,policy_refine,32
2025-10-10,0,Optimal,False,0.0002081993041468811,2.0586918000044534,0.0,0.0,14200.762834205338,block:0:-20.0,44
2025-10-10,6,Optimal,False,0.0,0.8551817999978084,1.0,0.0,1164.0148659590814,seed:1.0,40
2025-10-10,12,Optimal,False,0.0,0.5216692999965744,1.0,0.75,1044.2207423147333,policy_refine,36
2025-10-10,18,Optimal,False,0.0008252093267065266,0.36459859999013133,0.0,0.0,2435.9646904883566,seed:0.0,32
2025-10-11,0,Optimal,False,0.0008677488764539136,3.9403888000088045,0.0,0.0,15127.917899564867,block:2:-20.0,44
2025-10-11,6,Optimal,False,0.0,0.92670119999093,0.0,0.0,1251.4099933186474,seed:1.0,40
2025-10-11,12,Optimal,False,0.0005552540849733536,0.6761455999949249,1.0,0.0,770.738547319672,seed:0.5,36
2025-10-11,18,Optimal,False,0.0007038093487434429,0.36456750000070315,0.0,0.0,1749.6076004037564,seed:0.0,32
2025-10-12,0,Optimal,False,0.0007122245445182945,4.5590357999899425,0.75,0.75,38732.76075489113,policy_refine,44
2025-10-12,6,Optimal,False,0.0006890762885322722,1.6418985000054818,0.0,0.0,4437.323495117995,block:1:-20.0,40
2025-10-12,12,Optimal,False,0.0008627334842675318,0.8112687999964692,1.0,0.75,1638.6495854979019,seed:0.0,36
2025-10-12,18,Optimal,False,0.0009536840330119452,0.3359447000111686,0.0,0.0,836.0244270675641,seed:0.0,32
2025-10-13,0,Optimal,False,0.0007184097529023737,1.9586132999975234,0.0,0.0,40368.97816383149,block:0:-20.0,44
2025-10-13,6,Optimal,False,0.0,0.886814500001492,0.0,0.0,958.0608379341263,block:1:-20.0,40
2025-10-13,12,Optimal,False,0.0,0.5502641000057338,1.0,0.0,620.1411905447256,seed:0.5,36
2025-10-13,18,Optimal,False,6.72708941760581e-05,0.35819560001255013,0.0,0.0,730.6368407761389,seed:0.0,32
2025-10-14,0,Optimal,False,0.0009703728097207123,4.495874100000947,0.0,0.0,42043.51364125003,block:0:-20.0,44
2025-10-14,6,Optimal,False,0.000923256019138724,1.2065584000083618,0.0,0.0,-1625.4593681935155,block:1:-20.0,40
2025-10-14,12,Optimal,False,0.0008171709444425629,13.01398319999862,1.0,0.75,1909.9810114821498,seed:0.0,36
2025-10-14,18,Optimal,False,0.0,0.44732970000768546,0.0,0.0,-276.22231324622356,seed:0.0,32
2025-10-15,0,Optimal,False,0.0008698031642023757,2.2887038000044413,0.0,0.0,44798.87412984274,block:0:-20.0,44
2025-10-15,6,Optimal,False,0.0007311617427087502,1.6861001000070246,0.0,0.0,-1018.1208735519998,block:1:-50.0,40
2025-10-15,12,Optimal,False,0.0007326220822179412,1.2663557000050787,1.0,0.75,252.43338808209762,seed:0.0,36
2025-10-15,18,Optimal,False,0.0008831300964294148,1.0074043000058737,0.0,0.0,-219.60135048917596,seed:0.0,32
2025-10-16,0,Optimal,False,0.000972806336278304,2.088211499998579,0.0,0.0,42451.89035945851,block:0:-20.0,44
2025-10-16,6,Optimal,False,0.000922628020077034,2.000641499995254,0.0,0.0,2066.536694819293,block:1:-50.0,40
2025-10-16,12,Optimal,False,0.000362099967249367,7.609256999989157,1.0,0.75,404.7663257366004,seed:0.0,36
2025-10-16,18,Optimal,False,0.0006682317934593632,0.4824165999889374,0.0,0.0,348.28349788523803,seed:0.0,32
2025-10-17,0,Optimal,False,0.0007585200128229795,1.810939299990423,1.0,0.0,15433.942904154092,policy_refine,44
2025-10-17,6,Optimal,False,0.0,0.8614944000000833,0.0,0.0,2247.229464716434,block:1:-50.0,40
2025-10-17,12,Optimal,False,0.0003678817208138202,0.7696080000023358,1.0,0.75,1932.8139837120038,seed:1.0,36
2025-10-17,18,Optimal,False,0.0,0.3544171999965329,0.0,0.0,-364.43266640382046,seed:0.0,32
2025-10-18,0,Optimal,False,0.00047925081275375684,6.422185100003844,0.0,0.0,17597.613486853665,block:2:-20.0,44
2025-10-18,6,Optimal,False,0.0,0.8536028000089573,1.0,0.75,175.13349690063268,seed:1.0,40
2025-10-18,12,Optimal,False,0.0,0.5245525000063935,0.0,0.0,-303.4519951450329,seed:0.0,36
2025-10-18,18,Optimal,False,0.00043148982274112205,0.35266499999852385,0.0,0.0,-532.5423198035877,seed:0.0,32
2025-10-19,0,Optimal,False,0.0004820971877886656,2.0592272999929264,0.0,0.0,44642.97371006131,block:0:-20.0,44
2025-10-19,6,Optimal,False,0.00015986023011746445,1.5835319999896456,0.0,0.0,727.5304567572509,block:1:-20.0,40
2025-10-19,12,Optimal,False,0.00045042302696734793,0.760658200000762,0.0,0.0,1126.312674191207,seed:0.5,36
2025-10-19,18,Optimal,False,0.00010604784600938498,0.30895810000947677,0.0,0.0,155.38866002366944,seed:0.0,32
2025-10-20,0,Optimal,False,0.00034391278726759116,2.3982432000047993,0.0,0.0,48089.768259629505,block:0:-20.0,44
2025-10-20,6,Optimal,False,0.0,3.7621951999899466,0.0,0.0,444.52547068545204,block:1:-20.0,40
2025-10-20,12,Optimal,False,0.0006724500332217586,0.7511650999949779,0.0,0.0,-98.0019686844142,seed:0.5,36
2025-10-20,18,Optimal,False,0.000347167430917854,0.561738400007016,0.0,0.0,-184.74988963695674,seed:0.0,32
2025-10-21,0,Optimal,False,0.0005791732081126819,4.165507500001695,0.0,0.0,46830.34288864935,block:0:-20.0,44
2025-10-21,6,Optimal,False,0.0,1.6111687000084203,0.25,0.75,1417.9286399984085,policy_refine,40
2025-10-21,12,Optimal,False,0.0008682265532230092,7.398422900005244,0.0,0.0,162.68088082481643,seed:0.0,36
2025-10-21,18,Optimal,False,0.0003760165982172748,0.5202625999954762,0.0,0.0,182.61657871296978,seed:0.0,32
2025-10-22,0,Optimal,False,0.0004664545433702567,1.97328620000917,0.0,0.0,43354.23798941637,block:0:-20.0,44
2025-10-22,6,Optimal,False,0.00042641315902278875,1.6195361999998568,0.0,0.0,2425.122439601697,block:1:-50.0,40
2025-10-22,12,Optimal,False,0.0009409569987225867,4.19614260000526,1.0,0.75,3971.4852766566282,seed:0.0,36
2025-10-22,18,Optimal,False,0.0002530946870949471,0.46903380000730976,0.0,0.0,342.34011310501546,seed:0.0,32
2025-10-23,0,Optimal,False,0.0006800009963052209,4.641148399998201,0.0,0.0,50631.85637966732,block:0:-20.0,44
2025-10-23,6,Optimal,False,0.0,0.8621726999990642,0.0,0.0,-2125.6702628757494,block:1:-20.0,40
2025-10-23,12,Optimal,False,0.0003768036841587348,6.809134399998584,1.0,0.75,1940.7586049283234,seed:0.0,36
2025-10-23,18,Optimal,False,0.00033403444493346006,0.6035173999989638,0.0,0.0,220.93198663567688,seed:0.0,32
2025-10-24,0,Optimal,False,0.0008113793562110074,6.89692240000295,0.0,0.0,16455.15264877567,block:0:-20.0,44
2025-10-24,6,Optimal,False,0.0,0.8476485999999568,0.0,0.0,1013.0934819560213,block:1:-20.0,40
2025-10-24,12,Optimal,False,0.0,0.6387914000079036,1.0,0.75,1842.4857459242185,block:2:-20.0,36
2025-10-24,18,Optimal,False,0.0005604742465535359,0.35841010000149254,0.0,0.0,882.614221620037,seed:0.0,32
2025-10-25,0,Optimal,False,0.000559703549393421,6.80604989999847,0.0,0.0,16155.271095385298,block:1:-20.0,44
2025-10-25,6,Optimal,False,0.0,0.8874476000055438,1.0,0.75,1366.0980751060647,block:1:-50.0,40
2025-10-25,12,Optimal,False,2.4242966440478785e-05,0.7692110000061803,1.0,0.75,1567.4325404061997,seed:0.5,36
2025-10-25,18,Optimal,False,1.4219436403198677e-05,0.3483461999858264,0.0,0.0,165.36615711266754,seed:0.0,32
2025-10-26,0,Optimal,False,0.0005558160872379469,4.335682100005215,0.0,0.0,45810.51963570242,block:0:-20.0,44
2025-10-26,6,Optimal,False,0.0,1.9550077000021702,0.0,0.0,841.035843682571,block:1:-20.0,40
2025-10-26,12,Optimal,False,5.196887419058107e-05,1.0206821000028867,1.0,0.75,3827.429069003647,seed:0.0,36
2025-10-26,18,Optimal,False,0.0,0.4578129000001354,0.0,0.0,169.9725967827623,seed:0.0,32
2025-10-27,0,Optimal,False,0.00035486388776333216,4.9286501000024145,0.0,0.0,41347.46719507825,block:1:-20.0,44
2025-10-27,6,Optimal,False,0.0005897166658934821,2.1300319000001764,0.0,0.0,8221.016209270712,block:1:-50.0,40
2025-10-27,12,Optimal,False,9.33492662426149e-05,2.94211930000165,1.0,0.75,3041.4011886324624,seed:0.0,36
2025-10-27,18,Optimal,False,5.402200887566958e-05,0.3435048999963328,0.0,0.0,-399.3540390323061,seed:0.0,32
2025-10-28,0,Optimal,False,0.0005643268201057875,2.0778578000026755,0.0,0.0,41800.408438532206,seed:1.0,44
2025-10-28,6,Optimal,False,0.00012674330538826764,2.032281599997077,0.5,0.0,5544.212523827332,block:1:-20.0,40
2025-10-28,12,Optimal,False,0.0,1.8750766000011936,1.0,0.75,5100.7705380317375,seed:0.0,36
2025-10-28,18,Optimal,False,1.738892413313527e-05,0.38730459999351297,0.0,0.0,-275.6844677578675,seed:0.0,32
2025-10-29,0,Optimal,False,0.00032616425398615035,2.0871113000030164,0.0,0.0,46411.982697291256,block:0:-20.0,44
2025-10-29,6,Optimal,False,2.2946568957870082e-05,2.2322355000069365,1.0,0.0,2417.1138243865116,block:1:-50.0,40
2025-10-29,12,Optimal,False,0.0,1.7961123999994015,1.0,0.0,1576.5289546554973,block:3:-20.0,36
2025-10-29,18,Optimal,False,0.0,0.34133500000461936,0.0,0.0,236.6782107943191,seed:0.0,32
2025-10-30,0,Optimal,False,0.0007470021779869545,5.2772112999955425,0.25,0.75,41300.29863094247,policy_refine,44
2025-10-30,6,Optimal,False,0.0009412453503796651,2.611291200009873,0.0,0.0,5908.0292094413835,block:1:-20.0,40
2025-10-30,12,Optimal,False,9.645449232872779e-05,3.96133109999937,1.0,0.75,5085.937473934108,seed:0.0,36
2025-10-30,18,Optimal,False,0.0,0.3875854000070831,0.0,0.0,-173.11803189864972,seed:0.0,32
2025-10-31,0,Optimal,False,0.0006624975459851495,2.2484721000073478,0.0,0.0,18571.097557088273,block:0:-20.0,44
2025-10-31,6,Optimal,False,0.0,1.0604679999960354,0.0,0.0,-65.95334045491741,block:1:-50.0,40
2025-10-31,12,Optimal,False,0.0,0.6909261999971932,1.0,0.75,911.6660941665274,seed:1.0,36
2025-10-31,18,Optimal,False,0.00036023004390291566,0.3725728999997955,0.0,0.0,-361.41756859087286,seed:0.0,32
2025-11-01,0,Optimal,False,0.0006390930384971448,4.409752399995341,0.0,0.0,17595.317971646324,seed:0.5,44
2025-11-01,6,Optimal,False,0.0,0.9972333000041544,0.0,0.0,-62.36768221191349,block:1:-20.0,40
2025-11-01,12,Optimal,False,0.0005842537510953481,0.7163864000031026,1.0,0.75,834.5004657208389,seed:0.0,36
2025-11-01,18,Optimal,False,0.0,0.5282082000048831,0.0,0.0,-297.17943793572584,seed:0.0,32
2025-11-02,0,Optimal,False,0.000417651031579332,2.0754279999964638,0.0,0.0,45464.608205759505,block:0:-20.0,44
2025-11-02,6,Optimal,False,0.0008214875774292037,1.8826145000057295,0.0,0.0,6073.870519816437,block:1:-50.0,40
2025-11-02,12,Optimal,False,0.0009418923310470249,1.507641500007594,0.0,0.0,819.394213638961,block:2:-20.0,36
2025-11-02,18,Optimal,False,0.0,0.3857963999907952,0.0,0.0,-301.6772271629309,seed:0.0,32
2025-11-03,0,Optimal,False,0.0004812399912238079,2.1190630000055535,0.0,0.0,49169.456714328,block:0:-20.0,44
2025-11-03,6,Optimal,False,0.0009477430144607963,3.948586600003182,0.0,0.0,1645.6151520983112,block:1:-20.0,40
2025-11-03,12,Optimal,False,4.898772236804462e-05,0.9652496000053361,1.0,0.75,834.3875245363449,seed:0.0,36
2025-11-03,18,Optimal,False,0.00017387946819437945,0.36373310000635684,0.0,0.0,-121.53805541957229,seed:0.0,32
2025-11-04,0,Optimal,False,0.00047492154711179093,1.7613049000065075,0.0,0.0,45262.585532004545,block:0:-20.0,44
2025-11-04,6,Optimal,False,8.322373969811207e-05,4.402406000008341,0.0,0.0,5028.009282766404,block:1:-20.0,40
2025-11-04,12,Optimal,False,0.0008019730546286625,3.7125058000092395,1.0,0.0,1535.7029323776562,seed:0.0,36
2025-11-04,18,Optimal,False,6.241327295851141e-05,0.6783588999969652,0.0,0.0,-32.618584135099844,seed:0.0,32
2025-11-05,0,Optimal,False,0.0004519601370239098,2.2577859000011813,0.0,0.0,50670.81927017211,block:0:-20.0,44
2025-11-05,6,Optimal,False,0.0,0.8784783000010066,0.0,0.0,-1303.7262738418192,block:1:-20.0,40
2025-11-05,12,Optimal,False,0.000200710096166284,0.9679391000099713,1.0,0.75,715.7740179829834,seed:0.0,36
2025-11-05,18,Optimal,False,0.0008657223710278265,0.5670151000085752,1.0,0.75,77.09211028821755,seed:0.0,32
2025-11-06,0,Optimal,False,0.0003497300559603213,2.252929199996288,0.0,0.0,47056.156684745816,block:0:-20.0,44
2025-11-06,6,Optimal,False,0.0005057511513266127,1.6677080000081332,0.0,0.0,5438.62088877715,block:1:-20.0,40
2025-11-06,12,Optimal,False,0.0008907873404341152,2.4493468000000576,1.0,0.75,2216.4115018135417,seed:0.0,36
2025-11-06,18,Optimal,False,0.0009165575017267111,0.5566290999995545,0.0,0.0,-116.92916777721575,seed:0.0,32
2025-11-07,0,Optimal,False,0.00031019431255447906,2.926743999996688,0.0,0.0,18054.83519518538,block:2:-20.0,44
2025-11-07,6,Optimal,False,0.0,0.8585115000023507,0.0,0.0,890.1976013060494,seed:1.0,40
2025-11-07,12,Optimal,False,0.0,0.6430434999929275,0.0,0.0,-76.37140999186991,seed:0.0,36
2025-11-07,18,Optimal,False,0.0,0.33125740000105,0.0,0.0,-397.4020345507435,seed:0.0,32
2025-11-08,0,Optimal,False,0.0006459773239643516,4.054762899992056,0.0,0.0,18067.20917524586,block:1:-20.0,44
2025-11-08,6,Optimal,False,8.373199204156789e-06,1.0814006000000518,1.0,0.75,1440.6446390143783,seed:1.0,40
2025-11-08,12,Optimal,False,0.0,0.6553558000014164,0.0,0.0,1289.9224815415844,seed:1.0,36
2025-11-08,18,Optimal,False,8.858385817565957e-05,0.3372942999994848,0.0,0.0,-196.49790170758996,seed:0.0,32
2025-11-09,0,Optimal,False,0.0004103990000982235,5.198418600004516,0.0,0.0,49512.87102429337,block:0:-20.0,44
2025-11-09,6,Optimal,False,8.329535391566841e-05,2.158165100001497,0.0,0.0,2686.5787516947757,seed:1.0,40
2025-11-09,12,Optimal,False,0.00020748991978671543,1.1444636000087485,0.0,0.0,2285.1395924592466,block:3:-20.0,36
2025-11-09,18,Optimal,False,0.00041596322532228957,0.33728120000159834,0.0,0.0,2387.402128461811,block:3:-20.0,32
2025-11-10,0,Optimal,False,0.0003931629593281713,2.415324799992959,0.0,0.0,49526.21730922231,block:0:-20.0,44
2025-11-10,6,Optimal,False,0.000971839610621519,2.815440699996543,0.0,0.0,5090.211396610602,block:1:-20.0,40
2025-11-10,12,Optimal,False,0.0009663293147661513,1.176052399998298,0.0,0.0,895.585128956742,block:3:-20.0,36
2025-11-10,18,Optimal,False,1.1634072105571545e-05,0.3626652999955695,1.0,0.75,348.10503632475536,seed:0.0,32
2025-11-11,0,Optimal,False,0.0002993783999414358,4.404385100002401,0.0,0.0,50875.83679134121,block:1:-20.0,44
2025-11-11,6,Optimal,False,0.0,1.5677510000095936,0.0,0.0,1271.9634469990003,block:1:-20.0,40
2025-11-11,12,Optimal,False,0.0,0.7297812000033446,0.0,0.0,-48.59438690031601,seed:0.5,36
2025-11-11,18,Optimal,False,0.0008168081380062252,0.5234112000034656,0.0,0.0,170.87601920187808,seed:0.0,32
2025-11-12,0,Optimal,False,0.0003781885777288199,2.431618899994646,0.0,0.0,48053.81072416224,block:1:-20.0,44
2025-11-12,6,Optimal,False,0.0007726655582137415,1.610062099993229,0.0,0.0,5924.425822683578,block:1:-50.0,40
2025-11-12,12,Optimal,False,0.0,1.4254192000080366,0.0,0.0,149.24233396682737,seed:0.5,36
2025-11-12,18,Optimal,False,0.0007051157954074865,0.33830599999055266,0.0,0.0,100.09518653591569,seed:0.0,32
2025-11-13,0,Optimal,False,0.00039770733011114926,2.8592287999927066,0.0,0.0,47121.882751013996,block:1:-20.0,44
2025-11-13,6,Optimal,False,0.00014673837259605944,2.2596118999936152,0.0,0.0,3919.066649715981,block:1:-20.0,40
2025-11-13,12,Optimal,False,8.994998812520987e-05,0.9039944999967702,0.0,0.0,2434.666834443404,seed:0.0,36
2025-11-13,18,Optimal,False,0.0004930662312933917,0.2944063000031747,0.0,0.0,1540.676164055421,seed:0.0,32
2025-11-14,0,Optimal,False,0.0007623343532350656,3.317266900005052,0.0,0.0,18506.9899565694,block:1:-20.0,44
2025-11-14,6,Optimal,False,0.0,1.1329923000012059,0.0,0.0,527.2635487393667,seed:1.0,40
2025-11-14,12,Optimal,False,0.0,0.6442551999934949,0.0,0.0,1091.17252335772,seed:0.5,36
2025-11-14,18,Optimal,False,0.0,0.4989878000051249,0.0,0.0,-63.088756047831424,seed:0.0,32
2025-11-15,0,Optimal,False,0.0006039239381923984,4.685864599989145,0.0,0.0,19639.95592583785,block:1:-20.0,44
2025-11-15,6,Optimal,False,0.0,0.8932150000036927,0.0,0.0,892.8174049966531,seed:1.0,40
2025-11-15,12,Optimal,False,0.00047263093558009385,0.711719400002039,0.0,0.0,503.65506125981454,seed:0.0,36
2025-11-15,18,Optimal,False,0.0,0.40029279999725986,0.0,0.0,-214.77817455221495,seed:0.0,32
2025-11-16,0,Optimal,False,0.0003651802619610379,5.2636727999924915,0.0,0.0,49211.94710260847,block:0:-20.0,44
2025-11-16,6,Optimal,False,0.0001170579350561589,2.6651986000069883,0.0,0.0,5975.690089712682,block:1:-20.0,40
2025-11-16,12,Optimal,False,0.0,3.864022500012652,0.0,0.0,2821.9572515283444,seed:0.0,36
2025-11-16,18,Optimal,False,0.0007320334415953847,0.41426019999198616,0.0,0.0,159.1351941215752,seed:0.0,32
2025-11-17,0,Optimal,False,0.0003113183403141302,4.577864500010037,0.0,0.0,47477.82404559219,seed:1.0,44
2025-11-17,6,Optimal,False,0.0,1.7362320000102045,0.0,0.0,9032.87012180384,block:1:-50.0,40
2025-11-17,12,Optimal,False,0.00014379553179199662,3.629690000001574,0.0,0.0,2455.7472553160783,seed:0.5,36
2025-11-17,18,Optimal,False,0.0,0.39891660001012497,0.0,0.0,-222.05284079549986,seed:0.0,32
2025-11-18,0,Optimal,False,0.00032581159805531514,2.2716326999943703,1.0,0.0,50048.663860760855,policy_refine,44
2025-11-18,6,Optimal,False,0.0,3.3293952999956673,0.0,0.0,750.2136464050054,block:1:-20.0,40
2025-11-18,12,Optimal,False,0.00046779528975853776,1.6008041000022786,1.0,0.0,2547.3530462562485,seed:0.0,36
2025-11-18,18,Optimal,False,0.0,0.4568524000060279,0.0,0.0,293.3730019044548,seed:0.0,32
2025-11-19,0,Optimal,False,0.0004787859305702938,5.072937900011311,0.0,0.0,49414.41430007925,seed:0.5,44
2025-11-19,6,Optimal,False,0.00011988141883627245,1.520618899987312,0.0,0.0,6466.017873936946,seed:1.0,40
2025-11-19,12,Optimal,False,2.6071626078086657e-05,1.078844100004062,0.5,0.75,588.1892503757648,policy_refine,36
2025-11-19,18,Optimal,False,0.0,0.29162869999709073,0.0,0.0,254.85620809594417,seed:0.0,32
2025-11-20,0,Optimal,False,0.00023094702521109735,2.150445099992794,1.0,0.0,49112.64688502007,seed:0.5,44
2025-11-20,6,Optimal,False,0.0,5.414898200004245,0.0,0.0,1663.9758550709696,block:1:-50.0,40
2025-11-20,12,Optimal,False,0.00010887208506412152,1.5481826000032015,1.0,0.75,2156.3592998135678,seed:0.0,36
2025-11-20,18,Optimal,False,0.00016937997681139,0.37850050000997726,0.0,0.0,183.85743480143458,seed:0.0,32
2025-11-21,0,Optimal,False,0.0005325332513350816,1.9409777000109898,0.0,0.0,18974.45955812042,seed:0.0,44
2025-11-21,6,Optimal,False,0.00018127753236501972,1.0964377999916906,0.0,0.0,1684.5109790151532,block:1:-20.0,40
2025-11-21,12,Optimal,False,0.0,0.6547225000103936,0.0,0.0,60.8298739058647,seed:0.0,36
2025-11-21,18,Optimal,False,0.0,0.3937876999989385,0.0,0.0,-58.954351318325436,seed:0.0,32
2025-11-22,0,Optimal,False,0.000758184284167029,3.763554599994677,0.0,0.0,20626.93874005247,seed:0.0,44
2025-11-22,6,Optimal,False,0.0,0.8496702999982517,1.0,0.0,-391.7667211095066,seed:0.5,40
2025-11-22,12,Optimal,False,0.0,0.7091157999966526,0.0,0.0,-220.00665725066784,seed:0.0,36
2025-11-22,18,Optimal,False,0.0,0.3655457999993814,0.0,0.0,187.63434833299607,seed:0.0,32
2025-11-23,0,Optimal,False,0.0004351728725331023,2.1385404000029666,0.0,0.0,49772.33477242592,seed:0.0,44
2025-11-23,6,Optimal,False,0.0005708189569091579,4.92984019999858,0.0,0.0,4434.948636437684,block:1:-20.0,40
2025-11-23,12,Optimal,False,0.0,1.7579650999978185,0.0,0.0,-50.39618728193503,seed:0.0,36
2025-11-23,18,Optimal,False,0.0,0.35514709999551997,0.0,0.0,-159.16724346121111,seed:0.0,32
2025-11-24,0,Optimal,False,0.0004778438851160479,2.422569799993653,0.0,0.0,48939.11770951406,block:0:-20.0,44
2025-11-24,6,Optimal,False,0.0007337346262836221,3.4676547999988543,0.0,0.0,2057.54810645629,block:1:-50.0,40
2025-11-24,12,Optimal,False,0.0007181388245218767,2.871494699997129,1.0,0.75,2102.1377857729685,seed:0.0,36
2025-11-24,18,Optimal,False,0.0008568428061574726,0.35348840001097415,0.0,0.0,-9.887356517945548,seed:0.0,32
2025-11-25,0,Optimal,False,0.00034146810027786044,2.374809999993886,1.0,0.0,57253.61635653191,seed:0.5,44
2025-11-25,6,Optimal,False,0.0,0.8633826000004774,0.0,0.0,-2306.991172428926,block:1:-50.0,40
2025-11-25,12,Optimal,False,0.0,0.5323850999993738,0.0,0.0,-1448.0828649432938,seed:0.0,36
2025-11-25,18,Optimal,False,0.00042860888182716785,0.41956730000674725,0.0,0.0,45.799762723426014,seed:0.0,32
2025-11-26,0,Optimal,False,0.00037956890108712906,6.817429300004733,0.0,0.0,52978.87251550028,block:1:-20.0,44
2025-11-26,6,Optimal,False,0.0006178367775861363,3.1272409000084735,0.0,0.0,3200.131726582952,block:1:-20.0,40
2025-11-26,12,Optimal,False,0.00034080527079950984,1.46660180001345,0.0,0.0,233.10454502673008,seed:0.0,36
2025-11-26,18,Optimal,False,6.13717686527077e-05,0.6721210999967298,1.0,0.75,147.07624081885402,seed:0.0,32
2025-11-27,0,Optimal,False,0.0005218446071968807,14.81138369999826,0.0,0.0,51266.64961193335,block:1:-20.0,44
2025-11-27,6,Optimal,False,0.0,2.849156899988884,0.5,0.0,3768.811574372276,policy_refine,40
2025-11-27,12,Optimal,False,0.0,4.309831399994437,0.0,0.0,323.3444349379738,block:3:-20.0,36
2025-11-27,18,Optimal,False,0.0,0.3060830000031274,1.0,0.75,642.6899179070077,seed:0.0,32
2025-11-28,0,Optimal,False,0.0005169212968023653,4.351720799997565,0.0,0.0,19478.28831642653,seed:0.5,44
2025-11-28,6,Optimal,False,0.0,0.9140003999928012,0.0,0.0,1022.2993161078304,block:1:-20.0,40
2025-11-28,12,Optimal,False,0.0006391293339556317,1.257130199999665,0.0,0.0,-79.43992938112598,seed:0.0,36
2025-11-28,18,Optimal,False,0.0,0.405181399997673,0.0,0.0,118.28685177253904,seed:0.0,32
2025-11-29,0,Optimal,False,0.0007563128958487274,5.77353080001194,0.0,0.0,24091.87525984632,block:0:-20.0,44
2025-11-29,6,Optimal,False,0.0,0.8774179000029108,0.0,0.0,-1178.3161910867714,block:1:-50.0,40
2025-11-29,12,Optimal,False,0.00011673456833007848,0.9992908999993233,1.0,0.75,-62.035033426205814,seed:0.0,36
2025-11-29,18,Optimal,False,0.0,0.33531589999620337,0.0,0.0,28.606656365832492,seed:0.0,32
2025-11-30,0,Optimal,False,0.00029718979670753556,2.172046699997736,0.0,0.0,53591.056054148714,seed:0.5,44
2025-11-30,6,Optimal,False,0.00019670115553413762,3.4346954000066034,0.0,0.0,2698.4139359910787,seed:1.0,40
2025-11-30,12,Optimal,False,1.3097148120388029e-05,1.3597248000005493,0.0,0.0,320.87476400390335,seed:0.0,36
2025-11-30,18,Optimal,False,0.0,0.5022863999911351,0.0,0.0,-245.92540779370518,seed:0.0,32
2025-12-01,0,Optimal,False,0.000399730592204089,9.792000899993582,0.0,0.0,56667.363242910316,seed:1.0,44
2025-12-01,6,Optimal,False,5.6398242344530854e-05,4.628172899989295,0.0,0.0,959.6265341418963,seed:1.0,40
2025-12-01,12,Optimal,False,0.0004607105714987974,1.0169030000106432,0.75,0.0,275.87202676808465,policy_refine,36
2025-12-01,18,Optimal,False,0.0,0.3343392000097083,1.0,0.0,1800.3970621795238,seed:0.0,32
2025-12-02,0,Optimal,False,0.000431421660568534,2.655670899999677,0.0,0.0,58398.1887502583,block:0:-20.0,44
2025-12-02,6,Optimal,False,0.0005962553772927282,2.126221699989401,0.0,0.0,4483.285643915296,seed:1.0,40
2025-12-02,12,Optimal,False,0.00019727554267951302,2.7406741000013426,0.0,0.0,332.2779310931163,seed:0.0,36
2025-12-02,18,Optimal,False,0.0,0.397504000007757,0.0,0.0,29.313141683338173,seed:0.0,32
2025-12-03,0,Optimal,False,0.0003620949749394138,2.0241837999928975,0.0,0.0,41281.0822705964,block:3:20.0,44
2025-12-03,6,Optimal,False,7.375031001853491e-05,1.9017532999860123,0.0,0.0,-3113.10424252901,block:2:-20.0,40
2025-12-03,12,Optimal,False,0.0,1.6089820999914082,0.0,0.0,-12621.47278172694,block:2:50.0,36
2025-12-03,18,Optimal,False,9.550255856277137e-05,0.37940240000898484,0.0,0.0,-15198.497731274943,block:3:20.0,32
2025-12-04,0,Optimal,False,0.0004471535393219207,7.976352400000906,1.0,0.75,56694.33191286155,policy_refine,44
2025-12-04,6,Optimal,False,0.0006347474300888561,4.521103099992615,0.0,0.0,3533.336806458705,seed:1.0,40
2025-12-04,12,Optimal,False,0.0,0.9307536999986041,0.0,0.0,520.2399930844396,block:2:-20.0,36
2025-12-04,18,Optimal,False,0.0009126103596435334,0.3828249000071082,0.0,0.0,913.434853468026,seed:0.0,32
2025-12-05,0,Optimal,False,0.000505670365996079,5.350787500006845,1.0,0.75,22526.44216081893,block:0:-20.0,44
2025-12-05,6,Optimal,False,0.0007158749078273289,2.776765200003865,0.0,0.0,4351.045099154067,block:1:-20.0,40
2025-12-05,12,Optimal,False,0.00022318900791674177,1.7324443999968935,1.0,0.75,1186.7945671712166,seed:0.0,36
2025-12-05,18,Optimal,False,0.0006047482495309259,0.45079669999540783,0.0,0.0,-155.61266920925357,seed:0.0,32
2025-12-06,0,Optimal,False,0.000586813493578967,4.253970499994466,1.0,0.75,24510.92137642652,block:1:-20.0,44
2025-12-06,6,Optimal,False,6.619934661523476e-05,1.705880800000159,1.0,0.75,2012.8370852666053,seed:0.0,40
2025-12-06,12,Optimal,False,0.0007364129671221574,1.0619346000021324,0.0,0.0,452.05267127893217,seed:0.0,36
2025-12-06,18,Optimal,False,0.0,0.47494659999210853,0.0,0.0,-191.4964557427286,seed:0.0,32
2025-12-07,0,Optimal,False,0.0005594062149542273,4.8573188000009395,1.0,0.75,60633.00964769598,block:0:-20.0,44
2025-12-07,6,Optimal,False,0.0,0.9360931000119308,0.0,0.0,601.1696149435286,seed:0.5,40
2025-12-07,12,Optimal,False,5.730104624195723e-05,1.9062395999935688,0.0,0.0,1467.0597433289797,seed:0.0,36
2025-12-07,18,Optimal,False,0.0,0.36632729999837466,0.0,0.0,-236.25829973212504,seed:0.0,32
2025-12-08,0,Optimal,False,0.0006262681292553106,5.294892699996126,1.0,0.0,61116.285555191986,seed:1.0,44
2025-12-08,6,Optimal,False,0.0009987942669346585,4.026516400001128,0.0,0.0,4710.266934658919,seed:1.0,40
2025-12-08,12,Optimal,False,6.865770467859995e-05,0.6713350000063656,0.0,0.0,-15.051972102397375,block:3:-20.0,36
2025-12-08,18,Optimal,False,0.000842225996086609,0.345339999999851,0.0,0.0,374.17955864932867,seed:0.0,32
2025-12-09,0,Optimal,False,0.0006100386357821009,5.0120956000027945,1.0,0.75,60168.154785891675,block:0:-20.0,44
2025-12-09,6,Optimal,False,0.00021675022496640278,2.8897510999959195,0.0,0.0,2030.8240416171593,seed:1.0,40
2025-12-09,12,Optimal,False,7.959057758352428e-05,1.3017203000053996,0.0,0.0,868.7337922662924,block:3:-20.0,36
2025-12-09,18,Optimal,False,0.00021186003939443007,0.3610840999899665,0.0,0.0,691.4341506736723,seed:0.0,32
2025-12-10,0,Optimal,False,0.0006452125693078344,5.837239500004216,0.0,0.0,57672.32076999932,seed:1.0,44
2025-12-10,6,Optimal,False,0.0003795989301886877,2.674276000005193,0.5,0.75,5789.882490393191,policy_refine,40
2025-12-10,12,Optimal,False,0.0009376461954654675,1.873232400001143,0.25,0.0,1076.6025443892552,policy_refine,36
2025-12-10,18,Optimal,False,0.0008050005052581789,0.3494678999995813,0.0,0.0,227.228945318349,seed:0.0,32
2025-12-11,0,Optimal,False,0.00030053897865334964,2.1425451999966754,0.0,0.0,66679.3924533068,seed:1.0,44
2025-12-11,6,Optimal,False,0.0007901941680198159,1.131141399993794,0.0,0.0,-2469.6420683934034,seed:0.5,40
2025-12-11,12,Optimal,False,0.0008213651302070229,1.0191136000066763,0.0,0.0,-1166.8696039785711,seed:0.0,36
2025-12-11,18,Optimal,False,0.00014705074641614682,0.40882759999658447,0.0,0.0,-98.8495292059228,seed:0.0,32
2025-12-12,0,Optimal,False,0.0007970558073587885,1.9442281999945408,1.0,0.0,27751.235069163282,seed:0.5,44
2025-12-12,6,Optimal,False,0.0,2.675461600010749,0.0,0.0,304.60541201663943,block:1:-50.0,40
2025-12-12,12,Optimal,False,0.0,2.543440699999337,0.0,0.0,-370.87994754837024,seed:0.0,36
2025-12-12,18,Optimal,False,0.0004809868705903851,0.36172260000603274,0.0,0.0,-298.41681013246716,seed:1.0,32
2025-12-13,0,Optimal,False,0.0007724207205186439,1.918206000002101,1.0,0.0,28590.05612737639,policy_refine,44
2025-12-13,6,Optimal,False,0.0007419062971261295,6.107624300013413,0.0,0.0,726.2397217556237,block:1:-50.0,40
2025-12-13,12,Optimal,False,0.0007465710877641511,1.34381810000923,0.0,0.0,-230.17172948684924,seed:0.0,36
2025-12-13,18,Optimal,False,0.0,0.579984299998614,0.0,0.0,-175.36637069577094,seed:0.0,32
2025-12-14,0,Optimal,False,0.0003795496972936083,2.701325200003339,0.0,0.0,61121.72973348696,seed:1.0,44
2025-12-14,6,Optimal,False,0.0,11.28928040000028,1.0,0.75,1759.9979127561157,seed:0.5,40
2025-12-14,12,Optimal,False,0.0,1.291402000002563,0.0,0.0,869.2820167586231,seed:0.0,36
2025-12-14,18,Optimal,False,0.0,0.5963945999974385,0.0,0.0,-97.22579607843927,seed:0.0,32
2025-12-15,0,Optimal,False,0.00044618596547165476,5.234594299996388,0.0,0.0,60399.97397534728,seed:1.0,44
2025-12-15,6,Optimal,False,0.0007867941483868253,2.755149699994945,0.5,0.0,3990.1104571966043,seed:1.0,40
2025-12-15,12,Optimal,False,0.0,1.401986400000169,0.0,0.0,1553.1307219685357,seed:0.0,36
2025-12-15,18,Optimal,False,8.480096229649602e-05,0.3164018999959808,0.0,0.0,233.61226280595832,seed:0.0,32
2025-12-16,0,Optimal,False,0.0004044448218779778,6.360218999994686,0.0,0.0,65479.59376385284,seed:1.0,44
2025-12-16,6,Optimal,False,0.0,5.056376399996225,0.0,0.0,-198.09626459627341,seed:0.0,40
2025-12-16,12,Optimal,False,0.0005882447113423635,1.3873939000040991,0.0,0.0,-83.85589712291855,seed:0.0,36
2025-12-16,18,Optimal,False,0.0,0.45028129999991506,0.0,0.0,-203.25687182700545,seed:0.0,32
2025-12-17,0,Optimal,False,0.0003608371075998247,7.308819300000323,0.0,0.0,64880.38946323277,seed:1.0,44
2025-12-17,6,Optimal,False,0.00032695872676468795,5.852122900003451,0.0,0.0,-1402.0025506805673,block:1:-20.0,40
2025-12-17,12,Optimal,False,0.0001685664348222798,2.1446935999993,1.0,0.75,698.1153392511562,seed:0.0,36
2025-12-17,18,Optimal,False,0.0007132059998880372,0.6612468999956036,0.0,0.0,348.62662710155746,seed:0.0,32
2025-12-18,0,Optimal,False,0.00030195280604923503,7.062636900009238,0.0,0.0,62256.62718156511,seed:1.0,44
2025-12-18,6,Optimal,False,0.000137251397746382,1.6545647000020836,1.0,0.75,3285.8997066692623,block:1:-20.0,40
2025-12-18,12,Optimal,False,0.0,2.3456986999954097,1.0,0.75,378.14340268309184,seed:0.0,36
2025-12-18,18,Optimal,False,0.0008362089694963178,0.529484800004866,0.0,0.0,-42.610938049722364,seed:0.0,32
2025-12-19,0,Optimal,False,0.0004198108719908878,2.1549006999994162,1.0,0.75,26569.50130142214,block:0:-20.0,44
2025-12-19,6,Optimal,False,0.0009839874251660844,1.5403670000087004,0.0,0.0,597.8035836578822,block:1:-20.0,40
2025-12-19,12,Optimal,False,0.0006318723834950859,0.9158297999965725,0.0,0.0,-271.4063893995734,seed:0.0,36
2025-12-19,18,Optimal,False,0.0002280354267329343,0.43280169999343343,0.0,0.0,628.2500142592586,seed:0.0,32
2025-12-20,0,Optimal,False,0.00027717575419189785,2.9474451999994926,1.0,0.75,28333.4920708671,block:0:-20.0,44
2025-12-20,6,Optimal,False,0.0006000833849284827,1.1872956000006525,0.0,0.0,-735.5500509294191,block:1:-20.0,40
2025-12-20,12,Optimal,False,0.0,0.7039404999959515,0.0,0.0,-704.6874136996366,seed:0.0,36
2025-12-20,18,Optimal,False,0.0004920599464865329,0.4046348999982001,0.0,0.0,151.33439607332872,seed:0.0,32
2025-12-21,0,Optimal,False,0.0005082996772113889,3.6456018000026233,1.0,0.75,64169.147000276585,block:0:-20.0,44
2025-12-21,6,Optimal,False,0.0002910039699080713,2.9809163000027183,0.0,0.0,-642.207623699489,seed:0.0,40
2025-12-21,12,Optimal,False,0.0006584284097468609,2.1183840000012424,0.0,0.0,2096.031629955331,seed:0.0,36
2025-12-21,18,Optimal,False,0.0,0.6515175000095041,0.0,0.0,-183.48050076220454,seed:0.0,32
2025-12-22,0,Optimal,False,0.0004324948784085422,4.385867399993003,0.0,0.0,62874.874350936996,seed:1.0,44
2025-12-22,6,Optimal,False,1.873127041526964e-06,5.351179899997078,0.0,0.0,-46.89486883375277,seed:0.0,40
2025-12-22,12,Optimal,False,0.0004908093398273946,3.179674099999829,0.0,0.0,153.73799708359275,seed:0.0,36
2025-12-22,18,Optimal,False,0.0007311787352396665,0.4871755000058329,0.0,0.0,57.61012486355425,seed:0.0,32
2025-12-23,0,Optimal,False,0.00035988154294753783,6.578958799989778,0.0,0.0,64181.16132041231,seed:1.0,44
2025-12-23,6,Optimal,False,0.00042622395687415477,3.762755100004142,0.0,0.0,-490.8848686116078,block:1:-50.0,40
2025-12-23,12,Optimal,False,1.7479598148632092e-05,6.2854456000059145,0.0,0.0,1051.4629153400972,seed:0.0,36
2025-12-23,18,Optimal,False,0.00014724357760037386,0.38649489999806974,0.0,0.0,971.2324732045101,seed:0.0,32
2025-12-24,0,Optimal,False,0.000356862027548996,4.703562700000475,0.0,0.0,63657.34284438546,seed:1.0,44
2025-12-24,6,Optimal,False,0.0009932373048720197,6.447278099993127,0.0,0.0,492.3038157643534,block:1:-50.0,40
2025-12-24,12,Optimal,False,6.336044605491062e-05,1.3047474000049988,1.0,0.75,541.6697101968492,seed:0.0,36
2025-12-24,18,Optimal,False,8.303078336224672e-05,0.550652000005357,0.0,0.0,329.640692358808,seed:0.0,32
2025-12-25,0,Optimal,False,0.0003810644465753129,5.835693100001663,0.0,0.0,60724.9459122917,seed:1.0,44
2025-12-25,6,Optimal,False,9.377307367077111e-05,5.683718299987959,1.0,0.0,984.3318346440217,policy_refine,40
2025-12-25,12,Optimal,False,0.00041468201906296094,1.1572320999985095,1.0,0.75,4084.8411060900717,seed:0.0,36
2025-12-25,18,Optimal,False,0.0,0.38663069999893196,0.0,0.0,-160.1587127060661,seed:0.0,32
2025-12-26,0,Optimal,False,0.0004109803120529218,4.667098099991563,0.0,0.0,27222.681841457805,seed:1.0,44
2025-12-26,6,Optimal,False,9.078766714837634e-06,2.697136299990234,0.0,0.0,25.752078210886637,block:1:-50.0,40
2025-12-26,12,Optimal,False,0.0,0.7262691999931121,0.0,0.0,-246.68312950933264,seed:0.0,36
2025-12-26,18,Optimal,False,0.0,0.3907655000075465,0.0,0.0,-203.17564016729102,seed:0.0,32
2025-12-27,0,Optimal,False,0.00046008622690481786,2.8696159000101034,0.0,0.0,27533.595530260027,seed:1.0,44
2025-12-27,6,Optimal,False,0.0,1.8581134999985807,0.0,0.0,-568.2924843219556,seed:0.0,40
2025-12-27,12,Optimal,False,7.821135606233276e-06,1.2944715000048745,0.0,0.0,-253.6763953092625,seed:0.0,36
2025-12-27,18,Optimal,False,0.00011031668558091188,0.46497240000462625,0.0,0.0,191.27610976694677,seed:0.0,32
2025-12-28,0,Optimal,False,0.00056008218769409,3.3455762000085087,1.0,0.75,63432.80634177525,block:0:20.0,44
2025-12-28,6,Optimal,False,0.00036609274887825416,2.251521500002127,0.0,0.0,-656.3117386807774,seed:0.0,40
2025-12-28,12,Optimal,False,3.5459774840554888e-06,1.1925807000079658,0.0,0.0,-88.30229721999197,seed:0.0,36
2025-12-28,18,Optimal,False,0.00034908269914944566,0.34843570001248736,0.0,0.0,313.3214483232831,seed:0.0,32
2025-12-29,0,Optimal,False,0.00040360544760779205,3.412744200002635,0.0,0.0,62242.09288836968,seed:1.0,44
2025-12-29,6,Optimal,False,0.0005906549266038539,6.970437700001639,0.0,0.0,1207.9916411923587,seed:0.0,40
2025-12-29,12,Optimal,False,0.0005899813733513873,1.3158679000043776,0.0,0.0,-33.84360448377325,seed:0.0,36
2025-12-29,18,Optimal,False,0.00044793955932239765,0.5311425000109011,0.0,0.0,-145.5639794965902,seed:0.0,32
2025-12-30,0,Optimal,False,0.00035363616753922197,5.419256699999096,0.0,0.0,61607.11202994648,block:0:-20.0,44
2025-12-30,6,Optimal,False,0.0,6.9578201999975136,1.0,0.0,2620.984418106657,policy_refine,40
2025-12-30,12,Optimal,False,0.0007086602565347485,1.7892798999964725,0.0,0.0,-263.87480057312933,seed:0.0,36
2025-12-30,18,Optimal,False,0.0,0.3837693999957992,0.0,0.0,-150.99522463709468,seed:0.0,32
2025-12-31,0,Optimal,False,0.0003251621825609509,7.774869899993064,0.0,0.0,63201.10614912331,seed:1.0,44
2025-12-31,6,Optimal,False,0.0,2.8350546000001486,1.0,0.0,-252.94986534497127,seed:0.0,40
2025-12-31,12,Optimal,False,0.00012468062711353136,2.140662899997551,0.0,0.0,431.4949367212754,seed:0.0,36
2025-12-31,18,Optimal,False,0.0008072299257456625,0.29495569999562576,0.0,0.0,211.37814630359588,seed:0.0,32
