date,interval,timestamp,purchase_kwh,adjusted_purchase_kwh,load_kwh,pv_kwh,price_yuan_per_kwh,charge_kwh,discharge_kwh,emergency_kwh,unused_kwh,soc_start_kwh,soc_end_kwh,alpha,gain,forecast_next_net_kwh
2025-02-01,0,2025-02-01 00:00:00,1275.6792416666667,1275.6792416666667,422.0303666666667,0.0,0.4248,833.3333333333333,0.0,0.0,20.31554166666683,1200.0,1950.0,1.0,0.75,425.68863649063445
2025-02-01,1,2025-02-01 00:10:00,1271.0088999999998,1271.0088999999998,415.4073166666667,0.0,0.4245,833.3333333333333,0.0,0.0,22.268249999999853,1950.0,2700.0,1.0,0.75,447.0057934152405
2025-02-01,2,2025-02-01 00:20:00,1291.385,1291.385,410.7166666666667,0.0,0.4269,833.3333333333333,0.0,0.0,47.335000000000036,2700.0,3450.0,1.0,0.75,438.971681870622
2025-02-01,3,2025-02-01 00:30:00,1287.878675,1287.878675,430.29479999999995,0.0,0.4272,833.3333333333333,0.0,0.0,24.250541666666777,3450.0,4200.0,1.0,0.75,449.11512435221016
2025-02-01,4,2025-02-01 00:40:00,1257.2215166666665,1257.2215166666665,424.4105833333333,0.0,0.4271,832.8109333333334,0.0,2.2737367544323206e-13,0.0,4200.0,4949.52984,1.0,0.75,443.92592791380935
2025-02-01,5,2025-02-01 00:50:00,1264.2416666666663,1264.2416666666663,406.0516666666667,0.0,0.4285,833.3333333333333,0.0,0.0,24.856666666666342,4949.52984,5699.52984,1.0,0.75,452.32935375972477
2025-02-01,6,2025-02-01 01:00:00,1117.2810333333337,1117.2810333333337,436.7501833333333,0.0,0.4311,680.5308500000006,0.0,2.2737367544323206e-13,0.0,5699.52984,6312.007605000001,1.0,0.75,451.17875697983436
2025-02-01,7,2025-02-01 01:10:00,1301.7855416666666,1301.7855416666666,451.7976833333333,0.0,0.4302,833.3333333333333,0.0,0.0,16.65452500000015,6312.007605000001,7062.007605000001,1.0,0.75,448.7629530154346
2025-02-01,8,2025-02-01 01:20:00,1250.9741666666666,1250.9741666666666,446.08,0.0,0.4279,804.8941666666663,0.0,0.0,4.547473508864641e-13,7062.007605000001,7786.412355,1.0,0.75,485.3267299572488
2025-02-01,9,2025-02-01 01:30:00,484.7230750000001,484.7230750000001,471.7663333333333,0.0,0.4312,12.956741666666858,0.0,5.684341886080802e-14,0.0,7786.412355,7798.073422500001,1.0,0.75,494.21537324836174
2025-02-01,10,2025-02-01 01:40:00,511.48474166666654,511.48474166666654,448.02596666666665,0.0,0.4333,63.45877500000016,0.0,2.7000623958883807e-13,0.0,7798.073422500001,7855.186320000001,1.0,0.75,466.15161621485123
2025-02-01,11,2025-02-01 01:50:00,1306.9691666666665,1306.9691666666665,397.40333333333336,0.0,0.4311,833.3333333333333,0.0,0.0,76.23249999999985,7855.186320000001,8605.18632,1.0,0.75,448.14866806106977
2025-02-01,12,2025-02-01 02:00:00,1319.265375,1319.265375,434.0906333333333,0.0,0.4293,833.3333333333333,0.0,0.0,51.84140833333345,8605.18632,9355.18632,1.0,0.75,461.43037954999807
2025-02-01,13,2025-02-01 02:10:00,523.3204083333335,523.3204083333335,490.5609166666666,0.0,0.4324,32.75949166666679,0.0,0.0,7.105427357601002e-14,9355.18632,9384.6698625,1.0,0.75,473.2764171846028
2025-02-01,14,2025-02-01 02:20:00,505.015,505.015,503.22,0.0,0.4367,1.7949999999998707,0.0,0.0,8.837375276016246e-14,9384.6698625,9386.2853625,1.0,0.75,482.1924877722465
2025-02-01,15,2025-02-01 02:30:00,484.3008,484.3008,474.0728166666667,0.0,0.4348,10.227983333334123,0.0,8.526512829121202e-13,0.0,9386.2853625,9395.490547500001,1.0,0.75,501.8538569610301
2025-02-01,16,2025-02-01 02:40:00,503.6974333333333,503.6974333333333,461.38439999999997,0.0,0.4335,42.3130333333332,0.0,0.0,1.4921397450962104e-13,9395.490547500001,9433.572277500001,1.0,0.75,503.06633440753006
2025-02-01,17,2025-02-01 02:50:00,529.8208333333333,529.8208333333333,476.94166666666666,0.0,0.4357,52.8791666666661,0.0,0.0,5.613287612504791e-13,9433.572277500001,9481.1635275,1.0,0.75,498.0626284611163
2025-02-01,18,2025-02-01 03:00:00,492.36593333333315,492.36593333333315,483.39955000000003,0.0,0.4374,8.966383333334104,0.0,9.912071163853398e-13,0.0,9481.1635275,9489.233272500001,1.0,0.75,496.69771786886986
2025-02-01,19,2025-02-01 03:10:00,491.5744000000001,491.5744000000001,486.6019166666667,0.0,0.4371,4.972483333333204,0.0,0.0,1.9628743075372768e-13,9489.233272500001,9493.708507500001,1.0,0.75,489.27908837331626
2025-02-01,20,2025-02-01 03:20:00,515.5341666666667,515.5341666666667,498.84833333333336,0.0,0.4356,16.685833333334205,0.0,8.704148513061227e-13,0.0,9493.708507500001,9508.725757500002,1.0,0.75,459.82028640431344
2025-02-01,21,2025-02-01 03:30:00,512.7633,512.7633,518.3097333333334,0.0,0.4353,0.0,5.5464333333329705,4.547473508864641e-13,0.0,9508.725757500002,9502.563053796299,1.0,0.75,490.4217561511769
2025-02-01,22,2025-02-01 03:40:00,512.3613783055586,512.3613783055586,509.13346666666666,0.0,0.436,3.227911638892288,0.0,3.9168668308775523e-13,0.0,9502.563053796299,9505.468174271302,1.0,0.75,526.0530780292266
2025-02-01,23,2025-02-01 03:50:00,510.6483333333332,510.6483333333332,483.6166666666666,0.0,0.4378,27.031666666666247,0.0,0.0,3.339550858072471e-13,9505.468174271302,9529.796674271302,1.0,0.75,509.0106103620972
2025-02-01,24,2025-02-01 04:00:00,524.5965333333332,524.5965333333332,491.1868,0.0,0.4401,33.409733333333456,0.0,2.2026824808563106e-13,0.0,9529.796674271302,9559.865434271302,1.0,0.75,507.79237078022385
2025-02-01,25,2025-02-01 04:10:00,529.5839666666666,529.5839666666666,504.64528333333334,0.0,0.4389,24.93868333333416,0.0,9.166001291305292e-13,0.0,9559.865434271302,9582.310249271302,1.0,0.75,536.2670879907232
2025-02-01,26,2025-02-01 04:20:00,539.2883333333333,539.2883333333333,505.5783333333333,0.0,0.4364,33.70999999999994,0.0,0.0,4.263256414560601e-14,9582.310249271302,9612.649249271302,1.0,0.75,542.6295752926208
2025-02-01,27,2025-02-01 04:30:00,531.2590833333333,531.2590833333333,503.2309666666667,0.0,0.4393,28.028116666666595,0.0,3.197442310920451e-14,0.0,9612.649249271302,9637.874554271302,1.0,0.75,532.7303299017167
2025-02-01,28,2025-02-01 04:40:00,529.4906083333332,529.4906083333332,502.84698333333336,0.00023333333333333333,0.4422,26.643858333332496,0.0,0.0,6.323830348264892e-13,9637.874554271302,9661.854026771302,1.0,0.75,521.2918561070244
2025-02-01,29,2025-02-01 04:50:00,539.1966666666666,539.1966666666666,499.64166666666665,0.0,0.4395,39.55500000000029,0.0,3.410605131648481e-13,0.0,9661.854026771302,9697.453526771302,1.0,0.75,525.6492046810234
2025-02-01,30,2025-02-01 05:00:00,534.6015,534.6015,488.78358333333335,0.0,0.4333,45.81791666666605,0.0,0.0,5.826450433232822e-13,9697.453526771302,9738.689651771301,1.0,0.75,536.80549605501
2025-02-01,31,2025-02-01 05:10:00,550.361575,550.361575,498.51875,0.003316666666666667,0.4439,51.84614166666708,0.0,3.694822225952521e-13,0.0,9738.689651771301,9785.351179271302,1.0,0.75,547.0478930288127
2025-02-01,32,2025-02-01 05:20:00,1397.5241666666666,1397.5241666666666,529.2233333333334,0.0,0.4301,833.3333333333333,0.0,0.0,34.96749999999997,9785.351179271302,10535.351179271302,1.0,0.75,541.3381618864006
2025-02-01,33,2025-02-01 05:30:00,1410.0419499999998,1410.0419499999998,547.4103166666666,0.0,0.3713,294.05424525410933,0.0,0.0,568.5773880792239,10535.351179271302,10800.0,1.0,0.75,515.8517304206875
2025-02-01,34,2025-02-01 05:40:00,0.0,0.0,531.2274,0.04623333333333333,0.5708,0.0,531.1811666666666,0.0,0.0,10800.0,10209.798703703704,1.0,0.75,522.8200862659218
2025-02-01,35,2025-02-01 05:50:00,0.0,0.0,510.98333333333335,0.0,0.9099,0.0,510.98333333333323,1.1368683772161603e-13,0.0,10209.798703703704,9642.039444444445,1.0,0.75,529.5300804132878
2025-02-01,36,2025-02-01 06:00:00,0.0,0.0,535.1871833333333,0.0,0.9368,0.0,535.1871833333333,0.0,0.0,9642.039444444445,9047.387018518519,0.0,0.0,539.5727290631944
2025-02-01,37,2025-02-01 06:10:00,0.0,0.0,533.9993499999999,0.6440166666666667,0.8758,0.0,533.3553333333329,4.547473508864641e-13,0.0,9047.387018518519,8454.769981481482,0.0,0.0,513.0935795549104
2025-02-01,38,2025-02-01 06:20:00,0.0,0.0,504.52,0.0,0.8759,0.0,504.5199999999998,1.7053025658242404e-13,0.0,8454.769981481482,7894.192203703705,0.0,0.0,536.9599888895092
2025-02-01,39,2025-02-01 06:30:00,0.0,0.0,519.5536833333333,0.0,0.8601,0.0,519.5536833333335,0.0,2.2737367544323206e-13,7894.192203703705,7316.910333333334,0.0,0.0,572.797959220596
2025-02-01,40,2025-02-01 06:40:00,0.0,0.0,566.415,14.934916666666666,0.8442,0.0,551.4800833333331,1.1368683772161603e-13,0.0,7316.910333333334,6704.154685185186,0.0,0.0,571.7691049329839
2025-02-01,41,2025-02-01 06:50:00,0.0,0.0,608.7916666666666,56.75,0.8334,0.0,552.0416666666666,0.0,0.0,6704.154685185186,6090.775055555557,0.0,0.0,543.7918640837472
2025-02-01,42,2025-02-01 07:00:00,0.0,0.0,617.2140499999999,102.656,0.8092,0.0,514.5580499999999,0.0,0.0,6090.775055555557,5519.04388888889,0.0,0.0,495.7081321699244
2025-02-01,43,2025-02-01 07:10:00,0.0,0.0,595.3964666666667,147.48791666666668,0.7972,0.0,447.9085500000004,0.0,3.979039320256561e-13,5519.04388888889,5021.367722222223,0.0,0.0,424.5122699957551
2025-02-01,44,2025-02-01 07:20:00,0.0,0.0,579.5366666666666,190.11249999999998,0.7644,0.0,389.4241666666666,5.684341886080802e-14,0.0,5021.367722222223,4588.674203703705,0.0,0.0,383.08543294515215
2025-02-01,45,2025-02-01 07:30:00,0.0,0.0,609.0003666666667,231.34661666666668,0.6899,0.0,377.6537500000001,0.0,1.7053025658242404e-13,4588.674203703705,4169.058925925927,0.0,0.0,336.44190769600846
2025-02-01,46,2025-02-01 07:40:00,0.0,0.0,640.2366833333333,279.07533333333333,0.86,0.0,361.1613499999998,1.7053025658242404e-13,0.0,4169.058925925927,3767.768537037038,0.0,0.0,289.0012144192155
2025-02-01,47,2025-02-01 07:50:00,0.0,0.0,633.9416666666667,334.01875,1.1617,0.0,299.9229166666667,0.0,0.0,3767.768537037038,3434.520851851853,0.0,0.0,222.88012859451447
2025-02-01,48,2025-02-01 08:00:00,0.0,0.0,590.91065,388.68441666666666,1.1683,0.0,202.22623333333317,1.9895196601282805e-13,0.0,3434.520851851853,3209.8250370370383,0.0,0.0,162.0797045073675
2025-02-01,49,2025-02-01 08:10:00,0.0,0.0,568.5581666666667,438.7655666666667,1.0956,0.0,129.79259999999996,2.842170943040401e-14,0.0,3209.8250370370383,3065.6110370370384,0.0,0.0,123.0832310016542
2025-02-01,50,2025-02-01 08:20:00,0.0,0.0,574.2283333333334,487.94374999999997,1.0849,0.0,86.28458333333337,1.4210854715202004e-14,0.0,3065.6110370370384,2969.739277777779,0.0,0.0,85.73424303905578
2025-02-01,51,2025-02-01 08:30:00,0.0,0.0,577.8523166666666,541.8831666666666,1.061,0.0,35.96914999999999,2.1316282072803006e-14,0.0,2969.739277777779,2929.773555555557,0.0,0.0,67.89525752995306
2025-02-01,52,2025-02-01 08:40:00,0.0,0.0,649.0800333333333,586.6261000000001,1.043,0.0,62.453933333333225,0.0,0.0,2929.773555555557,2860.3802962962977,0.0,0.0,65.9663241969026
2025-02-01,53,2025-02-01 08:50:00,0.0,0.0,737.1266666666667,621.9499999999999,1.036,0.0,115.1766666666666,1.2789769243681803e-13,0.0,2860.3802962962977,2732.4062222222237,0.0,0.0,46.39814372688528
2025-02-01,54,2025-02-01 09:00:00,0.0,0.0,711.2534166666666,665.4293,1.0147,0.0,45.8241166666664,1.5631940186722204e-13,0.0,2732.4062222222237,2681.490537037039,0.0,0.0,-17.099409778536355
2025-02-01,55,2025-02-01 09:10:00,0.0,0.0,698.3616999999999,729.7222,0.9922,31.36050000000018,0.0,6.394884621840902e-14,0.0,2681.490537037039,2709.714987037039,0.0,0.0,-80.23465299599489
2025-02-01,56,2025-02-01 09:20:00,0.0,0.0,736.3866666666667,798.0875,0.97,61.70083333333322,0.0,0.0,9.947598300641403e-14,2709.714987037039,2765.245737037039,0.0,0.0,-128.74835920673127
2025-02-01,57,2025-02-01 09:30:00,0.0,0.0,733.2125666666667,838.3206833333334,0.9422,105.10811666666642,0.0,0.0,2.4158453015843406e-13,2765.245737037039,2859.8430420370387,0.0,0.0,-181.11323039311984
2025-02-01,58,2025-02-01 09:40:00,0.0,0.0,697.1223666666666,867.3196166666667,0.9569,170.19725000000005,0.0,0.0,0.0,2859.8430420370387,3013.0205670370387,0.0,0.0,-252.6215544971257
2025-02-01,59,2025-02-01 09:50:00,0.0,0.0,678.5883333333334,894.0187500000001,0.9977,215.43041666666693,0.0,2.2737367544323206e-13,0.0,3013.0205670370387,3206.907942037039,0.0,0.0,-311.0149118443062
2025-02-01,60,2025-02-01 10:00:00,0.0,0.0,711.4322000000001,911.8498333333333,0.9919,200.41763333333316,0.0,0.0,8.526512829121202e-14,3206.907942037039,3387.283812037039,0.0,0.0,-317.4833588719005
2025-02-01,61,2025-02-01 10:10:00,0.0,0.0,706.70705,933.6272333333333,0.9588,226.9201833333333,0.0,2.842170943040401e-14,0.0,3387.283812037039,3591.511977037039,0.0,0.0,-320.93599565892373
2025-02-01,62,2025-02-01 10:20:00,0.0,0.0,666.9933333333333,959.21875,0.9549,292.22541666666683,0.0,1.7053025658242404e-13,0.0,3591.511977037039,3854.514852037039,0.0,0.0,-358.664716132003
2025-02-01,63,2025-02-01 10:30:00,0.0,0.0,678.7204333333333,979.8081666666667,0.9839,301.08773333333323,0.0,0.0,1.7053025658242404e-13,3854.514852037039,4125.493812037039,0.0,0.0,-385.36830905311996
2025-02-01,64,2025-02-01 10:40:00,0.0,0.0,678.1305,1021.3479000000001,0.799,343.21740000000017,0.0,5.684341886080802e-14,0.0,4125.493812037039,4434.389472037039,0.0,0.0,-371.71821511794695
2025-02-01,65,2025-02-01 10:50:00,0.0,0.0,652.9250000000001,1060.2749999999999,0.5025,407.34999999999974,0.0,0.0,5.684341886080802e-14,4434.389472037039,4801.004472037039,0.0,0.0,-371.309849432378
2025-02-01,66,2025-02-01 11:00:00,0.0,0.0,657.69435,1046.1778166666666,0.4662,388.4834666666666,0.0,0.0,0.0,4801.004472037039,5150.639592037039,0.0,0.0,-404.2682787730728
2025-02-01,67,2025-02-01 11:10:00,0.0,0.0,656.1017166666667,1051.3417833333333,0.5007,395.2400666666664,0.0,0.0,2.2737367544323206e-13,5150.639592037039,5506.355652037038,0.0,0.0,-462.9425354007901
2025-02-01,68,2025-02-01 11:20:00,0.0,0.0,654.535,1099.0625,0.4827,444.52749999999975,0.0,0.0,2.8421709430404007e-13,5506.355652037038,5906.430402037038,0.0,0.0,-442.437541060523
2025-02-01,69,2025-02-01 11:30:00,0.0,0.0,692.20855,1136.31565,0.4785,444.10710000000006,0.0,0.0,0.0,5906.430402037038,6306.126792037038,0.0,0.0,-457.3096445682741
2025-02-01,70,2025-02-01 11:40:00,0.0,0.0,680.1494833333334,1128.4168166666666,0.4662,448.2673333333332,0.0,0.0,0.0,6306.126792037038,6709.567392037038,0.0,0.0,-485.6161525400423
2025-02-01,71,2025-02-01 11:50:00,290.5027322522974,2.5353170043701994,640.0333333333333,1100.65625,0.4432,463.158233671037,0.0,1.1368683772161603e-13,0.0,6709.567392037038,7126.4098023409715,0.0,0.0,-487.5366588053345
2025-02-01,72,2025-02-01 12:00:00,536.4561388888889,0.0,676.8413833333333,1105.4832,0.4411,428.64181666666707,0.0,4.547473508864641e-13,0.0,7126.4098023409715,7512.187437340972,0.0,0.0,-423.76338968248257
2025-02-01,73,2025-02-01 12:10:00,0.0,0.0,663.0938,1089.4810666666667,0.4551,426.3872666666672,0.0,4.547473508864641e-13,0.0,7512.187437340972,7895.935977340972,0.0,0.0,-401.5034728756344
2025-02-01,74,2025-02-01 12:20:00,0.0,0.0,594.0216666666666,1052.4125000000001,0.4463,458.39083333333394,0.0,4.547473508864641e-13,0.0,7895.935977340972,8308.487727340973,0.0,0.0,-404.1704657002689
2025-02-01,75,2025-02-01 12:30:00,567.3943888888888,0.0,601.1141666666666,1052.0977666666665,0.4113,450.98359999999957,0.0,0.0,3.410605131648481e-13,8308.487727340973,8714.372967340973,0.0,0.0,-397.22884385269816
2025-02-01,76,2025-02-01 12:40:00,0.0,0.0,633.3353666666667,1058.98975,0.5682,425.65438333333276,0.0,0.0,5.115907697472721e-13,8714.372967340973,9097.461912340972,0.0,0.0,-382.04329670375
2025-02-01,77,2025-02-01 12:50:00,0.0,0.0,638.6816666666667,1052.2250000000001,0.8279,413.54333333333363,0.0,2.2737367544323206e-13,0.0,9097.461912340972,9469.650912340972,0.0,0.0,-350.16627686257806
2025-02-01,78,2025-02-01 13:00:00,0.0,0.0,619.3742333333333,1041.0229166666666,0.8636,421.6486833333329,0.0,0.0,3.410605131648481e-13,9469.650912340972,9849.134727340972,0.0,0.0,-338.56772448286637
2025-02-01,79,2025-02-01 13:10:00,0.0,0.0,606.5044,1029.2288333333333,0.8416,422.72443333333285,0.0,0.0,4.547473508864641e-13,9849.134727340972,10229.586717340972,0.0,0.0,-321.0108919063795
2025-02-01,80,2025-02-01 13:20:00,0.0,0.0,607.0133333333333,1017.28125,0.8618,410.2679166666672,0.0,5.115907697472721e-13,0.0,10229.586717340972,10598.827842340972,0.0,0.0,-272.5410746265934
2025-02-01,81,2025-02-01 13:30:00,0.0,0.0,606.3183333333333,998.79405,0.8623,223.52461962114222,0.0,0.0,168.95109704552448,10598.827842340972,10800.0,0.0,0.0,-242.63759482992353
2025-02-01,82,2025-02-01 13:40:00,0.0,0.0,624.9272166666666,948.6343499999999,0.9026,0.0,0.0,0.0,323.70713333333333,10800.0,10800.0,0.0,0.0,-219.45192559503081
2025-02-01,83,2025-02-01 13:50:00,0.0,0.0,641.645,875.1875,0.9754,0.0,0.0,0.0,233.54250000000002,10800.0,10800.0,0.0,0.0,-187.44837896271397
2025-02-01,84,2025-02-01 14:00:00,0.0,0.0,612.7233833333333,815.6234166666667,1.0002,0.0,0.0,0.0,202.90003333333334,10800.0,10800.0,0.0,0.0,-145.93064601350937
2025-02-01,85,2025-02-01 14:10:00,0.0,0.0,603.26775,769.5365666666667,0.9978,0.0,0.0,0.0,166.26881666666668,10800.0,10800.0,0.0,0.0,-119.24704963106478
2025-02-01,86,2025-02-01 14:20:00,0.0,0.0,610.8116666666666,727.4,1.0271,0.0,0.0,0.0,116.58833333333337,10800.0,10800.0,0.0,0.0,-102.68308927031033
2025-02-01,87,2025-02-01 14:30:00,0.0,0.0,571.6230833333333,684.0674,1.0906,0.0,0.0,0.0,112.44431666666674,10800.0,10800.0,0.0,0.0,-57.41157323413075
2025-02-01,88,2025-02-01 14:40:00,0.0,0.0,554.5942,648.3614333333334,0.9376,0.0,0.0,0.0,93.76723333333337,10800.0,10800.0,0.0,0.0,-6.857830641715998
2025-02-01,89,2025-02-01 14:50:00,224.59501666666654,16.42642802226294,578.9233333333333,614.725,0.6694,0.0,0.0,0.0,52.22809468892967,10800.0,10800.0,0.0,0.0,32.83544625891291
2025-02-01,90,2025-02-01 15:00:00,688.8956018518525,19.618077190957493,593.822,565.3928500000001,0.66,0.0,8.811072809042527,0.0,6.927791673660977e-14,10800.0,10790.209919101064,0.0,0.0,98.80583511425372
2025-02-01,91,2025-02-01 15:10:00,235.34170277777787,74.22109673404623,603.3700333333334,505.4359666666667,0.7217,0.0,23.71296993261967,7.958078640513122e-13,0.0,10790.209919101064,10763.862174731486,0.0,0.0,165.15371549958638
2025-02-01,92,2025-02-01 15:20:00,309.40295,174.37529166666656,608.655,450.6375,0.7308,16.35779166666705,0.0,4.796163466380676e-13,0.0,10763.862174731486,10778.584187231487,0.0,0.0,226.82543853385255
2025-02-01,93,2025-02-01 15:30:00,370.852247222222,248.6732709578376,596.7886500000001,413.6283,0.7534,23.79534752057023,0.0,0.0,41.717573437267305,10778.584187231487,10800.0,0.0,0.0,251.2613032770837
2025-02-01,94,2025-02-01 15:40:00,359.1297222222222,269.29603130750655,570.11095,375.9729,0.7823,0.0,0.0,0.0,75.15798130750659,10800.0,10800.0,0.0,0.0,282.25965419974256
2025-02-01,95,2025-02-01 15:50:00,393.97778333333326,251.41707441205924,548.75,328.93125000000003,0.8055,0.0,0.0,0.0,31.59832441205924,10800.0,10800.0,0.0,0.0,303.94935758094186
2025-02-01,96,2025-02-01 16:00:00,414.73196666666666,323.40543102383924,554.0824,281.17405,0.8271,0.0,0.0,0.0,50.4970810238392,10800.0,10800.0,0.0,0.0,355.9474556750652
2025-02-01,97,2025-02-01 16:10:00,455.3792583333334,440.23700692770143,559.0360666666667,240.44151666666667,0.8519,0.0,0.0,0.0,121.64245692770146,10800.0,10800.0,0.0,0.0,415.2737017372819
2025-02-01,98,2025-02-01 16:20:00,483.67702499999984,436.99990833333334,563.1066666666667,202.36249999999998,0.8791,0.0,0.0,0.0,76.25574166666661,10800.0,10800.0,0.0,0.0,438.1292880608415
2025-02-01,99,2025-02-01 16:30:00,505.25089166666663,455.3185045360617,580.2863,155.51903333333334,0.9024,0.0,0.0,0.0,30.551237869395095,10800.0,10800.0,0.0,0.0,412.71296225388255
2025-02-01,100,2025-02-01 16:40:00,453.52758108721855,446.32217830304637,532.8180166666667,106.71146666666668,0.9163,0.0,0.0,0.0,20.215628303046287,10800.0,10800.0,0.0,0.0,385.20193318613417
2025-02-01,101,2025-02-01 16:50:00,423.55458333333337,423.55458333333337,446.78,59.706250000000004,0.9264,0.0,0.0,0.0,36.48083333333341,10800.0,10800.0,0.0,0.0,407.9840630803771
2025-02-01,102,2025-02-01 17:00:00,452.1216583333332,452.1216583333332,433.5435166666667,15.897433333333334,0.9462,0.0,0.0,0.0,34.47557499999982,10800.0,10800.0,0.0,0.0,444.03480051880297
2025-02-01,103,2025-02-01 17:10:00,457.4223418333335,457.4223418333335,439.7808,0.0,0.9742,0.0,0.0,0.0,17.64154183333352,10800.0,10800.0,0.0,0.0,464.0787718518639
2025-02-01,104,2025-02-01 17:20:00,448.54258333333337,448.54258333333337,436.1366666666667,0.0,0.9862,0.0,0.0,0.0,12.405916666666656,10800.0,10800.0,0.0,0.0,459.8588122200842
2025-02-01,105,2025-02-01 17:30:00,471.4925722222222,471.4925722222222,445.99516666666665,0.68945,0.976,0.0,0.0,0.0,26.186855555555553,10800.0,10800.0,0.0,0.0,460.5990269977049
2025-02-01,106,2025-02-01 17:40:00,452.7751638888888,452.7751638888888,439.8926333333333,0.0,1.0742,0.0,0.0,0.0,12.88253055555549,10800.0,10800.0,0.0,0.0,469.2795741148916
2025-02-01,107,2025-02-01 17:50:00,0.0,0.0,428.47,0.0,1.2313,0.0,428.47000000000065,0.0,6.252776074688882e-13,10800.0,10323.922222222222,0.0,0.0,476.4413064804254
2025-02-01,108,2025-02-01 18:00:00,0.0,0.0,454.18455,0.049499999999999995,1.2561,0.0,454.13504999999935,6.252776074688882e-13,0.0,10323.922222222222,9819.327722222222,0.0,0.0,466.7538144840462
2025-02-01,109,2025-02-01 18:10:00,0.0,0.0,472.26531666666665,0.0,1.2447,0.0,472.26531666666654,1.1368683772161603e-13,0.0,9819.327722222222,9294.588481481482,0.0,0.0,454.1520521312612
2025-02-01,110,2025-02-01 18:20:00,0.0,0.0,454.16833333333335,0.0,1.2545,0.0,454.16833333333324,1.1368683772161603e-13,0.0,9294.588481481482,8789.957,0.0,0.0,463.3030935791336
2025-02-01,111,2025-02-01 18:30:00,0.0,0.0,418.3761833333333,0.0035499999999999998,1.2522,0.0,418.37263333333397,0.0,6.821210263296962e-13,8789.957,8325.098518518518,0.0,0.0,452.29400693544176
2025-02-01,112,2025-02-01 18:40:00,0.0,0.0,414.0822333333333,0.0,1.2881,0.0,414.082233333333,2.8421709430404007e-13,0.0,8325.098518518518,7865.007148148148,0.0,0.0,443.4840090150098
2025-02-01,113,2025-02-01 18:50:00,0.0,0.0,432.1383333333333,0.0,1.3466,0.0,432.138333333333,3.410605131648481e-13,0.0,7865.007148148148,7384.853444444445,0.0,0.0,440.9161906701718
2025-02-01,114,2025-02-01 19:00:00,0.0,0.0,424.0143666666667,0.00025,1.3523,0.0,424.0141166666669,0.0,1.7053025658242404e-13,7384.853444444445,6913.726648148148,0.0,0.0,440.27517950797676
2025-02-01,115,2025-02-01 19:10:00,0.0,0.0,442.41246666666666,0.0,1.3445,0.0,442.4124666666665,1.7053025658242404e-13,0.0,6913.726648148148,6422.157240740741,0.0,0.0,473.28293364482886
2025-02-01,116,2025-02-01 19:20:00,0.0,0.0,483.74666666666667,0.0,1.3483,0.0,483.7466666666667,0.0,5.684341886080802e-14,6422.157240740741,5884.660944444445,0.0,0.0,458.7386243004042
2025-02-01,117,2025-02-01 19:30:00,0.0,0.0,481.18446666666665,0.0,1.349,0.0,481.1844666666664,2.2737367544323206e-13,0.0,5884.660944444445,5350.011537037038,0.0,0.0,461.7900700604185
2025-02-01,118,2025-02-01 19:40:00,0.0,0.0,444.76593333333335,0.0,1.3473,0.0,444.7659333333337,0.0,3.410605131648481e-13,5350.011537037038,4855.827166666667,0.0,0.0,467.04193833818607
2025-02-01,119,2025-02-01 19:50:00,0.0,0.0,418.095,0.0,1.3482,0.0,418.0950000000002,0.0,1.7053025658242404e-13,4855.827166666667,4391.277166666667,0.0,0.0,477.63483151832617
2025-02-01,120,2025-02-01 20:00:00,0.0,0.0,436.7405166666667,0.0,1.3513,0.0,436.74051666666674,0.0,5.684341886080802e-14,4391.277166666667,3906.009925925926,0.0,0.0,467.4056499724096
2025-02-01,121,2025-02-01 20:10:00,0.0,0.0,452.69785,0.0,1.34,0.0,452.69784999999985,1.7053025658242404e-13,0.0,3906.009925925926,3403.012314814815,0.0,0.0,458.8482562021846
2025-02-01,122,2025-02-01 20:20:00,0.0,0.0,449.9683333333333,0.0,1.3489,0.0,449.9683333333334,0.0,1.1368683772161603e-13,3403.012314814815,2903.0475,0.0,0.0,448.5319780761843
2025-02-01,123,2025-02-01 20:30:00,0.0,0.0,455.0667,0.0,1.3952,0.0,455.0667,0.0,0.0,2903.0475,2397.4178333333334,0.0,0.0,478.32232715792793
2025-02-01,124,2025-02-01 20:40:00,5.0250424897132575,0.0,454.01236666666665,0.0,1.2226,0.0,454.01236666666665,0.0,0.0,2397.4178333333334,1892.9596481481483,0.0,0.0,507.9819641832096
2025-02-01,125,2025-02-01 20:50:00,512.2516666666666,509.90141462875613,459.405,0.0,0.9332,50.496414628756206,0.0,4.973799150320701e-14,0.0,1892.9596481481483,1938.4064213140289,0.0,0.0,489.9790261108913
2025-02-01,126,2025-02-01 21:00:00,476.95606666666663,476.95606666666663,497.4207666666667,0.0,0.9068,0.0,20.464700000000086,0.0,3.552713678800501e-14,1938.4064213140289,1915.6678657584732,0.0,0.0,469.16339395843676
2025-02-01,127,2025-02-01 21:10:00,481.1677075102881,453.0537605032551,503.28313333333335,0.0,0.9371,0.0,50.22937283007816,9.947598300641403e-14,0.0,1915.6678657584732,1859.8574515028308,0.0,0.0,470.9708990094558
2025-02-01,128,2025-02-01 21:20:00,491.4808333333333,455.46757869129414,477.5566666666667,0.0,0.9371,0.0,22.089087975372514,2.1316282072803006e-14,0.0,1859.8574515028308,1835.3140204190836,0.0,0.0,491.4115291178998
2025-02-01,129,2025-02-01 21:30:00,456.75252499999976,445.12931168880914,479.13595000000004,0.0,0.9871,0.0,34.006638311190976,0.0,7.815970093361102e-14,1835.3140204190836,1797.5288667399825,0.0,0.0,465.52387854286127
2025-02-01,130,2025-02-01 21:40:00,446.15094166666654,446.15094166666654,450.2041,0.0,0.7764,0.0,4.053158333333386,5.684341886080802e-14,0.0,1797.5288667399825,1793.0253574807232,0.0,0.0,422.7348051354958
2025-02-01,131,2025-02-01 21:50:00,447.3541666666666,447.3541666666666,392.08500000000004,0.0,0.4209,55.26916666666643,0.0,0.0,1.0658141036401503e-13,1793.0253574807232,1842.767607480723,0.0,0.0,412.04224488017405
2025-02-01,132,2025-02-01 22:00:00,658.4622315843621,658.4622315843621,371.76981666666666,0.0,0.3859,286.69241491769577,0.0,2.8421709430404007e-13,0.0,1842.767607480723,2100.790780906649,0.0,0.0,412.79032343295233
2025-02-01,133,2025-02-01 22:10:00,429.71306666666675,429.71306666666675,363.5782166666667,0.0,0.4368,66.13485000000007,0.0,4.263256414560601e-14,0.0,2100.790780906649,2160.312145906649,0.0,0.0,425.1812699612303
2025-02-01,134,2025-02-01 22:20:00,456.595,456.595,359.1566666666667,0.0,0.4198,97.4383333333334,0.0,7.105427357601002e-14,0.0,2160.312145906649,2248.0066459066493,0.0,0.0,434.4634036464384
2025-02-01,135,2025-02-01 22:30:00,440.7306499999999,440.7306499999999,382.05071666666663,0.0,0.4186,58.67993333333339,0.0,1.0658141036401503e-13,0.0,2248.0066459066493,2300.8185859066493,0.0,0.0,441.39175000987143
2025-02-01,136,2025-02-01 22:40:00,414.34881666666666,414.34881666666666,417.16841666666664,0.0,0.4241,0.0,2.8195999999999457,3.419486915845482e-14,0.0,2300.8185859066493,2297.6856970177605,0.0,0.0,407.7985205289331
2025-02-01,137,2025-02-01 22:50:00,393.55749999999995,393.55749999999995,431.7966666666667,0.0,0.4237,0.0,38.239166666666826,0.0,9.237055564881302e-14,2297.6856970177605,2255.1977340547974,0.0,0.0,396.7888453088964
2025-02-01,138,2025-02-01 23:00:00,434.8790666666666,434.8790666666666,406.46495,0.0,0.4248,28.41411666666671,0.0,1.2434497875801753e-13,0.0,2255.1977340547974,2280.7704390547974,0.0,0.0,407.58002690545135
2025-02-01,139,2025-02-01 23:10:00,432.74535,432.74535,400.95986666666664,0.0,0.424,31.785483333333104,0.0,0.0,2.2737367544323206e-13,2280.7704390547974,2309.377374054797,0.0,0.0,439.82988256494315
2025-02-01,140,2025-02-01 23:20:00,423.15,423.15,409.945,0.0,0.422,13.20500000000013,0.0,1.4566126083082054e-13,0.0,2309.377374054797,2321.2618740547973,0.0,0.0,434.356293150134
2025-02-01,141,2025-02-01 23:30:00,414.9169833333334,414.9169833333334,387.2367,0.0,0.424,27.68028333333354,0.0,1.2079226507921703e-13,0.0,2321.2618740547973,2346.1741290547975,0.0,0.0,493.49168337413704
2025-02-01,142,2025-02-01 23:40:00,483.63307499999985,483.63307499999985,454.71015000000006,0.0,0.4271,28.922924999999648,0.0,0.0,1.4566126083082054e-13,2346.1741290547975,2372.204761554797,0.0,0.0,598.4592335648688
2025-02-01,143,2025-02-01 23:50:00,588.725,588.725,580.8233333333334,0.0,0.4276,7.901666666666642,0.0,0.0,0.0,2372.204761554797,2379.316261554797,0.0,0.0,0.0
2025-02-02,0,2025-02-02 00:00:00,1449.0514083333333,1449.0514083333333,598.66405,0.0,0.4248,833.3333333333333,0.0,0.0,17.054025000000024,2379.316261554797,3129.316261554797,1.0,0.75,578.8135371555239
2025-02-02,1,2025-02-02 00:10:00,1421.3041166666667,1421.3041166666667,581.7344833333333,0.0,0.4245,833.3333333333333,0.0,0.0,6.236300000000142,3129.316261554797,3879.316261554797,1.0,0.75,588.2523445491543
2025-02-02,2,2025-02-02 00:20:00,1448.0258333333331,1448.0258333333331,584.5933333333334,0.0,0.4269,833.3333333333333,0.0,0.0,30.09916666666652,3879.316261554797,4629.316261554797,1.0,0.75,621.8992543102265
2025-02-02,3,2025-02-02 00:30:00,1477.7819583333333,1477.7819583333333,586.1028666666667,0.0,0.4272,833.3333333333333,0.0,0.0,58.345758333333265,4629.316261554797,5379.316261554797,1.0,0.75,606.5935321091142
2025-02-02,4,2025-02-02 00:40:00,1480.219775,1480.219775,587.1968666666667,0.0,0.4271,833.3333333333333,0.0,0.0,59.689575000000104,5379.316261554797,6129.316261554797,1.0,0.75,588.0825623877155
2025-02-02,5,2025-02-02 00:50:00,1483.3175,1483.3175,596.0733333333334,0.0,0.4285,833.3333333333333,0.0,0.0,53.91083333333347,6129.316261554797,6879.316261554797,1.0,0.75,592.9950557516827
2025-02-02,6,2025-02-02 01:00:00,620.38885,620.38885,612.0548166666666,0.0,0.4311,8.33403333333384,0.0,4.1744385725905886e-13,0.0,6879.316261554797,6886.816891554798,1.0,0.75,611.3770727344703
2025-02-02,7,2025-02-02 01:10:00,1452.0672916666667,1452.0672916666667,598.3243,0.0,0.4302,833.3333333333333,0.0,0.0,20.409658333333482,6886.816891554798,7636.816891554798,1.0,0.75,641.2445597978443
2025-02-02,8,2025-02-02 01:20:00,1518.2424999999998,1518.2424999999998,572.2333333333333,0.0,0.4279,833.3333333333333,0.0,0.0,112.67583333333323,7636.816891554798,8386.816891554798,1.0,0.75,618.1301874809276
2025-02-02,9,2025-02-02 01:30:00,627.3210249999998,627.3210249999998,591.6527333333333,0.0,0.4312,35.66829166666745,0.0,9.450218385609332e-13,0.0,8386.816891554798,8418.918354054798,1.0,0.75,587.8849170429247
2025-02-02,10,2025-02-02 01:40:00,614.0926166666667,614.0926166666667,624.2957,0.0,0.4333,0.0,10.203083333332689,6.359357485052897e-13,0.0,8418.918354054798,8407.58159479554,1.0,0.75,580.5602528942969
2025-02-02,11,2025-02-02 01:50:00,636.6083333333333,636.6083333333333,628.665,0.0,0.4311,7.943333333332703,0.0,0.0,6.821210263296962e-13,8407.58159479554,8414.73059479554,1.0,0.75,639.161585734132
2025-02-02,12,2025-02-02 02:00:00,1507.160483333333,1507.160483333333,599.0741166666667,0.0,0.4293,833.3333333333333,0.0,0.0,74.75303333333318,8414.73059479554,9164.73059479554,1.0,0.75,661.8366298756782
2025-02-02,13,2025-02-02 02:10:00,675.2058916666667,675.2058916666667,611.8605833333334,0.0,0.4324,63.34530833333297,0.0,0.0,4.050093593832571e-13,9164.73059479554,9221.741372295539,1.0,0.75,650.6890959801591
2025-02-02,14,2025-02-02 02:20:00,656.1166666666667,656.1166666666667,647.1383333333333,0.0,0.4367,8.978333333333365,0.0,1.2434497875801753e-14,0.0,9221.741372295539,9229.821872295539,1.0,0.75,651.8723122493061
2025-02-02,15,2025-02-02 02:30:00,656.4623583333332,656.4623583333332,618.5352333333334,0.0,0.4348,37.927124999999556,0.0,0.0,2.6290081223123707e-13,9229.821872295539,9263.956284795539,1.0,0.75,647.441554369521
2025-02-02,16,2025-02-02 02:40:00,643.0095416666668,643.0095416666668,632.8425166666667,0.0,0.4335,10.167024999999638,0.0,0.0,4.4231285301066237e-13,9263.956284795539,9273.106607295538,1.0,0.75,641.180135728335
2025-02-02,17,2025-02-02 02:50:00,664.1908333333332,664.1908333333332,682.7416666666667,0.0,0.4357,0.0,18.550833333333504,0.0,4.618527782440651e-14,9273.106607295538,9252.494570258501,1.0,0.75,622.5661399763147
2025-02-02,18,2025-02-02 03:00:00,642.8851500000001,642.8851500000001,650.2912666666667,0.0,0.4374,0.0,7.4061166666673675,0.0,7.052136652418994e-13,9252.494570258501,9244.265551739982,1.0,0.75,645.4419437904562
2025-02-02,19,2025-02-02 03:10:00,648.2016916666665,648.2016916666665,625.2837000000001,0.0,0.4371,22.91799166666654,0.0,7.460698725481052e-14,0.0,9244.265551739982,9264.891744239982,1.0,0.75,676.147494432612
2025-02-02,20,2025-02-02 03:20:00,677.3308333333333,677.3308333333333,648.8266666666667,0.0,0.4356,28.5041666666661,0.0,0.0,5.044853423896711e-13,9264.891744239982,9290.545494239981,1.0,0.75,653.9895564723216
2025-02-02,21,2025-02-02 03:30:00,657.3190583333334,657.3190583333334,667.2369666666667,0.0,0.4353,0.0,9.917908333333253,9.059419880941277e-14,0.0,9290.545494239981,9279.525596091833,1.0,0.75,649.0345624003306
2025-02-02,22,2025-02-02 03:40:00,661.57255,661.57255,658.5555,0.0,0.436,3.0170500000005833,0.0,6.568079413682426e-13,0.0,9279.525596091833,9282.240941091834,1.0,0.75,686.5429245242118
2025-02-02,23,2025-02-02 03:50:00,699.1991666666667,699.1991666666667,637.655,0.0,0.4378,61.544166666666975,0.0,2.913225216616411e-13,0.0,9282.240941091834,9337.630691091834,1.0,0.75,688.2147189644757
2025-02-02,24,2025-02-02 04:00:00,704.7206416666667,704.7206416666667,636.6545833333333,0.0,0.4401,68.06605833333379,0.0,4.547473508864641e-13,0.0,9337.630691091834,9398.890143591834,1.0,0.75,673.2699009627796
2025-02-02,25,2025-02-02 04:10:00,689.463225,689.463225,645.9066666666666,0.0,0.4389,43.556558333334074,0.0,7.460698725481052e-13,0.0,9398.890143591834,9438.091046091835,1.0,0.75,671.300288259448
2025-02-02,26,2025-02-02 04:20:00,698.5666666666666,698.5666666666666,652.965,0.0,0.4364,45.601666666665956,0.0,0.0,6.181721801112872e-13,9438.091046091835,9479.132546091834,1.0,0.75,669.7135749843121
2025-02-02,27,2025-02-02 04:30:00,693.8690666666666,693.8690666666666,656.2554833333334,0.0,0.4393,37.613583333333935,0.0,6.536993168992922e-13,0.0,9479.132546091834,9512.984771091835,1.0,0.75,668.4580766696113
2025-02-02,28,2025-02-02 04:40:00,705.8615000000001,705.8615000000001,665.3873333333333,0.00023333333333333333,0.4422,40.47440000000076,0.0,7.034373084024992e-13,0.0,9512.984771091835,9549.411731091835,1.0,0.75,646.023610069029
2025-02-02,29,2025-02-02 04:50:00,697.9266666666665,697.9266666666665,681.0333333333333,0.0,0.4395,16.893333333333025,0.0,0.0,1.7763568394002505e-13,9549.411731091835,9564.615731091835,1.0,0.75,651.9231806892301
2025-02-02,30,2025-02-02 05:00:00,890.2173232724479,890.2173232724479,691.0207666666666,0.0,0.4333,199.19655660578024,0.0,0.0,9.663381206337363e-13,9564.615731091835,9743.892632037037,1.0,0.75,692.7120307262168
2025-02-02,31,2025-02-02 05:10:00,695.212975,695.212975,679.2231166666667,0.00315,0.4439,15.993008333332707,0.0,0.0,6.572520305780927e-13,9743.892632037037,9758.286339537037,1.0,0.75,704.932158061705
2025-02-02,32,2025-02-02 05:20:00,1564.0808333333332,1564.0808333333332,647.9466666666666,0.0,0.4301,833.3333333333333,0.0,0.0,82.80083333333334,9758.286339537037,10508.286339537037,1.0,0.75,672.141370695212
2025-02-02,33,2025-02-02 05:30:00,1522.7232083333333,1522.7232083333333,633.4947,0.0,0.3713,324.1262894032924,0.0,0.0,565.102218930041,10508.286339537037,10800.0,1.0,0.75,743.7720608899783
2025-02-02,34,2025-02-02 05:40:00,754.3411833333332,754.3411833333332,723.7820499999999,0.04398333333333334,0.5708,0.0,0.0,0.0,30.603116666666665,10800.0,10800.0,1.0,0.75,869.863668615136
2025-02-02,35,2025-02-02 05:50:00,890.345,890.345,855.5333333333333,0.0,0.9099,0.0,0.0,0.0,34.811666666666724,10800.0,10800.0,1.0,0.75,885.0631402184105
2025-02-02,36,2025-02-02 06:00:00,240.2698416666666,190.2698416666666,867.2495166666666,0.0,0.9368,0.0,676.9796750000004,0.0,3.410605131648481e-13,10800.0,10047.80036111111,0.0,0.0,867.3564103790299
2025-02-02,37,2025-02-02 06:10:00,894.4587027777777,844.4587027777777,855.2815166666666,0.6127,0.8758,0.0,10.210113888888737,9.059419880941277e-14,0.0,10047.80036111111,10036.455790123457,0.0,0.0,871.7457842616998
2025-02-02,38,2025-02-02 06:20:00,924.2475666666667,874.2475666666667,873.5016666666667,0.0,0.8759,0.7458999999996901,0.0,0.0,3.1585845050585704e-13,10036.455790123457,10037.127100123456,0.0,0.0,889.5733594049823
2025-02-02,39,2025-02-02 06:30:00,903.8568499999999,853.8568499999999,876.0123666666667,0.0,0.8601,0.0,22.155516666667065,0.0,2.5224267119483557e-13,10037.127100123456,10012.509859382715,0.0,0.0,860.7396402969131
2025-02-02,40,2025-02-02 06:40:00,884.0398416666667,834.0398416666667,853.8498833333333,19.09655,0.8442,0.0,0.7134916666667778,0.0,1.3644640972643174e-13,10012.509859382715,10011.717090864197,0.0,0.0,809.6560885953339
2025-02-02,41,2025-02-02 06:50:00,851.9478166666665,801.9478166666665,832.265,64.34375,0.8334,34.026566666666945,0.0,3.907985046680551e-13,0.0,10011.717090864197,10042.341000864197,0.0,0.0,798.6177291401095
2025-02-02,42,2025-02-02 07:00:00,816.6468083333333,766.6468083333333,845.0358,109.53881666666666,0.8092,31.149824999999204,0.0,0.0,7.602807272633072e-13,10042.341000864197,10070.375843364196,0.0,0.0,765.2180759697851
2025-02-02,43,2025-02-02 07:10:00,757.0143944444444,707.0143944444444,865.4190666666667,156.74493333333334,0.7972,0.0,1.6597388888894784,0.0,5.684341886080801e-13,10070.375843364196,10068.531689043208,0.0,0.0,693.2076598262429
2025-02-02,44,2025-02-02 07:20:00,721.590425,671.590425,862.9766666666666,206.4,0.7644,15.013758333332387,0.0,0.0,9.983125437429408e-13,10068.531689043208,10082.044071543207,0.0,0.0,617.8100463275844
2025-02-02,45,2025-02-02 07:30:00,1474.4636027777779,1424.4636027777779,851.2133,252.16675,0.6899,797.7288093964368,0.0,0.0,27.68824338134118,10082.044071543207,10800.0,0.0,0.0,717.7367992175467
2025-02-02,46,2025-02-02 07:40:00,714.6563916666665,664.6563916666665,963.0563333333333,294.4087666666667,0.86,0.0,3.99117500000084,0.0,7.278622149442526e-13,10800.0,10795.56536111111,0.0,0.0,905.6483917470047
2025-02-02,47,2025-02-02 07:50:00,59.313533333333226,32.93238333333318,1143.6366666666665,332.4875,1.1617,0.0,778.2167833333333,0.0,0.0,10795.56536111111,9930.880046296295,0.0,0.0,819.6182539827846
2025-02-02,48,2025-02-02 08:00:00,0.0,0.0,1189.9577666666667,367.12641666666667,1.1683,0.0,822.8313500000003,0.0,3.410605131648481e-13,9930.880046296295,9016.62299074074,0.0,0.0,719.5248777781972
2025-02-02,49,2025-02-02 08:10:00,0.0,0.0,1173.5552,414.6793333333333,1.0956,0.0,758.8758666666666,1.1368683772161603e-13,0.0,9016.62299074074,8173.427583333332,0.0,0.0,695.5240728237534
2025-02-02,50,2025-02-02 08:20:00,0.0,0.0,1167.535,474.96875,1.0849,0.0,692.5662499999997,3.410605131648481e-13,0.0,8173.427583333332,7403.909527777777,0.0,0.0,663.8557695337805
2025-02-02,51,2025-02-02 08:30:00,0.0,0.0,1171.4924666666668,531.3649666666666,1.061,0.0,640.1274999999999,2.2737367544323206e-13,0.0,7403.909527777777,6692.656749999999,0.0,0.0,619.9370151682214
2025-02-02,52,2025-02-02 08:40:00,0.0,0.0,1169.5395833333334,583.4552833333333,1.043,0.0,586.0843000000002,0.0,1.1368683772161603e-13,6692.656749999999,6041.451972222221,0.0,0.0,558.168489162801
2025-02-02,53,2025-02-02 08:50:00,0.0,0.0,1159.6966666666667,638.49375,1.036,0.0,521.2029166666669,0.0,1.1368683772161603e-13,6041.451972222221,5462.337620370369,0.0,0.0,511.19012972776244
2025-02-02,54,2025-02-02 09:00:00,0.0,0.0,1155.84485,701.0060166666667,1.0147,0.0,454.8388333333332,5.684341886080802e-14,0.0,5462.337620370369,4956.961138888888,0.0,0.0,465.6291167772191
2025-02-02,55,2025-02-02 09:10:00,0.0,0.0,1166.1131666666668,752.3296,0.9922,0.0,413.78356666666645,2.8421709430404007e-13,0.0,4956.961138888888,4497.20162037037,0.0,0.0,404.0087011469032
2025-02-02,56,2025-02-02 09:20:00,0.0,0.0,1171.27,796.9875000000001,0.97,0.0,374.2825000000001,0.0,1.7053025658242404e-13,4497.20162037037,4081.332175925925,0.0,0.0,328.345974330431
2025-02-02,57,2025-02-02 09:30:00,288.8831444444461,238.8831444444461,1143.4297833333333,854.4570666666667,0.9422,0.0,50.0895722222207,0.0,1.3500311979441904e-13,4081.332175925925,4025.6770956790133,0.0,0.0,276.5454631208125
2025-02-02,58,2025-02-02 09:40:00,0.0,0.0,1121.5185833333333,890.1131833333334,0.9569,0.0,231.40539999999964,2.2737367544323206e-13,0.0,4025.6770956790133,3768.5599845679026,0.0,0.0,228.72019316957554
2025-02-02,59,2025-02-02 09:50:00,0.0,0.0,1126.9816666666668,904.61875,0.9977,0.0,222.362916666667,0.0,1.7053025658242404e-13,3768.5599845679026,3521.490077160495,0.0,0.0,183.58861379112005
2025-02-02,60,2025-02-02 10:00:00,0.0,0.0,1143.2435833333334,932.48405,0.9919,0.0,210.75953333333334,2.842170943040401e-14,0.0,3521.490077160495,3287.3128179012356,0.0,0.0,136.57960408165206
2025-02-02,61,2025-02-02 10:10:00,0.0,0.0,1140.95675,948.9234666666666,0.9588,0.0,192.03328333333326,1.7053025658242404e-13,0.0,3287.3128179012356,3073.942503086421,0.0,0.0,114.96911189704561
2025-02-02,62,2025-02-02 10:20:00,0.0,0.0,1120.825,955.75,0.9549,0.0,165.07499999999987,1.7053025658242404e-13,0.0,3073.942503086421,2890.5258364197543,0.0,0.0,142.8006859200369
2025-02-02,63,2025-02-02 10:30:00,0.0,0.0,1112.39495,985.7863000000001,0.9839,0.0,126.60864999999986,1.5631940186722204e-13,0.0,2890.5258364197543,2749.8495586419767,0.0,0.0,115.99362078686192
2025-02-02,64,2025-02-02 10:40:00,281.7843222222223,231.78432222222227,1127.6572666666666,1027.8570166666666,0.799,131.9840722222221,0.0,0.0,1.7053025658242404e-13,2749.8495586419767,2868.6352236419766,0.0,0.0,63.01430808585188
2025-02-02,65,2025-02-02 10:50:00,1121.3408666666667,923.1837155088381,1140.545,1055.08125,0.5025,833.3333333333333,0.0,0.0,4.386632175504701,2868.6352236419766,3618.6352236419766,0.0,0.0,41.728869248621244
2025-02-02,66,2025-02-02 11:00:00,1155.2606027777779,912.4148655170217,1114.6941166666668,1054.1732,0.4662,833.3333333333338,0.0,0.0,18.56061551702112,3618.6352236419766,4368.635223641977,0.0,0.0,41.79702118001719
2025-02-02,67,2025-02-02 11:10:00,1024.9668805555552,919.1182134097369,1103.5297833333334,1079.4850666666666,0.5007,833.3333333333333,0.0,0.0,61.74016340973685,4368.635223641977,5118.635223641977,0.0,0.0,34.485824716378644
2025-02-02,68,2025-02-02 11:20:00,1118.319775,935.5562404768332,1132.0416666666667,1117.6375,0.4827,833.3333333333333,0.0,0.0,87.81874047683323,5118.635223641977,5868.635223641977,0.0,0.0,-22.577710167141866
2025-02-02,69,2025-02-02 11:30:00,1061.1008194444444,907.3868027777778,1160.9295666666667,1105.8838833333332,0.4785,833.3333333333333,0.0,0.0,19.007786111111045,5868.635223641977,6618.635223641977,0.0,0.0,-69.92772438230611
2025-02-02,70,2025-02-02 11:40:00,994.4430138888885,830.3103658832772,1105.1401166666667,1117.75745,0.4662,833.3333333333333,0.0,0.0,9.594365883277305,6618.635223641977,7368.635223641977,0.0,0.0,-105.4167900355542
2025-02-02,71,2025-02-02 11:50:00,975.3120333333331,735.3009742469583,1014.6033333333334,1148.0062500000001,0.4432,833.3333333333333,0.0,0.0,35.3705575802918,7368.635223641977,8118.635223641977,0.0,0.0,-55.38904209466011
2025-02-02,72,2025-02-02 12:00:00,936.3667138888891,803.0436356617613,1029.2584666666667,1115.8952,0.4411,833.3333333333333,0.0,0.0,56.34703566176131,8118.635223641977,8868.635223641977,1.0,0.75,-72.39561031173629
2025-02-02,73,2025-02-02 12:10:00,924.408636111111,437.45006358480873,1068.5136,1090.4079333333334,0.4551,459.3443969181418,0.0,0.0,3.410605131648481e-13,8868.635223641977,9282.045180868305,1.0,0.75,-55.433365213136675
2025-02-02,74,2025-02-02 12:20:00,942.7720249999995,775.2149629373998,1060.23,1099.76875,0.4463,814.7537129373995,0.0,0.0,2.2737367544323206e-13,9282.045180868305,10015.323522511964,1.0,0.75,-61.7805557123646
2025-02-02,75,2025-02-02 12:30:00,970.9293444444445,779.3777926234366,1017.6193333333334,1101.54775,0.4113,833.3333333333333,0.0,0.0,29.972875956769826,10015.323522511964,10765.323522511964,1.0,0.75,-12.027881047115438
2025-02-02,76,2025-02-02 12:40:00,972.9919638888887,0.0,1029.4667166666666,1088.6407833333333,0.5682,38.52941943115083,0.0,0.0,20.644647235515876,10765.323522511964,10800.0,1.0,0.75,69.42620490938586
2025-02-02,77,2025-02-02 12:50:00,197.49481666666657,87.5230911963829,1087.325,1067.8625,0.8279,0.0,0.0,0.0,68.0605911963828,10800.0,10800.0,1.0,0.75,73.00655253422774
2025-02-02,78,2025-02-02 13:00:00,236.29014722222234,91.59931038917443,1097.3868833333333,1051.91705,0.8636,0.0,0.0,0.0,46.12947705584111,10800.0,10800.0,1.0,0.75,49.58407642596234
2025-02-02,79,2025-02-02 13:10:00,195.49135277777827,79.55467589392697,1085.0511,1058.2799166666666,0.8416,0.0,0.0,0.0,52.783492560593686,10800.0,10800.0,1.0,0.75,41.41196240561134
2025-02-02,80,2025-02-02 13:20:00,164.80660833333343,136.53532337670276,1084.2633333333333,1061.6875,0.8618,0.0,0.0,0.0,113.95949004336944,10800.0,10800.0,1.0,0.75,87.4427391199245
2025-02-02,81,2025-02-02 13:30:00,189.8073916666666,153.2083821160968,1095.6653166666667,1017.2032333333333,0.8623,0.0,0.0,0.0,74.74629878276323,10800.0,10800.0,1.0,0.75,121.73573018653022
2025-02-02,82,2025-02-02 13:40:00,0.0,0.0,1079.5258000000001,974.22565,0.9026,0.0,105.30015000000003,1.1368683772161603e-13,0.0,10800.0,10682.999833333333,1.0,0.75,118.64868855023856
2025-02-02,83,2025-02-02 13:50:00,0.0,0.0,1048.8616666666667,949.0,0.9754,0.0,99.86166666666723,0.0,5.542233338928781e-13,10682.999833333333,10572.042425925925,1.0,0.75,159.15859284707486
2025-02-02,84,2025-02-02 14:00:00,0.0,0.0,1057.3207333333332,911.0906666666666,1.0002,0.0,146.23006666666717,0.0,5.400124791776761e-13,10572.042425925925,10409.564574074073,1.0,0.75,181.98220690923887
2025-02-02,85,2025-02-02 14:10:00,0.0,0.0,1072.0557666666666,871.6022166666667,0.9978,0.0,200.45355000000055,0.0,5.968558980384842e-13,10409.564574074073,10186.838407407406,1.0,0.75,229.5994196670103
2025-02-02,86,2025-02-02 14:20:00,0.0,0.0,1068.7783333333334,838.68125,1.0271,0.0,230.09708333333364,0.0,1.9895196601282805e-13,10186.838407407406,9931.17498148148,1.0,0.75,279.3461924742222
2025-02-02,87,2025-02-02 14:30:00,0.0,0.0,1055.7741666666668,802.7843166666667,1.0906,0.0,252.9898500000003,0.0,1.4210854715202004e-13,9931.17498148148,9650.075148148146,1.0,0.75,328.82959134739775
2025-02-02,88,2025-02-02 14:40:00,0.0,0.0,1047.2526166666667,741.1351666666666,0.9376,0.0,306.1174499999994,6.821210263296962e-13,0.0,9650.075148148146,9309.944648148146,1.0,0.75,367.37941583594045
2025-02-02,89,2025-02-02 14:50:00,1181.1327333333334,1181.1327333333334,1038.28,665.11875,0.6694,807.971483333333,0.0,0.0,4.547473508864641e-13,9309.944648148146,10037.118983148146,1.0,0.75,411.36864635997745
2025-02-02,90,2025-02-02 15:00:00,1226.3481055555553,1226.3481055555553,1015.9704166666667,610.73905,0.66,821.1167388888882,0.0,0.0,5.684341886080801e-13,10037.118983148146,10776.124048148145,1.0,0.75,463.9809986567875
2025-02-02,91,2025-02-02 15:10:00,1271.5699694444443,1271.5699694444443,1014.6231666666666,563.84555,0.7217,26.528835390949503,0.0,0.0,794.2635173868281,10776.124048148145,10800.0,1.0,0.75,549.6232249670996
2025-02-02,92,2025-02-02 15:20:00,816.238327366255,816.238327366255,1031.7616666666665,511.72499999999997,0.7308,0.0,0.0,0.0,296.2016606995885,10800.0,10800.0,1.0,0.75,616.0079100690049
2025-02-02,93,2025-02-02 15:30:00,654.7312055555554,660.3860489626563,1031.36365,456.01683333333335,0.7534,0.0,0.0,0.0,85.03923229598968,10800.0,10800.0,1.0,0.75,638.5541280513423
2025-02-02,94,2025-02-02 15:40:00,655.5730581111108,684.2587911519354,1036.5344,398.35275,0.7823,0.0,0.0,0.0,46.07714115193539,10800.0,10800.0,1.0,0.75,682.4839662745361
2025-02-02,95,2025-02-02 15:50:00,701.769,701.769,1043.1516666666666,343.0625,0.8055,0.0,0.0,0.0,1.679833333333363,10800.0,10800.0,1.0,0.75,758.4273521198637
2025-02-02,96,2025-02-02 16:00:00,750.7754694444441,750.9223979912604,1023.52795,294.6661833333333,0.8271,0.0,0.0,0.0,22.0606313245936,10800.0,10800.0,1.0,0.75,788.5660540058639
2025-02-02,97,2025-02-02 16:10:00,787.4221888888891,793.9833750801222,1022.9147333333334,247.29463333333334,0.8519,0.0,0.0,0.0,18.363275080122207,10800.0,10800.0,1.0,0.75,829.8984545220986
2025-02-02,98,2025-02-02 16:20:00,840.8303999999999,862.6319690698571,1037.415,198.84375,0.8791,0.0,0.0,0.0,24.060719069856987,10800.0,10800.0,1.0,0.75,876.6728912503644
2025-02-02,99,2025-02-02 16:30:00,903.151386111111,905.1447601455981,1017.6533,152.69565,0.9024,0.0,0.0,0.0,40.187110145598126,10800.0,10800.0,1.0,0.75,928.7845451911865
2025-02-02,100,2025-02-02 16:40:00,939.8727222222224,957.7300815495355,1001.7467,108.53166666666668,0.9163,0.0,0.0,0.0,64.51504821620222,10800.0,10800.0,1.0,0.75,958.3876077852952
2025-02-02,101,2025-02-02 16:50:00,950.1869166666665,968.2145036862446,1004.9983333333333,63.43125,0.9264,0.0,0.0,0.0,26.647420352911354,10800.0,10800.0,1.0,0.75,980.6555257742101
2025-02-02,102,2025-02-02 17:00:00,981.1779833333331,1007.0020062544987,1004.3622999999999,18.726033333333334,0.9462,0.0,0.0,0.0,21.36573958783208,10800.0,10800.0,1.0,0.75,1007.3881773999561
2025-02-02,103,2025-02-02 17:10:00,1005.3250583333332,1005.3250583333332,1005.3769000000001,0.0,0.9742,0.0,0.05184166666622332,6.366435156834882e-13,0.0,10800.0,10799.942398148149,1.0,0.75,1035.8464803023198
2025-02-02,104,2025-02-02 17:20:00,1017.7790416666666,1043.4959609372538,1026.9183333333333,0.0,0.9862,0.06400205761262139,0.0,0.0,16.513625546307896,10799.942398148149,10800.0,1.0,0.75,1054.6350534987932
2025-02-02,105,2025-02-02 17:30:00,1048.5793416666666,1101.8042772046729,1050.86015,0.5959666666666666,0.976,0.0,0.0,0.0,51.54009387133965,10800.0,10800.0,1.0,0.75,926.8022757524012
2025-02-02,106,2025-02-02 17:40:00,911.0057194444445,932.6409778844553,902.1030666666667,0.0,1.0742,0.0,0.0,0.0,30.537911217788633,10800.0,10800.0,1.0,0.75,733.0690465945111
2025-02-02,107,2025-02-02 17:50:00,707.855,731.1492511367501,680.3766666666667,0.0,1.2313,0.0,0.0,0.0,50.772584470083416,10800.0,10800.0,1.0,0.75,696.6674496157017
2025-02-02,108,2025-02-02 18:00:00,689.4083,699.6864037080355,682.6128333333334,0.04278333333333333,1.2561,0.0,0.0,0.0,17.11635370803549,10800.0,10800.0,0.0,0.0,729.3485489782589
2025-02-02,109,2025-02-02 18:10:00,727.4619666666665,727.4619666666665,745.4169166666667,0.0,1.2447,0.0,17.9549500000001,6.750155989720952e-14,0.0,10800.0,10780.050055555555,0.0,0.0,727.1920102812676
2025-02-02,110,2025-02-02 18:20:00,699.0,701.8274744600145,755.2766666666666,0.0,1.2545,0.0,53.44919220665288,0.0,7.531752999057062e-13,10780.050055555555,10720.66206421483,0.0,0.0,725.2013538970309
2025-02-02,111,2025-02-02 18:30:00,713.4613000000002,713.4613000000002,754.6055166666666,0.0030666666666666668,1.2522,0.0,41.1411500000002,0.0,3.907985046680551e-13,10720.66206421483,10674.949675325941,0.0,0.0,743.5550187725485
2025-02-02,112,2025-02-02 18:40:00,300.07130000000035,300.07130000000035,737.466,0.0,1.2881,0.0,437.3947,0.0,3.410605131648481e-13,10674.949675325941,10188.95556421483,0.0,0.0,753.6234327663252
2025-02-02,113,2025-02-02 18:50:00,0.0,0.0,720.6283333333334,0.0,1.3466,0.0,720.628333333334,0.0,5.684341886080801e-13,10188.95556421483,9388.25741606668,0.0,0.0,714.2623314710283
2025-02-02,114,2025-02-02 19:00:00,0.0,0.0,734.1430166666668,0.00021666666666666666,1.3523,0.0,734.1428000000005,0.0,4.547473508864641e-13,9388.25741606668,8572.543193844458,0.0,0.0,711.3025900329001
2025-02-02,115,2025-02-02 19:10:00,0.0,0.0,718.8030333333332,0.0,1.3445,0.0,718.8030333333335,0.0,2.2737367544323206e-13,8572.543193844458,7773.873156807421,0.0,0.0,722.9870644727642
2025-02-02,116,2025-02-02 19:20:00,0.0,0.0,688.355,0.0,1.3483,0.0,688.3549999999997,3.410605131648481e-13,0.0,7773.873156807421,7009.034267918532,0.0,0.0,738.892175025409
2025-02-02,117,2025-02-02 19:30:00,0.0,0.0,714.8059333333334,0.0,1.349,0.0,714.8059333333331,3.410605131648481e-13,0.0,7009.034267918532,6214.805453103718,0.0,0.0,726.4560704979983
2025-02-02,118,2025-02-02 19:40:00,0.0,0.0,724.8145166666667,0.0,1.3473,0.0,724.8145166666668,0.0,1.1368683772161603e-13,6214.805453103718,5409.455990140755,0.0,0.0,701.7458394020078
2025-02-02,119,2025-02-02 19:50:00,0.0,0.0,705.315,0.0,1.3482,0.0,705.315,0.0,0.0,5409.455990140755,4625.772656807421,0.0,0.0,700.2308522784822
2025-02-02,120,2025-02-02 20:00:00,0.0,0.0,714.35385,0.0,1.3513,0.0,714.3538499999999,1.1368683772161603e-13,0.0,4625.772656807421,3832.0461568074215,0.0,0.0,721.8192058219516
2025-02-02,121,2025-02-02 20:10:00,0.0,0.0,707.17605,0.0,1.34,0.0,707.1760500000003,0.0,2.2737367544323206e-13,3832.0461568074215,3046.2949901407546,0.0,0.0,725.1179177587555
2025-02-02,122,2025-02-02 20:20:00,0.0,0.0,689.7199999999999,0.0,1.3489,0.0,689.7199999999999,0.0,0.0,3046.2949901407546,2279.9394345851993,0.0,0.0,725.7046263096559
2025-02-02,123,2025-02-02 20:30:00,0.0,0.0,715.1150166666666,0.0,1.3952,0.0,715.1150166666666,0.0,0.0,2279.9394345851993,1485.3671938444586,0.0,0.0,725.8282125650077
2025-02-02,124,2025-02-02 20:40:00,724.3189500000001,724.3189500000001,719.2343500000001,0.0,1.2226,5.084600000000137,0.0,1.1368683772161603e-13,0.0,1485.3671938444586,1489.9433338444587,0.0,0.0,728.6685408739008
2025-02-02,125,2025-02-02 20:50:00,729.0041666666667,740.4615425240921,695.3299999999999,0.0,0.9332,45.13154252409221,0.0,1.4210854715202004e-14,0.0,1489.9433338444587,1530.5617221161417,0.0,0.0,732.2675210224656
2025-02-02,126,2025-02-02 21:00:00,742.9127999999998,743.8291490451926,701.5716666666667,0.0,0.9068,42.257482378525864,0.0,0.0,1.4210854715202004e-14,1530.5617221161417,1568.593456256815,0.0,0.0,721.2490135088591
2025-02-02,127,2025-02-02 21:10:00,724.763225,730.8945583333333,707.7024666666666,0.0,0.9371,23.192091666666734,0.0,6.394884621840902e-14,0.0,1568.593456256815,1589.466338756815,0.0,0.0,720.5538100117537
2025-02-02,128,2025-02-02 21:20:00,722.9181718333332,744.7475000000001,707.6866666666666,0.0,0.9371,37.06083333333355,0.0,9.947598300641403e-14,0.0,1589.466338756815,1622.8210887568152,0.0,0.0,755.7701062315383
2025-02-02,129,2025-02-02 21:30:00,730.1165333333333,734.1632759150845,718.29075,0.0,0.9871,15.872525915084326,0.0,0.0,1.2612133559741778e-13,1622.8210887568152,1637.1063620803911,0.0,0.0,700.3973014007245
2025-02-02,130,2025-02-02 21:40:00,670.5758666666666,670.5758666666666,663.7065,0.0,0.7764,6.8693666666664885,0.0,0.0,7.638334409421077e-14,1637.1063620803911,1643.288792080391,0.0,0.0,586.3544034643041
2025-02-02,131,2025-02-02 21:50:00,588.9141666666667,588.9141666666667,566.7516666666667,0.0,0.4209,22.16249999999996,0.0,0.0,6.394884621840902e-14,1643.288792080391,1663.235042080391,0.0,0.0,544.8396121422073
2025-02-02,132,2025-02-02 22:00:00,738.8718278806585,738.8718278806585,536.4216666666667,0.0,0.3859,202.45016121399178,0.0,0.0,2.842170943040401e-14,1663.235042080391,1845.4401871729835,0.0,0.0,550.2077398965481
2025-02-02,133,2025-02-02 22:10:00,545.2848416666666,545.2848416666666,538.9398166666666,0.0,0.4368,6.345025000000027,0.0,6.306066779870889e-14,0.0,1845.4401871729835,1851.1507096729836,0.0,0.0,541.4317557355705
2025-02-02,134,2025-02-02 22:20:00,577.2708333333334,577.2708333333334,541.5966666666667,0.0,0.4198,35.67416666666658,0.0,0.0,9.947598300641403e-14,1851.1507096729836,1883.2574596729835,0.0,0.0,580.3936228974351
2025-02-02,135,2025-02-02 22:30:00,591.3970166666667,591.3970166666667,546.5506666666666,0.0,0.4186,44.84635,0.0,0.0,2.842170943040401e-14,1883.2574596729835,1923.6191746729835,0.0,0.0,598.8137439282127
2025-02-02,136,2025-02-02 22:40:00,585.4554583333334,585.4554583333334,543.9407,0.0,0.4241,41.5147583333333,0.0,0.0,6.394884621840902e-14,1923.6191746729835,1960.9824571729835,0.0,0.0,595.4296727351747
2025-02-02,137,2025-02-02 22:50:00,576.4058333333332,576.4058333333332,541.5416666666666,0.0,0.4237,34.86416666666653,0.0,0.0,9.237055564881302e-14,1960.9824571729835,1992.3602071729833,0.0,0.0,582.9677641413011
2025-02-02,138,2025-02-02 23:00:00,588.7447583333333,588.7447583333333,556.7465333333333,0.0,0.4248,31.99822499999982,0.0,0.0,1.1368683772161603e-13,1992.3602071729833,2021.1586096729832,0.0,0.0,574.0493360010238
2025-02-02,139,2025-02-02 23:10:00,581.9013833333332,581.9013833333332,562.4285333333333,0.0,0.424,19.472849999999905,0.0,2.4868995751603507e-14,0.0,2021.1586096729832,2038.684174672983,0.0,0.0,579.0718213893664
2025-02-02,140,2025-02-02 23:20:00,575.8041666666667,575.8041666666667,548.4583333333334,0.0,0.422,27.345833333333506,0.0,2.0250467969162855e-13,0.0,2038.684174672983,2063.2954246729832,0.0,0.0,604.7550928796807
2025-02-02,141,2025-02-02 23:30:00,611.302125,611.302125,537.1479166666667,0.0,0.424,74.15420833333327,0.0,0.0,9.947598300641403e-14,2063.2954246729832,2130.034212172983,0.0,0.0,596.5888153509535
2025-02-02,142,2025-02-02 23:40:00,596.2435333333333,596.2435333333333,563.8254499999999,0.0,0.4271,32.418083333333115,0.0,0.0,2.4158453015843406e-13,2130.034212172983,2159.210487172983,0.0,0.0,588.1717288520941
2025-02-02,143,2025-02-02 23:50:00,591.3816666666668,591.3816666666668,591.3766666666667,0.0,0.4276,0.005000000000008084,0.0,0.0,1.0105544873129091e-13,2159.210487172983,2159.214987172983,0.0,0.0,0.0
2025-02-03,0,2025-02-03 00:00:00,1423.5502666666662,1423.5502666666662,553.21265,0.0,0.4248,833.3333333333333,0.0,0.0,37.004283333332864,2159.214987172983,2909.214987172983,0.0,0.0,589.4201970120487
2025-02-03,1,2025-02-03 00:10:00,1443.5254,1443.5254,559.5310666666667,0.0,0.4245,833.3333333333333,0.0,0.0,50.66100000000006,2909.214987172983,3659.214987172983,0.0,0.0,597.1601771802736
2025-02-03,2,2025-02-03 00:20:00,1433.2183333333332,1433.2183333333332,609.62,0.0,0.4269,823.5983333333332,0.0,0.0,0.0,3659.214987172983,4400.453487172983,0.0,0.0,594.0040056219862
2025-02-03,3,2025-02-03 00:30:00,1433.0465083333333,1433.0465083333333,592.4176333333334,0.0,0.4272,833.3333333333333,0.0,0.0,7.295541666666736,4400.453487172983,5150.453487172983,0.0,0.0,596.7733155753374
2025-02-03,4,2025-02-03 00:40:00,1442.3925500000007,1442.3925500000007,575.3122333333333,0.0,0.4271,833.3333333333333,0.0,0.0,33.74698333333413,5150.453487172983,5900.453487172983,0.0,0.0,623.7641057093797
2025-02-03,5,2025-02-03 00:50:00,1487.6374999999998,1487.6374999999998,583.5600000000001,0.0,0.4285,833.3333333333333,0.0,0.0,70.7441666666665,5900.453487172983,6650.453487172983,0.0,0.0,633.2375620313774
2025-02-03,6,2025-02-03 01:00:00,637.4578583333333,637.4578583333333,575.2487333333333,0.0,0.4311,62.20912500000041,0.0,4.405364961712621e-13,0.0,6650.453487172983,6706.441699672983,0.0,0.0,640.9513316505765
2025-02-03,7,2025-02-03 01:10:00,1490.867008333334,1490.867008333334,590.3534333333333,0.0,0.4302,833.3333333333333,0.0,0.0,67.18024166666748,6706.441699672983,7456.441699672983,0.0,0.0,640.3341137955446
2025-02-03,8,2025-02-03 01:20:00,1485.5508333333332,1485.5508333333332,615.8633333333333,0.0,0.4279,833.3333333333333,0.0,0.0,36.35416666666663,7456.441699672983,8206.441699672983,0.0,0.0,639.6384864688591
2025-02-03,9,2025-02-03 01:30:00,629.2226416666667,629.2226416666667,596.38565,0.0,0.4312,32.83699166666742,0.0,7.460698725481052e-13,0.0,8206.441699672983,8235.994992172984,0.0,0.0,644.8392405778912
2025-02-03,10,2025-02-03 01:40:00,635.2252083333332,635.2252083333332,600.7105,0.0,0.4333,34.51470833333385,0.0,7.034373084024992e-13,0.0,8235.994992172984,8267.058229672984,0.0,0.0,641.0134571697731
2025-02-03,11,2025-02-03 01:50:00,1106.9989031411305,1106.9989031411305,638.3183333333333,0.0,0.4311,468.6805698077963,0.0,0.0,9.663381206337363e-13,8267.058229672984,8688.870742500001,0.0,0.0,650.890311818343
2025-02-03,12,2025-02-03 02:00:00,1503.8364666666664,1503.8364666666664,646.8180833333333,0.0,0.4293,833.3333333333333,0.0,0.0,23.68504999999982,8688.870742500001,9438.870742500001,0.0,0.0,650.5539177964419
2025-02-03,13,2025-02-03 02:10:00,654.6836000000001,654.6836000000001,640.0752166666667,0.0,0.4324,14.608383333333121,0.0,0.0,2.149391775674303e-13,9438.870742500001,9452.018287500001,0.0,0.0,635.8511894582822
2025-02-03,14,2025-02-03 02:20:00,644.6633333333332,644.6633333333332,630.405,0.0,0.4367,14.258333333333818,0.0,6.057376822354854e-13,0.0,9452.018287500001,9464.850787500001,0.0,0.0,656.3924695630446
2025-02-03,15,2025-02-03 02:30:00,653.4638833333333,653.4638833333333,614.5355333333333,0.0,0.4348,38.92834999999953,0.0,0.0,4.902744876744691e-13,9464.850787500001,9499.886302500001,0.0,0.0,673.6210259119039
2025-02-03,16,2025-02-03 02:40:00,703.2039666666667,703.2039666666667,612.5439833333334,0.0,0.4335,90.6599833333328,0.0,0.0,5.400124791776761e-13,9499.886302500001,9581.4802875,0.0,0.0,663.9950108506426
2025-02-03,17,2025-02-03 02:50:00,662.7783333333333,662.7783333333333,633.125,0.0,0.4357,29.653333333333446,0.0,1.3855583347321954e-13,0.0,9581.4802875,9608.1682875,0.0,0.0,656.1848082761633
2025-02-03,18,2025-02-03 03:00:00,650.968,650.968,664.07795,0.0,0.4374,0.0,13.10995000000021,0.0,1.829647544582258e-13,9608.1682875,9593.60167638889,0.0,0.0,658.8659934277736
2025-02-03,19,2025-02-03 03:10:00,659.3171166666666,659.3171166666666,680.1285666666666,0.0,0.4371,0.0,20.811449999999788,2.4868995751603507e-13,0.0,9593.60167638889,9570.477843055556,0.0,0.0,663.1111711550348
2025-02-03,20,2025-02-03 03:20:00,665.7558333333334,665.7558333333334,668.3533333333334,0.0,0.4356,0.0,2.5974999999998545,1.1368683772161603e-13,0.0,9570.477843055556,9567.591731944445,0.0,0.0,662.8458817691219
2025-02-03,21,2025-02-03 03:30:00,654.0019583333333,654.0019583333333,641.0808499999999,0.0,0.4353,12.921108333333297,0.0,0.0,3.907985046680551e-14,9567.591731944445,9579.220729444445,0.0,0.0,690.4276849062924
2025-02-03,22,2025-02-03 03:40:00,693.4816583333331,693.4816583333331,647.1126,0.0,0.436,46.369058333334074,0.0,9.734435479913373e-13,0.0,9579.220729444445,9620.952881944446,0.0,0.0,704.4244363123282
2025-02-03,23,2025-02-03 03:50:00,699.2383333333335,699.2383333333335,679.9033333333333,0.0,0.4378,19.334999999999933,0.0,0.0,2.1671553440683056e-13,9620.952881944446,9638.354381944446,0.0,0.0,700.3778224099765
2025-02-03,24,2025-02-03 04:00:00,685.0063500000001,685.0063500000001,689.4757833333333,0.0,0.4401,0.0,4.469433333332927,2.7267077484793845e-13,0.0,9638.354381944446,9633.38834490741,0.0,0.0,705.1457742923695
2025-02-03,25,2025-02-03 04:10:00,702.6868,702.6868,706.4074,0.0,0.4389,0.0,3.720600000000013,9.103828801926284e-14,0.0,9633.38834490741,9629.25434490741,0.0,0.0,709.3910385641161
2025-02-03,26,2025-02-03 04:20:00,718.0441666666666,718.0441666666666,716.1750000000001,0.0,0.4364,1.8691666666664888,0.0,0.0,1.2656542480726785e-14,9629.25434490741,9630.936594907409,0.0,0.0,709.5430894525836
2025-02-03,27,2025-02-03 04:30:00,700.3862000000001,700.3862000000001,670.2347,0.0,0.4393,30.15150000000075,0.0,5.790923296444817e-13,0.0,9630.936594907409,9658.07294490741,0.0,0.0,703.2081010666195
2025-02-03,28,2025-02-03 04:40:00,710.7986083333334,710.7986083333334,643.91015,0.0,0.4422,66.8884583333339,0.0,5.542233338928781e-13,0.0,9658.07294490741,9718.27255740741,0.0,0.0,696.4296450098032
2025-02-03,29,2025-02-03 04:50:00,705.8816666666668,705.8816666666668,657.01,0.0,0.4395,48.871666666667195,0.0,4.121147867408581e-13,0.0,9718.27255740741,9762.25705740741,0.0,0.0,713.7341457728952
2025-02-03,30,2025-02-03 05:00:00,721.4166250000001,721.4166250000001,657.9167666666666,0.0,0.4333,63.49985833333348,0.0,1.4210854715202004e-14,0.0,9762.25705740741,9819.40692990741,0.0,0.0,728.1476136548029
2025-02-03,31,2025-02-03 05:10:00,735.6915666666667,735.6915666666667,657.1276333333334,0.00225,0.4439,78.56618333333245,0.0,0.0,9.094947017729282e-13,9819.40692990741,9890.11649490741,0.0,0.0,735.4537315630644
2025-02-03,32,2025-02-03 05:20:00,1567.6466666666668,1567.6466666666668,658.715,0.0,0.4301,833.3333333333333,0.0,0.0,75.59833333333347,9890.11649490741,10640.11649490741,0.0,0.0,707.023709803915
2025-02-03,33,2025-02-03 05:30:00,1536.3008000000002,1536.3008000000002,664.1767333333333,0.0,0.3713,177.64833899176665,0.0,0.0,694.4757276749002,10640.11649490741,10800.0,0.0,0.0,772.9781878131398
2025-02-03,34,2025-02-03 05:40:00,760.8253499999998,760.8253499999998,749.9262666666667,0.031266666666666665,0.5708,0.0,0.0,0.0,10.930349999999748,10800.0,10800.0,0.0,0.0,883.5451037814082
2025-02-03,35,2025-02-03 05:50:00,877.2800000000002,877.2800000000002,864.9966666666666,0.0,0.9099,0.0,0.0,0.0,12.283333333333644,10800.0,10800.0,0.0,0.0,908.5432593380132
2025-02-03,36,2025-02-03 06:00:00,244.12138888888887,95.47648189467566,873.5690833333333,0.0,0.9368,0.0,778.0926014386577,0.0,0.0,10800.0,9935.452665068158,0.0,0.0,860.8023431332364
2025-02-03,37,2025-02-03 06:10:00,904.259711111111,860.9893224027405,879.8802000000001,0.4354166666666666,0.8758,0.0,18.455460930592746,8.881784197001252e-14,0.0,9935.452665068158,9914.9465973675,0.0,0.0,881.2045846218666
2025-02-03,38,2025-02-03 06:20:00,925.4790083333334,860.4437604737323,913.7266666666666,0.0,0.8759,0.0,53.28290619293494,0.0,6.181721801112872e-13,9914.9465973675,9855.743368264239,0.0,0.0,892.6850005212223
2025-02-03,39,2025-02-03 06:30:00,894.2556138888889,857.2099571225577,899.8708166666667,0.0,0.8601,0.0,42.66085954410901,0.0,9.237055564881302e-14,9855.743368264239,9808.342413215229,0.0,0.0,867.9139774815083
2025-02-03,40,2025-02-03 06:40:00,888.4680277777778,846.762111934997,884.9485833333333,23.41371666666667,0.8442,0.0,14.772754731670103,0.0,5.240252676230739e-13,9808.342413215229,9791.92824129115,0.0,0.0,808.8288255910015
2025-02-03,41,2025-02-03 06:50:00,857.3696833333332,805.2648152798179,896.64,72.22500000000001,0.8334,0.0,19.150184720182008,8.881784197001252e-14,0.0,9791.92824129115,9770.650258268726,0.0,0.0,782.9402843689962
2025-02-03,42,2025-02-03 07:00:00,838.4322888888888,797.8251274184977,912.4627166666668,124.02591666666666,0.8092,9.388327418497889,0.0,2.646771690706373e-13,0.0,9770.650258268726,9779.099752945374,0.0,0.0,732.3929321535295
2025-02-03,43,2025-02-03 07:10:00,793.9098777777779,752.642408667662,913.3213333333333,177.8089,0.7972,17.129975334329274,0.0,5.542233338928781e-13,0.0,9779.099752945374,9794.51673074627,0.0,0.0,643.7226972360439
2025-02-03,44,2025-02-03 07:20:00,717.7100833333334,649.6073223049974,889.6833333333334,231.61249999999998,0.7644,0.0,8.463511028336143,0.0,1.1368683772161603e-13,9794.51673074627,9785.112829603675,0.0,0.0,546.3658514332358
2025-02-03,45,2025-02-03 07:30:00,1441.917661111111,1394.6097441656636,868.6105666666667,281.95355,0.6899,807.952727498996,0.0,0.0,9.094947017729282e-13,9785.112829603675,10512.270284352771,0.0,0.0,638.0098738205996
2025-02-03,46,2025-02-03 07:40:00,666.8262194444444,644.9413145042,980.7109333333333,344.27818333333335,0.86,8.508564504200978,0.0,8.970602038971265e-13,0.0,10512.270284352771,10519.927992406552,0.0,0.0,801.1381996418377
2025-02-03,47,2025-02-03 07:50:00,17.887500000000273,0.0,1150.2316666666668,412.66875,1.1617,0.0,737.5629166666673,0.0,5.684341886080801e-13,10519.927992406552,9700.4136405547,0.0,0.0,751.9999312830449
2025-02-03,48,2025-02-03 08:00:00,0.0,0.0,1159.6443333333334,462.7847,1.1683,0.0,696.8596333333343,0.0,7.958078640513122e-13,9700.4136405547,8926.125159073217,0.0,0.0,648.7693405724574
2025-02-03,49,2025-02-03 08:10:00,0.0,0.0,1145.7172666666668,501.0844333333334,1.0956,0.0,644.6328333333325,7.958078640513122e-13,0.0,8926.125159073217,8209.866455369514,0.0,0.0,624.474100490908
2025-02-03,50,2025-02-03 08:20:00,0.0,0.0,1171.835,537.8937500000001,1.0849,0.0,633.94125,0.0,0.0,8209.866455369514,7505.487288702848,0.0,0.0,620.2328466497341
2025-02-03,51,2025-02-03 08:30:00,0.0,0.0,1162.5689833333333,579.7282833333334,1.061,0.0,582.8407,0.0,0.0,7505.487288702848,6857.88651092507,0.0,0.0,573.4865908897766
2025-02-03,52,2025-02-03 08:40:00,0.0,0.0,1144.5487666666666,633.07805,1.043,0.0,511.4707166666669,0.0,2.8421709430404007e-13,6857.88651092507,6289.5857146287735,0.0,0.0,525.9168947266447
2025-02-03,53,2025-02-03 08:50:00,0.0,0.0,1155.2116666666668,675.69375,1.036,0.0,479.51791666666685,0.0,5.684341886080802e-14,6289.5857146287735,5756.788029443588,0.0,0.0,469.00797826900043
2025-02-03,54,2025-02-03 09:00:00,0.0,0.0,1194.7454,678.8150333333333,1.0147,0.0,515.9303666666668,0.0,1.1368683772161603e-13,5756.788029443588,5183.532066480625,0.0,0.0,427.1008436506299
2025-02-03,55,2025-02-03 09:10:00,0.0,0.0,1185.6460166666668,700.1302166666666,0.9922,0.0,485.5158000000004,0.0,1.7053025658242404e-13,5183.532066480625,4644.0700664806245,0.0,0.0,406.763995090148
2025-02-03,56,2025-02-03 09:20:00,0.0,0.0,1150.5683333333334,759.6625,0.97,0.0,390.90583333333296,3.979039320256561e-13,0.0,4644.0700664806245,4209.73025166581,0.0,0.0,382.2944127492104
2025-02-03,57,2025-02-03 09:30:00,475.86779166666634,0.0,1182.0311,821.3364833333334,0.9422,0.0,360.6946166666665,5.684341886080802e-14,0.0,4209.73025166581,3808.958455369514,0.0,0.0,329.36738012083185
2025-02-03,58,2025-02-03 09:40:00,0.0,0.0,1180.3323,864.0758500000001,0.9569,0.0,316.2564499999999,5.684341886080802e-14,0.0,3808.958455369514,3457.5623998139586,0.0,0.0,274.93700933830536
2025-02-03,59,2025-02-03 09:50:00,0.0,0.0,1131.1766666666667,894.3874999999999,0.9977,0.0,236.7891666666666,1.9895196601282805e-13,0.0,3457.5623998139586,3194.4633257398846,0.0,0.0,265.15787290210426
2025-02-03,60,2025-02-03 10:00:00,0.0,0.0,1127.21535,931.1940500000001,0.9919,0.0,196.02129999999988,0.0,0.0,3194.4633257398846,2976.6618812954403,0.0,0.0,237.75202107922107
2025-02-03,61,2025-02-03 10:10:00,0.0,0.0,1150.4726333333333,951.3732666666666,0.9588,0.0,199.0993666666668,0.0,1.1368683772161603e-13,2976.6618812954403,2755.4403627769216,0.0,0.0,213.6868963272405
2025-02-03,62,2025-02-03 10:20:00,260.6145694444472,0.0,1169.385,943.9375,0.9549,0.0,225.44750000000005,0.0,5.684341886080802e-14,2755.4403627769216,2504.9431405546993,0.0,0.0,168.54210726482052
2025-02-03,63,2025-02-03 10:30:00,0.0,0.0,1169.2210166666666,931.8442,0.9839,0.0,237.37681666666668,0.0,5.684341886080802e-14,2504.9431405546993,2241.191122036181,0.0,0.0,133.63375005380712
2025-02-03,64,2025-02-03 10:40:00,326.74406111111136,152.6487795618878,1141.5322333333334,978.0195166666667,0.799,0.0,10.86393710477887,0.0,0.0,2241.191122036181,2229.1200808086487,0.0,0.0,137.69375870836413
2025-02-03,65,2025-02-03 10:50:00,1203.9539166666668,1008.4885490860793,1105.5366666666666,1059.3687499999999,0.5025,833.3333333333333,0.0,0.0,128.98729908607947,2229.1200808086487,2979.1200808086487,0.0,0.0,128.4571404458133
2025-02-03,66,2025-02-03 11:00:00,1259.534311111111,1016.1787981684593,1098.6052333333334,1081.04355,0.4662,833.3333333333333,0.0,0.0,165.28378150179287,2979.1200808086487,3729.1200808086487,0.0,0.0,99.88317210273699
2025-02-03,67,2025-02-03 11:10:00,1231.904997222222,1005.188120627779,1124.6678166666668,1046.2020166666666,0.5007,833.3333333333333,0.0,0.0,93.38898729444554,3729.1200808086487,4479.120080808649,0.0,0.0,83.31912062891685
2025-02-03,68,2025-02-03 11:20:00,1174.920675,1002.4301427200073,1156.5683333333334,1028.5062500000001,0.4827,833.3333333333333,0.0,0.0,41.03472605334082,4479.120080808649,5229.120080808649,0.0,0.0,72.26281299804906
2025-02-03,69,2025-02-03 11:30:00,1149.6888777777779,1013.6513166666664,1151.0741333333333,1095.2074,0.4785,833.3333333333333,0.0,0.0,124.45125000000007,5229.120080808649,5979.120080808649,0.0,0.0,35.87651109621311
2025-02-03,70,2025-02-03 11:40:00,1102.0129472222218,962.4937274685516,1092.8585333333333,1115.0872333333334,0.4662,833.3333333333333,0.0,0.0,151.38909413521833,5979.120080808649,6729.120080808649,0.0,0.0,-34.2322724221992
2025-02-03,71,2025-02-03 11:50:00,1057.9474500000001,878.1917041085875,1029.86,1065.4875,0.4432,833.3333333333333,0.0,0.0,80.48587077525417,6729.120080808649,7479.120080808649,0.0,0.0,-9.661523656424986
2025-02-03,72,2025-02-03 12:00:00,998.0103416666667,837.6482610893402,1033.50395,1051.1764666666666,0.4411,833.3333333333333,0.0,0.0,21.987444422673434,7479.120080808649,8229.120080808649,0.0,0.0,-1.8519032165818752
2025-02-03,73,2025-02-03 12:10:00,998.6920416666665,872.9268147460086,1047.28925,1052.4270166666668,0.4551,833.3333333333333,0.0,0.0,44.731248079342095,8229.120080808649,8979.120080808649,0.0,0.0,-16.25815359493225
2025-02-03,74,2025-02-03 12:20:00,1016.3026166666664,824.3319209890224,1034.2983333333334,1027.65625,0.4463,817.6898376556892,0.0,2.2737367544323206e-13,0.0,8979.120080808649,9715.040934698769,0.0,0.0,-22.558843568648356
2025-02-03,75,2025-02-03 12:30:00,1044.6718444444443,789.1993207598749,1016.9696333333333,970.1857166666667,0.4113,742.415404093208,0.0,0.0,3.410605131648481e-13,9715.040934698769,10383.214798382656,0.0,0.0,39.20758405478927
2025-02-03,76,2025-02-03 12:40:00,1083.0134388888887,362.3812412399452,1042.71135,963.7200666666666,0.5682,283.38995790661204,0.0,1.1368683772161603e-13,0.0,10383.214798382656,10638.265760498607,0.0,0.0,107.49915535245573
2025-02-03,77,2025-02-03 12:50:00,309.4906166666665,104.71791753956518,1079.7466666666667,996.4125,0.8279,21.383750872899125,0.0,4.796163466380676e-13,0.0,10638.265760498607,10657.511136284216,0.0,0.0,103.80226779517298
2025-02-03,78,2025-02-03 13:00:00,295.48532777777757,182.78636953828664,1054.4313166666668,975.5898333333333,0.8636,103.94488620495395,0.0,6.821210263296962e-13,0.0,10657.511136284216,10751.061533868675,0.0,0.0,107.03296731526419
2025-02-03,79,2025-02-03 13:10:00,280.44636944444403,191.54909297031304,1058.88185,954.2882500000001,0.8416,54.3760734792502,0.0,0.0,32.579419491062914,10751.061533868675,10800.0,0.0,0.0,135.92312104805094
2025-02-03,80,2025-02-03 13:20:00,256.6431499999999,149.5548063243433,1086.8616666666667,952.96875,0.8618,0.0,0.0,0.0,15.661889657676511,10800.0,10800.0,0.0,0.0,169.36193176772852
2025-02-03,81,2025-02-03 13:30:00,310.4947444444447,176.0590218311321,1043.8305333333333,933.8155499999999,0.8623,0.0,0.0,0.0,66.04403849779874,10800.0,10800.0,0.0,0.0,183.28881973818335
2025-02-03,82,2025-02-03 13:40:00,377.33589722222223,0.0,1038.3026499999999,906.7374333333333,0.9026,0.0,131.56521666666615,3.694822225952521e-13,0.0,10800.0,10653.816425925927,0.0,0.0,207.43748824371158
2025-02-03,83,2025-02-03 13:50:00,0.0,0.0,1080.1766666666667,886.0187500000001,0.9754,0.0,194.1579166666661,5.684341886080801e-13,0.0,10653.816425925927,10438.085407407409,0.0,0.0,231.33293235695524
2025-02-03,84,2025-02-03 14:00:00,0.0,0.0,1067.1981166666667,875.0711,1.0002,0.0,192.12701666666598,7.105427357601002e-13,0.0,10438.085407407409,10224.610944444446,0.0,0.0,273.62178612109676
2025-02-03,85,2025-02-03 14:10:00,0.0,0.0,1049.5025833333334,866.85145,0.9978,0.0,182.65113333333412,0.0,7.105427357601002e-13,10224.610944444446,10021.665240740742,0.0,0.0,308.38722531025394
2025-02-03,86,2025-02-03 14:20:00,0.0,0.0,1055.555,845.5187500000001,1.0271,0.0,210.0362499999992,7.958078640513122e-13,0.0,10021.665240740742,9788.291629629632,0.0,0.0,312.73962813198654
2025-02-03,87,2025-02-03 14:30:00,0.0,0.0,1060.2434833333334,795.3512333333333,1.0906,0.0,264.89224999999954,5.684341886080801e-13,0.0,9788.291629629632,9493.96690740741,0.0,0.0,340.64303513729163
2025-02-03,88,2025-02-03 14:40:00,0.0,0.0,1068.9835333333333,726.3919333333333,0.9376,0.0,342.5915999999994,5.684341886080801e-13,0.0,9493.96690740741,9113.309574074077,0.0,0.0,396.9101493218002
2025-02-03,89,2025-02-03 14:50:00,1279.9483,1242.463410613992,1075.6566666666665,659.3874999999999,0.6694,826.1942439473245,0.0,0.0,7.958078640513122e-13,9113.309574074077,9856.88439362667,0.0,0.0,428.96974329686276
2025-02-03,90,2025-02-03 15:00:00,1324.8163805555555,1239.595569116219,1060.6084166666667,609.9134166666666,0.66,788.9005691162189,0.0,0.0,1.1368683772161603e-13,9856.88439362667,10566.894905831266,0.0,0.0,467.7378267707421
2025-02-03,91,2025-02-03 15:10:00,1380.664952777778,1285.8324036809304,1030.15925,557.16815,0.7217,259.00566018748174,0.0,0.0,553.8356434934487,10566.894905831266,10800.0,0.0,0.0,538.7792512399751
2025-02-03,92,2025-02-03 15:20:00,1428.7785083333335,641.3574514781874,1014.54,495.8125,0.7308,0.0,0.0,0.0,122.62995147818742,10800.0,10800.0,0.0,0.0,608.8655978711473
2025-02-03,93,2025-02-03 15:30:00,973.6849543552808,646.5181799293773,1037.4795666666666,442.11471666666665,0.7534,0.0,0.0,0.0,51.15332992937738,10800.0,10800.0,0.0,0.0,648.714397254299
2025-02-03,94,2025-02-03 15:40:00,684.4227055555555,657.9253393569418,1032.1572333333334,399.8736666666667,0.7823,0.0,0.0,0.0,25.641772690275047,10800.0,10800.0,0.0,0.0,655.0198787012476
2025-02-03,95,2025-02-03 15:50:00,680.1073333333335,628.6220219462688,1005.6666666666666,358.40000000000003,0.8055,0.0,18.64464472039781,6.750155989720952e-14,0.0,10800.0,10779.283728088447,0.0,0.0,729.380030860257
2025-02-03,96,2025-02-03 16:00:00,756.077325,756.077325,1029.39645,302.7615,0.8271,23.01807990172569,0.0,0.0,6.424295098274392,10779.283728088447,10800.0,0.0,0.0,798.6356471675605
2025-02-03,97,2025-02-03 16:10:00,850.9963666666665,850.9963666666665,1047.8081833333333,245.00295000000003,0.8519,0.0,0.0,0.0,48.191133333333255,10800.0,10800.0,0.0,0.0,833.0641067449984
2025-02-03,98,2025-02-03 16:20:00,860.8454333333333,860.8454333333333,1037.545,193.7125,0.8791,0.0,0.0,0.0,17.012933333333194,10800.0,10800.0,0.0,0.0,863.7078476886145
2025-02-03,99,2025-02-03 16:30:00,894.6013777777779,882.1181539985158,1031.34085,147.41946666666666,0.9024,0.0,1.8032293348172972,3.1818991885756986e-13,0.0,10800.0,10797.996411850203,0.0,0.0,903.2578380306735
2025-02-03,100,2025-02-03 16:40:00,937.5542750000002,930.8857908536646,1026.8059833333334,105.53631666666666,0.9163,2.2262090553299965,0.0,0.0,7.389915131667926,10797.996411850203,10800.0,0.0,0.0,939.8136257264472
2025-02-03,101,2025-02-03 16:50:00,979.1787333333334,979.1787333333334,1021.5749999999999,63.88125,0.9264,0.0,0.0,0.0,21.48498333333339,10800.0,10800.0,0.0,0.0,963.1852732832458
2025-02-03,102,2025-02-03 17:00:00,977.9291666666668,953.4583013183812,1021.2386333333334,20.8122,0.9462,0.0,46.968132014951884,2.913225216616411e-13,0.0,10800.0,10747.813186650053,0.0,0.0,975.8483565355987
2025-02-03,103,2025-02-03 17:10:00,990.3763527777778,980.337205981159,1025.3728833333332,0.0,0.9742,0.0,45.035677352173664,6.110667527536862e-13,0.0,10747.813186650053,10697.773545147638,0.0,0.0,1012.4703015809004
2025-02-03,104,2025-02-03 17:20:00,1025.4699583333334,1025.4699583333334,1037.3566666666668,0.0,0.9862,0.0,11.886708333333809,0.0,3.6415315207705135e-13,10697.773545147638,10684.566091443934,0.0,0.0,1069.466452909864
2025-02-03,105,2025-02-03 17:30:00,1084.1346319958845,1084.1346319958845,1038.9897333333333,0.44393333333333335,0.976,45.5888319958851,0.0,6.536993168992922e-13,0.0,10684.566091443934,10725.59604024023,0.0,0.0,935.248900425945
2025-02-03,106,2025-02-03 17:40:00,935.2326083333334,935.2326083333334,913.5231166666667,0.0,1.0742,21.709491666667116,0.0,4.938272013532696e-13,0.0,10725.59604024023,10745.134582740231,0.0,0.0,724.4018523089185
2025-02-03,107,2025-02-03 17:50:00,718.8641666666666,718.8641666666666,733.6383333333333,0.0,1.2313,0.0,14.774166666666133,5.684341886080801e-13,0.0,10745.134582740231,10728.71884199949,0.0,0.0,710.8107678045482
2025-02-03,108,2025-02-03 18:00:00,712.1966583333334,713.5375949274405,707.6419333333333,0.03186666666666667,1.2561,5.927528260773316,0.0,0.0,5.808686864838819e-13,10728.71884199949,10734.053617434187,0.0,0.0,731.6643411899729
2025-02-03,109,2025-02-03 18:10:00,711.602675,714.1466697259257,734.1779,0.0,1.2447,0.0,20.031230274074005,3.410605131648481e-13,0.0,10734.053617434187,10711.796694907438,0.0,0.0,689.0985502333405
2025-02-03,110,2025-02-03 18:20:00,646.6191666666667,665.7594185970333,731.0016666666667,0.0,1.2545,0.0,65.24224806963358,0.0,2.5579538487363607e-13,10711.796694907438,10639.3053081634,0.0,0.0,680.3537811006432
2025-02-03,111,2025-02-03 18:30:00,648.0124916666666,660.5069729300667,713.8544333333333,0.0022833333333333334,1.2522,0.0,53.345177069933925,0.0,6.821210263296962e-13,10639.3053081634,10580.032889196807,0.0,0.0,718.6595055445936
2025-02-03,112,2025-02-03 18:40:00,322.06187650000203,353.27152154521394,695.1395333333334,0.0,1.2881,0.0,341.86801178811965,0.0,2.2737367544323206e-13,10580.032889196807,10200.179542765563,0.0,0.0,721.7827179258669
2025-02-03,113,2025-02-03 18:50:00,0.0,0.0,690.79,0.0,1.3466,0.0,690.7899999999994,5.684341886080801e-13,0.0,10200.179542765563,9432.63509832112,0.0,0.0,719.3635937536669
2025-02-03,114,2025-02-03 19:00:00,0.0,0.0,712.6662,0.0,1.3523,0.0,712.6662000000006,0.0,5.684341886080801e-13,9432.63509832112,8640.783764987786,0.0,0.0,710.9044961690206
2025-02-03,115,2025-02-03 19:10:00,0.0,0.0,735.1843166666666,0.0,1.3445,0.0,735.1843166666667,0.0,1.1368683772161603e-13,8640.783764987786,7823.912302024823,0.0,0.0,711.6534326937585
2025-02-03,116,2025-02-03 19:20:00,0.0,0.0,738.1149999999999,0.0,1.3483,0.0,738.115,0.0,1.1368683772161603e-13,7823.912302024823,7003.784524247045,0.0,0.0,746.1000033714156
2025-02-03,117,2025-02-03 19:30:00,0.0,0.0,722.6534333333334,0.0,1.349,0.0,722.6534333333335,0.0,1.1368683772161603e-13,7003.784524247045,6200.836264987785,0.0,0.0,756.2988916492908
2025-02-03,118,2025-02-03 19:40:00,0.0,0.0,715.24385,0.0,1.3473,0.0,715.24385,0.0,0.0,6200.836264987785,5406.120876098897,0.0,0.0,739.7183433590703
2025-02-03,119,2025-02-03 19:50:00,0.0,0.0,717.8283333333334,0.0,1.3482,0.0,717.828333333333,3.410605131648481e-13,0.0,5406.120876098897,4608.53383906186,0.0,0.0,720.8347615988976
2025-02-03,120,2025-02-03 20:00:00,0.0,0.0,711.6539833333333,0.0,1.3513,0.0,711.6539833333331,1.1368683772161603e-13,0.0,4608.53383906186,3817.807190913712,0.0,0.0,721.6097591685298
2025-02-03,121,2025-02-03 20:10:00,0.0,0.0,716.3881333333334,0.0,1.34,0.0,716.3881333333334,0.0,0.0,3817.807190913712,3021.820376098897,0.0,0.0,743.4165078491166
2025-02-03,122,2025-02-03 20:20:00,0.0,0.0,729.6016666666666,0.0,1.3489,0.0,729.6016666666666,0.0,0.0,3021.820376098897,2211.151857580379,0.0,0.0,751.8125470952573
2025-02-03,123,2025-02-03 20:30:00,0.0,0.0,724.163,0.0,1.3952,0.0,724.163,0.0,0.0,2211.151857580379,1406.5263020248233,0.0,0.0,720.5961748600989
2025-02-03,124,2025-02-03 20:40:00,701.2997416666666,701.2997416666666,703.1593333333334,0.0,1.2226,0.0,1.8595916666668473,0.0,4.551914400963142e-14,1406.5263020248233,1404.4600890618601,0.0,0.0,706.2487089680073
2025-02-03,125,2025-02-03 20:50:00,716.2941666666667,716.2941666666667,697.4833333333332,0.0,0.9332,18.810833333333346,0.0,0.0,1.0302869668521453e-13,1404.4600890618601,1421.3898390618601,0.0,0.0,751.5935397725788
2025-02-03,126,2025-02-03 21:00:00,730.063775,762.7687521766762,731.9446333333334,0.0,0.9068,30.824118843342806,0.0,0.0,2.4868995751603507e-14,1421.3898390618601,1449.1315460208687,0.0,0.0,750.5281562724646
2025-02-03,127,2025-02-03 21:10:00,733.9709916666667,738.97456652,732.4464833333333,0.0,0.9371,6.528083186666814,0.0,3.730349362740526e-14,0.0,1449.1315460208687,1455.0068208888688,0.0,0.0,741.8242917947965
2025-02-03,128,2025-02-03 21:20:00,754.6416666666669,754.6416666666669,714.1750000000001,0.0,0.9371,40.46666666666675,0.0,0.0,6.394884621840902e-14,1455.0068208888688,1491.4268208888689,0.0,0.0,771.184806313438
2025-02-03,129,2025-02-03 21:30:00,754.189225,754.189225,748.8506333333333,0.0,0.9871,5.338591666666667,0.0,5.062616992290714e-14,0.0,1491.4268208888689,1496.2315533888689,0.0,0.0,711.218982042518
2025-02-03,130,2025-02-03 21:40:00,694.5438,710.6867500000001,687.3082833333333,0.0,0.7764,23.378466666666654,0.0,0.0,1.2789769243681803e-13,1496.2315533888689,1517.2721733888689,0.0,0.0,574.1870563178754
2025-02-03,131,2025-02-03 21:50:00,587.8549999999999,587.8549999999999,548.895,0.0,0.4209,38.95999999999983,0.0,0.0,9.237055564881302e-14,1517.2721733888689,1552.3361733888687,0.0,0.0,543.5632927508165
2025-02-03,132,2025-02-03 22:00:00,713.4867098765436,713.4867098765436,517.5195666666667,0.0,0.3859,195.9671432098768,0.0,0.0,8.526512829121202e-14,1552.3361733888687,1728.7066022777578,0.0,0.0,555.6399089351834
2025-02-03,133,2025-02-03 22:10:00,575.8473666666667,575.8473666666667,538.2651166666667,0.0,0.4368,37.58225000000013,0.0,8.526512829121202e-14,0.0,1728.7066022777578,1762.530627277758,0.0,0.0,570.0622695854471
2025-02-03,134,2025-02-03 22:20:00,597.1741666666668,597.1741666666668,559.61,0.0,0.4198,37.56416666666686,0.0,7.815970093361102e-14,0.0,1762.530627277758,1796.3383772777581,0.0,0.0,560.5326567954367
2025-02-03,135,2025-02-03 22:30:00,571.8913083333333,571.8913083333333,583.5960166666667,0.0,0.4186,0.0,11.704708333333429,0.0,0.0,1796.3383772777581,1783.3331457962765,0.0,0.0,576.1555151860191
2025-02-03,136,2025-02-03 22:40:00,576.9728666666666,576.9728666666666,567.9212833333333,0.0,0.4241,9.051583333333232,0.0,0.0,3.730349362740526e-14,1783.3331457962765,1791.4795707962764,0.0,0.0,583.9466363054386
2025-02-03,137,2025-02-03 22:50:00,598.7158333333333,598.7158333333333,542.62,0.0,0.4237,56.09583333333325,0.0,0.0,4.973799150320701e-14,1791.4795707962764,1841.9658207962764,0.0,0.0,551.0303373550425
2025-02-03,138,2025-02-03 23:00:00,549.4464166666666,555.017743710317,577.0157333333333,0.0,0.4248,0.0,21.997989623016405,0.0,6.750155989720952e-14,1841.9658207962764,1817.523610104036,0.0,0.0,561.760777043528
2025-02-03,139,2025-02-03 23:10:00,589.9329833333334,589.9329833333334,567.5697,0.0,0.424,22.363283333333282,0.0,0.0,7.460698725481052e-14,1817.523610104036,1837.6505651040359,0.0,0.0,608.1280712797471
2025-02-03,140,2025-02-03 23:20:00,597.0310556666667,597.0310556666667,515.6166666666667,0.0,0.422,81.41438900000013,0.0,9.947598300641403e-14,0.0,1837.6505651040359,1910.923515204036,0.0,0.0,611.4274829894478
2025-02-03,141,2025-02-03 23:30:00,600.8472833333333,600.8472833333333,533.1497833333334,0.0,0.424,67.6974999999998,0.0,0.0,7.105427357601002e-14,1910.923515204036,1971.8512652040358,0.0,0.0,601.97555803476
2025-02-03,142,2025-02-03 23:40:00,608.6716500000001,608.6716500000001,579.5267,0.0,0.4271,29.144950000000133,0.0,2.4868995751603507e-14,0.0,1971.8512652040358,1998.081720204036,0.0,0.0,583.3841531500078
2025-02-03,143,2025-02-03 23:50:00,579.6274999999998,579.6274999999998,592.2033333333333,0.0,0.4276,0.0,12.575833333333481,0.0,4.618527782440651e-14,1998.081720204036,1984.1085720558876,0.0,0.0,0.0
2025-02-04,0,2025-02-04 00:00:00,1421.5860333333335,1421.5860333333335,556.1025333333333,0.0,0.4248,833.3333333333333,0.0,0.0,32.150166666666905,1984.1085720558876,2734.1085720558876,0.0,0.0,598.384549954672
2025-02-04,1,2025-02-04 00:10:00,1424.9823083333333,1424.9823083333333,568.1499333333334,0.0,0.4245,833.3333333333333,0.0,0.0,23.4990416666667,2734.1085720558876,3484.1085720558876,0.0,0.0,587.5428880921173
2025-02-04,2,2025-02-04 00:20:00,1409.8854166666665,1409.8854166666665,610.0633333333334,0.0,0.4269,799.8220833333329,0.0,0.0,2.2737367544323206e-13,3484.1085720558876,4203.948447055887,0.0,0.0,608.7408515390499
2025-02-04,3,2025-02-04 00:30:00,1440.7455416666664,1440.7455416666664,573.8968333333333,0.0,0.4272,833.3333333333333,0.0,0.0,33.515374999999835,4203.948447055887,4953.948447055887,0.0,0.0,630.8037274332623
2025-02-04,4,2025-02-04 00:40:00,1469.7141416666668,1469.7141416666668,559.6507833333334,0.0,0.4271,833.3333333333333,0.0,0.0,76.73002500000018,4953.948447055887,5703.948447055887,0.0,0.0,647.0643757649907
2025-02-04,5,2025-02-04 00:50:00,1485.6358333333333,1485.6358333333333,596.9716666666667,0.0,0.4285,833.3333333333333,0.0,0.0,55.33083333333332,5703.948447055887,6453.948447055887,0.0,0.0,645.3362147124185
2025-02-04,6,2025-02-04 01:00:00,662.9957208333334,662.9957208333334,610.0384333333333,0.0,0.4311,52.95728750000004,0.0,0.0,7.815970093361102e-14,6453.948447055887,6501.610005805887,0.0,0.0,623.151721081219
2025-02-04,7,2025-02-04 01:10:00,1466.6427333333334,1466.6427333333334,597.4533,0.0,0.4302,833.3333333333333,0.0,0.0,35.85610000000008,6501.610005805887,7251.610005805887,0.0,0.0,613.4170120159342
2025-02-04,8,2025-02-04 01:20:00,1444.6420833333332,1444.6420833333332,592.48,0.0,0.4279,833.3333333333333,0.0,0.0,18.8287499999999,7251.610005805887,8001.610005805887,0.0,0.0,614.6364735085865
2025-02-04,9,2025-02-04 01:30:00,619.7568916666667,619.7568916666667,622.0757833333333,0.0,0.4312,0.0,2.3188916666666954,0.0,2.2648549702353193e-14,8001.610005805887,7999.033459509591,0.0,0.0,644.8017510096493
2025-02-04,10,2025-02-04 01:40:00,637.4400583333332,637.4400583333332,632.09725,0.0,0.4333,5.342808333333677,0.0,4.671818487622659e-13,0.0,7999.033459509591,8003.841987009591,0.0,0.0,675.0326451550021
2025-02-04,11,2025-02-04 01:50:00,1137.3314407712344,1137.3314407712344,613.9616666666667,0.0,0.4311,523.3697741045681,0.0,4.547473508864641e-13,0.0,8003.841987009591,8474.874783703703,0.0,0.0,640.322916758473
2025-02-04,12,2025-02-04 02:00:00,1482.1088333333332,1482.1088333333332,613.2065333333334,0.0,0.4293,833.3333333333333,0.0,0.0,35.5689666666666,8474.874783703703,9224.874783703703,0.0,0.0,641.9462231005808
2025-02-04,13,2025-02-04 02:10:00,678.6546374999998,678.6546374999998,627.6478333333333,0.0,0.4324,51.00680416666566,0.0,0.0,8.242295734817162e-13,9224.874783703703,9270.780907453702,0.0,0.0,660.7932901544862
2025-02-04,14,2025-02-04 02:20:00,675.8008333333332,675.8008333333332,637.6,0.0,0.4367,38.20083333333363,0.0,4.192202140984591e-13,0.0,9270.780907453702,9305.161657453702,0.0,0.0,644.4448419528951
2025-02-04,15,2025-02-04 02:30:00,669.9702500000001,669.9702500000001,630.2638333333333,0.0,0.4348,39.70641666666577,0.0,0.0,1.0018652574217413e-12,9305.161657453702,9340.897432453701,0.0,0.0,653.7920077369212
2025-02-04,16,2025-02-04 02:40:00,679.14845,679.14845,637.2846000000001,0.0,0.4335,41.86385000000074,0.0,7.815970093361102e-13,0.0,9340.897432453701,9378.574897453702,0.0,0.0,674.0957066856582
2025-02-04,17,2025-02-04 02:50:00,681.4750000000001,681.4750000000001,644.9433333333333,0.0,0.4357,36.531666666667455,0.0,5.897504706808832e-13,0.0,9378.574897453702,9411.453397453703,0.0,0.0,657.4308389698122
2025-02-04,18,2025-02-04 03:00:00,643.0789749999999,643.0789749999999,612.7784833333334,0.0,0.4374,30.300491666665845,0.0,0.0,6.714628852932947e-13,9411.453397453703,9438.723839953702,0.0,0.0,641.6934468435746
2025-02-04,19,2025-02-04 03:10:00,637.7446583333333,637.7446583333333,615.0598833333333,0.0,0.4371,22.68477499999992,0.0,0.0,2.4868995751603507e-14,9438.723839953702,9459.140137453702,0.0,0.0,667.3937683907006
2025-02-04,20,2025-02-04 03:20:00,675.7016666666667,675.7016666666667,654.9766666666667,0.0,0.4356,20.72500000000016,0.0,1.3855583347321954e-13,0.0,9459.140137453702,9477.792637453702,0.0,0.0,659.2746704526866
2025-02-04,21,2025-02-04 03:30:00,659.3119916666667,659.3119916666667,657.8822,0.0,0.4353,1.429791666667168,0.0,4.800604358479177e-13,0.0,9477.792637453702,9479.079449953702,0.0,0.0,661.6249566308145
2025-02-04,22,2025-02-04 03:40:00,670.1444833333333,670.1444833333333,638.8300666666667,0.0,0.436,31.31441666666635,0.0,0.0,2.5224267119483557e-13,9479.079449953702,9507.262424953702,0.0,0.0,676.6922869582085
2025-02-04,23,2025-02-04 03:50:00,686.6891666666666,686.6891666666666,625.1233333333333,0.0,0.4378,61.56583333333401,0.0,7.958078640513122e-13,0.0,9507.262424953702,9562.671674953703,0.0,0.0,685.1597560922723
2025-02-04,24,2025-02-04 04:00:00,687.2545666666665,687.2545666666665,628.3736166666666,0.0,0.4401,58.88095000000046,0.0,5.897504706808832e-13,0.0,9562.671674953703,9615.664529953703,0.0,0.0,699.3259071567551
2025-02-04,25,2025-02-04 04:10:00,701.5482249999999,701.5482249999999,642.6335333333333,0.0,0.4389,58.914691666666634,0.0,2.1316282072803006e-14,0.0,9615.664529953703,9668.687752453703,0.0,0.0,688.611640884175
2025-02-04,26,2025-02-04 04:20:00,693.7075000000001,693.7075000000001,659.7866666666666,0.0,0.4364,33.920833333332766,0.0,0.0,6.963318810448982e-13,9668.687752453703,9699.216502453703,0.0,0.0,675.8972954573017
2025-02-04,27,2025-02-04 04:30:00,687.3504583333333,687.3504583333333,671.1028166666666,0.0,0.4393,16.24764166666662,0.0,0.0,8.881784197001252e-14,9699.216502453703,9713.839379953703,0.0,0.0,681.4445022418679
2025-02-04,28,2025-02-04 04:40:00,721.1826416666668,721.1826416666668,658.5230333333333,0.0,0.4422,62.65960833333439,0.0,8.952838470577262e-13,0.0,9713.839379953703,9770.233027453703,0.0,0.0,700.213096147614
2025-02-04,29,2025-02-04 04:50:00,696.5208333333333,696.5208333333333,636.0516666666666,0.0,0.4395,60.46916666666625,0.0,0.0,3.907985046680551e-13,9770.233027453703,9824.655277453703,0.0,0.0,708.1995576771511
2025-02-04,30,2025-02-04 05:00:00,693.7722458333335,693.7722458333335,641.5891833333334,0.0,0.4333,52.18306249999942,0.0,0.0,6.963318810448982e-13,9824.655277453703,9871.620033703703,0.0,0.0,698.4906555291025
2025-02-04,31,2025-02-04 05:10:00,698.2389583333334,698.2389583333334,669.95545,0.0009833333333333332,0.4439,28.28449166666663,0.0,0.0,3.907985046680551e-14,9871.620033703703,9897.076076203703,0.0,0.0,697.467551376931
2025-02-04,32,2025-02-04 05:20:00,1538.705833333333,1538.705833333333,682.2866666666666,0.0,0.4301,833.3333333333333,0.0,0.0,23.085833333333085,9897.076076203703,10647.076076203703,0.0,0.0,669.3658281525057
2025-02-04,33,2025-02-04 05:30:00,1508.034275,1508.034275,655.364,0.0,0.3713,169.91547088477495,0.0,0.0,682.7548041152249,10647.076076203703,10800.0,0.0,0.0,760.7849384233879
2025-02-04,34,2025-02-04 05:40:00,765.8957125000034,765.8957125000034,711.06715,0.013783333333333333,0.5708,0.0,0.0,0.0,54.84234583333671,10800.0,10800.0,0.0,0.0,877.4735967760664
2025-02-04,35,2025-02-04 05:50:00,871.2162500000001,871.2162500000001,834.3983333333334,0.0,0.9099,0.0,0.0,0.0,36.81791666666663,10800.0,10800.0,0.0,0.0,880.4087570774149
2025-02-04,36,2025-02-04 06:00:00,109.9886305972217,59.9886305972217,879.7944166666666,0.0,0.9368,0.0,819.8057860694444,5.684341886080801e-13,0.0,10800.0,9889.104682145062,0.0,0.0,846.1014686379235
2025-02-04,37,2025-02-04 06:10:00,855.1697611111113,805.1697611111113,872.1903000000001,0.19186666666666666,0.8758,0.0,66.8286722222225,0.0,3.268496584496461e-13,9889.104682145062,9814.850601898148,0.0,0.0,864.2953707169017
2025-02-04,38,2025-02-04 06:20:00,876.3084916666667,826.3084916666667,861.9566666666666,0.0,0.8759,0.0,35.64817499999954,3.836930773104541e-13,0.0,9814.850601898148,9775.241518564815,0.0,0.0,910.6567320970918
2025-02-04,39,2025-02-04 06:30:00,934.8445069444444,884.8445069444444,868.5803666666667,1.2648666666666666,0.8601,17.52900694444381,0.0,0.0,5.933031843596837e-13,9775.241518564815,9791.017624814815,0.0,0.0,888.8202120942879
2025-02-04,40,2025-02-04 06:40:00,918.5835513888888,868.5835513888888,866.2127833333334,21.132766666666665,0.8442,23.503534722221957,0.0,0.0,1.1368683772161603e-13,9791.017624814815,9812.170806064814,0.0,0.0,801.768426847674
2025-02-04,41,2025-02-04 06:50:00,863.4029905864193,805.3504697082188,859.36,59.53125,0.8334,5.521719708218977,0.0,1.5187850976872141e-13,0.0,9812.170806064814,9817.140353802211,0.0,0.0,750.046594795459
2025-02-04,42,2025-02-04 07:00:00,827.3288,759.5546829392656,877.2479333333334,99.16588333333334,0.8092,0.0,18.527367060734104,3.872457909892546e-13,0.0,9817.140353802211,9796.554390401396,0.0,0.0,721.7436376683544
2025-02-04,43,2025-02-04 07:10:00,795.1830652777778,729.6638231216161,883.7370166666666,138.06231666666667,0.7972,0.0,16.010876878383897,0.0,1.1368683772161603e-13,9796.554390401396,9778.764527203191,0.0,0.0,670.9692102214726
2025-02-04,44,2025-02-04 07:20:00,743.3360416666668,693.3360416666668,863.89,179.3375,0.7644,8.783541666667183,0.0,3.907985046680551e-13,0.0,9778.764527203191,9786.669714703192,0.0,0.0,607.348595548168
2025-02-04,45,2025-02-04 07:30:00,1469.7360583333332,1419.7360583333332,861.2538,227.71018333333333,0.6899,786.1924416666665,0.0,0.0,1.1368683772161603e-13,9786.669714703192,10494.242912203192,0.0,0.0,708.5485727273244
2025-02-04,46,2025-02-04 07:40:00,711.2342236111112,661.2342236111112,991.6895333333333,289.41013333333336,0.86,0.0,41.04517638888847,2.913225216616411e-13,0.0,10494.242912203192,10448.637160659982,0.0,0.0,867.4809078738709
2025-02-04,47,2025-02-04 07:50:00,97.70875000000024,9.293758587081584,1169.7483333333332,353.36875000000003,1.1617,0.0,807.0858247462519,0.0,3.410605131648481e-13,10448.637160659982,9551.875133164147,0.0,0.0,816.1222863840377
2025-02-04,48,2025-02-04 08:00:00,39.082283333333464,0.0,1181.7572499999999,401.1414666666667,1.1683,0.0,780.6157833333331,1.1368683772161603e-13,0.0,9551.875133164147,8684.524262793777,0.0,0.0,729.4041847048088
2025-02-04,49,2025-02-04 08:10:00,0.0,0.0,1169.1234333333334,453.94939999999997,1.0956,0.0,715.1740333333336,0.0,1.1368683772161603e-13,8684.524262793777,7889.886447978962,0.0,0.0,692.4113213833721
2025-02-04,50,2025-02-04 08:20:00,0.0,0.0,1184.5416666666667,509.2375,1.0849,0.0,675.3041666666663,4.547473508864641e-13,0.0,7889.886447978962,7139.548485015999,0.0,0.0,662.428016944338
2025-02-04,51,2025-02-04 08:30:00,0.0,0.0,1144.4052666666666,540.1957,1.061,0.0,604.2095666666667,0.0,0.0,7139.548485015999,6468.204522053036,0.0,0.0,629.8032664556762
2025-02-04,52,2025-02-04 08:40:00,0.0,0.0,1133.9031833333333,558.4864166666667,1.043,0.0,575.4167666666665,1.1368683772161603e-13,0.0,6468.204522053036,5828.852559090074,0.0,0.0,612.371470505709
2025-02-04,53,2025-02-04 08:50:00,0.0,0.0,1156.0583333333334,584.5124999999999,1.036,0.0,571.5458333333335,0.0,0.0,5828.852559090074,5193.8016331641475,0.0,0.0,543.2070632308822
2025-02-04,54,2025-02-04 09:00:00,0.0,0.0,1130.2398,629.7986,1.0147,0.0,500.4412000000005,0.0,3.979039320256561e-13,5193.8016331641475,4637.755855386369,0.0,0.0,491.1906591196629
2025-02-04,55,2025-02-04 09:10:00,0.0,0.0,1140.7403,676.07125,0.9922,0.0,464.66905000000025,0.0,2.8421709430404007e-13,4637.755855386369,4121.456910941924,0.0,0.0,454.5381759470674
2025-02-04,56,2025-02-04 09:20:00,0.0,0.0,1181.8866666666665,713.88125,0.97,0.0,468.0054166666666,0.0,5.684341886080802e-14,4121.456910941924,3601.450892423406,0.0,0.0,408.287703402117
2025-02-04,57,2025-02-04 09:30:00,479.5215444444443,429.5215444444443,1159.4286166666668,752.2742499999999,0.9422,22.36717777777762,0.0,1.7763568394002505e-13,0.0,3601.450892423406,3621.581352423406,0.0,0.0,344.6920218601799
2025-02-04,58,2025-02-04 09:40:00,411.23077222222224,361.23077222222224,1150.3997166666666,807.6507666666666,0.9569,18.481822222222238,0.0,0.0,2.4868995751603507e-14,3621.581352423406,3638.214992423406,0.0,0.0,319.7267578252187
2025-02-04,59,2025-02-04 09:50:00,0.0,0.0,1168.0783333333334,862.0187500000001,0.9977,0.0,306.0595833333333,0.0,0.0,3638.214992423406,3298.148788719702,0.0,0.0,318.9786060365557
2025-02-04,60,2025-02-04 10:00:00,0.0,0.0,1143.4250166666668,878.7203,0.9919,0.0,264.7047166666668,5.684341886080802e-14,0.0,3298.148788719702,3004.0324368678503,0.0,0.0,294.88329751380905
2025-02-04,61,2025-02-04 10:10:00,235.39726489341479,78.40908273656589,1109.0822833333334,889.2144333333334,0.9588,0.0,141.45876726343423,0.0,1.4210854715202004e-13,3004.0324368678503,2846.856028797368,0.0,0.0,254.3597110055775
2025-02-04,62,2025-02-04 10:20:00,247.7853083333332,197.7853083333332,1097.4816666666668,909.8562499999999,0.9549,10.15989166666663,0.0,1.758593271006248e-13,0.0,2846.856028797368,2855.9999312973678,0.0,0.0,218.2330751533532
2025-02-04,63,2025-02-04 10:30:00,0.0,0.0,1107.1110333333334,930.5978333333334,0.9839,0.0,176.5132,0.0,2.842170943040401e-14,2855.9999312973678,2659.87415351959,0.0,0.0,244.7637600975423
2025-02-04,64,2025-02-04 10:40:00,309.8809333333336,259.8809333333336,1109.6992666666667,964.41005,0.799,114.5917166666666,0.0,0.0,1.9895196601282805e-13,2659.87415351959,2763.00669851959,0.0,0.0,247.06402596579036
2025-02-04,65,2025-02-04 10:50:00,1099.8398083333334,1049.8398083333334,1110.1933333333334,996.55625,0.5025,833.3333333333333,0.0,0.0,102.86939166666662,2763.00669851959,3513.00669851959,0.0,0.0,168.59421246593791
2025-02-04,66,2025-02-04 11:00:00,1063.8308222222227,1013.8308222222227,1136.1685166666666,997.7840833333333,0.4662,833.3333333333333,0.0,0.0,42.11305555555623,3513.00669851959,4263.00669851959,0.0,0.0,95.95041860205886
2025-02-04,67,2025-02-04 11:10:00,1016.8010263888891,966.8010263888891,1149.0044166666667,1013.3618833333334,0.5007,831.1584930555556,0.0,0.0,3.410605131648481e-13,4263.00669851959,5011.04934226959,0.0,0.0,95.82616539450046
2025-02-04,68,2025-02-04 11:20:00,1070.30357885803,1020.30357885803,1132.7533333333333,1046.2437499999999,0.4827,833.3333333333333,0.0,0.0,100.4606621913631,5011.04934226959,5761.04934226959,0.0,0.0,151.95305232489406
2025-02-04,69,2025-02-04 11:30:00,1116.3970055555558,1066.3970055555558,1107.65545,1058.0354333333332,0.4785,833.3333333333333,0.0,0.0,183.44365555555578,5761.04934226959,6511.04934226959,0.0,0.0,52.019685020335764
2025-02-04,70,2025-02-04 11:40:00,1033.706886111111,956.6359386354001,1080.1103333333333,1087.1373833333334,0.4662,833.3333333333333,0.0,0.0,130.32965530206684,6511.04934226959,7261.04934226959,0.0,0.0,-71.38311056817356
2025-02-04,71,2025-02-04 11:50:00,951.4831333333332,859.4723384623067,1053.4383333333333,1121.84375,0.4432,833.3333333333333,0.0,0.0,94.54442179564012,7261.04934226959,8011.04934226959,0.0,0.0,2.173538874264713
2025-02-04,72,2025-02-04 12:00:00,943.0741722222223,791.7392032977525,1034.9545,1107.7744666666667,0.4411,833.3333333333343,0.0,0.0,31.225836631084917,8011.04934226959,8761.04934226959,1.0,0.75,-29.476021412701325
2025-02-04,73,2025-02-04 12:10:00,977.6836861111116,610.8652235437876,1042.7924666666665,1097.0343500000001,0.4551,665.1071068771206,0.0,0.0,5.684341886080801e-13,8761.04934226959,9359.645738459,1.0,0.75,-55.173020584154614
2025-02-04,74,2025-02-04 12:20:00,981.9758458333331,798.3582054623337,1054.7216666666666,1106.9375,0.4463,833.3333333333333,0.0,0.0,17.240705462333835,9359.645738459,10109.645738459,1.0,0.75,-26.914427862154835
2025-02-04,75,2025-02-04 12:30:00,1009.7356736111109,778.3606202423824,1033.3927,1097.3791166666667,0.4113,767.0602906011118,0.0,0.0,75.28674630793716,10109.645738459,10800.0,1.0,0.75,17.30708998219803
2025-02-04,76,2025-02-04 12:40:00,948.7587985308605,0.0,1048.9965666666667,1049.34835,0.5682,0.0,0.0,0.0,0.3517833333332874,10800.0,10800.0,1.0,0.75,77.50766583288825
2025-02-04,77,2025-02-04 12:50:00,276.2827666666666,108.88035024018848,1103.0016666666668,996.3375,0.8279,0.0,0.0,0.0,2.2161835735216755,10800.0,10800.0,1.0,0.75,71.44346545394532
2025-02-04,78,2025-02-04 13:00:00,215.22192222222213,114.25392210631094,1119.7374499999999,984.5536999999999,0.8636,0.0,20.929827893689616,0.0,6.359357485052897e-13,10800.0,10776.744635673678,1.0,0.75,87.10444569415776
2025-02-04,79,2025-02-04 13:10:00,280.3211930555554,137.87294632884957,1099.6254999999999,930.76845,0.8416,0.0,30.984103671149935,3.161915174132446e-13,0.0,10776.744635673678,10742.317853816845,1.0,0.75,151.33142800939157
2025-02-04,80,2025-02-04 13:20:00,272.29558749999984,181.93743404525003,1070.535,852.8874999999999,0.8618,0.0,35.71006595474955,6.821210263296962e-13,0.0,10742.317853816845,10702.640002756012,1.0,0.75,178.148910891039
2025-02-04,81,2025-02-04 13:30:00,302.56164027777754,201.57940619756494,1058.672,855.4041833333334,0.8623,0.0,1.6884104691020185,0.0,3.639311074721263e-13,10702.640002756012,10700.763991123677,1.0,0.75,229.98034291693133
2025-02-04,82,2025-02-04 13:40:00,266.95598333333305,0.0,1054.2471666666668,857.1119666666667,0.9026,0.0,197.13520000000008,0.0,2.842170943040401e-14,10700.763991123677,10481.724880012565,1.0,0.75,284.43947889520024
2025-02-04,83,2025-02-04 13:50:00,0.0,0.0,1041.39,819.19375,0.9754,0.0,222.1962500000007,0.0,6.252776074688882e-13,10481.724880012565,10234.840157790342,1.0,0.75,286.6898131628768
2025-02-04,84,2025-02-04 14:00:00,0.0,0.0,1018.0360000000001,781.8597666666666,1.0002,0.0,236.17623333333395,0.0,4.831690603168681e-13,10234.840157790342,9972.422120753305,1.0,0.75,325.56139395068885
2025-02-04,85,2025-02-04 14:10:00,0.0,0.0,1022.6683666666667,741.0016833333334,0.9978,0.0,281.6666833333335,0.0,2.2737367544323206e-13,9972.422120753305,9659.459139271823,1.0,0.75,381.04976777008005
2025-02-04,86,2025-02-04 14:20:00,0.0,0.0,1042.865,696.81875,1.0271,0.0,346.04624999999925,7.389644451905042e-13,0.0,9659.459139271823,9274.96330593849,1.0,0.75,364.18621745497825
2025-02-04,87,2025-02-04 14:30:00,0.0,0.0,1028.2815,660.68405,1.0906,0.0,367.5974500000002,0.0,1.1368683772161603e-13,9274.96330593849,8866.52169482738,1.0,0.75,368.71707048836805
2025-02-04,88,2025-02-04 14:40:00,168.65861410444245,0.0,1019.0873833333334,623.4022166666667,0.9376,0.0,395.685166666666,6.252776074688882e-13,0.0,8866.52169482738,8426.871509642195,1.0,0.75,433.7685230612912
2025-02-04,89,2025-02-04 14:50:00,1465.9926749999997,1296.4721287109096,1037.0366666666666,576.2125,0.6694,833.3333333333333,0.0,0.0,2.314628710909801,8426.871509642195,9176.871509642195,1.0,0.75,472.64982408427613
2025-02-04,90,2025-02-04 15:00:00,1486.5989583333335,1281.4674846168796,1059.95045,523.5103,0.66,745.0273346168797,0.0,2.2737367544323206e-13,0.0,9176.871509642195,9847.396110797386,1.0,0.75,507.41503968003593
2025-02-04,91,2025-02-04 15:10:00,1502.9413499999998,1314.8596305718925,1058.3922,497.1272166666667,0.7217,753.5946472385593,0.0,1.1368683772161603e-13,0.0,9847.396110797386,10525.63129331209,1.0,0.75,572.7781742484225
2025-02-04,92,2025-02-04 15:20:00,1530.075233333333,1153.1791940794442,1038.3416666666667,486.52500000000003,0.7308,304.8541185421224,0.0,0.0,296.50840887065516,10525.63129331209,10800.0,1.0,0.75,639.3913415923421
2025-02-04,93,2025-02-04 15:30:00,1520.3759927186914,679.4409859775428,1032.3059333333333,448.28131666666667,0.7534,0.0,0.0,0.0,95.41636931087623,10800.0,10800.0,1.0,0.75,653.3862526988033
2025-02-04,94,2025-02-04 15:40:00,827.4329430555555,653.3782822383549,1032.2686,402.76174999999995,0.7823,0.0,0.0,0.0,23.871432238354828,10800.0,10800.0,1.0,0.75,653.0229504554954
2025-02-04,95,2025-02-04 15:50:00,794.5948583333334,616.4960499920194,1030.0433333333333,356.375,0.8055,0.0,57.172283341313594,3.197442310920451e-13,0.0,10800.0,10736.475240731874,1.0,0.75,708.705512501763
2025-02-04,96,2025-02-04 16:00:00,827.0818458333331,731.4659067148959,1028.1132,294.32956666666666,0.8271,0.0,2.317726618437337,0.0,4.574118861455645e-14,10736.475240731874,10733.89998893361,1.0,0.75,781.776254332595
2025-02-04,97,2025-02-04 16:10:00,886.1799680555555,789.2160835359256,1029.81055,237.81556666666665,0.8519,0.0,2.7788997974081213,0.0,3.184119634624949e-13,10733.89998893361,10730.812322492045,1.0,0.75,830.9303147953495
2025-02-04,98,2025-02-04 16:20:00,915.7923333333333,864.5447478615159,1030.1883333333333,194.73749999999998,0.8791,29.09391452818252,0.0,0.0,2.0250467969162855e-13,10730.812322492045,10756.99684556741,1.0,0.75,880.5099715472637
2025-02-04,99,2025-02-04 16:30:00,949.3718138888886,869.8411398571673,1022.1719666666667,152.91453333333334,0.9024,0.5837065238342297,0.0,2.9054536554440347e-13,0.0,10756.99684556741,10757.52218143886,1.0,0.75,920.2335335733369
2025-02-04,100,2025-02-04 16:40:00,958.0108622777777,919.9844778820194,1022.5867333333334,110.23756666666667,0.9163,7.635311215352784,0.0,2.398081733190338e-13,0.0,10757.52218143886,10764.393961532678,1.0,0.75,957.9767017804627
2025-02-04,101,2025-02-04 16:50:00,990.8785,970.8385120102909,1029.2683333333332,66.25,0.9264,7.820178676956857,0.0,0.0,6.821210263296962e-13,10764.393961532678,10771.43212234194,1.0,0.75,980.0266194292951
2025-02-04,102,2025-02-04 17:00:00,1011.3543888888887,978.277978146523,1021.5036333333334,23.697950000000002,0.9462,0.0,19.527705186809726,6.821210263296962e-13,0.0,10771.43212234194,10749.734672134373,1.0,0.75,1000.9343775994238
2025-02-04,103,2025-02-04 17:10:00,1023.3442930555556,983.2118114996169,1005.1734499999999,1.5839833333333333,0.9742,0.0,20.377655167050218,0.0,5.933031843596837e-13,10749.734672134373,10727.092833059873,1.0,0.75,1040.7357685354375
2025-02-04,104,2025-02-04 17:20:00,1044.9105333333332,1043.9381871565304,1005.9,0.0,0.9862,38.03818715653001,0.0,0.0,3.907985046680551e-13,10727.092833059873,10761.32720150075,1.0,0.75,1063.58089802247
2025-02-04,105,2025-02-04 17:30:00,1112.16725,1094.662838592328,1024.7916,0.19343333333333335,0.976,42.96977611027816,0.0,0.0,27.094895815383126,10761.32720150075,10800.0,1.0,0.75,927.6845328193288
2025-02-04,106,2025-02-04 17:40:00,935.0408694444444,935.0408694444444,923.1554833333333,0.0,1.0742,0.0,0.0,0.0,11.885386111111075,10800.0,10800.0,1.0,0.75,727.9694336412197
2025-02-04,107,2025-02-04 17:50:00,684.4458333333334,684.4458333333334,743.8966666666666,0.0,1.2313,0.0,59.4508333333326,6.110667527536862e-13,0.0,10800.0,10733.94351851852,1.0,0.75,694.2030473796651
2025-02-04,108,2025-02-04 18:00:00,688.0917,688.0917,685.4067166666667,0.013883333333333333,1.2561,2.698866666667325,0.0,8.211209490127658e-13,0.0,10733.94351851852,10736.37249851852,0.0,0.0,737.184929130369
2025-02-04,109,2025-02-04 18:10:00,721.8769166666667,721.8769166666667,702.891,0.0,1.2447,18.985916666667134,0.0,3.801403636316536e-13,0.0,10736.37249851852,10753.45982351852,0.0,0.0,721.4359998020542
2025-02-04,110,2025-02-04 18:20:00,687.4449999999999,687.4449999999999,725.315,0.0,1.2545,0.0,37.87000000000062,0.0,5.044853423896711e-13,10753.45982351852,10711.382045740742,0.0,0.0,724.5092622374017
2025-02-04,111,2025-02-04 18:30:00,693.7854916666666,693.7854916666666,726.2679333333334,0.001,1.2522,0.0,32.48144166666625,5.471179065352771e-13,0.0,10711.382045740742,10675.291555000002,0.0,0.0,716.8578784653505
2025-02-04,112,2025-02-04 18:40:00,384.5887798067498,384.5887798067498,710.4002,0.0,1.2881,0.0,325.8114201932496,6.252776074688882e-13,0.0,10675.291555000002,10313.278865896391,0.0,0.0,721.4665419706848
2025-02-04,113,2025-02-04 18:50:00,0.0,0.0,696.9533333333334,0.0,1.3466,0.0,696.9533333333331,2.2737367544323206e-13,0.0,10313.278865896391,9538.886273303799,0.0,0.0,724.4389342018292
2025-02-04,114,2025-02-04 19:00:00,0.0,0.0,703.7154333333333,0.0,1.3523,0.0,703.7154333333334,0.0,1.1368683772161603e-13,9538.886273303799,8756.980236266761,0.0,0.0,724.5503452902261
2025-02-04,115,2025-02-04 19:10:00,0.0,0.0,714.0810333333334,0.0,1.3445,0.0,714.0810333333333,1.1368683772161603e-13,0.0,8756.980236266761,7963.556865896391,0.0,0.0,712.2780114639473
2025-02-04,116,2025-02-04 19:20:00,0.0,0.0,710.66,0.0,1.3483,0.0,710.6600000000001,0.0,1.1368683772161603e-13,7963.556865896391,7173.934643674169,0.0,0.0,711.8472102925316
2025-02-04,117,2025-02-04 19:30:00,0.0,0.0,696.9931333333334,0.0,1.349,0.0,696.9931333333336,0.0,2.2737367544323206e-13,7173.934643674169,6399.497828859354,0.0,0.0,727.9616591145732
2025-02-04,118,2025-02-04 19:40:00,0.0,0.0,724.3773166666666,0.0,1.3473,0.0,724.3773166666667,0.0,1.1368683772161603e-13,6399.497828859354,5594.634143674169,0.0,0.0,722.6858267214773
2025-02-04,119,2025-02-04 19:50:00,0.0,0.0,755.985,0.0,1.3482,0.0,755.9850000000002,0.0,2.2737367544323206e-13,5594.634143674169,4754.650810340835,0.0,0.0,719.3993762269562
2025-02-04,120,2025-02-04 20:00:00,0.0,0.0,703.86155,0.0,1.3513,0.0,703.86155,0.0,0.0,4754.650810340835,3972.582421451946,0.0,0.0,728.7987594783956
2025-02-04,121,2025-02-04 20:10:00,0.0,0.0,670.4458166666667,0.0,1.34,0.0,670.4458166666666,1.1368683772161603e-13,0.0,3972.582421451946,3227.64262515565,0.0,0.0,744.7481238476857
2025-02-04,122,2025-02-04 20:20:00,0.0,0.0,693.0166666666668,0.0,1.3489,0.0,693.0166666666669,0.0,1.1368683772161603e-13,3227.64262515565,2457.6241066371313,0.0,0.0,731.6111575456234
2025-02-04,123,2025-02-04 20:30:00,0.0,0.0,710.2774833333333,0.0,1.3952,0.0,710.2774833333332,1.1368683772161603e-13,0.0,2457.6241066371313,1668.4269029334278,0.0,0.0,721.5395284316558
2025-02-04,124,2025-02-04 20:40:00,712.2155916666668,712.2155916666668,721.3335999999999,0.0,1.2226,0.0,9.118008333333114,2.3092638912203256e-14,0.0,1668.4269029334278,1658.2957825630576,0.0,0.0,716.8270390585309
2025-02-04,125,2025-02-04 20:50:00,722.3766454732508,722.3766454732508,725.1716666666666,0.0,0.9332,0.0,2.7950211934156868,9.103828801926284e-14,0.0,1658.2957825630576,1655.1902034592624,0.0,0.0,732.5997389321673
2025-02-04,126,2025-02-04 21:00:00,730.695125,730.695125,711.8187333333334,0.0,0.9068,18.876391666666574,0.0,1.0658141036401503e-14,0.0,1655.1902034592624,1672.1789559592623,0.0,0.0,726.3473708136445
2025-02-04,127,2025-02-04 21:10:00,719.5482083333334,719.5482083333334,701.0101,0.0,0.9371,18.538108333333536,0.0,1.2434497875801753e-13,0.0,1672.1789559592623,1688.8632534592625,0.0,0.0,727.1809023027932
2025-02-04,128,2025-02-04 21:20:00,719.0093078333332,719.0093078333332,712.4833333333332,0.0,0.9371,6.525974500000049,0.0,8.79296635503124e-14,0.0,1688.8632534592625,1694.7366305092626,0.0,0.0,762.3726727312177
2025-02-04,129,2025-02-04 21:30:00,744.7453083333334,744.7453083333334,733.6206333333333,0.0,0.9871,11.124674999999923,0.0,0.0,1.0125233984581428e-13,1694.7366305092626,1704.7488380092625,0.0,0.0,704.9651294873621
2025-02-04,130,2025-02-04 21:40:00,679.4309208333334,701.2500351837087,660.7122666666667,0.0,0.7764,40.53776851704217,0.0,8.526512829121202e-14,0.0,1704.7488380092625,1741.2328296746005,0.0,0.0,554.6335078926758
2025-02-04,131,2025-02-04 21:50:00,599.4420833333332,599.4420833333332,547.2216666666667,0.0,0.4209,52.22041666666655,0.0,0.0,0.0,1741.2328296746005,1788.2312046746003,0.0,0.0,532.5355919977313
2025-02-04,132,2025-02-04 22:00:00,626.8980932613167,626.8980932613167,560.1954166666667,0.0,0.3859,66.70267659465,0.0,0.0,2.842170943040401e-14,1788.2312046746003,1848.2636136097854,0.0,0.0,557.7125135793456
2025-02-04,133,2025-02-04 22:10:00,539.4629749999999,543.0172051328691,605.2482666666666,0.0,0.4368,0.0,62.231061533797494,2.1316282072803006e-14,0.0,1848.2636136097854,1779.1179896833437,0.0,0.0,550.7380274046147
2025-02-04,134,2025-02-04 22:20:00,574.1665358750001,574.1665358750001,604.5283333333333,0.0,0.4198,0.0,30.361797458333125,4.618527782440651e-14,0.0,1779.1179896833437,1745.3826591740847,0.0,0.0,565.7074600020949
2025-02-04,135,2025-02-04 22:30:00,573.4962333333333,573.4962333333333,572.15615,0.0,0.4186,1.3400833333331421,0.0,0.0,1.2634338020234281e-13,1745.3826591740847,1746.5887341740845,0.0,0.0,579.7694029863758
2025-02-04,136,2025-02-04 22:40:00,583.6942090000001,583.6942090000001,552.7785,0.0,0.4241,30.915709000000028,0.0,0.0,7.815970093361102e-14,1746.5887341740845,1774.4128722740845,0.0,0.0,571.6501582760013
2025-02-04,137,2025-02-04 22:50:00,564.5741666666667,564.5741666666667,554.7016666666667,0.0,0.4237,9.872500000000047,0.0,1.0125233984581428e-13,0.0,1774.4128722740845,1783.2981222740846,0.0,0.0,570.0246306308366
2025-02-04,138,2025-02-04 23:00:00,569.7549851912498,569.7549851912498,550.7949666666667,0.0,0.4248,18.96001852458312,0.0,0.0,0.0,1783.2981222740846,1800.3621389462094,0.0,0.0,574.3136076976056
2025-02-04,139,2025-02-04 23:10:00,582.0013583333334,582.0013583333334,544.3329833333333,0.0,0.424,37.66837500000015,0.0,6.394884621840902e-14,0.0,1800.3621389462094,1834.2636764462095,0.0,0.0,577.7499472187898
2025-02-04,140,2025-02-04 23:20:00,575.96125,585.9412235051199,545.5716666666666,0.0,0.422,40.36955683845336,0.0,9.947598300641403e-14,0.0,1834.2636764462095,1870.5962776008175,0.0,0.0,579.7043348134105
2025-02-04,141,2025-02-04 23:30:00,592.9778875,592.9778875,556.71645,0.0,0.424,36.26143749999983,0.0,0.0,1.1368683772161603e-13,1870.5962776008175,1903.2315713508174,0.0,0.0,601.4053373577993
2025-02-04,142,2025-02-04 23:40:00,608.0712249999999,608.0712249999999,554.1323333333333,0.0,0.4271,53.93889166666668,0.0,1.1368683772161603e-13,0.0,1903.2315713508174,1951.7765738508174,0.0,0.0,602.8900173385969
2025-02-04,143,2025-02-04 23:50:00,598.3991666666666,598.3991666666666,553.0016666666667,0.0,0.4276,45.39749999999989,0.0,0.0,3.552713678800501e-14,1951.7765738508174,1992.6343238508173,0.0,0.0,0.0
2025-02-05,0,2025-02-05 00:00:00,1456.3658916666664,1456.3658916666664,591.5752333333334,0.0,0.4248,833.333333333333,0.0,0.0,31.45732499999997,1992.6343238508173,2742.634323850817,0.75,0.75,607.1315688882538
2025-02-05,1,2025-02-05 00:10:00,1483.7341166666668,1483.7341166666668,621.0490666666667,0.0,0.4245,833.3333333333333,0.0,0.0,29.35171666666679,2742.634323850817,3492.634323850817,0.75,0.75,639.8148639666974
2025-02-05,2,2025-02-05 00:20:00,1507.0966666666666,1507.0966666666666,609.7866666666666,0.0,0.4269,833.3333333333333,0.0,0.0,63.97666666666669,3492.634323850817,4242.634323850817,0.75,0.75,593.4690376298144
2025-02-05,3,2025-02-05 00:30:00,1431.6311333333335,1431.6311333333335,574.01075,0.0,0.4272,833.3333333333333,0.0,0.0,24.28705000000025,4242.634323850817,4992.634323850817,0.75,0.75,598.7557573865756
2025-02-05,4,2025-02-05 00:40:00,1454.7656749999999,1454.7656749999999,561.9263500000001,0.0,0.4271,833.3333333333333,0.0,0.0,59.505991666666546,4992.634323850817,5742.634323850817,0.75,0.75,613.4490471157546
2025-02-05,5,2025-02-05 00:50:00,1484.0958333333333,1484.0958333333333,589.7066666666666,0.0,0.4285,833.3333333333333,0.0,0.0,61.05583333333345,5742.634323850817,6492.634323850817,0.75,0.75,602.7367954754286
2025-02-05,6,2025-02-05 01:00:00,621.9050333333333,621.9050333333333,626.4330833333333,0.0,0.4311,0.0,4.528049999999985,2.220446049250313e-14,0.0,6492.634323850817,6487.60315718415,0.75,0.75,603.8070981539233
2025-02-05,7,2025-02-05 01:10:00,1478.0958500000002,1478.0958500000002,615.2073833333333,0.0,0.4302,833.3333333333333,0.0,0.0,29.55513333333363,6487.60315718415,7237.60315718415,0.75,0.75,631.4176756302408
2025-02-05,8,2025-02-05 01:20:00,1508.0583333333332,1508.0583333333332,584.3233333333334,0.0,0.4279,833.3333333333333,0.0,0.0,90.40166666666653,7237.60315718415,7987.60315718415,0.75,0.75,627.0287115089841
2025-02-05,9,2025-02-05 01:30:00,675.6720833333333,675.6720833333333,613.65545,0.0,0.4312,62.01663333333373,0.0,4.405364961712621e-13,0.0,7987.60315718415,8043.418127184151,0.75,0.75,627.2851261453078
2025-02-05,10,2025-02-05 01:40:00,655.4083166666667,655.4083166666667,628.5016666666667,0.0,0.4333,26.906649999999797,0.0,0.0,2.1671553440683056e-13,8043.418127184151,8067.634112184151,0.75,0.75,610.1338617833758
2025-02-05,11,2025-02-05 01:50:00,1273.5826957213144,1273.5826957213144,607.96,0.0,0.4311,665.622695721314,0.0,0.0,3.410605131648481e-13,8067.634112184151,8666.694538333333,0.75,0.75,622.9052190249706
2025-02-05,12,2025-02-05 02:00:00,1497.3230583333332,1497.3230583333332,611.2406500000001,0.0,0.4293,833.3333333333333,0.0,0.0,52.749074999999834,8666.694538333333,9416.694538333333,0.75,0.75,627.8819530429766
2025-02-05,13,2025-02-05 02:10:00,658.7638583333332,658.7638583333332,642.9325166666666,0.0,0.4324,15.831341666667463,0.0,8.455458555545192e-13,0.0,9416.694538333333,9430.942745833334,0.75,0.75,626.4286998054963
2025-02-05,14,2025-02-05 02:20:00,648.2375000000001,648.2375000000001,663.7716666666666,0.0,0.4367,0.0,15.534166666666534,4.440892098500626e-14,0.0,9430.942745833334,9413.682560648149,0.75,0.75,629.4717614417603
2025-02-05,15,2025-02-05 02:30:00,649.3288833333334,649.3288833333334,634.6239833333333,0.0,0.4348,14.704900000001038,0.0,9.71667191151937e-13,0.0,9413.682560648149,9426.91697064815,0.75,0.75,641.6158912292466
2025-02-05,16,2025-02-05 02:40:00,670.2730916666668,670.2730916666668,628.9928333333334,0.0,0.4335,41.280258333333926,0.0,4.760636329592671e-13,0.0,9426.91697064815,9464.06920314815,0.75,0.75,669.1684791997882
2025-02-05,17,2025-02-05 02:50:00,684.9525000000001,684.9525000000001,645.0166666666667,0.0,0.4357,39.9358333333334,0.0,0.0,4.973799150320701e-14,9464.06920314815,9500.01145314815,0.75,0.75,665.6759369199066
2025-02-05,18,2025-02-05 03:00:00,687.0770083333333,687.0770083333333,614.88245,0.0,0.4374,72.19455833333389,0.0,5.258016244624741e-13,0.0,9500.01145314815,9564.98655564815,0.75,0.75,676.8945303638186
2025-02-05,19,2025-02-05 03:10:00,694.0807749999999,694.0807749999999,617.1640666666666,0.0,0.4371,76.91670833333369,0.0,3.836930773104541e-13,0.0,9564.98655564815,9634.211593148151,0.75,0.75,686.2105499424063
2025-02-05,20,2025-02-05 03:20:00,713.5450000000001,713.5450000000001,650.17,0.0,0.4356,63.375000000000405,0.0,2.913225216616411e-13,0.0,9634.211593148151,9691.249093148152,0.75,0.75,628.4633650206024
2025-02-05,21,2025-02-05 03:30:00,678.9273166666667,678.9273166666667,634.0853666666667,0.0,0.4353,44.841950000001006,0.0,1.0089706847793423e-12,0.0,9691.249093148152,9731.606848148152,0.75,0.75,637.1893080144301
2025-02-05,22,2025-02-05 03:40:00,700.2580833333333,700.2580833333333,644.0988833333333,0.0,0.436,56.15919999999985,0.0,0.0,9.237055564881302e-14,9731.606848148152,9782.150128148152,0.75,0.75,690.1737681454217
2025-02-05,23,2025-02-05 03:50:00,727.2391666666667,727.2391666666667,692.7033333333334,0.0,0.4378,34.535833333332754,0.0,0.0,6.039613253960852e-13,9782.150128148152,9813.232378148152,0.75,0.75,672.338255021489
2025-02-05,24,2025-02-05 04:00:00,715.853275,715.853275,707.6073,0.0,0.4401,8.245975000000827,0.0,7.833733661755105e-13,0.0,9813.232378148152,9820.653755648153,0.75,0.75,682.8447613210056
2025-02-05,25,2025-02-05 04:10:00,708.1116416666666,708.1116416666666,688.7317166666667,0.0,0.4389,19.379924999999883,0.0,0.0,7.460698725481052e-14,9820.653755648153,9838.095688148152,0.75,0.75,688.2558605055976
2025-02-05,26,2025-02-05 04:20:00,705.2925,705.2925,663.7116666666667,0.0,0.4364,41.580833333333025,0.0,0.0,2.913225216616411e-13,9838.095688148152,9875.518438148152,0.75,0.75,691.0741475490047
2025-02-05,27,2025-02-05 04:30:00,719.3583083333333,719.3583083333333,660.5758333333333,0.0,0.4393,58.78247499999917,0.0,0.0,8.100187187665142e-13,9875.518438148152,9928.422665648151,0.75,0.75,667.3945366999977
2025-02-05,28,2025-02-05 04:40:00,727.5783749999999,727.5783749999999,674.3040666666667,0.0,0.4422,53.27430833333387,0.0,6.323830348264892e-13,0.0,9928.422665648151,9976.369543148152,0.75,0.75,657.376684185738
2025-02-05,29,2025-02-05 04:50:00,699.6833333333332,699.6833333333332,680.2516666666667,0.0,0.4395,19.431666666666086,0.0,0.0,4.156675004196586e-13,9976.369543148152,9993.858043148151,0.75,0.75,686.8002012452437
2025-02-05,30,2025-02-05 05:00:00,727.5881333333334,727.5881333333334,660.85955,0.0,0.4333,66.72858333333352,0.0,1.1368683772161603e-13,0.0,9993.858043148151,10053.913768148152,0.75,0.75,716.837814100907
2025-02-05,31,2025-02-05 05:10:00,768.7200583333334,768.7200583333334,668.48275,0.00055,0.4439,100.23785833333426,0.0,8.526512829121202e-13,0.0,10053.913768148152,10144.127840648152,0.75,0.75,716.5661189720704
2025-02-05,32,2025-02-05 05:20:00,1610.0324999999998,1610.0324999999998,693.4,0.0,0.4301,728.7468437242751,0.0,0.0,187.88565627572473,10144.127840648152,10800.0,0.75,0.75,674.404113138261
2025-02-05,33,2025-02-05 05:30:00,1553.702225,1553.702225,684.5589833333333,0.0,0.3713,0.0,0.0,0.0,869.1432416666667,10800.0,10800.0,0.75,0.75,741.4555404051218
2025-02-05,34,2025-02-05 05:40:00,755.6810083333334,755.6810083333334,738.0928666666667,0.00755,0.5708,0.0,0.0,0.0,17.595691666666653,10800.0,10800.0,0.75,0.75,904.9429196419555
2025-02-05,35,2025-02-05 05:50:00,938.0216666666665,938.0216666666665,846.645,0.0,0.9099,0.0,0.0,0.0,91.37666666666655,10800.0,10800.0,0.75,0.75,879.4528843338028
2025-02-05,36,2025-02-05 06:00:00,219.83213611111114,169.83213611111114,891.8195166666666,0.0,0.9368,0.0,721.9873805555557,0.0,2.2737367544323206e-13,10800.0,9997.791799382716,0.5,0.75,863.0418875517314
2025-02-05,37,2025-02-05 06:10:00,882.4472388888889,832.4472388888889,876.81275,0.10516666666666667,0.8758,0.0,44.26034444444504,0.0,6.394884621840902e-13,9997.791799382716,9948.613638888888,0.5,0.75,879.213941681948
2025-02-05,38,2025-02-05 06:20:00,900.583425,850.583425,861.8433333333334,0.0,0.8759,0.0,11.259908333332715,6.128431095930864e-13,0.0,9948.613638888888,9936.10262962963,0.5,0.75,887.3864597683178
2025-02-05,39,2025-02-05 06:30:00,908.3040083333333,858.3040083333333,894.1213333333334,2.514866666666667,0.8601,0.0,33.302458333333384,6.394884621840902e-14,0.0,9936.10262962963,9899.099898148148,0.5,0.75,863.4672520737112
2025-02-05,40,2025-02-05 06:40:00,873.5486333333333,823.5486333333333,875.4965000000001,25.5822,0.8442,0.0,26.365666666666403,2.948752353404416e-13,0.0,9899.099898148148,9869.804712962963,0.5,0.75,805.7900287602524
2025-02-05,41,2025-02-05 06:50:00,804.6899833333334,779.4128670539435,829.6750000000001,66.31875000000001,0.8334,16.056617053943935,0.0,4.796163466380676e-13,0.0,9869.804712962963,9884.255668311513,0.5,0.75,759.9423343691029
2025-02-05,42,2025-02-05 07:00:00,742.3095666666669,741.0773109262344,880.12755,104.37171666666667,0.8092,0.0,34.67852240709872,2.4868995751603507e-13,0.0,9884.255668311513,9845.72397674807,0.5,0.75,737.1115868463244
2025-02-05,43,2025-02-05 07:10:00,734.0417833333331,712.5917719130352,919.7687666666667,147.26575,0.7972,0.0,59.911244753630854,5.684341886080801e-13,0.0,9845.72397674807,9779.155927021813,0.5,0.75,681.1431502790874
2025-02-05,44,2025-02-05 07:20:00,713.2394750000001,663.2394750000001,879.355,196.13125,0.7644,0.0,19.984275000000707,0.0,7.958078640513122e-13,9779.155927021813,9756.951177021812,0.5,0.75,590.2612119384855
2025-02-05,45,2025-02-05 07:30:00,1482.4454833333334,1432.4454833333334,825.8605166666666,241.90098333333333,0.6899,833.3333333333333,0.0,0.0,15.152616666666972,9756.951177021812,10506.951177021812,0.5,0.75,674.4893358823309
2025-02-05,46,2025-02-05 07:40:00,687.2426861111113,637.2426861111113,967.0914333333334,289.03178333333335,0.86,0.0,40.81696388888795,7.744915819785092e-13,0.0,10506.951177021812,10461.598994923048,0.5,0.75,873.0484320568717
2025-02-05,47,2025-02-05 07:50:00,37.14341666666701,9.31319357205939,1200.3066666666666,340.49375000000003,1.1617,0.0,833.3333333333327,17.166389761274445,0.0,10461.598994923048,9535.673068997123,0.5,0.75,848.2207339381891
2025-02-05,48,2025-02-05 08:00:00,0.0,0.0,1204.0784166666667,393.14304999999996,1.1683,0.0,810.9353666666665,3.410605131648481e-13,0.0,9535.673068997123,8634.633772700827,0.5,0.75,742.0662468263758
2025-02-05,49,2025-02-05 08:10:00,0.0,0.0,1152.6886666666667,439.8263833333333,1.0956,0.0,712.862283333333,3.410605131648481e-13,0.0,8634.633772700827,7842.564568997123,0.5,0.75,694.103312506634
2025-02-05,50,2025-02-05 08:20:00,0.0,0.0,1159.5366666666666,481.00624999999997,1.0849,0.0,678.5304166666668,0.0,1.1368683772161603e-13,7842.564568997123,7088.641883811938,0.5,0.75,646.9224690962177
2025-02-05,51,2025-02-05 08:30:00,0.0,0.0,1161.7982,522.9470333333334,1.061,0.0,638.8511666666666,0.0,0.0,7088.641883811938,6378.8072541823085,0.5,0.75,619.1553008475514
2025-02-05,52,2025-02-05 08:40:00,0.0,0.0,1146.9846833333334,561.4147166666667,1.043,0.0,585.5699666666665,2.2737367544323206e-13,0.0,6378.8072541823085,5728.173957886012,0.5,0.75,572.2759246875869
2025-02-05,53,2025-02-05 08:50:00,0.0,0.0,1136.32,601.875,1.036,0.0,534.4449999999998,1.1368683772161603e-13,0.0,5728.173957886012,5134.346180108235,0.5,0.75,535.480950372239
2025-02-05,54,2025-02-05 09:00:00,0.0,0.0,1152.8601999999998,651.7544833333333,1.0147,0.0,501.1057166666663,2.8421709430404007e-13,0.0,5134.346180108235,4577.562050478606,0.5,0.75,474.7195703451265
2025-02-05,55,2025-02-05 09:10:00,0.0,0.0,1153.7968666666668,678.9477,0.9922,0.0,474.84916666666686,0.0,1.1368683772161603e-13,4577.562050478606,4049.9518652934203,0.5,0.75,429.1017863681529
2025-02-05,56,2025-02-05 09:20:00,0.0,0.0,1148.6183333333333,693.6062499999999,0.97,0.0,455.01208333333324,1.7053025658242404e-13,0.0,4049.9518652934203,3544.382883811939,0.5,0.75,395.32293311357773
2025-02-05,57,2025-02-05 09:30:00,520.4040527777777,470.4040527777777,1182.0016666666668,740.2985,0.9422,28.700886111110876,0.0,0.0,1.2789769243681803e-13,3544.382883811939,3570.2136813119387,0.5,0.75,363.60558974484945
2025-02-05,58,2025-02-05 09:40:00,0.0,0.0,1169.2063666666666,793.1286666666666,0.9569,0.0,376.07769999999994,0.0,0.0,3570.2136813119387,3152.3495702008277,0.5,0.75,333.93239516958016
2025-02-05,59,2025-02-05 09:50:00,0.0,0.0,1122.435,830.1750000000001,0.9977,0.0,292.2599999999998,5.684341886080802e-14,0.0,3152.3495702008277,2827.6162368674945,0.5,0.75,279.49748248339927
2025-02-05,60,2025-02-05 10:00:00,0.0,0.0,1142.073,854.2055333333333,0.9919,0.0,287.86746666666687,0.0,5.684341886080802e-14,2827.6162368674945,2507.7634961267536,0.5,0.75,250.57039892346128
2025-02-05,61,2025-02-05 10:10:00,0.0,0.0,1164.1096666666667,877.9533166666666,0.9588,0.0,286.15635000000015,0.0,5.684341886080802e-14,2507.7634961267536,2189.8119961267535,0.5,0.75,240.31074963542682
2025-02-05,62,2025-02-05 10:20:00,17.861036111110565,0.0,1152.3933333333332,913.3125,0.9549,0.0,239.0808333333333,0.0,8.526512829121202e-14,2189.8119961267535,1924.1666257563832,0.5,0.75,208.11244228110172
2025-02-05,63,2025-02-05 10:30:00,0.0,0.0,1137.1978833333333,958.9389166666666,0.9839,0.0,178.25896666666665,0.0,0.0,1924.1666257563832,1726.1011072378647,0.5,0.75,183.76977104123037
2025-02-05,64,2025-02-05 10:40:00,149.74399722222188,174.2901050939538,1132.3663833333333,975.3284333333332,0.799,17.252155093953863,0.0,0.0,2.4868995751603507e-14,1726.1011072378647,1741.6280468224231,0.5,0.75,165.01808258288662
2025-02-05,65,2025-02-05 10:50:00,1050.6045666666664,1049.7678353063147,1133.5666666666666,969.1374999999999,0.5025,833.3333333333333,0.0,0.0,52.00533530631469,1741.6280468224231,2491.628046822423,0.5,0.75,180.10138084167727
2025-02-05,66,2025-02-05 11:00:00,1109.0201333333334,1075.6573956120724,1124.43865,985.4887666666667,0.4662,833.3333333333333,0.0,0.0,103.3741789454059,2491.628046822423,3241.628046822423,0.5,0.75,152.99830726501753
2025-02-05,67,2025-02-05 11:10:00,1081.76935,1073.6270362360465,1095.5459333333333,1001.3044166666667,0.5007,833.3333333333333,0.0,0.0,146.05218623604674,3241.628046822423,3991.628046822423,0.5,0.75,120.04229966856563
2025-02-05,68,2025-02-05 11:20:00,986.5099916666665,1072.5096345464622,1081.6299999999999,989.525,0.4827,833.3333333333333,0.0,0.0,147.07130121312912,3991.628046822423,4741.628046822423,0.5,0.75,127.48728995115698
2025-02-05,69,2025-02-05 11:30:00,985.5636666666667,1085.1542047243802,1119.2675,953.7839166666666,0.4785,833.3333333333333,0.0,0.0,86.33728805771375,4741.628046822423,5491.628046822423,0.5,0.75,112.73477647707088
2025-02-05,70,2025-02-05 11:40:00,953.2008833333331,1038.6958863089326,1090.8107499999999,961.6698666666666,0.4662,833.3333333333333,0.0,0.0,76.22166964226608,5491.628046822423,6241.628046822423,0.5,0.75,53.39170096899646
2025-02-05,71,2025-02-05 11:50:00,953.2828166666666,937.8878001339731,1013.3683333333333,1003.4499999999999,0.4432,833.3333333333333,0.0,0.0,94.63613346730631,6241.628046822423,6991.628046822423,0.5,0.75,44.922282444646854
2025-02-05,72,2025-02-05 12:00:00,791.2839944444443,905.224562086891,1022.4408166666667,1006.8023,0.4411,833.3333333333333,0.0,0.0,56.25271208689105,6991.628046822423,7741.628046822423,1.0,0.75,2.269016487518204
2025-02-05,73,2025-02-05 12:10:00,775.711413888889,905.4931192631373,1036.8490666666667,1018.89845,0.4551,833.3333333333333,0.0,0.0,54.209169263137255,7741.628046822423,8491.628046822423,1.0,0.75,-12.40360627321368
2025-02-05,74,2025-02-05 12:20:00,716.9210916666666,841.5203246881083,1029.9366666666667,1054.34375,0.4463,833.3333333333333,0.0,0.0,32.59407468810832,8491.628046822423,9241.628046822423,1.0,0.75,-16.761337330341185
2025-02-05,75,2025-02-05 12:30:00,789.2228083333328,823.2018409158645,1056.7029833333333,1071.42575,0.4113,833.3333333333333,0.0,0.0,4.5912742491980225,9241.628046822423,9991.628046822423,1.0,0.75,23.52372031927287
2025-02-05,76,2025-02-05 12:40:00,773.8022805555554,844.6796486517994,1059.7011833333333,1057.9177166666666,0.5682,833.3333333333333,0.0,0.0,9.562848651799413,9991.628046822423,10741.628046822423,1.0,0.75,60.97935175978267
2025-02-05,77,2025-02-05 12:50:00,0.0,0.0,1028.135,1030.1875,0.8279,2.052500000000792,0.0,7.829292769656604e-13,0.0,10741.628046822423,10743.475296822424,1.0,0.75,61.16930463518716
2025-02-05,78,2025-02-05 13:00:00,0.0,0.0,1020.20095,1018.3896166666667,0.8636,0.0,1.8113333333338233,0.0,5.002664948960955e-13,10743.475296822424,10741.46270422983,1.0,0.75,42.620479632424306
2025-02-05,79,2025-02-05 13:10:00,0.0,0.0,1063.26285,1025.3448666666666,0.8416,0.0,37.91798333333427,0.0,7.744915819785092e-13,10741.46270422983,10699.331611637237,1.0,0.75,9.409259958554422
2025-02-05,80,2025-02-05 13:20:00,0.0,0.0,1110.3233333333333,1038.23125,0.8618,0.0,72.09208333333281,4.121147867408581e-13,0.0,10699.331611637237,10619.229296822423,1.0,0.75,37.02532239878259
2025-02-05,81,2025-02-05 13:30:00,35.351080555555654,35.351080555555654,1087.30595,1034.4723666666666,0.8623,0.0,17.48250277777843,0.0,7.744915819785092e-13,10619.229296822423,10599.804293736002,1.0,0.75,89.96333675273976
2025-02-05,82,2025-02-05 13:40:00,0.0,0.0,1070.8111999999999,988.7683999999999,0.9026,0.0,82.04279999999963,3.126388037344441e-13,0.0,10599.804293736002,10508.645627069336,1.0,0.75,112.12593068182417
2025-02-05,83,2025-02-05 13:50:00,0.0,0.0,1078.4733333333334,919.7875,0.9754,0.0,158.6858333333341,0.0,7.673861546209082e-13,10508.645627069336,10332.328034476743,1.0,0.75,152.07727229077793
2025-02-05,84,2025-02-05 14:00:00,0.0,0.0,1054.6681333333333,870.9164666666667,1.0002,0.0,183.7516666666661,5.684341886080801e-13,0.0,10332.328034476743,10128.159515958225,1.0,0.75,214.14826704161013
2025-02-05,85,2025-02-05 14:10:00,0.0,0.0,1037.92595,809.1190666666666,0.9978,0.0,228.80688333333384,0.0,4.263256414560601e-13,10128.159515958225,9873.929645587854,1.0,0.75,286.1480396343073
2025-02-05,86,2025-02-05 14:20:00,0.0,0.0,1040.2716666666668,748.1875,1.0271,0.0,292.0841666666662,5.684341886080801e-13,0.0,9873.929645587854,9549.391682624891,1.0,0.75,300.85703072680894
2025-02-05,87,2025-02-05 14:30:00,0.0,0.0,1031.3853333333334,735.8543333333333,1.0906,0.0,295.5309999999998,2.8421709430404007e-13,0.0,9549.391682624891,9221.023904847114,1.0,0.75,360.081124803545
2025-02-05,88,2025-02-05 14:40:00,0.0,0.0,1016.0362,694.75385,0.9376,0.0,321.28235000000024,0.0,2.8421709430404007e-13,9221.023904847114,8864.043515958225,1.0,0.75,453.43780802295026
2025-02-05,89,2025-02-05 14:50:00,1282.0722949279825,1282.0722949279825,1008.6216666666666,625.53125,0.6694,833.3333333333333,0.0,0.0,65.6485449279827,8864.043515958225,9614.043515958225,1.0,0.75,454.3865992827727
2025-02-05,90,2025-02-05 15:00:00,1289.445763888889,1289.445763888889,1017.9043499999999,607.1355666666667,0.66,833.3333333333333,0.0,0.0,45.34364722222256,9614.043515958225,10364.043515958225,1.0,0.75,480.9918199772183
2025-02-05,91,2025-02-05 15:10:00,994.8843089849152,994.8843089849152,1029.2022166666668,593.5285833333334,0.7217,484.3960933797502,0.0,0.0,74.8145822718314,10364.043515958225,10800.0,1.0,0.75,546.4734273490998
2025-02-05,92,2025-02-05 15:20:00,608.1368500000001,608.1368500000001,1028.14,548.50625,0.7308,0.0,0.0,0.0,128.50310000000013,10800.0,10800.0,1.0,0.75,553.6484033448478
2025-02-05,93,2025-02-05 15:30:00,637.6155222222224,637.6155222222224,1015.65305,482.58636666666666,0.7534,0.0,0.0,0.0,104.54883888888901,10800.0,10800.0,1.0,0.75,566.0544635595074
2025-02-05,94,2025-02-05 15:40:00,651.3119136111109,651.3119136111109,1026.5716666666667,422.96655000000004,0.7823,0.0,0.0,0.0,47.70679694444425,10800.0,10800.0,1.0,0.75,593.5171025852638
2025-02-05,95,2025-02-05 15:50:00,705.6001999999999,705.6001999999999,1043.5466666666666,376.7,0.8055,0.0,0.0,0.0,38.75353333333328,10800.0,10800.0,1.0,0.75,667.3179138467096
2025-02-05,96,2025-02-05 16:00:00,759.3110722222223,759.3110722222223,1017.9052333333334,329.46504999999996,0.8271,0.0,0.0,0.0,70.87088888888889,10800.0,10800.0,1.0,0.75,729.6430948703876
2025-02-05,97,2025-02-05 16:10:00,815.2447492798361,815.2447492798361,1014.0983333333334,276.98318333333333,0.8519,0.0,0.0,0.0,78.12959927983616,10800.0,10800.0,1.0,0.75,799.0378848309998
2025-02-05,98,2025-02-05 16:20:00,869.2764999999997,869.2764999999997,1036.2566666666667,221.03125,0.8791,0.0,0.0,0.0,54.051083333333054,10800.0,10800.0,1.0,0.75,877.294710667916
2025-02-05,99,2025-02-05 16:30:00,912.0420972222222,912.0420972222222,1024.7574166666666,166.6285,0.9024,0.0,0.0,0.0,53.91318055555553,10800.0,10800.0,1.0,0.75,919.7150513940479
2025-02-05,100,2025-02-05 16:40:00,937.5900027777775,937.5900027777775,1019.5386833333333,118.31631666666668,0.9163,0.0,0.0,0.0,36.367636111110755,10800.0,10800.0,1.0,0.75,956.5061906290742
2025-02-05,101,2025-02-05 16:50:00,988.2042999999998,988.2042999999998,1029.695,73.25625000000001,0.9264,0.0,0.0,0.0,31.76554999999985,10800.0,10800.0,1.0,0.75,990.1547810634252
2025-02-05,102,2025-02-05 17:00:00,1034.684875,1034.684875,1020.5993333333332,27.790283333333335,0.9462,0.0,0.0,0.0,41.87582499999996,10800.0,10800.0,1.0,0.75,991.7112616925136
2025-02-05,103,2025-02-05 17:10:00,1029.4043671666666,1029.4043671666666,1009.5527166666667,2.76905,0.9742,0.0,0.0,0.0,22.620700499999998,10800.0,10800.0,1.0,0.75,1001.4572528681083
2025-02-05,104,2025-02-05 17:20:00,1017.7980583333335,1017.7980583333335,1026.4333333333334,0.0,0.9862,0.0,8.635275000000183,0.0,3.1796787425264483e-13,10800.0,10790.40525,1.0,0.75,1024.2822555131709
2025-02-05,105,2025-02-05 17:30:00,1017.5512277777781,1017.5512277777781,1055.6221,0.10844999999999999,0.976,0.0,37.962422222222635,0.0,6.181721801112872e-13,10790.40525,10748.224780864197,1.0,0.75,912.0963374882301
2025-02-05,106,2025-02-05 17:40:00,907.2663722222223,907.2663722222223,917.6028166666666,0.0,1.0742,0.0,10.336444444445078,0.0,7.958078640513122e-13,10748.224780864197,10736.739842592591,1.0,0.75,731.3077654937163
2025-02-05,107,2025-02-05 17:50:00,740.1708333333333,740.1708333333333,709.9233333333333,0.0,1.2313,30.247500000000905,0.0,8.455458555545192e-13,0.0,10736.739842592591,10763.962592592592,1.0,0.75,688.8705178937922
2025-02-05,108,2025-02-05 18:00:00,682.1607250000001,682.1607250000001,720.3368833333334,0.007783333333333333,1.2561,0.0,38.16837499999947,4.973799150320701e-13,0.0,10763.962592592592,10721.553287037037,0.0,0.0,718.0209031329609
2025-02-05,109,2025-02-05 18:10:00,687.2981750000001,687.2981750000001,737.1997166666666,0.0,1.2447,0.0,49.901541666665985,5.186961971048731e-13,0.0,10721.553287037037,10666.10712962963,0.0,0.0,714.8063513423898
2025-02-05,110,2025-02-05 18:20:00,676.6391666666666,676.6391666666666,691.0116666666667,0.0,1.2545,0.0,14.3725000000004,0.0,3.410605131648481e-13,10666.10712962963,10650.137685185186,0.0,0.0,728.8349704217351
2025-02-05,111,2025-02-05 18:30:00,690.6357508609401,699.118031235882,721.9354833333333,0.0005666666666666666,1.2522,0.0,22.816885430783987,6.359357485052897e-13,0.0,10650.137685185186,10624.785590262092,0.0,0.0,727.88605721599
2025-02-05,112,2025-02-05 18:40:00,287.12106580572606,354.3758074343126,732.9156666666667,0.0,1.2881,0.0,378.539859232354,5.684341886080802e-14,0.0,10624.785590262092,10204.185746670588,0.0,0.0,714.4842447072855
2025-02-05,113,2025-02-05 18:50:00,0.0,0.0,702.9499999999999,0.0,1.3466,0.0,702.9499999999992,6.821210263296962e-13,0.0,10204.185746670588,9423.130191115033,0.0,0.0,712.6892611785315
2025-02-05,114,2025-02-05 19:00:00,0.0,0.0,716.2875666666667,0.0,1.3523,0.0,716.2875666666669,0.0,1.1368683772161603e-13,9423.130191115033,8627.255117040959,0.0,0.0,720.3770098795071
2025-02-05,115,2025-02-05 19:10:00,0.0,0.0,727.47285,0.0,1.3445,0.0,727.47285,0.0,0.0,8627.255117040959,7818.951950374292,0.0,0.0,704.1618615141341
2025-02-05,116,2025-02-05 19:20:00,0.0,0.0,716.5083333333333,0.0,1.3483,0.0,716.5083333333334,0.0,1.1368683772161603e-13,7818.951950374292,7022.831580003922,0.0,0.0,713.2499048916677
2025-02-05,117,2025-02-05 19:30:00,0.0,0.0,713.56065,0.0,1.349,0.0,713.5606500000002,0.0,2.2737367544323206e-13,7022.831580003922,6229.986413337255,0.0,0.0,727.856504105833
2025-02-05,118,2025-02-05 19:40:00,0.0,0.0,712.4080333333333,0.0,1.3473,0.0,712.4080333333333,0.0,0.0,6229.986413337255,5438.421931855773,0.0,0.0,733.2526951646547
2025-02-05,119,2025-02-05 19:50:00,0.0,0.0,710.0949999999999,0.0,1.3482,0.0,710.0950000000001,0.0,2.2737367544323206e-13,5438.421931855773,4649.427487411329,0.0,0.0,741.0183301922146
2025-02-05,120,2025-02-05 20:00:00,0.0,0.0,713.5870166666667,0.0,1.3513,0.0,713.5870166666665,2.2737367544323206e-13,0.0,4649.427487411329,3856.553024448366,0.0,0.0,728.092362739101
2025-02-05,121,2025-02-05 20:10:00,0.0,0.0,717.44265,0.0,1.34,0.0,717.4426500000001,0.0,1.1368683772161603e-13,3856.553024448366,3059.394524448366,0.0,0.0,714.9331732256006
2025-02-05,122,2025-02-05 20:20:00,0.0,0.0,712.3833333333333,0.0,1.3489,0.0,712.3833333333333,0.0,0.0,3059.394524448366,2267.857487411329,0.0,0.0,710.1652618255487
2025-02-05,123,2025-02-05 20:30:00,0.0,0.0,697.4539333333333,0.0,1.3952,0.0,697.4539333333333,0.0,0.0,2267.857487411329,1492.9086725965144,0.0,0.0,724.5311649540386
2025-02-05,124,2025-02-05 20:40:00,729.8221916666668,729.8221916666668,705.0999666666667,0.0,1.2226,24.722225000000183,0.0,8.881784197001252e-14,0.0,1492.9086725965144,1515.1586750965146,0.0,0.0,752.1199268930287
2025-02-05,125,2025-02-05 20:50:00,733.9108333333334,749.5085068417625,724.6433333333333,0.0,0.9332,24.865173508429102,0.0,0.0,6.394884621840902e-14,1515.1586750965146,1537.5373312541008,0.0,0.0,740.9776550317401
2025-02-05,126,2025-02-05 21:00:00,732.8856166666667,765.7135970238958,714.3782833333333,0.0,0.9068,51.335313690562494,0.0,6.394884621840902e-14,0.0,1537.5373312541008,1583.739113575607,0.0,0.0,725.9106004649041
2025-02-05,127,2025-02-05 21:10:00,753.7257580246913,753.7257580246913,712.6025666666666,0.0,0.9371,41.12319135802485,0.0,7.815970093361102e-14,0.0,1583.739113575607,1620.7499857978294,0.0,0.0,752.4913858126547
2025-02-05,128,2025-02-05 21:20:00,771.0808333333334,771.0808333333334,737.0733333333333,0.0,0.9371,34.007500000000164,0.0,0.0,0.0,1620.7499857978294,1651.3567357978295,0.0,0.0,770.882622370853
2025-02-05,129,2025-02-05 21:30:00,739.5154916666665,739.5154916666665,749.3397666666666,0.0,0.9871,0.0,9.82427499999999,6.750155989720952e-14,0.0,1651.3567357978295,1640.4408746867184,0.0,0.0,712.3782815393258
2025-02-05,130,2025-02-05 21:40:00,695.2003250000002,721.2038643233637,658.0401833333334,0.0,0.7764,63.163680990030315,0.0,0.0,2.842170943040401e-14,1640.4408746867184,1697.2881875777457,0.0,0.0,588.3361540829432
2025-02-05,131,2025-02-05 21:50:00,610.6174999999998,610.6174999999998,529.4916666666667,0.0,0.4209,81.12583333333305,0.0,0.0,1.1368683772161603e-13,1697.2881875777457,1770.3014375777454,0.0,0.0,568.8499889094605
2025-02-05,132,2025-02-05 22:00:00,869.7645730452682,869.7645730452682,531.5314666666667,0.0,0.3859,338.2331063786016,0.0,5.684341886080802e-14,0.0,1770.3014375777454,2074.711233318487,0.0,0.0,578.622954362796
2025-02-05,133,2025-02-05 22:10:00,547.5072916666667,547.5072916666667,561.1682333333333,0.0,0.4368,0.0,13.660941666666487,1.580957587066223e-13,0.0,2074.711233318487,2059.532409244413,0.0,0.0,571.6568831760815
2025-02-05,134,2025-02-05 22:20:00,570.0216666666668,570.0216666666668,557.53,0.0,0.4198,12.49166666666699,0.0,2.0250467969162855e-13,0.0,2059.532409244413,2070.7749092444133,0.0,0.0,557.1738876675428
2025-02-05,135,2025-02-05 22:30:00,561.3679416666666,561.3679416666666,559.9172166666666,0.0,0.4186,1.450725000000198,0.0,1.6409096303959814e-13,0.0,2070.7749092444133,2072.0805617444134,0.0,0.0,571.5706795112445
2025-02-05,136,2025-02-05 22:40:00,561.987975,561.987975,562.0598166666667,0.0,0.4241,0.0,0.07184166666675083,0.0,2.2745694217007895e-14,2072.0805617444134,2072.0007376703393,0.0,0.0,587.6598242567457
2025-02-05,137,2025-02-05 22:50:00,570.0683333333333,570.0683333333333,557.3083333333333,0.0,0.4237,12.759999999999915,0.0,0.0,7.638334409421077e-14,2072.0007376703393,2083.484737670339,0.0,0.0,547.6906147782523
2025-02-05,138,2025-02-05 23:00:00,587.5563833333333,587.5563833333333,551.1639666666666,0.0,0.4248,36.39241666666648,0.0,0.0,2.1316282072803006e-13,2083.484737670339,2116.237912670339,0.0,0.0,547.7681254541249
2025-02-05,139,2025-02-05 23:10:00,582.8087583333333,582.8087583333333,548.7622333333334,0.0,0.424,34.046524999999846,0.0,0.0,1.2789769243681803e-13,2116.237912670339,2146.879785170339,0.0,0.0,569.4300993543533
2025-02-05,140,2025-02-05 23:20:00,557.4524999999999,557.4524999999999,554.8916666666667,0.0,0.422,2.5608333333330946,0.0,0.0,1.2656542480726785e-13,2146.879785170339,2149.1845351703387,0.0,0.0,582.1075312810499
2025-02-05,141,2025-02-05 23:30:00,584.4342166666665,584.4342166666665,567.9411666666666,0.0,0.424,16.49305000000014,0.0,2.1316282072803006e-13,0.0,2149.1845351703387,2164.028280170339,0.0,0.0,583.551921650249
2025-02-05,142,2025-02-05 23:40:00,584.5175583333332,584.5175583333332,563.16125,0.0,0.4271,21.356308333333295,0.0,6.394884621840902e-14,0.0,2164.028280170339,2183.2489576703388,0.0,0.0,566.4467568688269
2025-02-05,143,2025-02-05 23:50:00,602.9291666666667,602.9291666666667,554.965,0.0,0.4276,47.96416666666674,0.0,9.947598300641403e-14,0.0,2183.2489576703388,2226.416707670339,0.0,0.0,0.0
2025-02-06,0,2025-02-06 00:00:00,1408.9217583333334,1408.9217583333334,582.9868166666666,0.0,0.4248,825.9349416666666,0.0,0.0,1.1368683772161603e-13,2226.416707670339,2969.758155170339,0.0,0.0,569.0855016187454
2025-02-06,1,2025-02-06 00:10:00,1400.293375,1400.293375,609.20425,0.0,0.4245,791.0891250000001,0.0,1.1368683772161603e-13,0.0,2969.758155170339,3681.738367670339,0.0,0.0,602.6775747456817
2025-02-06,2,2025-02-06 00:20:00,1456.5708333333334,1456.5708333333334,603.9183333333334,0.0,0.4269,833.3333333333338,0.0,0.0,19.319166666666206,3681.738367670339,4431.738367670339,0.0,0.0,639.7649462596326
2025-02-06,3,2025-02-06 00:30:00,1509.603075,1509.603075,579.4073166666667,0.0,0.4272,833.3333333333333,0.0,0.0,96.86242500000003,4431.738367670339,5181.738367670339,0.0,0.0,650.5095142288357
2025-02-06,4,2025-02-06 00:40:00,1526.5120583333332,1526.5120583333332,598.6182666666667,0.0,0.4271,833.3333333333333,0.0,0.0,94.56045833333326,5181.738367670339,5931.738367670339,0.0,0.0,632.7720003982068
2025-02-06,5,2025-02-06 00:50:00,1488.8541666666663,1488.8541666666663,638.7183333333334,0.0,0.4285,833.3333333333333,0.0,0.0,16.802499999999668,5931.738367670339,6681.738367670339,0.0,0.0,633.5719159895498
2025-02-06,6,2025-02-06 01:00:00,644.4515916666667,644.4515916666667,614.9688333333334,0.0,0.4311,29.48275833333355,0.0,2.2737367544323206e-13,0.0,6681.738367670339,6708.27285017034,0.0,0.0,625.5559286457147
2025-02-06,7,2025-02-06 01:10:00,1530.1594333333335,1530.1594333333335,585.4109,0.0,0.4302,833.3333333333333,0.0,0.0,111.41520000000025,6708.27285017034,7458.27285017034,0.0,0.0,643.4045986378601
2025-02-06,8,2025-02-06 01:20:00,1525.883333333333,1525.883333333333,596.0716666666666,0.0,0.4279,833.3333333333323,0.0,0.0,96.47833333333404,7458.27285017034,8208.272850170339,0.0,0.0,637.4500130827041
2025-02-06,9,2025-02-06 01:30:00,637.5199333333335,637.5199333333335,630.7460333333333,0.0,0.4312,6.7738999999993315,0.0,0.0,8.08242361927114e-13,8208.272850170339,8214.369360170338,0.0,0.0,641.6214073583401
2025-02-06,10,2025-02-06 01:40:00,653.2732833333333,653.2732833333333,623.3894,0.0,0.4333,29.883883333334072,0.0,7.709388682997087e-13,0.0,8214.369360170338,8241.264855170339,0.0,0.0,639.2136516381207
2025-02-06,11,2025-02-06 01:50:00,1059.7528248107355,1059.7528248107355,585.6633333333333,0.0,0.4311,474.0894914774031,0.0,8.526512829121202e-13,0.0,8241.264855170339,8667.945397500001,0.0,0.0,635.6181432861913
2025-02-06,12,2025-02-06 02:00:00,1469.179533333334,1469.179533333334,591.2717,0.0,0.4293,833.3333333333333,0.0,0.0,44.574500000000626,8667.945397500001,9417.945397500001,0.0,0.0,655.6170900894577
2025-02-06,13,2025-02-06 02:10:00,652.1157333333333,652.1157333333333,605.29385,0.0,0.4324,46.82188333333316,0.0,0.0,1.2789769243681803e-13,9417.945397500001,9460.085092500001,0.0,0.0,660.502393978568
2025-02-06,14,2025-02-06 02:20:00,684.5516666666667,684.5516666666667,603.9350000000001,0.0,0.4367,80.61666666666699,0.0,3.126388037344441e-13,0.0,9460.085092500001,9532.640092500002,0.0,0.0,612.4981113281701
2025-02-06,15,2025-02-06 02:30:00,617.0143249999999,617.0143249999999,606.1612,0.0,0.4348,10.853125000000242,0.0,3.7836400679225335e-13,0.0,9532.640092500002,9542.407905000002,0.0,0.0,627.66136426707
2025-02-06,16,2025-02-06 02:40:00,629.5414833333333,629.5414833333333,641.834,0.0,0.4335,0.0,12.29251666666587,7.72715225139109e-13,0.0,9542.407905000002,9528.74955314815,0.0,0.0,681.7681256190319
2025-02-06,17,2025-02-06 02:50:00,679.3275,679.3275,673.0266666666666,0.0,0.4357,6.300833333332573,0.0,0.0,7.709388682997087e-13,9528.74955314815,9534.42030314815,0.0,0.0,675.1460265915518
2025-02-06,18,2025-02-06 03:00:00,681.8155333333333,681.8155333333333,633.0727499999999,0.0,0.4374,48.74278333333374,0.0,3.765876499528531e-13,0.0,9534.42030314815,9578.28880814815,0.0,0.0,666.278643248359
2025-02-06,19,2025-02-06 03:10:00,656.3611416666665,656.3611416666665,615.73635,0.0,0.4371,40.62479166666687,0.0,3.623767952376511e-13,0.0,9578.28880814815,9614.85112064815,0.0,0.0,678.379475876215
2025-02-06,20,2025-02-06 03:20:00,674.2891666666666,674.2891666666666,643.4383333333334,0.0,0.4356,30.850833333333867,0.0,6.821210263296962e-13,0.0,9614.85112064815,9642.616870648151,0.0,0.0,646.9586276280805
2025-02-06,21,2025-02-06 03:30:00,645.5604999999999,645.5604999999999,651.5094166666667,0.0,0.4353,0.0,5.948916666667356,0.0,6.368239269249898e-13,9642.616870648151,9636.006963240743,0.0,0.0,645.9003998692908
2025-02-06,22,2025-02-06 03:40:00,639.6231083333332,639.6231083333332,672.6969833333334,0.0,0.436,0.0,33.07387500000059,0.0,4.334310688136611e-13,9636.006963240743,9599.258213240742,0.0,0.0,685.0670060787377
2025-02-06,23,2025-02-06 03:50:00,697.6016666666667,697.6016666666667,694.66,0.0,0.4378,2.9416666666677176,0.0,9.978684545330907e-13,0.0,9599.258213240742,9601.905713240743,0.0,0.0,677.5199877829413
2025-02-06,24,2025-02-06 04:00:00,696.6104333333333,696.6104333333333,661.1745833333333,0.0,0.4401,35.43585000000045,0.0,4.902744876744691e-13,0.0,9601.905713240743,9633.797978240744,0.0,0.0,672.914273769712
2025-02-06,25,2025-02-06 04:10:00,687.0621166666666,687.0621166666666,621.9300333333333,0.0,0.4389,65.13208333333345,0.0,1.5631940186722204e-13,0.0,9633.797978240744,9692.416853240744,0.0,0.0,693.2404993208781
2025-02-06,26,2025-02-06 04:20:00,695.8233333333333,695.8233333333333,625.25,0.0,0.4364,70.57333333333291,0.0,0.0,3.552713678800501e-13,9692.416853240744,9755.932853240743,0.0,0.0,701.4166006719986
2025-02-06,27,2025-02-06 04:30:00,710.8670750000001,710.8670750000001,669.3978000000001,0.0,0.4393,41.46927499999947,0.0,0.0,5.684341886080801e-13,9755.932853240743,9793.255200740743,0.0,0.0,677.9965576568737
2025-02-06,28,2025-02-06 04:40:00,701.0039250000001,701.0039250000001,671.7769166666667,0.0,0.4422,29.22700833333389,0.0,4.902744876744691e-13,0.0,9793.255200740743,9819.559508240744,0.0,0.0,698.1377869997779
2025-02-06,29,2025-02-06 04:50:00,708.6966666666668,708.6966666666668,641.3516666666667,0.0,0.4395,67.34500000000075,0.0,6.110667527536862e-13,0.0,9819.559508240744,9880.170008240744,0.0,0.0,699.1647950366962
2025-02-06,30,2025-02-06 05:00:00,712.0474666666667,712.0474666666667,663.6617833333333,0.0,0.4333,48.38568333333266,0.0,0.0,6.465938895416912e-13,9880.170008240744,9923.717123240744,0.0,0.0,713.0257244526031
2025-02-06,31,2025-02-06 05:10:00,743.0926,743.0926,686.6046833333334,0.0,0.4439,56.48791666666713,0.0,5.400124791776761e-13,0.0,9923.717123240744,9974.556248240744,0.0,0.0,703.6836885187535
2025-02-06,32,2025-02-06 05:20:00,1571.1766666666667,1571.1766666666667,665.695,0.0,0.4301,833.3333333333333,0.0,0.0,72.14833333333343,9974.556248240744,10724.556248240744,0.0,0.0,684.095754547508
2025-02-06,33,2025-02-06 05:30:00,1539.3903083333332,1539.3903083333332,629.3025,0.0023,0.3713,83.82639084361774,0.0,0.0,826.2637174897155,10724.556248240744,10800.0,0.0,0.0,754.1156207011139
2025-02-06,34,2025-02-06 05:40:00,760.3141416666667,760.3141416666667,714.7110666666667,0.0,0.5708,0.0,0.0,0.0,45.60307499999999,10800.0,10800.0,0.0,0.0,900.1066758636107
2025-02-06,35,2025-02-06 05:50:00,926.1416666666665,926.1416666666665,869.9333333333334,0.0,0.9099,0.0,0.0,0.0,56.208333333333144,10800.0,10800.0,0.0,0.0,904.1546255437227
2025-02-06,36,2025-02-06 06:00:00,258.3092972222222,208.3092972222222,897.4281166666666,0.031966666666666664,0.9368,0.0,689.0868527777781,0.0,3.410605131648481e-13,10800.0,10034.347941358024,0.0,0.0,881.2370372043418
2025-02-06,37,2025-02-06 06:10:00,878.9696555555555,828.9696555555555,877.5651333333334,0.0,0.8758,0.0,48.59547777777789,0.0,0.0,10034.347941358024,9980.352966049382,0.0,0.0,868.9160914540967
2025-02-06,38,2025-02-06 06:20:00,889.8041250000001,839.8041250000001,872.2049999999999,0.0,0.8759,0.0,32.40087499999991,0.0,9.237055564881302e-14,9980.352966049382,9944.35199382716,0.0,0.0,853.1005092491222
2025-02-06,39,2025-02-06 06:30:00,870.9293694444444,820.9293694444444,860.8367333333334,4.339733333333333,0.8601,0.0,35.56763055555603,0.0,3.907985046680551e-13,9944.35199382716,9904.832404320987,0.0,0.0,830.8560212423404
2025-02-06,40,2025-02-06 06:40:00,872.1668694444445,803.20055140659,854.2185,28.7697,0.8442,0.0,22.248248593409155,7.709388682997087e-13,0.0,9904.832404320987,9880.112128106088,0.0,0.0,794.2227562005489
2025-02-06,41,2025-02-06 06:50:00,854.8067333333331,771.3802366312383,856.2733333333334,71.11874999999999,0.8334,0.0,13.77434670209459,5.684341886080801e-13,0.0,9880.112128106088,9864.807298437094,0.0,0.0,771.4821759346532
2025-02-06,42,2025-02-06 07:00:00,793.4060583333332,736.8872473825948,859.3665333333333,112.87596666666667,0.8092,0.0,9.603319284071222,6.359357485052897e-13,0.0,9864.807298437094,9854.136943677015,0.0,0.0,744.1158285507734
2025-02-06,43,2025-02-06 07:10:00,745.8748138888888,695.8748138888888,870.3003833333333,153.93370000000002,0.7972,0.0,20.491869444444458,8.881784197001252e-14,0.0,9854.136943677015,9831.368199849854,0.0,0.0,683.3844932882291
2025-02-06,44,2025-02-06 07:20:00,726.202,652.9348138857825,856.125,199.26874999999998,0.7644,0.0,3.9214361142167036,7.958078640513122e-13,0.0,9831.368199849854,9827.011048611836,0.0,0.0,635.4586523866742
2025-02-06,45,2025-02-06 07:30:00,1520.869186111111,1470.187712542026,804.7368833333334,250.22391666666667,0.6899,833.3333333333333,0.0,0.0,82.34141254202598,9827.011048611836,10577.011048611836,0.0,0.0,723.6118642007389
2025-02-06,46,2025-02-06 07:40:00,735.119375,685.119375,945.2685666666666,293.40281666666664,0.86,33.25362499999957,0.0,0.0,4.831690603168681e-13,10577.011048611836,10606.939311111835,0.0,0.0,860.2948007188255
2025-02-06,47,2025-02-06 07:50:00,74.37870000000021,5.471178907860576,1197.21,330.16249999999997,1.1617,0.0,833.3333333333327,28.242987758806862,0.0,10606.939311111835,9681.01338518591,0.0,0.0,800.4168044348112
2025-02-06,48,2025-02-06 08:00:00,9.50260000000003,0.0,1228.4800166666666,374.09381666666667,1.1683,0.0,833.3333333333327,21.052866666667228,0.0,9681.01338518591,8755.087459259985,0.0,0.0,721.4706771391553
2025-02-06,49,2025-02-06 08:10:00,0.0,0.0,1176.5219666666667,414.99291666666664,1.0956,0.0,761.5290499999999,2.2737367544323206e-13,0.0,8755.087459259985,7908.944070371096,0.0,0.0,671.223715182912
2025-02-06,50,2025-02-06 08:20:00,0.0,0.0,1165.76,460.03749999999997,1.0849,0.0,705.7224999999999,2.2737367544323206e-13,0.0,7908.944070371096,7124.807959259985,0.0,0.0,593.3492317097642
2025-02-06,51,2025-02-06 08:30:00,0.0,0.0,1179.1270666666667,529.0055333333333,1.061,0.0,650.1215333333332,1.1368683772161603e-13,0.0,7124.807959259985,6402.450700000726,0.0,0.0,557.5070681044622
2025-02-06,52,2025-02-06 08:40:00,0.0,0.0,1173.57255,599.1421166666667,1.043,0.0,574.4304333333338,0.0,3.410605131648481e-13,6402.450700000726,5764.194662963689,0.0,0.0,520.5925055720654
2025-02-06,53,2025-02-06 08:50:00,0.0,0.0,1148.7416666666666,664.05625,1.036,0.0,484.6854166666662,3.979039320256561e-13,0.0,5764.194662963689,5225.655311111837,0.0,0.0,493.0261980841842
2025-02-06,54,2025-02-06 09:00:00,0.0,0.0,1139.0543833333334,732.1472166666667,1.0147,0.0,406.90716666666657,5.684341886080802e-14,0.0,5225.655311111837,4773.536237037763,0.0,0.0,459.8426521340423
2025-02-06,55,2025-02-06 09:10:00,0.0,0.0,1129.0098333333333,764.6891833333334,0.9922,0.0,364.32065000000006,0.0,1.7053025658242404e-13,4773.536237037763,4368.735514815541,0.0,0.0,424.11129651242123
2025-02-06,56,2025-02-06 09:20:00,0.0,0.0,1131.8683333333333,773.11875,0.97,0.0,358.74958333333353,0.0,1.7053025658242404e-13,4368.735514815541,3970.124866667393,0.0,0.0,364.7155803836323
2025-02-06,57,2025-02-06 09:30:00,219.25657889011447,66.33120439718533,1173.7682833333333,812.9432833333334,0.9422,0.0,294.4937956028145,5.684341886080802e-14,0.0,3970.124866667393,3642.909538219821,0.0,0.0,311.35663596113346
2025-02-06,58,2025-02-06 09:40:00,0.0,0.0,1170.69045,867.3697666666667,0.9569,0.0,303.3206833333334,0.0,5.684341886080802e-14,3642.909538219821,3305.8865567383396,0.0,0.0,272.9404074462249
2025-02-06,59,2025-02-06 09:50:00,0.0,0.0,1133.3066666666666,909.71875,0.9977,0.0,223.58791666666676,0.0,1.4210854715202004e-13,3305.8865567383396,3057.455538219821,0.0,0.0,217.0355565784865
2025-02-06,60,2025-02-06 10:00:00,0.0,0.0,1153.0248333333334,926.0610166666667,0.9919,0.0,226.96381666666653,1.9895196601282805e-13,0.0,3057.455538219821,2805.2735197013026,0.0,0.0,173.00307468738922
2025-02-06,61,2025-02-06 10:10:00,0.0,0.0,1157.6561166666668,919.3588,0.9588,0.0,238.29731666666663,1.7053025658242404e-13,0.0,2805.2735197013026,2540.4987234050063,0.0,0.0,170.96518886919347
2025-02-06,62,2025-02-06 10:20:00,0.0,0.0,1128.7016666666666,928.11875,0.9549,0.0,200.58291666666673,0.0,1.1368683772161603e-13,2540.4987234050063,2317.628815997599,0.0,0.0,191.09507877306712
2025-02-06,63,2025-02-06 10:30:00,0.0,0.0,1125.8002,994.4434500000001,0.9839,0.0,131.35674999999966,1.4210854715202004e-13,0.0,2317.628815997599,2171.676871553155,0.0,0.0,141.42435002929017
2025-02-06,64,2025-02-06 10:40:00,234.35513333333336,184.35513333333336,1138.2993833333333,1051.4787333333334,0.799,97.53448333333381,0.0,2.2737367544323206e-13,0.0,2171.676871553155,2259.457906553155,0.0,0.0,88.40738185729376
2025-02-06,65,2025-02-06 10:50:00,1058.2133000000001,1008.2133000000001,1157.585,1057.925,0.5025,833.3333333333333,0.0,0.0,75.21996666666678,2259.457906553155,3009.457906553155,0.0,0.0,124.05441196104528
2025-02-06,66,2025-02-06 11:00:00,1050.2010416666667,1000.2010416666667,1181.4920833333333,1032.1531166666666,0.4662,833.3333333333333,0.0,0.0,17.528741666666747,3009.457906553155,3759.457906553155,0.0,0.0,140.8779090933121
2025-02-06,67,2025-02-06 11:10:00,1078.4115583333332,1028.4115583333332,1155.3655666666666,1017.1279,0.5007,833.3333333333333,0.0,0.0,56.84055833333332,3759.457906553155,4509.457906553155,0.0,0.0,123.46734504646429
2025-02-06,68,2025-02-06 11:20:00,1134.1513499999996,990.7029542167604,1110.6933333333334,1026.5375000000001,0.4827,833.3333333333333,0.0,0.0,73.21378755009391,4509.457906553155,5259.457906553155,0.0,0.0,107.60145924861772
2025-02-06,69,2025-02-06 11:30:00,1151.5147527777779,1001.0927441949002,1129.13785,1039.4856666666667,0.4785,833.3333333333333,0.0,0.0,78.10722752823358,5259.457906553155,6009.457906553155,0.0,0.0,97.03682108022011
2025-02-06,70,2025-02-06 11:40:00,1184.294205555556,987.9063653469475,1102.4864,1037.4036666666666,0.4662,833.3333333333333,0.0,0.0,89.49029868028083,6009.457906553155,6759.457906553155,0.0,0.0,71.76486091916425
2025-02-06,71,2025-02-06 11:50:00,1182.2100666666663,928.0635982004555,1042.2383333333335,1032.28125,0.4432,833.3333333333333,0.0,0.0,84.77318153378883,6759.457906553155,7509.457906553155,0.0,0.0,38.43593879739885
2025-02-06,72,2025-02-06 12:00:00,1083.9065555555553,838.6209399057375,1071.7905666666668,1048.5316,0.4411,815.3619732390699,0.0,0.0,7.958078640513122e-13,7509.457906553155,8243.283682468318,0.0,0.0,17.513851171240393
2025-02-06,73,2025-02-06 12:10:00,1055.1087416666664,831.9764643157307,1093.7313166666665,1044.5252166666667,0.4551,782.7703643157313,0.0,4.547473508864641e-13,0.0,8243.283682468318,8947.777010352476,0.0,0.0,7.3125295021655035
2025-02-06,74,2025-02-06 12:20:00,986.8527249999999,856.2379683990334,1060.4716666666666,1021.8249999999999,0.4463,817.5913017323667,0.0,0.0,0.0,8947.777010352476,9683.609181911606,0.0,0.0,-27.678815784893636
2025-02-06,75,2025-02-06 12:30:00,989.8207,786.0037567586401,1031.2081,1029.116,0.4113,783.91165675864,0.0,0.0,0.0,9683.609181911606,10389.129672994382,0.0,0.0,-20.554222162604855
2025-02-06,76,2025-02-06 12:40:00,1037.0195916666667,280.2105223144509,1060.9568833333333,1062.3577,0.5682,281.61133898111683,0.0,0.0,7.389644451905042e-13,10389.129672994382,10642.579878077388,0.0,0.0,20.18023879482079
2025-02-06,77,2025-02-06 12:50:00,246.9597,19.81891083422761,1115.4983333333332,1078.6187499999999,0.8279,0.0,17.060672499105205,5.435651928564766e-13,0.0,10642.579878077388,10623.623575300604,0.0,0.0,53.57918435229499
2025-02-06,78,2025-02-06 13:00:00,300.7695416666669,21.907037802114473,1108.627,1039.7489333333333,0.8636,0.0,46.9710288645525,0.0,3.197442310920451e-13,10623.623575300604,10571.433543228879,0.0,0.0,67.76510184262592
2025-02-06,79,2025-02-06 13:10:00,338.2340166666669,60.34979672535246,1092.0028666666667,1022.0953333333333,0.8416,0.0,9.55773660798077,2.717825964282383e-13,0.0,10571.433543228879,10560.813835886678,0.0,0.0,78.95791408158513
2025-02-06,80,2025-02-06 13:20:00,342.0327083333335,143.77972876875197,1101.3433333333335,1021.1062499999999,0.8618,63.54264543541932,0.0,7.815970093361102e-13,0.0,10560.813835886678,10618.002216778556,0.0,0.0,117.45306194248353
2025-02-06,81,2025-02-06 13:30:00,369.4926333333332,184.82798385200533,1114.0181,959.3697833333334,0.8623,30.179667185337973,0.0,0.0,7.851497230149107e-13,10618.002216778556,10645.16391724536,0.0,0.0,168.03034855416854
2025-02-06,82,2025-02-06 13:40:00,416.7139249999998,0.0,1083.2505333333334,903.4992166666666,0.9026,0.0,179.75131666666638,3.694822225952521e-13,0.0,10645.16391724536,10445.440232060175,0.0,0.0,224.0462657913989
2025-02-06,83,2025-02-06 13:50:00,0.0,0.0,1042.8866666666665,872.5187500000001,0.9754,0.0,170.36791666666687,0.0,3.979039320256561e-13,10445.440232060175,10256.14254687499,0.0,0.0,240.42294262941533
2025-02-06,84,2025-02-06 14:00:00,0.0,0.0,1066.7925,820.7799166666667,1.0002,0.0,246.01258333333354,0.0,2.5579538487363607e-13,10256.14254687499,9982.795232060174,0.0,0.0,258.48786693844875
2025-02-06,85,2025-02-06 14:10:00,0.0,0.0,1051.1921833333333,781.0027666666666,0.9978,0.0,270.1894166666667,0.0,0.0,9982.795232060174,9682.584769097211,0.0,0.0,290.817722911154
2025-02-06,86,2025-02-06 14:20:00,0.0,0.0,998.4066666666666,757.5500000000001,1.0271,0.0,240.85666666666677,0.0,1.9895196601282805e-13,9682.584769097211,9414.966250578693,0.0,0.0,326.0288074697866
2025-02-06,87,2025-02-06 14:30:00,0.0,0.0,1018.9243666666666,716.4793666666666,1.0906,0.0,302.44499999999937,6.821210263296962e-13,0.0,9414.966250578693,9078.916250578694,0.0,0.0,377.1612910975859
2025-02-06,88,2025-02-06 14:40:00,25.15772766666521,0.0,1052.9395833333333,665.7651333333333,0.9376,0.0,387.1744499999995,4.547473508864641e-13,0.0,9078.916250578694,8648.72241724536,0.0,0.0,431.8361522297025
2025-02-06,89,2025-02-06 14:50:00,1456.5126166666666,1282.2600580218386,1061.2266666666667,615.5500000000001,0.6694,833.3333333333333,0.0,0.0,3.2500580218388677,8648.72241724536,9398.72241724536,0.0,0.0,484.00576566659015
2025-02-06,90,2025-02-06 15:00:00,1541.3584333333333,1341.2669421933535,1061.5078666666666,570.3152166666666,0.66,833.3333333333333,0.0,0.0,16.740958860020328,9398.72241724536,10148.72241724536,0.0,0.0,500.49308371462524
2025-02-06,91,2025-02-06 15:10:00,1535.6211916666666,1369.090890155394,1041.4771833333332,545.7321166666667,0.7217,723.6417586162659,0.0,0.0,149.70406487246146,10148.72241724536,10800.0,0.0,0.0,531.9941240297899
2025-02-06,92,2025-02-06 15:20:00,1560.4561583333332,698.5531262023237,1013.6383333333333,524.96875,0.7308,0.0,0.0,0.0,209.8835428689904,10800.0,10800.0,0.0,0.0,580.4669938592676
2025-02-06,93,2025-02-06 15:30:00,1607.8344833333333,609.9845532917009,1012.0978,473.19825,0.7534,0.0,0.0,0.0,71.08500329170079,10800.0,10800.0,0.0,0.0,603.4033489468175
2025-02-06,94,2025-02-06 15:40:00,780.778925,636.3050999689628,1025.60625,423.26800000000003,0.7823,0.0,0.0,0.0,33.96684996896283,10800.0,10800.0,0.0,0.0,626.1281072159628
2025-02-06,95,2025-02-06 15:50:00,807.3502734552773,681.7622555986756,1039.1583333333333,381.24375000000003,0.8055,0.0,0.0,0.0,23.847672265342226,10800.0,10800.0,0.0,0.0,701.3793299758945
2025-02-06,96,2025-02-06 16:00:00,848.9671222222223,768.7442381220344,1045.8108,321.01515,0.8271,0.0,0.0,0.0,43.94858812203438,10800.0,10800.0,0.0,0.0,769.8344351025611
2025-02-06,97,2025-02-06 16:10:00,875.2135611111112,810.6060468174138,1039.6489,263.03333333333336,0.8519,0.0,0.0,0.0,33.99048015074732,10800.0,10800.0,0.0,0.0,809.3737324394399
2025-02-06,98,2025-02-06 16:20:00,911.3801583333334,815.1527404857732,1027.7533333333333,215.05625,0.8791,0.0,0.0,0.0,2.455657152439926,10800.0,10800.0,0.0,0.0,858.7725624606128
2025-02-06,99,2025-02-06 16:30:00,927.4089277777778,878.999789727283,1024.869,164.82161666666667,0.9024,0.0,0.0,0.0,18.952406393949786,10800.0,10800.0,0.0,0.0,916.3178334638329
2025-02-06,100,2025-02-06 16:40:00,957.8028777777779,939.6108624882397,1025.4657166666666,118.72831666666667,0.9163,0.0,0.0,0.0,32.87346248823974,10800.0,10800.0,0.0,0.0,967.3431688291638
2025-02-06,101,2025-02-06 16:50:00,982.2226716944444,982.2226716944444,1027.2433333333333,76.04375,0.9264,0.0,0.0,0.0,31.02308836111115,10800.0,10800.0,0.0,0.0,987.2463585451106
2025-02-06,102,2025-02-06 17:00:00,1000.9077694444445,1000.9077694444445,1032.4466333333332,30.944983333333337,0.9462,0.0,0.5938805555550062,4.092282068768327e-13,0.0,10800.0,10799.34013271605,0.0,0.0,988.0354228222055
2025-02-06,103,2025-02-06 17:10:00,994.9651361111113,994.9651361111113,1029.1106666666667,4.45175,0.9742,0.0,29.693780555556078,0.0,6.146194664324867e-13,10799.34013271605,10766.347043209877,0.0,0.0,1021.7831888901644
2025-02-06,104,2025-02-06 17:20:00,1023.5179666666667,1023.5179666666667,1032.79,0.0,0.9862,0.0,9.272033333332912,3.8546943414985435e-13,0.0,10766.347043209877,10756.044783950618,0.0,0.0,1055.0600331734995
2025-02-06,105,2025-02-06 17:30:00,1036.9853694444444,1036.9853694444444,1047.8633833333333,0.0,0.976,0.0,10.87801388888838,5.915268275202834e-13,0.0,10756.044783950618,10743.958101851853,0.0,0.0,906.0380238095238
2025-02-06,106,2025-02-06 17:40:00,913.0752944444445,913.0752944444445,920.9471666666667,0.022866666666666664,1.0742,0.0,7.849005555555595,0.0,4.529709940470639e-14,10743.958101851853,10735.236984567902,0.0,0.0,696.0980300395604
2025-02-06,107,2025-02-06 17:50:00,735.6516666666668,735.6516666666668,722.7600000000001,0.0,1.2313,12.891666666667636,0.0,9.841016890277388e-13,0.0,10735.236984567902,10746.839484567903,0.0,0.0,700.8894643662559
2025-02-06,108,2025-02-06 18:00:00,696.4426083333335,696.4426083333335,696.5744500000001,0.0,1.2561,0.0,0.13184166666669625,0.0,1.364186541508161e-13,10746.839484567903,10746.692993827162,0.0,0.0,730.6673385987172
2025-02-06,109,2025-02-06 18:10:00,713.1694833333336,713.1694833333336,725.3809833333333,0.0016333333333333332,1.2447,0.0,12.20986666666704,0.0,5.684341886080801e-13,10746.692993827162,10733.126475308643,0.0,0.0,735.3531574584165
2025-02-06,110,2025-02-06 18:20:00,733.3549999999999,733.3549999999999,713.9516666666667,0.0,1.2545,19.40333333333304,0.0,0.0,1.5276668818842154e-13,10733.126475308643,10750.589475308643,0.0,0.0,731.483297171025
2025-02-06,111,2025-02-06 18:30:00,698.1493833333332,698.1493833333332,688.7923000000001,0.0,1.2522,9.35708333333322,0.0,1.2612133559741778e-13,0.0,10750.589475308643,10759.010850308643,0.0,0.0,719.8183895090665
2025-02-06,112,2025-02-06 18:40:00,319.1592194444427,319.1592194444427,701.2760666666667,0.0,1.2881,0.0,382.1168472222242,0.0,2.2737367544323206e-13,10759.010850308643,10334.436575617283,0.0,0.0,710.7094195449598
2025-02-06,113,2025-02-06 18:50:00,0.0,0.0,738.1166666666667,0.0,1.3466,0.0,738.1166666666667,0.0,0.0,10334.436575617283,9514.306945987653,0.0,0.0,724.1146427437292
2025-02-06,114,2025-02-06 19:00:00,0.0,0.0,736.8278666666666,0.0,1.3523,0.0,736.827866666666,6.821210263296962e-13,0.0,9514.306945987653,8695.609316358024,0.0,0.0,752.2546464629922
2025-02-06,115,2025-02-06 19:10:00,0.0,0.0,715.8313666666667,0.0,1.3445,0.0,715.8313666666667,0.0,0.0,8695.609316358024,7900.241131172839,0.0,0.0,758.4678263793154
2025-02-06,116,2025-02-06 19:20:00,0.0,0.0,697.4050000000001,0.0,1.3483,0.0,697.4049999999997,3.410605131648481e-13,0.0,7900.241131172839,7125.346686728395,0.0,0.0,731.701634148689
2025-02-06,117,2025-02-06 19:30:00,0.0,0.0,685.9789333333333,0.0,1.349,0.0,685.9789333333333,0.0,0.0,7125.346686728395,6363.14787191358,0.0,0.0,719.174424790277
2025-02-06,118,2025-02-06 19:40:00,0.0,0.0,683.2323833333334,0.0,1.3473,0.0,683.2323833333331,2.2737367544323206e-13,0.0,6363.14787191358,5604.000779320988,0.0,0.0,725.0041345302674
2025-02-06,119,2025-02-06 19:50:00,0.0,0.0,692.54,0.0,1.3482,0.0,692.5400000000002,0.0,2.2737367544323206e-13,5604.000779320988,4834.511890432099,0.0,0.0,705.9299764610879
2025-02-06,120,2025-02-06 20:00:00,0.0,0.0,714.0837666666666,0.0,1.3513,0.0,714.0837666666665,1.1368683772161603e-13,0.0,4834.511890432099,4041.0854830246917,0.0,0.0,701.2881956019127
2025-02-06,121,2025-02-06 20:10:00,0.0,0.0,727.5424333333334,0.0,1.34,0.0,727.5424333333335,0.0,1.1368683772161603e-13,4041.0854830246917,3232.70500154321,0.0,0.0,715.7995824512645
2025-02-06,122,2025-02-06 20:20:00,0.0,0.0,731.2533333333334,0.0,1.3489,0.0,731.2533333333333,1.1368683772161603e-13,0.0,3232.70500154321,2420.2012978395064,0.0,0.0,718.0068648115541
2025-02-06,123,2025-02-06 20:30:00,0.0,0.0,736.3145,0.0,1.3952,0.0,736.3145,0.0,0.0,2420.2012978395064,1602.0740756172843,0.0,0.0,739.9734085134133
2025-02-06,124,2025-02-06 20:40:00,709.3727250000001,726.4143945973195,712.8330333333333,0.0,1.2226,13.581361263986258,0.0,6.217248937900877e-14,0.0,1602.0740756172843,1614.297300754872,0.0,0.0,743.9796735749969
2025-02-06,125,2025-02-06 20:50:00,744.8833333333333,754.984736424234,693.2116666666667,0.0,0.9332,61.7730697575674,0.0,7.105427357601002e-14,0.0,1614.297300754872,1669.8930635366826,0.0,0.0,714.3790706807448
2025-02-06,126,2025-02-06 21:00:00,742.2105583333332,771.4157737999614,739.1151,0.0,0.9068,32.30067379996146,0.0,8.526512829121202e-14,0.0,1669.8930635366826,1698.963669956648,0.0,0.0,719.7391413102795
2025-02-06,127,2025-02-06 21:10:00,744.1992916666666,746.4375748254186,744.7547833333333,0.0,0.9371,1.682791492085269,0.0,2.531308496145357e-14,0.0,1698.963669956648,1700.4781822995246,0.0,0.0,745.4641740900112
2025-02-06,128,2025-02-06 21:20:00,716.3333333333333,719.9777932378424,714.52,0.0,0.9371,5.457793237842452,0.0,0.0,0.0,1700.4781822995246,1705.3901962135828,0.0,0.0,783.3203197125533
2025-02-06,129,2025-02-06 21:30:00,762.5684666666674,812.5510929456167,743.8754166666666,0.0,0.9871,68.67567627895015,0.0,9.947598300641403e-14,0.0,1705.3901962135828,1767.198304864638,0.0,0.0,688.3936876143606
2025-02-06,130,2025-02-06 21:40:00,703.7825999999999,708.5609105477183,690.7555666666667,0.0,0.7764,17.80534388105151,0.0,0.0,1.0302869668521453e-13,1767.198304864638,1783.2231143575843,0.0,0.0,559.7633593366082
2025-02-06,131,2025-02-06 21:50:00,588.9666666666667,588.9666666666667,568.9283333333334,0.0,0.4209,20.03833333333331,0.0,1.0658141036401503e-14,0.0,1783.2231143575843,1801.2576143575843,0.0,0.0,567.0891474161637
2025-02-06,132,2025-02-06 22:00:00,745.7641559670788,745.7641559670788,547.7698,0.0,0.3859,197.9943559670788,0.0,8.526512829121202e-14,0.0,1801.2576143575843,1979.4525347279553,0.0,0.0,586.4828958534988
2025-02-06,133,2025-02-06 22:10:00,553.0282666666667,553.0282666666667,555.69155,0.0,0.4368,0.0,2.663283333333311,0.0,0.0,1979.4525347279553,1976.4933310242516,0.0,0.0,573.366796984131
2025-02-06,134,2025-02-06 22:20:00,569.315,569.315,553.6783333333334,0.0,0.4198,15.63666666666677,0.0,1.1368683772161603e-13,0.0,1976.4933310242516,1990.5663310242517,0.0,0.0,569.2515384426017
2025-02-06,135,2025-02-06 22:30:00,591.1936583333334,591.1936583333334,576.5417333333334,0.0,0.4186,14.651925000000068,0.0,6.217248937900877e-14,0.0,1990.5663310242517,2003.7530635242517,0.0,0.0,568.9894678255367
2025-02-06,136,2025-02-06 22:40:00,575.677375,575.677375,576.81875,0.0,0.4241,0.0,1.1413750000001301,0.0,9.103828801926284e-14,2003.7530635242517,2002.4848690798071,0.0,0.0,579.9478745897045
2025-02-06,137,2025-02-06 22:50:00,613.0075,613.0075,558.4283333333334,0.0,0.4237,54.57916666666683,0.0,1.7763568394002505e-13,0.0,2002.4848690798071,2051.6061190798073,0.0,0.0,564.3397491873025
2025-02-06,138,2025-02-06 23:00:00,575.9832749999999,575.9832749999999,571.3184666666667,0.0,0.4248,4.664808333333086,0.0,0.0,1.2612133559741778e-13,2051.6061190798073,2055.804446579807,0.0,0.0,565.89062778817
2025-02-06,139,2025-02-06 23:10:00,577.3884499999999,577.3884499999999,561.8386166666667,0.0,0.424,15.54983333333338,0.0,1.2612133559741778e-13,0.0,2055.804446579807,2069.799296579807,0.0,0.0,590.8688739432909
2025-02-06,140,2025-02-06 23:20:00,603.1683333333333,603.1683333333333,546.8416666666667,0.0,0.422,56.32666666666662,0.0,2.1316282072803006e-14,0.0,2069.799296579807,2120.493296579807,0.0,0.0,606.2523791244039
2025-02-06,141,2025-02-06 23:30:00,632.3830083333334,632.3830083333334,586.3870499999999,0.0,0.424,45.99595833333347,0.0,4.973799150320701e-14,0.0,2120.493296579807,2161.889659079807,0.0,0.0,537.9220310735975
2025-02-06,142,2025-02-06 23:40:00,507.1058416666666,507.1058416666666,534.0754833333334,0.0,0.4271,0.0,26.969641666666668,1.3500311979441904e-13,0.0,2161.889659079807,2131.9233905612887,0.0,0.0,434.07639815691414
2025-02-06,143,2025-02-06 23:50:00,415.0108333333334,415.0108333333334,407.77,0.0,0.4276,7.240833333333588,0.0,1.8918200339612667e-13,0.0,2131.9233905612887,2138.440140561289,0.0,0.0,0.0
2025-02-07,0,2025-02-07 00:00:00,1237.2591416666662,1237.2591416666662,386.25111666666663,0.0,0.4248,833.3333333333333,0.0,0.0,17.674691666666376,2138.440140561289,2888.440140561289,0.0,0.0,402.32114576899204
2025-02-07,1,2025-02-07 00:10:00,1264.6624749999999,1264.6624749999999,425.2661166666667,0.0,0.4245,833.3333333333333,0.0,0.0,6.063024999999925,2888.440140561289,3638.440140561289,0.0,0.0,438.98185686014074
2025-02-07,2,2025-02-07 00:20:00,1280.993333333333,1280.993333333333,446.935,0.0,0.4269,833.3333333333333,0.0,0.0,0.724999999999909,3638.440140561289,4388.440140561289,0.0,0.0,451.8510552122077
2025-02-07,3,2025-02-07 00:30:00,1291.8103583333332,1291.8103583333332,419.25316666666663,0.0,0.4272,833.3333333333333,0.0,0.0,39.22385833333328,4388.440140561289,5138.440140561289,0.0,0.0,430.32188626847017
2025-02-07,4,2025-02-07 00:40:00,1280.8617083333334,1280.8617083333334,393.4852,0.0,0.4271,833.3333333333333,0.0,0.0,54.04317500000002,5138.440140561289,5888.440140561289,0.0,0.0,432.03357754965384
2025-02-07,5,2025-02-07 00:50:00,1300.2266666666667,1300.2266666666667,392.01666666666665,0.0,0.4285,833.3333333333333,0.0,0.0,74.87666666666678,5888.440140561289,6638.440140561289,0.0,0.0,445.19920555417303
2025-02-07,6,2025-02-07 01:00:00,459.1403,459.1403,396.33161666666666,0.0,0.4311,62.80868333333375,0.0,3.836930773104541e-13,0.0,6638.440140561289,6694.967955561289,0.0,0.0,446.7114906469397
2025-02-07,7,2025-02-07 01:10:00,1313.8519999999999,1313.8519999999999,420.4836666666667,0.0,0.4302,833.3333333333333,0.0,0.0,60.034999999999854,6694.967955561289,7444.967955561289,0.0,0.0,436.5088389048346
2025-02-07,8,2025-02-07 01:20:00,1290.7925,1290.7925,452.355,0.0,0.4279,833.3333333333333,0.0,0.0,5.1041666666667425,7444.967955561289,8194.96795556129,0.0,0.0,477.841069677358
2025-02-07,9,2025-02-07 01:30:00,471.763175,471.763175,456.81645000000003,0.0,0.4312,14.946725000000798,0.0,8.402167850363185e-13,0.0,8194.96795556129,8208.42000806129,0.0,0.0,482.48130770189465
2025-02-07,10,2025-02-07 01:40:00,493.5173,493.5173,446.0461833333333,0.0,0.4333,47.4711166666667,0.0,4.263256414560601e-14,0.0,8208.42000806129,8251.14401306129,0.0,0.0,428.220543392405
2025-02-07,11,2025-02-07 01:50:00,960.4562327096789,960.4562327096789,442.72333333333336,0.0,0.4311,517.7328993763452,0.0,0.0,3.410605131648481e-13,8251.14401306129,8717.1036225,0.0,0.0,437.20792985838864
2025-02-07,12,2025-02-07 02:00:00,1299.082725,1299.082725,460.24303333333336,0.0,0.4293,833.3333333333333,0.0,0.0,5.50635833333331,8717.1036225,9467.1036225,0.0,0.0,461.8010852441727
2025-02-07,13,2025-02-07 02:10:00,459.71665,459.71665,481.9864166666667,0.0,0.4324,0.0,22.269766666666875,0.0,2.0605739337042905e-13,9467.1036225,9442.359437314815,0.0,0.0,491.46376113931456
2025-02-07,14,2025-02-07 02:20:00,496.7266666666667,496.7266666666667,490.3566666666666,0.0,0.4367,6.370000000000194,0.0,1.3233858453531866e-13,0.0,9442.359437314815,9448.092437314815,0.0,0.0,492.930268883522
2025-02-07,15,2025-02-07 02:30:00,489.71625833333326,489.71625833333326,480.2542,0.0,0.4348,9.46205833333402,0.0,7.887024366937112e-13,0.0,9448.092437314815,9456.608289814816,0.0,0.0,506.58382906702934
2025-02-07,16,2025-02-07 02:40:00,539.2436416666667,539.2436416666667,469.7928,0.0,0.4335,69.45084166666574,0.0,0.0,9.521272659185342e-13,9456.608289814816,9519.114047314815,0.0,0.0,519.3769484656652
2025-02-07,17,2025-02-07 02:50:00,516.3833333333334,516.3833333333334,465.8066666666667,0.0,0.4357,50.576666666666924,0.0,1.5631940186722204e-13,0.0,9519.114047314815,9564.633047314815,0.0,0.0,524.4013346922926
2025-02-07,18,2025-02-07 03:00:00,524.8274416666667,524.8274416666667,464.89213333333333,0.0,0.4374,59.93530833333352,0.0,1.7053025658242404e-13,0.0,9564.633047314815,9618.574824814816,0.0,0.0,516.901511503964
2025-02-07,19,2025-02-07 03:10:00,531.14415,531.14415,488.78473333333335,0.0,0.4371,42.35941666666703,0.0,4.121147867408581e-13,0.0,9618.574824814816,9656.698299814816,0.0,0.0,482.78104924784884
2025-02-07,20,2025-02-07 03:20:00,483.13833333333343,483.13833333333343,521.2133333333334,0.0,0.4356,0.0,38.07499999999927,6.608047442568932e-13,0.0,9656.698299814816,9614.392744259261,0.0,0.0,490.2978011511282
2025-02-07,21,2025-02-07 03:30:00,488.7723666666666,488.7723666666666,516.0483333333333,0.0,0.4353,0.0,27.275966666666317,3.872457909892546e-13,0.0,9614.392744259261,9584.086114629632,0.0,0.0,493.33947400005525
2025-02-07,22,2025-02-07 03:40:00,489.46467500000006,489.46467500000006,486.52849999999995,0.0,0.436,2.9361749999993156,0.0,0.0,7.895906151134113e-13,9584.086114629632,9586.728672129631,0.0,0.0,518.2238417830587
2025-02-07,23,2025-02-07 03:50:00,524.3416666666667,524.3416666666667,481.44166666666666,0.0,0.4378,42.900000000000645,0.0,6.110667527536862e-13,0.0,9586.728672129631,9625.338672129632,0.0,0.0,534.3552467388713
2025-02-07,24,2025-02-07 04:00:00,535.6661083333333,535.6661083333333,533.01275,0.0,0.4401,2.653358333332613,0.0,0.0,7.451816941284051e-13,9625.338672129632,9627.726694629631,0.0,0.0,537.3866330433965
2025-02-07,25,2025-02-07 04:10:00,546.0329916666666,546.0329916666666,532.86585,0.0,0.4389,13.167141666666186,0.0,0.0,3.801403636316536e-13,9627.726694629631,9639.57712212963,0.0,0.0,518.6120545651415
2025-02-07,26,2025-02-07 04:20:00,526.7124999999999,526.7124999999999,485.66166666666663,0.0,0.4364,41.05083333333419,0.0,9.592326932761353e-13,0.0,9639.57712212963,9676.522872129632,0.0,0.0,551.6312620931214
2025-02-07,27,2025-02-07 04:30:00,555.625,555.625,500.8403,0.0,0.4393,54.78470000000016,0.0,1.7053025658242404e-13,0.0,9676.522872129632,9725.829102129632,0.0,0.0,552.4737476555058
2025-02-07,28,2025-02-07 04:40:00,578.806875,578.806875,516.8358833333333,0.0,0.4422,61.97099166666602,0.0,0.0,6.679101716144942e-13,9725.829102129632,9781.602994629631,0.0,0.0,505.8360438950602
2025-02-07,29,2025-02-07 04:50:00,552.6366666666667,552.6366666666667,507.6066666666666,0.0,0.4395,45.03000000000005,0.0,2.1316282072803006e-14,0.0,9781.602994629631,9822.129994629631,0.0,0.0,526.4775972289467
2025-02-07,30,2025-02-07 05:00:00,561.0981833333334,561.0981833333334,511.0962666666667,0.00045000000000000004,0.4333,50.00236666666751,0.0,7.958078640513122e-13,0.0,9822.129994629631,9867.132124629632,0.0,0.0,539.8500236990253
2025-02-07,31,2025-02-07 05:10:00,576.2317333333333,576.2317333333333,503.64925,0.0,0.4439,72.58248333333339,0.0,8.526512829121202e-14,0.0,9867.132124629632,9932.456359629632,0.0,0.0,546.3081886610261
2025-02-07,32,2025-02-07 05:20:00,1416.6383333333335,1416.6383333333335,492.76666666666665,0.0,0.4301,833.3333333333333,0.0,0.0,90.53833333333364,9932.456359629632,10682.456359629632,0.0,0.0,539.6744058938101
2025-02-07,33,2025-02-07 05:30:00,1398.6049666666668,1398.6049666666668,511.77753333333334,0.006216666666666666,0.3713,130.60404485596436,0.0,0.0,756.2296051440356,10682.456359629632,10800.0,0.0,0.0,517.9154079608493
2025-02-07,34,2025-02-07 05:40:00,531.3509,531.3509,510.8942666666667,0.0,0.5708,0.0,0.0,0.0,20.456633333333343,10800.0,10800.0,0.0,0.0,495.4138295267034
2025-02-07,35,2025-02-07 05:50:00,0.0,0.0,494.3066666666667,0.0,0.9099,0.0,494.30666666666696,0.0,2.8421709430404007e-13,10800.0,10250.77037037037,0.0,0.0,545.261029469833
2025-02-07,36,2025-02-07 06:00:00,0.0,0.0,515.1796,0.0866,0.9368,0.0,515.0929999999997,3.410605131648481e-13,0.0,10250.77037037037,9678.444814814815,0.0,0.0,553.9540128070803
2025-02-07,37,2025-02-07 06:10:00,0.0,0.0,524.36125,0.0,0.8758,0.0,524.3612499999992,7.958078640513122e-13,0.0,9678.444814814815,9095.821203703705,0.0,0.0,512.7631548424148
2025-02-07,38,2025-02-07 06:20:00,0.0,0.0,512.1366666666667,0.0,0.8759,0.0,512.1366666666662,4.547473508864641e-13,0.0,9095.821203703705,8526.780462962965,0.0,0.0,514.5366175121178
2025-02-07,39,2025-02-07 06:30:00,0.0,0.0,524.8191333333333,5.850533333333334,0.8601,0.0,518.9685999999999,0.0,0.0,8526.780462962965,7950.148685185187,0.0,0.0,532.3882349418614
2025-02-07,40,2025-02-07 06:40:00,0.0,0.0,568.2667333333333,32.229283333333335,0.8442,0.0,536.0374499999998,1.1368683772161603e-13,0.0,7950.148685185187,7354.55151851852,0.0,0.0,538.8002442224945
2025-02-07,41,2025-02-07 06:50:00,0.0,0.0,610.3083333333333,74.69375000000001,0.8334,0.0,535.6145833333334,0.0,1.1368683772161603e-13,7354.55151851852,6759.424203703706,0.0,0.0,524.6531798506848
2025-02-07,42,2025-02-07 07:00:00,0.0,0.0,610.2927833333333,114.13258333333333,0.8092,0.0,496.1602000000001,0.0,1.1368683772161603e-13,6759.424203703706,6208.135092592594,0.0,0.0,472.21679442808113
2025-02-07,43,2025-02-07 07:10:00,0.0,0.0,600.39795,159.0646,0.7972,0.0,441.3333499999997,2.8421709430404007e-13,0.0,6208.135092592594,5717.764703703706,0.0,0.0,418.53686223582645
2025-02-07,44,2025-02-07 07:20:00,0.0,0.0,585.395,207.55625,0.7644,0.0,377.8387499999999,1.1368683772161603e-13,0.0,5717.764703703706,5297.943870370373,0.0,0.0,391.2342453696104
2025-02-07,45,2025-02-07 07:30:00,63.850213888890664,0.0,547.1815833333334,246.9202,0.6899,0.0,300.26138333333296,3.979039320256561e-13,0.0,5297.943870370373,4964.320111111114,0.0,0.0,355.4019919064866
2025-02-07,46,2025-02-07 07:40:00,0.0,0.0,555.4435166666666,291.0269333333333,0.86,0.0,264.4165833333329,3.979039320256561e-13,0.0,4964.320111111114,4670.523907407411,0.0,0.0,277.615427635467
2025-02-07,47,2025-02-07 07:50:00,0.0,0.0,602.9183333333334,341.84375,1.1617,0.0,261.07458333333307,3.410605131648481e-13,0.0,4670.523907407411,4380.441037037041,0.0,0.0,239.18453267002607
2025-02-07,48,2025-02-07 08:00:00,0.0,0.0,611.12665,385.65754999999996,1.1683,0.0,225.46910000000034,0.0,2.5579538487363607e-13,4380.441037037041,4129.919814814818,0.0,0.0,195.78970213339318
2025-02-07,49,2025-02-07 08:10:00,0.0,0.0,611.9631499999999,421.0529833333333,1.0956,0.0,190.91016666666678,0.0,1.7053025658242404e-13,4129.919814814818,3917.7974074074104,0.0,0.0,135.14910825613853
2025-02-07,50,2025-02-07 08:20:00,0.0,0.0,612.3733333333333,451.59999999999997,1.0849,0.0,160.77333333333317,1.9895196601282805e-13,0.0,3917.7974074074104,3739.1603703703736,0.0,0.0,95.97417517284228
2025-02-07,51,2025-02-07 08:30:00,0.0,0.0,592.43045,481.7972833333333,1.061,0.0,110.63316666666674,0.0,1.1368683772161603e-13,3739.1603703703736,3616.2346296296328,0.0,0.0,125.04839331147762
2025-02-07,52,2025-02-07 08:40:00,0.0,0.0,633.5669666666666,513.4377333333333,1.043,0.0,120.12923333333343,0.0,9.947598300641403e-14,3616.2346296296328,3482.7577037037067,0.0,0.0,191.26102762454917
2025-02-07,53,2025-02-07 08:50:00,0.0,0.0,713.6633333333333,556.6999999999999,1.036,0.0,156.96333333333337,0.0,0.0,3482.7577037037067,3308.354000000003,0.0,0.0,143.93715718001837
2025-02-07,54,2025-02-07 09:00:00,0.0,0.0,720.2574166666667,617.9059666666667,1.0147,0.0,102.35145000000011,0.0,1.1368683772161603e-13,3308.354000000003,3194.6301666666695,0.0,0.0,84.03221307803594
2025-02-07,55,2025-02-07 09:10:00,0.0,0.0,695.7480833333334,654.5119166666667,0.9922,0.0,41.23616666666676,0.0,7.105427357601002e-14,3194.6301666666695,3148.8122037037065,0.0,0.0,60.59162214042823
2025-02-07,56,2025-02-07 09:20:00,0.0,0.0,684.1350000000001,677.2875,0.97,0.0,6.847500000000219,0.0,1.3677947663381929e-13,3148.8122037037065,3141.203870370373,0.0,0.0,1.8360682223640223
2025-02-07,57,2025-02-07 09:30:00,0.0,0.0,687.5160999999999,738.5819833333334,0.9422,51.06588333333345,0.0,2.1316282072803006e-14,0.0,3141.203870370373,3187.163165370373,0.0,0.0,-76.21731250906137
2025-02-07,58,2025-02-07 09:40:00,0.0,0.0,695.2513333333333,796.9299500000001,0.9569,101.67861666666694,0.0,1.2789769243681803e-13,0.0,3187.163165370373,3278.6739203703733,0.0,0.0,-120.40304167449834
2025-02-07,59,2025-02-07 09:50:00,0.0,0.0,710.315,840.9499999999999,0.9977,130.63500000000002,0.0,1.4210854715202004e-13,0.0,3278.6739203703733,3396.2454203703733,0.0,0.0,-145.22473029493386
2025-02-07,60,2025-02-07 10:00:00,0.0,0.0,739.0829666666667,899.3371333333333,0.9919,160.2541666666664,0.0,0.0,1.9895196601282805e-13,3396.2454203703733,3540.474170370373,0.0,0.0,-187.9017950785401
2025-02-07,61,2025-02-07 10:10:00,0.0,0.0,738.0801833333334,945.4178833333334,0.9588,207.33770000000024,0.0,1.9895196601282805e-13,0.0,3540.474170370373,3727.0781003703732,0.0,0.0,-253.10732274073717
2025-02-07,62,2025-02-07 10:20:00,0.0,0.0,697.6999999999999,969.0437499999999,0.9549,271.3437499999999,0.0,0.0,1.1368683772161603e-13,3727.0781003703732,3971.287475370373,0.0,0.0,-246.9670199410685
2025-02-07,63,2025-02-07 10:30:00,0.0,0.0,654.7754666666666,988.2511666666666,0.9839,333.47569999999956,0.0,0.0,3.979039320256561e-13,3971.287475370373,4271.415605370373,0.0,0.0,-276.1689458096587
2025-02-07,64,2025-02-07 10:40:00,0.0,0.0,643.9374833333333,1009.6573166666667,0.799,365.71983333333367,0.0,2.2737367544323206e-13,0.0,4271.415605370373,4600.563455370373,0.0,0.0,-315.0484454550218
2025-02-07,65,2025-02-07 10:50:00,0.0,0.0,655.145,1029.73125,0.5025,374.58625000000006,0.0,0.0,0.0,4600.563455370373,4937.691080370373,0.0,0.0,-340.635820301582
2025-02-07,66,2025-02-07 11:00:00,462.0597083333332,158.5749907749863,651.0688166666666,1047.3021166666667,0.4662,554.8082907749863,0.0,0.0,2.2737367544323206e-13,4937.691080370373,5437.018542067861,0.0,0.0,-369.78285767352094
2025-02-07,67,2025-02-07 11:10:00,0.0,0.0,657.9662333333333,1095.7004,0.5007,437.73416666666685,0.0,2.2737367544323206e-13,0.0,5437.018542067861,5830.979292067861,0.0,0.0,-427.47145368108556
2025-02-07,68,2025-02-07 11:20:00,0.0,0.0,679.74,1154.375,0.4827,474.6350000000004,0.0,3.979039320256561e-13,0.0,5830.979292067861,6258.150792067861,0.0,0.0,-452.29944522694296
2025-02-07,69,2025-02-07 11:30:00,262.7724416666706,0.0,687.2059333333333,1162.9343000000001,0.4785,475.72836666666666,0.0,0.0,1.7053025658242404e-13,6258.150792067861,6686.306322067861,0.0,0.0,-477.4648535668827
2025-02-07,70,2025-02-07 11:40:00,424.65608055555595,342.49834853390337,674.1133833333333,1151.2699333333333,0.4662,819.6548985339035,0.0,3.410605131648481e-13,0.0,6686.306322067861,7423.995730748375,0.0,0.0,-508.64701158597813
2025-02-07,71,2025-02-07 11:50:00,429.5941500000001,352.77072429469024,648.5600000000001,1156.875,0.4432,833.3333333333333,0.0,0.0,27.752390961357037,7423.995730748375,8173.995730748375,0.0,0.0,-464.92500306421005
2025-02-07,72,2025-02-07 12:00:00,117.89871666666488,0.0,632.2008500000001,1189.1374833333332,0.4411,556.9366333333326,0.0,0.0,5.684341886080801e-13,8173.995730748375,8675.238700748374,0.0,0.0,-516.4844898675858
2025-02-07,73,2025-02-07 12:10:00,0.0,0.0,663.7916666666666,1209.4297833333333,0.4551,545.6381166666667,0.0,1.1368683772161603e-13,0.0,8675.238700748374,9166.313005748374,0.0,0.0,-525.0743955938533
2025-02-07,74,2025-02-07 12:20:00,0.0,0.0,686.8083333333334,1207.70625,0.4463,520.8979166666662,0.0,0.0,3.410605131648481e-13,9166.313005748374,9635.121130748374,0.0,0.0,-538.0411938275722
2025-02-07,75,2025-02-07 12:30:00,372.7853555555555,0.0,609.0269666666667,1207.49265,0.4113,598.4656833333328,0.0,0.0,4.547473508864641e-13,9635.121130748374,10173.740245748373,0.0,0.0,-532.5865665274315
2025-02-07,76,2025-02-07 12:40:00,0.0,0.0,584.9959166666666,1205.0933666666667,0.5682,620.0974499999999,0.0,0.0,2.2737367544323206e-13,10173.740245748373,10731.827950748373,0.0,0.0,-502.7760374289343
2025-02-07,77,2025-02-07 12:50:00,0.0,0.0,643.4783333333334,1192.9375,0.8279,75.74672139069662,0.0,0.0,473.71244527597,10731.827950748373,10800.0,0.0,0.0,-509.9185137285562
2025-02-07,78,2025-02-07 13:00:00,0.0,0.0,658.9243833333334,1169.4465666666667,0.8636,0.0,0.0,0.0,510.5221833333334,10800.0,10800.0,0.0,0.0,-521.1338698147773
2025-02-07,79,2025-02-07 13:10:00,0.0,0.0,642.3615,1143.4470333333334,0.8416,0.0,0.0,0.0,501.0855333333334,10800.0,10800.0,0.0,0.0,-485.9589333416939
2025-02-07,80,2025-02-07 13:20:00,0.0,0.0,630.6616666666666,1124.7749999999999,0.8618,0.0,0.0,0.0,494.11333333333323,10800.0,10800.0,0.0,0.0,-450.5121981923872
2025-02-07,81,2025-02-07 13:30:00,0.0,0.0,638.5031333333333,1112.9225666666666,0.8623,0.0,0.0,0.0,474.41943333333336,10800.0,10800.0,0.0,0.0,-402.85097659441004
2025-02-07,82,2025-02-07 13:40:00,0.0,0.0,634.8740166666666,1074.3136333333334,0.9026,0.0,0.0,0.0,439.4396166666668,10800.0,10800.0,0.0,0.0,-345.49242235453613
2025-02-07,83,2025-02-07 13:50:00,0.0,0.0,613.785,1014.6750000000001,0.9754,0.0,0.0,0.0,400.8900000000001,10800.0,10800.0,0.0,0.0,-306.3714459385272
2025-02-07,84,2025-02-07 14:00:00,0.0,0.0,599.4534166666666,974.18645,1.0002,0.0,0.0,0.0,374.7330333333334,10800.0,10800.0,0.0,0.0,-267.4389587336426
2025-02-07,85,2025-02-07 14:10:00,0.0,0.0,591.9970666666667,940.1702333333333,0.9978,0.0,0.0,0.0,348.1731666666666,10800.0,10800.0,0.0,0.0,-221.49467741461154
2025-02-07,86,2025-02-07 14:20:00,0.0,0.0,594.1766666666666,875.7875,1.0271,0.0,0.0,0.0,281.6108333333334,10800.0,10800.0,0.0,0.0,-209.7162277475036
2025-02-07,87,2025-02-07 14:30:00,0.0,0.0,609.9267666666666,763.6327166666666,1.0906,0.0,0.0,0.0,153.70595000000003,10800.0,10800.0,0.0,0.0,-157.61177414349993
2025-02-07,88,2025-02-07 14:40:00,0.0,0.0,612.9406166666666,700.4348,0.9376,0.0,0.0,0.0,87.49418333333335,10800.0,10800.0,0.0,0.0,-56.98057323020381
2025-02-07,89,2025-02-07 14:50:00,91.09598333333315,0.0,599.545,691.1125000000001,0.6694,0.0,0.0,0.0,91.56750000000011,10800.0,10800.0,0.0,0.0,-21.35007489899251
2025-02-07,90,2025-02-07 15:00:00,120.87810555555558,1.7371932986646925,588.4408,647.9628666666666,0.66,0.0,0.0,0.0,61.25925996533135,10800.0,10800.0,0.0,0.0,28.88452426440339
2025-02-07,91,2025-02-07 15:10:00,188.21200277777785,67.2477729853349,568.4414666666667,593.1736166666667,0.7217,0.0,0.0,0.0,91.97992298533495,10800.0,10800.0,0.0,0.0,87.20250543058916
2025-02-07,92,2025-02-07 15:20:00,239.56363333333348,131.8779073266693,561.2966666666667,544.61875,0.7308,0.0,0.0,0.0,115.19999066000253,10800.0,10800.0,0.0,0.0,115.38295631698566
2025-02-07,93,2025-02-07 15:30:00,264.2818722222223,155.847106731324,600.74205,490.32346666666666,0.7534,0.0,0.0,0.0,45.428523397990716,10800.0,10800.0,0.0,0.0,148.75708468229314
2025-02-07,94,2025-02-07 15:40:00,268.0102861111111,185.77716188013136,609.5497,431.4903166666666,0.7823,0.0,0.0,0.0,7.717778546797945,10800.0,10800.0,0.0,0.0,193.2763003430233
2025-02-07,95,2025-02-07 15:50:00,263.77545,240.5099583216665,574.5766666666667,375.97499999999997,0.8055,0.0,0.0,0.0,41.90829165499974,10800.0,10800.0,0.0,0.0,247.21519709675866
2025-02-07,96,2025-02-07 16:00:00,323.1490555555556,311.841327607414,561.7056833333334,330.04720000000003,0.8271,0.0,0.0,0.0,80.18284427408071,10800.0,10800.0,0.0,0.0,294.4137910092056
2025-02-07,97,2025-02-07 16:10:00,357.15447777777763,325.9264296873839,582.7407,282.18295,0.8519,0.0,0.0,0.0,25.368679687383974,10800.0,10800.0,0.0,0.0,340.364831414213
2025-02-07,98,2025-02-07 16:20:00,418.67996666666676,359.4522044804179,610.2166666666667,228.44375,0.8791,0.0,22.32071218624824,5.435651928564766e-13,0.0,10800.0,10775.199208681946,0.0,0.0,407.3159624395417
2025-02-07,99,2025-02-07 16:30:00,462.6555222222222,438.28424589895167,597.8580166666667,175.82764999999998,0.9024,16.25387923228522,0.0,2.913225216616411e-13,0.0,10775.199208681946,10789.827699991003,0.0,0.0,395.987007408019
2025-02-07,100,2025-02-07 16:40:00,442.8708611111111,416.6820732684484,525.7680833333333,126.69066666666667,0.9163,11.30255556555211,0.0,0.0,6.302101036229702,10789.827699991003,10800.0,0.0,0.0,355.6811211726925
2025-02-07,101,2025-02-07 16:50:00,356.74148333333335,356.74148333333335,441.87833333333333,79.34375,0.9264,0.0,5.793099999999322,6.590283874174929e-13,0.0,10800.0,10793.563222222223,0.0,0.0,397.47515106018454
2025-02-07,102,2025-02-07 17:00:00,380.5669194444446,364.5677827141361,424.84591666666665,33.73643333333333,0.9462,0.0,26.541700619197766,0.0,5.364597654988756e-13,10793.563222222223,10764.072443756448,0.0,0.0,435.00730711985216
2025-02-07,103,2025-02-07 17:10:00,412.5985527777777,412.5985527777777,433.6899833333334,6.557950000000001,0.9742,0.0,14.533480555555617,6.750155989720952e-14,0.0,10764.072443756448,10747.924132028053,0.0,0.0,434.2361916052129
2025-02-07,104,2025-02-07 17:20:00,450.4595333333333,450.4595333333333,426.55,0.0,0.9862,23.909533333333254,0.0,0.0,3.197442310920451e-14,10747.924132028053,10769.442712028052,0.0,0.0,428.46357662992153
2025-02-07,105,2025-02-07 17:30:00,459.7857055555555,459.7857055555555,404.77126666666663,0.0,0.976,33.95254219105279,0.0,0.0,21.061896697836097,10769.442712028052,10800.0,0.0,0.0,427.7642548248301
2025-02-07,106,2025-02-07 17:40:00,143.5168777777779,143.5168777777779,420.2600333333333,0.11385,1.0742,0.0,276.6293055555554,0.0,0.0,10800.0,10492.634104938272,0.0,0.0,446.29930769074303
2025-02-07,107,2025-02-07 17:50:00,0.0,0.0,458.4433333333333,0.0,1.2313,0.0,458.44333333333327,5.684341886080802e-14,0.0,10492.634104938272,9983.25262345679,0.0,0.0,447.794684953022
2025-02-07,108,2025-02-07 18:00:00,0.0,0.0,450.43323333333336,0.0,1.2561,0.0,450.4332333333341,0.0,7.389644451905042e-13,9983.25262345679,9482.77125308642,0.0,0.0,448.48618256652384
2025-02-07,109,2025-02-07 18:10:00,0.0,0.0,424.76516666666663,0.008166666666666668,1.2447,0.0,424.757,0.0,5.684341886080802e-14,9482.77125308642,9010.819030864197,0.0,0.0,440.43573169526996
2025-02-07,110,2025-02-07 18:20:00,0.0,0.0,424.08166666666665,0.0,1.2545,0.0,424.08166666666733,0.0,6.821210263296962e-13,9010.819030864197,8539.617179012344,0.0,0.0,426.5715458631714
2025-02-07,111,2025-02-07 18:30:00,0.0,0.0,461.0551666666667,0.0,1.2522,0.0,461.0551666666667,0.0,0.0,8539.617179012344,8027.333660493826,0.0,0.0,437.61004857924314
2025-02-07,112,2025-02-07 18:40:00,0.0,0.0,476.0302,0.0005833333333333334,1.2881,0.0,476.029616666667,0.0,3.410605131648481e-13,8027.333660493826,7498.411864197529,0.0,0.0,465.8262626007358
2025-02-07,113,2025-02-07 18:50:00,0.0,0.0,461.7733333333333,0.0,1.3466,0.0,461.7733333333331,2.2737367544323206e-13,0.0,7498.411864197529,6985.330382716048,0.0,0.0,452.86330573177554
2025-02-07,114,2025-02-07 19:00:00,0.0,0.0,461.83781666666664,0.0,1.3523,0.0,461.8378166666668,0.0,1.7053025658242404e-13,6985.330382716048,6472.177253086418,0.0,0.0,459.4320307067504
2025-02-07,115,2025-02-07 19:10:00,0.0,0.0,444.27945,0.0,1.3445,0.0,444.27945000000017,0.0,1.7053025658242404e-13,6472.177253086418,5978.533419753085,0.0,0.0,469.50891569196506
2025-02-07,116,2025-02-07 19:20:00,0.0,0.0,423.1016666666667,0.0,1.3483,0.0,423.10166666666686,0.0,1.7053025658242404e-13,5978.533419753085,5508.4204567901215,0.0,0.0,454.5606069923207
2025-02-07,117,2025-02-07 19:30:00,0.0,0.0,450.1251666666667,0.0,1.349,0.0,450.125166666667,0.0,2.8421709430404007e-13,5508.4204567901215,5008.281382716047,0.0,0.0,454.12047292582525
2025-02-07,118,2025-02-07 19:40:00,0.0,0.0,468.84560000000005,0.0,1.3473,0.0,468.8456000000001,0.0,5.684341886080802e-14,5008.281382716047,4487.341827160491,0.0,0.0,465.6084018634304
2025-02-07,119,2025-02-07 19:50:00,0.0,0.0,458.3633333333333,0.0,1.3482,0.0,458.3633333333332,1.1368683772161603e-13,0.0,4487.341827160491,3978.049234567899,0.0,0.0,438.67019579431167
2025-02-07,120,2025-02-07 20:00:00,0.0,0.0,451.9560333333333,0.0,1.3513,0.0,451.9560333333333,0.0,0.0,3978.049234567899,3475.8758641975287,0.0,0.0,436.84654063713583
2025-02-07,121,2025-02-07 20:10:00,0.0,0.0,447.0254,0.0,1.34,0.0,447.0253999999999,1.1368683772161603e-13,0.0,3475.8758641975287,2979.18097530864,0.0,0.0,455.04773489503305
2025-02-07,122,2025-02-07 20:20:00,0.0,0.0,455.01,0.0,1.3489,0.0,455.00999999999993,5.684341886080802e-14,0.0,2979.18097530864,2473.6143086419734,0.0,0.0,474.1878802680992
2025-02-07,123,2025-02-07 20:30:00,0.0,0.0,491.07015,0.0,1.3952,0.0,491.07014999999996,5.684341886080802e-14,0.0,2473.6143086419734,1927.9808086419735,0.0,0.0,463.08849852997247
2025-02-07,124,2025-02-07 20:40:00,0.0,0.0,494.0659166666667,0.0,1.2226,0.0,494.0659166666666,5.684341886080802e-14,0.0,1927.9808086419735,1379.018679012344,0.0,0.0,444.40475729919956
2025-02-07,125,2025-02-07 20:50:00,428.00416666666655,428.00416666666655,465.96166666666664,0.0,0.9332,0.0,37.95750000000017,0.0,7.105427357601002e-14,1379.018679012344,1336.8436790123437,0.0,0.0,456.61419779848904
2025-02-07,126,2025-02-07 21:00:00,470.0235666666667,444.54789399073894,468.9965833333333,0.0,0.9068,0.0,24.448689342594434,0.0,5.684341886080802e-14,1336.8436790123437,1309.6784686316832,0.0,0.0,464.251370923192
2025-02-07,127,2025-02-07 21:10:00,482.68100833333324,457.79768834127276,478.27185000000003,0.0,0.9371,0.0,20.47416165872735,0.0,8.171241461241152e-14,1309.6784686316832,1286.9294001219862,0.0,0.0,493.51319897729616
2025-02-07,128,2025-02-07 21:20:00,495.13500000000016,495.13500000000016,480.8233333333333,0.0,0.9371,14.3116666666669,0.0,6.217248937900877e-14,0.0,1286.9294001219862,1299.8099001219864,0.0,0.0,506.15340515672
2025-02-07,129,2025-02-07 21:30:00,490.68839166666686,488.223698907711,483.9696333333333,0.0,0.9871,4.254065574377819,0.0,1.1368683772161603e-13,0.0,1299.8099001219864,1303.6385591389264,0.0,0.0,467.16069624737156
2025-02-07,130,2025-02-07 21:40:00,458.2371726666666,440.80365052972525,441.14691666666664,0.0,0.7764,0.0,0.3432661369413609,3.4083846855992306e-14,0.0,1303.6385591389264,1303.2571523201027,0.0,0.0,410.42536497374334
2025-02-07,131,2025-02-07 21:50:00,425.6058333333333,425.6058333333333,371.28,0.0,0.4209,54.32583333333342,0.0,9.947598300641403e-14,0.0,1303.2571523201027,1352.1504023201028,0.0,0.0,384.74592734509605
2025-02-07,132,2025-02-07 22:00:00,529.3561833333335,529.3561833333335,353.10609999999997,0.0,0.3859,176.2500833333335,0.0,0.0,8.526512829121202e-14,1352.1504023201028,1510.775477320103,0.0,0.0,389.92475344690274
2025-02-07,133,2025-02-07 22:10:00,403.6178583333333,403.6178583333333,385.8838166666667,0.0,0.4368,17.734041666666496,0.0,0.0,1.0302869668521453e-13,1510.775477320103,1526.7361148201028,0.0,0.0,400.82184473899844
2025-02-07,134,2025-02-07 22:20:00,438.12333333333333,438.12333333333333,416.99333333333334,0.0,0.4198,21.13000000000006,0.0,6.394884621840902e-14,0.0,1526.7361148201028,1545.7531148201028,0.0,0.0,404.68958327823344
2025-02-07,135,2025-02-07 22:30:00,411.34555,411.34555,393.1725666666667,0.0,0.4186,18.172983333333327,0.0,7.105427357601002e-15,0.0,1545.7531148201028,1562.1087998201028,0.0,0.0,421.4843674066732
2025-02-07,136,2025-02-07 22:40:00,428.1157333333333,428.1157333333333,379.79866666666663,0.0,0.4241,48.317066666666555,0.0,0.0,1.2079226507921703e-13,1562.1087998201028,1605.5941598201027,0.0,0.0,414.579642246146
2025-02-07,137,2025-02-07 22:50:00,449.36250000000007,449.36250000000007,396.27500000000003,0.0,0.4237,53.087499999999935,0.0,0.0,9.947598300641403e-14,1605.5941598201027,1653.3729098201027,0.0,0.0,410.5745939943597
2025-02-07,138,2025-02-07 23:00:00,410.07234166666666,410.07234166666666,400.1374666666666,0.0,0.4248,9.934875000000021,0.0,0.0,1.2434497875801753e-14,1653.3729098201027,1662.3142973201027,0.0,0.0,396.57766463506306
2025-02-07,139,2025-02-07 23:10:00,409.5840916666667,409.5840916666667,404.3171333333333,0.0,0.424,5.266958333333554,0.0,1.199040866595169e-13,0.0,1662.3142973201027,1667.054559820103,0.0,0.0,378.92076801023956
2025-02-07,140,2025-02-07 23:20:00,405.55749999999995,405.55749999999995,412.805,0.0,0.422,0.0,7.2475000000001275,0.0,6.838973831690964e-14,1667.054559820103,1659.001782042325,0.0,0.0,387.82364013283467
2025-02-07,141,2025-02-07 23:30:00,433.7416751666665,433.7416751666665,411.11786666666666,0.0,0.424,22.623808499999743,0.0,0.0,8.171241461241152e-14,1659.001782042325,1679.3632096923247,0.0,0.0,402.7574741841643
2025-02-07,142,2025-02-07 23:40:00,399.1391249999999,399.1391249999999,405.0134333333333,0.0,0.4271,0.0,5.874308333333397,0.0,2.3092638912203256e-14,1679.3632096923247,1672.8362004330654,0.0,0.0,431.5697949162625
2025-02-07,143,2025-02-07 23:50:00,418.7491666666666,418.7491666666666,397.4316666666667,0.0,0.4276,21.317499999999857,0.0,0.0,8.171241461241152e-14,1672.8362004330654,1692.0219504330653,0.0,0.0,0.0
