date,evaluation,start_soc_kwh,end_soc_kwh,solver_status,solver_gap,planner_fallback,solve_seconds,controller_seconds,integer_pairs,refinement_rounds,purchase_kwh,emergency_kwh,unused_kwh,charge_kwh,discharge_kwh,conversion_loss_kwh,total_energy_waste_kwh,plan_cost_yuan,emergency_cost_yuan,total_cost_yuan
2025-02-01,True,1200.0,8821.539733982625,Optimal,6.891652612748155e-05,False,5.530490800010739,0.20498130000487436,2016,5,51494.76745271652,1.085691259117283e-11,5022.034584286316,27553.53249743433,15458.975562337448,4473.01720111426,9495.051785400578,26184.76505213462,4.224929985724435e-11,26184.765052134662
2025-02-02,True,8821.539733982625,9298.168207108967,Optimal,0.0001251528636170214,False,3.3718836000043666,0.20940819999668747,22,4,89941.86801860538,1.4119372337972891e-11,6996.993079268254,21892.796650123342,17304.199660786202,4111.968516210802,11108.961595479057,57239.53321039064,5.186390472644575e-11,57239.53321039069
2025-02-03,True,9298.168207108967,8889.838792703707,Optimal,0.00011896275074026843,False,3.0508985000051325,0.20550189999630675,16,3,88126.99519030309,2.0259349753359857e-11,4279.042550823065,21044.908486551467,17413.872347071425,4039.3655538853054,8318.40810470837,56209.89299671262,7.019237735494955e-11,56209.89299671269
2025-02-04,True,8889.838792703707,9139.262229760314,Optimal,0.00011101651395982252,False,2.952268000008189,0.21789890000945888,19,3,88698.77199034886,1.3394396702892664e-11,2874.1362021458085,23185.740762379573,18555.96892417651,4380.348401146459,7254.484603292267,56355.99598046439,4.661328878441395e-11,56355.99598046443
2025-02-05,True,9139.262229760314,9127.802239343915,Optimal,0.00011047098032741574,False,2.0155894000054104,0.20504349999828264,26,2,88208.08404143753,1.6317391882125776e-11,3089.133200235168,23057.041311809524,18686.517453940476,4381.98384828545,7471.117048520618,56075.85552346286,5.5792359621165136e-11,56075.85552346292
2025-02-06,True,9127.802239343915,8580.249419232805,Optimal,1.2977151318684841e-05,False,0.6303522999951383,0.20340069998928811,3,1,88380.67462039001,4.098075000016975,4490.753830937702,21661.89045202979,18038.928804244133,4170.514467896772,8661.268298834475,56160.66083223289,8.698164187561025,56169.35899642045
2025-02-07,True,8580.249419232805,8575.315968422172,Optimal,3.4675767505781114e-05,False,0.6381756000046153,0.2013264999986859,5,1,42194.91202770637,1.3259726650005632e-11,6712.176283537668,19376.29570121905,15699.239623717,3681.9895283126825,10394.165811850351,21843.05453654283,4.1748260237728375e-11,21843.05453654287
2025-02-08,True,8575.315968422172,8833.8456242712,Optimal,0.00016525661370193057,False,1.899724499991862,0.2117255000048317,15,2,40867.94775894188,1.049338393954713e-11,5440.639630602387,19039.309060045853,15189.163648373016,3591.6157558238096,9032.255386426197,21131.465593825025,3.744857646204025e-11,21131.46559382506
2025-02-09,True,8833.8456242712,8657.141810273368,Optimal,0.00019043446274700083,False,2.889266999991378,0.20420859998557717,22,3,86879.24755610764,1.5184888069175173e-11,3190.5629277633893,22591.06365408236,18457.79499240476,4309.972475675432,7500.535403438821,54896.67062933731,5.941699521283538e-11,54896.67062933737
2025-02-10,True,8657.141810273368,8978.183288055552,Optimal,0.00020840452826925056,False,2.1678653999988455,0.2068812999932561,20,2,87905.32489206745,1.3303136370268476e-11,9493.890866456037,19978.205854074396,15893.409411796298,3763.7549644959176,13257.645830951955,55411.36193023304,4.428421096491775e-11,55411.361930233084
2025-02-11,True,8978.183288055552,8296.722109510582,Optimal,0.00017653471703492997,False,2.03197640000144,0.20147210000141058,20,2,86202.66747527831,1.1280476552855134e-11,7741.418172658262,20284.038052511598,17043.38588322487,3922.113347831701,11663.531520489963,54424.54900600056,4.103747153205717e-11,54424.549006000605
2025-02-12,True,8296.722109510582,8579.522875317456,Optimal,0.0006789017710505827,False,5.9062779000087176,0.20520769999711774,2016,5,85969.50137974753,1.3149481503660354e-11,6448.068341739899,21053.559028674314,16798.86212400001,3971.896138867433,10419.964480607332,54239.76250219977,4.1506353021247836e-11,54239.76250219981
2025-02-13,True,8579.522875317456,6845.347501150796,Optimal,5.1909261072228954e-05,False,0.6158921000023838,0.20286640000995249,6,1,78855.5250668885,65.54716720985525,5478.350615839148,19336.844412329123,17223.60181073658,3847.4179757591996,9325.768591598347,49282.05348995976,333.4393831284645,49615.492873088224
2025-02-14,True,6845.347501150796,6502.057864947091,Optimal,1.1053269722020453e-09,False,0.500205400006962,0.2022581000055652,1,1,34296.79383848651,866.0256426219307,2251.4330591269986,17992.34356788481,14882.758962570031,3452.8742415184847,5704.307300645483,17757.202910091626,4201.2535781214965,21958.456488213124
2025-02-15,True,6502.057864947091,7941.6239034124355,Optimal,5.329941824198455e-05,False,0.5734747999958927,0.21242649998748675,7,1,36105.36937124447,996.3350541182184,2764.2905500000115,19798.491267072997,14741.16849171032,3617.7567368973355,6382.047286897347,18448.87334269774,4324.546057292852,22773.419399990595
2025-02-16,True,7941.6239034124355,8349.205691671079,Optimal,8.61203606785345e-05,False,0.6430378000077326,0.19783630000893027,13,1,78794.20319970926,1667.8959546103704,229.56646666668826,23622.7893590535,18767.635771400557,4447.571799394301,4677.13826606099,48331.675377071406,8554.74021940177,56886.415596473176
2025-02-17,True,8349.205691671079,8186.780616247794,Optimal,0.0004670745850688494,False,0.6681500999984564,0.1988710000005085,16,1,79633.45954117736,286.4966188224953,4892.324512475525,20999.742361782275,17155.9738809246,4006.1935562809617,8898.518068756486,48932.44968656674,1911.3182942175183,50843.76798078426
2025-02-18,True,8186.780616247794,8713.706273161371,Optimal,0.0003532093776797462,False,1.468601899992791,0.19883550000668038,16,1,79030.72257646613,216.0374700526507,2310.821805058317,23001.67035213109,18157.119894003965,4317.624801213549,6628.446606271867,48480.56421805278,1388.1446860159106,49868.70890406869
2025-02-19,True,8713.706273161371,8312.035436265434,Optimal,0.0003400545122000921,False,1.4003601000003982,0.19783549998828676,15,1,77654.10133291563,1198.2090221281335,1942.5158364491713,23115.636255092595,19085.169119831346,4432.137972157187,6374.653808606358,47670.13051940709,6368.854032003406,54038.984551410496
2025-02-20,True,8312.035436265434,6656.923645714287,Optimal,0.00015526444216885032,False,1.376640500006033,0.21185329998843372,10,1,74917.58882410741,559.4056245202056,1946.1064159440778,21196.60479392758,18658.850494577375,4192.866089901356,6138.972505845433,46175.5690605992,2799.392564157038,48974.96162475624
2025-02-21,True,6656.923645714287,6780.883143123,Optimal,1.5229595738381256e-06,False,0.5697225000039907,0.2108695000060834,3,1,34703.86949952305,1.116684522628475e-11,5523.868294089453,18464.082233854904,14844.343061754631,3495.779674691561,9019.647968781013,17848.11136678791,4.0148520397131904e-11,17848.11136678795
2025-02-22,True,6780.883143123,8088.00324069445,Optimal,0.00015341382983943163,False,1.7068409999919822,0.2102013999974588,6,2,36117.812749699195,59.76468855258903,3404.424128314782,19747.275467312462,14818.88504070879,3621.2703290322233,7025.6944573470055,18498.670485792834,365.3415411219468,18864.01202691478
2025-02-23,True,8088.00324069445,8279.35734200176,Optimal,2.8376601386726344e-05,False,4.621283600004972,0.19974050000018906,2016,5,76851.08391996211,407.7094148928744,1094.1254795144591,23476.81832016117,18844.00414815397,4441.460070699892,5535.585550214351,46978.42698605323,2133.873250018215,49112.300236071445
2025-02-24,True,8279.35734200176,8106.588256250001,Optimal,7.103980423720398e-05,False,1.2002666999906069,0.19503099999565165,4,1,76981.56919411499,470.5472671846824,5462.075637379983,20749.996760155802,16962.98955290278,3959.7762930047784,9421.85193038476,47182.530683658384,2701.619532488206,49884.15021614659
2025-02-25,True,8106.588256250001,7909.729448750002,Optimal,8.045010056714618e-05,False,1.8446107000054326,0.2106459999922663,5,2,76719.24331906605,88.7397729737838,7307.799885547729,20294.90999951989,16616.05002636111,3875.7187806587795,11183.518666206508,47051.19070137446,418.4691812075316,47469.65988258199
2025-02-26,True,7909.729448750002,8261.87211125,Optimal,0.0005341428822733794,False,2.018801900005201,0.20675389999814797,10,4,73938.07940440686,413.0386467083522,900.4401206548531,22731.060530931747,18095.23063380472,4283.687234627033,5184.127355281886,45143.24201901909,2077.374490616523,47220.61650963561
2025-02-27,True,8261.87211125,6087.6765518861675,Optimal,0.0003009375665363728,False,1.5052485000051092,0.20898979999765288,10,3,69322.05021676279,1515.5105621380458,1984.601901913113,20279.740423237712,18383.365746249998,4070.5702363515493,6055.172138264662,42720.37350671034,7609.595280714631,50329.96878742497
2025-02-28,True,6087.6765518861675,5442.017983003114,Optimal,0.00014140726678475317,False,3.6835722000105307,0.19906579999951646,2016,5,32272.269402807982,210.20994877778912,6546.778887841697,16969.471714414864,14326.36480067079,3288.76548262713,9835.544370468826,16535.874948418175,1005.4826825137379,17541.357630931914
2025-03-01,True,5442.017983003114,8038.388216250002,Optimal,6.53008971175081e-05,False,0.6345673000032548,0.19550030000391416,3,1,36272.59384604592,257.25462261009636,6827.8113968793,19508.09436063783,13464.823222194445,3446.9009051964995,10274.7123020758,18334.209093641774,1213.0853063157829,19547.29439995756
2025-03-02,True,8038.388216250002,7730.44985470679,Optimal,5.160454624056867e-06,False,0.6552990000054706,0.21044419999816455,3,1,74266.41960610838,3095.5094373011266,1755.4283737859805,18554.411201819723,15306.21759886287,3556.1319645000694,5311.56033828605,46276.14156519467,16053.544580680631,62329.686145875305
2025-03-03,True,7730.44985470679,8070.453634567902,Optimal,3.0814471164627753e-05,False,0.6689570999878924,0.204254199998104,4,1,77373.00432144718,573.6066819011351,1020.3526802983736,24226.885725482163,19317.774035765553,4569.1079098555,5589.460590153874,47457.037633185406,2735.3702765572775,50192.40790974268
2025-03-04,True,8070.453634567902,8195.923943086422,Optimal,3.855572950527602e-05,False,0.659504499999457,0.20241229998646304,5,1,79351.20358300227,1.6426859872353816e-11,6157.642523498678,20427.262360545275,16433.159234375005,3868.632817651751,10026.275341150429,49108.03547543267,5.920580725682356e-11,49108.03547543273
2025-03-05,True,8195.923943086422,8104.9121827932095,Optimal,3.296296074529023e-05,False,0.7015392999892356,0.20402479999756906,5,1,78513.0650810048,1.5468126779438762e-11,8753.762608950634,19530.21599816529,15901.385542777778,3719.8422156807273,12473.60482463136,48328.09120692311,5.530878288695362e-11,48328.09120692317
2025-03-06,True,8104.9121827932095,5386.014926937156,Optimal,7.208080509241794e-06,False,0.624242800011416,0.20215339999413118,2,1,72673.51297204015,1.953437411827963e-11,5913.494153301515,17191.432714083006,16372.068028677686,3538.261941261377,9451.756094562892,45364.52018784439,7.362996823356838e-11,45364.520187844464
2025-03-07,True,5386.014926937156,4294.292010920456,Optimal,0.00015940416626478328,False,4.265553400007775,0.205148699998972,2016,5,30588.140399822576,1.4298784378752316e-11,7854.1341900436455,14706.691057161273,12894.970380715662,2903.443592462312,10757.577782505958,15985.989886455547,5.115960632906535e-11,15985.989886455598
2025-03-08,True,4294.292010920456,8307.425424817673,Optimal,2.0026940496997038e-05,False,0.6406309999874793,0.20086759999685455,2,1,34248.49127882327,1216.3811423550762,9068.53379236969,19586.205471760477,12253.006359618492,3320.065698244769,12388.599490614459,17507.360715842075,3760.2095840313395,21267.570299873412
2025-03-09,True,8307.425424817673,8496.282295586423,Optimal,0.000324194548506382,False,0.6305179999908432,0.20182159999967553,3,1,69714.19205520293,1.598787768841703e-11,2094.4405702088525,21664.501322643275,17378.27488764918,4097.369564225348,6191.8101344342,42708.784809994984,5.251239565406962e-11,42708.784809995035
2025-03-10,True,8496.282295586423,8416.294006327162,Optimal,0.00020026189295163516,False,0.6574770000006538,0.20407049999630544,3,1,69058.09556177605,2600.807412442922,45.100668055573266,19177.475349982844,15605.744493819439,3651.7191454226668,3696.81981347824,42321.060940270174,15039.125086344095,57360.18602661427
2025-03-11,True,8416.294006327162,8086.204134583486,Optimal,0.0006071130000004518,False,2.840780700003961,0.20444869999482762,21,4,69346.5447509146,549.5299580255725,2459.1363572188243,19974.212822582467,16476.19327086111,3828.109423465037,6287.245780683861,42571.45356244216,2777.655904642999,45349.10946708516
2025-03-12,True,8086.204134583486,7727.900026664968,Optimal,0.0008335722180608006,False,2.540323900000658,0.20997100000386126,31,3,70211.80530473836,57.03386569738655,4443.701302267861,19537.246747164267,16147.643562329722,3747.907292753063,8191.608595020924,43207.599824694094,386.4679737849397,43594.06779847903
2025-03-13,True,7727.900026664968,3738.7116601552234,Optimal,0.0004797829100411,False,2.2949567000032403,0.21336939999309834,14,3,65255.36209543227,1635.7800045203207,1.5398904373853384e-11,15451.545332340416,16106.021249054507,3334.712449795654,3334.7124497956693,41106.53834986589,8706.635741128164,49813.174090994056
2025-03-14,True,3738.7116601552234,4423.512789673219,Optimal,9.312552462158059e-06,False,0.5521293999918271,0.21530320000601932,1,1,30522.470167867647,196.30788279407776,11017.242086436909,16083.09981223836,12410.989831346877,2987.3088513734892,14004.550937810398,15898.036604412708,737.7807677972974,16635.817372210004
2025-03-15,True,4423.512789673219,8032.304086725728,Optimal,0.0002604813771478913,False,0.6285856000031345,0.2094230999937281,6,1,34612.2841992657,171.43037529167563,6895.500937139927,19558.822737211514,12594.73424979407,3355.2971903649373,10250.798127504864,17654.906570731677,630.5326850314452,18285.43925576312
2025-03-16,True,8032.304086725728,8148.4983297109875,Optimal,0.00044165760967258925,False,4.472504000004847,0.20027729999856092,2016,5,71078.44319453034,1.64000000002097,3708.6737199040836,20609.4090663485,16589.046525055554,3904.1682983076894,7612.842018211773,43222.775100407605,7.4611800000811925,43230.236280407684
2025-03-17,True,8148.4983297109875,8186.840044029673,Optimal,0.0003052795926074884,False,4.365560899997945,0.2070497999957297,2016,5,69126.39705810165,1.738431620879055e-11,7693.085319150848,18635.119803845588,15059.93949822811,3536.8385912987933,11229.923910449641,42037.96682979443,6.963243404101149e-11,42037.9668297945
2025-03-18,True,8186.840044029673,8548.306420126046,Optimal,0.0004212314625408482,False,4.07718950000708,0.1979369000036968,2016,5,68173.30730381323,1.9207635482132446e-11,2531.242872066689,22056.770139963966,17540.664074884076,4154.639688983517,6685.882561050205,41191.78058708296,7.20971203294063e-11,41191.780587083034
2025-03-19,True,8548.306420126046,8944.765527966796,Optimal,0.000924127203780628,False,4.889441599996644,0.21069000000716187,2016,5,66811.43757091009,70.9186767500155,3024.2579235493745,21241.12987923187,16848.50200512114,3996.1687662699806,7020.4266898193555,40550.042170800116,251.64914734177736,40801.69131814189
2025-03-20,True,8944.765527966796,3756.5847133950606,Optimal,0.0005771339813123453,False,3.739025099988794,0.20595619999221526,2016,5,60279.4198038655,727.0977757101007,523.7924930555727,15490.13685772593,17216.373587872567,3461.9440844251008,3985.7365774806735,37656.27715815043,3097.330632642876,40753.60779079331
2025-03-21,True,3756.5847133950606,3992.7398237962943,Optimal,1.3063485795594949e-08,False,3.1008011999947485,0.2004305000009481,2016,5,30012.815061941357,6.316724920907291e-12,14736.875867787283,15947.026726980559,12704.552049493142,3006.319567086183,17743.195434873465,15378.564706232135,2.0827491731267854e-11,15378.564706232155
2025-03-22,True,3992.7398237962943,9731.975733117279,Optimal,0.00025413954158862975,False,4.639341100002639,0.20664669999678154,2016,5,35602.535912477535,1.2052747688784393e-11,10475.32520216051,21477.361361025374,12231.350384041667,3506.775067662723,13982.100269823233,17867.444612150088,4.327748617805049e-11,17867.44461215013
2025-03-23,True,9731.975733117279,8535.642465709876,Optimal,0.00027346141564657577,False,4.873757099994691,0.2076173999957973,2016,5,64857.93362485481,110.41384398921599,3645.3053225707054,19105.37879091221,16552.056761305554,3749.6552970140606,7394.960619584766,39454.71048192156,541.0346064725042,39995.74508839406
2025-03-24,True,8535.642465709876,7965.278086408485,Optimal,0.0005700886062387704,False,4.431436999992002,0.20280539999657776,2016,5,64356.48846398805,364.32019636404294,3415.2457012174436,20107.3358798556,16800.27000405429,3877.4302551027035,7292.675956320148,38924.313495406015,1404.5555943489505,40328.86908975497
2025-03-25,True,7965.278086408485,8558.641428750001,Optimal,0.00047448895151642876,False,4.269731899999897,0.20103249998646788,2016,5,65459.97937804115,872.7572982058734,710.0636594180563,21781.691010815437,17109.14271065314,4079.184957820782,4789.248617238838,39245.49949967863,4024.3130145997634,43269.8125142784
2025-03-26,True,8558.641428750001,7733.8751914506165,Optimal,0.0009993200603737383,False,3.889221400007955,0.20478290000755806,2016,5,64234.1065594074,1.1237430690841377e-11,5714.915314846248,19310.13679717869,16383.500419284186,3751.40261519389,9466.317930040139,39059.89368748318,3.7985620101200353e-11,39059.893687483214
2025-03-27,True,7733.8751914506165,3628.1972434701906,Optimal,0.00011853562000567715,False,0.5673179000004893,0.2092261000070721,3,1,59814.584390202945,2.114353137017133e-11,1765.6200950549642,15932.02657015991,16600.05167501191,3437.652843128426,5203.272938183391,37338.84269621254,7.839204618775853e-11,37338.84269621262
2025-03-28,True,3628.1972434701906,4172.789977762347,Optimal,1.2821586462082657e-05,False,3.098182999994606,0.20387909999408294,2016,5,29352.554177970545,14.659597668504398,15142.460280576179,15330.206671227706,11927.333942831503,2858.279994104049,18000.74027468023,14967.684158459044,31.532794584964915,14999.21695304401
2025-03-29,True,4172.789977762347,7885.381578710216,Optimal,0.0003444284968597612,False,4.026166800002102,0.2030841999949189,2016,5,32883.67399137418,59.5832018194512,18241.39568232168,19227.999403608057,12233.347076069445,3282.0607265907443,21523.456408912425,16311.873937229298,341.2111443440931,16653.08508157339
2025-03-30,True,7885.381578710216,8326.80520097222,Optimal,0.00030343206092076135,False,0.6130808999878354,0.20854099999996834,4,1,62668.81420789635,2.4621638061717022e-11,2964.33917548232,20850.389854622394,16491.534522208338,3917.4317101520546,6881.770885634375,37971.903100652235,7.990081218878231e-11,37971.903100652315
2025-03-31,True,8326.80520097222,7995.664454561274,Optimal,0.0003775687268294486,False,4.450903200005996,0.20324069999333005,2016,5,60324.92010346023,588.5056564723795,574.7735529739538,19396.259975764075,16008.997252138754,3718.4034700362695,4293.177023010223,36485.68878630129,2950.3011727570392,39435.98995905833
2025-04-01,True,7995.664454561274,8052.478365787187,Optimal,5.4188553278470145e-06,False,1.0730251999921165,0.20170459999644663,5,2,62033.14653242848,1831.1984834446082,81.14975555557864,18543.216966039585,14968.873222388744,3517.52983242493,3598.679587980509,37360.87744752791,11277.827898625463,48638.70534615338
2025-04-02,True,8052.478365787187,8212.203744401564,Optimal,3.108102355467451e-05,False,4.873246099989046,0.2016660000081174,2016,5,64513.24402955104,1923.842826052381,1778.1712484063708,21472.775612863716,17249.19540566667,4063.8548285826687,5842.026076989039,38355.038249947174,9687.219082032836,48042.257331980014
2025-04-03,True,8212.203744401564,3400.970937993825,Optimal,0.0001293975195510215,False,4.7520766999950865,0.21358030001283623,2016,5,60887.012944599475,13.11465222532818,6222.140672615299,16550.348333209513,17735.89167566667,3625.6894639505817,9847.83013656588,37267.791922735116,63.60606329281994,37331.397986027936
2025-04-04,True,3400.970937993825,3701.2692934467673,Optimal,2.3659446171034846e-05,False,0.8853029000019887,0.21367839998856653,5,2,27976.326081221203,7.605208129923824e-12,18513.305848096716,14536.57612219394,11504.358139069443,2731.9196276715547,21245.22547576827,14066.574921055462,3.119374689802834e-11,14066.574921055493
2025-04-05,True,3701.2692934467673,8129.873647335298,Optimal,0.0006819759863610338,False,3.651274799995008,0.21722079999744892,2016,5,33543.43713856622,19.67057580247853,13914.743914701918,19044.76262017776,11440.51380384431,3175.6444624449214,17090.38837714684,16434.971952408458,99.30905647438385,16534.28100888284
2025-04-06,True,8129.873647335298,8740.388876004006,Optimal,0.0002662729979765048,False,4.8237813000014285,0.21045099999173544,2016,5,64296.49238680233,1.4383549906682447e-11,5399.204413131269,20724.989480013555,16237.777773009144,3876.6964783357053,9275.900891466974,38431.981449349776,4.529071370718008e-11,38431.98144934982
2025-04-07,True,8740.388876004006,8625.688534211708,Optimal,5.039290444682863e-05,False,4.344953199994052,0.20633829999133013,2016,5,63187.9870829379,1.7835621868300677e-11,6374.295861242292,19337.90655776507,15766.934619402777,3685.6722801545934,10059.968141396885,37665.64584869466,6.846648847869119e-11,37665.64584869472
2025-04-08,True,8625.688534211708,7863.2736904938265,Optimal,4.3511299256460225e-06,False,1.1081345999991754,0.2079682000039611,4,2,62020.30116315029,86.7444407121716,4599.010112803762,20215.869651253302,17061.027776861272,3917.256718109916,8516.266830913679,37102.65781692795,443.96860570754563,37546.6264226355
2025-04-09,True,7863.2736904938265,8045.230853317903,Optimal,3.4308519734835036e-06,False,1.0388220000022557,0.21245140000246465,4,2,62300.62231196577,982.196150085527,159.35258046984455,20133.649570384838,16144.49470547005,3807.1977020907116,3966.5502825605563,37222.51901855135,4903.825239908972,42126.34425846032
2025-04-10,True,8045.230853317903,3523.400901987418,Optimal,2.7252125791405183e-06,False,3.883657900005346,0.2054545999999391,2016,5,56518.374384854986,1.7050361122983304e-11,3162.570073049217,15604.280884227484,16709.1144724217,3416.996363136271,6579.566436185488,35006.22704358059,5.910001443787394e-11,35006.22704358065
2025-04-11,True,3523.400901987418,3772.8811195590783,Optimal,3.839833048449151e-05,False,2.996621400001459,0.20406099999672733,2016,5,27978.85764881076,5.6046833840639465e-12,19723.113490748096,14287.16734516585,11348.073353769845,2689.613773824346,22412.72726457244,14034.119462961904,2.043772731608051e-11,14034.119462961924
2025-04-12,True,3772.8811195590783,8486.198427649913,Optimal,0.0,False,0.1654763999977149,0.2011760999885155,0,0,32661.352921771515,6.201150704043812e-12,15878.721841573593,18502.55238376935,10745.081853571424,3044.1532221070934,18922.875063680687,16082.663739612504,2.6685628262690387e-11,16082.663739612532
2025-04-13,True,8486.198427649913,8526.8933543314,Optimal,3.371452331131354e-06,False,0.7287868999992497,0.2122895999928005,2,1,60626.79951204579,1.5714096690544466e-11,2325.4327246362823,20991.488789804505,16966.480485728312,3984.3133773947084,6309.74610203099,36108.084028315505,5.5468701853911287e-11,36108.08402831556
2025-04-14,True,8526.8933543314,8300.265378539949,Optimal,3.201418644567237e-06,False,0.7029245000012452,0.2082739000034053,2,1,60018.637590821214,28.51756316469074,3727.8143790562613,21027.758700747116,17236.44972581747,4017.9369507210977,7745.751329777359,35666.51170636665,198.93852063685281,35865.4502270035
2025-04-15,True,8300.265378539949,8764.553140205026,Optimal,1.8019490837559326e-06,False,1.1760592999926303,0.2109760000021197,3,2,60838.669554772234,1.4359513578199312e-11,6600.775319368175,19371.6127188009,15273.147316730161,3634.1776404056636,10234.952959773838,36135.36436100647,5.0866680367800396e-11,36135.36436100652
2025-04-16,True,8764.553140205026,7899.3002784523815,Optimal,0.0001443800654761354,False,4.463792499998817,0.2065812999935588,2016,5,58916.705764135564,152.09354386037043,251.12637372456453,20088.46610446711,17050.385120195737,3903.333846024015,4154.46021974858,35236.717032500324,542.9806984228458,35779.69773092317
2025-04-17,True,7899.3002784523815,3260.8976801719527,Optimal,0.0006073657952723607,False,5.148964500011061,0.2076521999988472,2016,5,53972.684960019746,1.57407975542867e-11,2324.7459577695,15548.205214224476,16768.60856197421,3417.9992505306936,5742.745208300194,33102.729945415675,5.0973468251891416e-11,33102.729945415726
2025-04-18,True,3260.8976801719527,3508.9686685802453,Optimal,0.0003882702447095774,False,3.431697300009546,0.21310179999272805,2016,5,26492.277440233916,83.5477872661674,17422.12730492145,13559.56236672546,10759.981627480161,2551.5097508370086,19973.63705575846,13221.731258869357,183.18432424517675,13404.915583114533
2025-04-19,True,3508.9686685802453,9011.016148028137,Optimal,9.227476282111646e-05,False,4.049785299997893,0.22036569999181665,2016,5,32264.50833243573,86.12239374436501,16903.051842237357,19531.878433892827,10868.978799950088,3160.852154494848,20063.903996732202,15574.002722944624,188.95922456058844,15762.961947505213
2025-04-20,True,9011.016148028137,8990.759654772926,Optimal,0.0006383583718032462,False,4.671443800005363,0.21684219999588095,2016,5,58456.77091047617,1.5353940341356065e-11,2508.8803387966873,21096.718590925528,17106.572902579366,4010.4021816013715,6519.282520398059,34715.44705194974,5.836338790032869e-11,34715.4470519498
2025-04-21,True,8990.759654772926,8562.698682500002,Optimal,0.0001882600152291837,False,4.063622599991504,0.20814070000778884,2016,5,57819.94888107939,21.67410458334818,5957.498065116513,19749.839011886983,16382.624474674089,3795.27550948582,9752.773574602332,34146.559812411775,84.13887399254817,34230.69868640432
2025-04-22,True,8562.698682500002,8866.753246119026,Optimal,0.00035803886127727387,False,4.908722700012731,0.2050563999946462,2016,5,57984.194222544545,201.78132261906563,1744.6247859534753,21130.38071203342,16841.95926948995,3984.3668789244484,5728.9916648779235,34557.111379394846,732.8721199625633,35289.98349935741
2025-04-23,True,8866.753246119026,8996.324587217812,Optimal,0.0001506545291859317,False,11.445335399999749,0.20737110001209658,2016,5,57723.68402843252,1.5399903574575546e-11,2329.688403139305,20407.70895598768,16413.63004736111,3864.507567527781,6194.195970667086,34659.8808843833,5.171593275843378e-11,34659.880884383354
2025-04-24,True,8996.324587217812,2493.615560941361,Optimal,0.00010229343301847042,False,8.479717499998515,0.2021546999894781,2016,5,49461.84803216297,1.7137402608113916e-11,5784.78263981238,12838.93061052322,16251.971918172616,3089.6677186270576,8874.450358439437,31111.969529103815,5.563889327042659e-11,31111.96952910387
2025-04-25,True,2493.615560941361,2550.224026782925,Optimal,7.360626866554698e-05,False,3.9094629000028362,0.19799859999329783,2016,5,25569.140646398733,5.9855453926616065e-12,21080.50270046563,12828.066719345807,10339.786423412696,2431.671830091547,23512.174530557175,12487.974707930423,2.4747943139225015e-11,12487.974707930449
2025-04-26,True,2550.224026782925,7205.186805949077,Optimal,0.00028234601719972623,False,4.181005299993558,0.21056940000562463,2016,5,30920.217239473557,8.022027486731531e-12,23236.290561020618,18022.455494053036,10408.722448933422,2958.7702659534616,26195.06082697408,14852.208322662527,3.2820842488234805e-11,14852.20832266256
2025-04-27,True,7205.186805949077,6999.100745092592,Optimal,0.0009906961464259993,False,6.399603899990325,0.21008530000108294,2016,5,54260.32261085468,252.82193981649098,2126.4411321893544,21045.840473259603,17232.608238111115,4019.3182960049735,6145.7594281943275,32540.89252296672,1517.3861896047752,34058.2787125715
2025-04-28,True,6999.100745092592,8311.39628595251,Optimal,0.00012462402998185136,False,10.048081299988553,0.19917079999868292,2016,5,55505.49255524883,5521.448788881272,73.28580238096632,16582.222306887037,12250.534081804573,3019.3926842225455,3092.678486603512,33108.30046347619,35611.09345249497,68719.39391597116
2025-04-29,True,8311.39628595251,8010.448347115024,Optimal,0.000999211885212106,False,6.247853699998814,0.20566069999767933,2016,5,55205.58924544181,263.1985551471133,4705.713781460063,18951.123407452276,15621.263104990083,3630.808241299682,8336.522022759746,33227.33123346784,1127.6865896559455,34355.01782312379
2025-04-30,True,8010.448347115024,7915.669341313936,Optimal,0.0007966216407852281,False,3.7922971000079997,0.20516589999897406,2016,5,54230.95202968932,2.0101253994653234e-11,2324.016942994341,19659.903992540232,16009.823339178569,3744.8596591627534,6068.876602157095,32612.5992555095,6.734757862503215e-11,32612.59925550957
2025-05-01,True,7915.669341313936,1335.360013703703,Optimal,0.0008534555770810503,False,5.1502406999934465,0.2120847999904072,2016,5,47593.35058402351,1900.7651531468396,1683.0401384038948,14326.185229556142,17526.488430789686,3380.0061263766906,5063.046264780585,30006.191962316956,11442.005674462873,41448.19763677983
2025-05-02,True,1335.360013703703,1355.6770538888888,Optimal,0.0006630074958014209,False,3.064479399996344,0.22375889999966603,2016,5,25989.26542111611,2991.070486178137,12164.305351984136,13196.974399000586,10671.263927023809,2505.3934317915932,14669.698783775728,12679.159714086516,15932.63077990016,28611.79049398668
2025-05-03,True,1355.6770538888888,7376.5685228703705,Optimal,0.0009789150532630321,False,5.219546400010586,0.21864930000447202,2016,5,32596.56116418283,1891.0707007460405,16420.56793333334,19900.473471116824,10700.581189521296,3179.0008126140488,19599.56874594739,15496.463826925135,10803.97218074072,26300.436007665856
2025-05-04,True,7376.5685228703705,8032.237927182542,Optimal,0.00022144899428079134,False,9.697035399993183,0.19888549999450333,2016,5,59060.79505377763,1801.090300293866,4629.225002536367,20567.845022741272,16069.852004539478,3842.323613889625,8471.548616425993,34561.419582115865,10810.741794851187,45372.16137696705
2025-05-05,True,8032.237927182542,7608.624036018519,Optimal,0.00041559435853182075,False,8.701353700002073,0.20442999999795575,2016,5,58277.01582451015,3161.929711119061,2733.2081050596857,21110.437540090246,17480.706909520723,4053.3445217335498,6786.5526267932355,34141.452290343586,17701.791328802086,51843.24361914567
2025-05-06,True,7608.624036018519,7540.695502023809,Optimal,0.0004270713000894429,False,3.115818999998737,0.20570910000242293,2016,5,58918.73190696752,996.3253579523903,3123.239329100546,20962.48026183127,17040.74469267857,3989.664103147413,7112.903432247959,35984.9179405758,4868.081215181767,40852.99915575756
2025-05-07,True,7540.695502023809,7525.78464712963,Optimal,7.970288481364148e-06,False,0.594196500009275,0.20825939999485854,2,1,60100.20953330395,1913.9494712023968,3204.809123736064,19762.756316710747,16021.252385940468,3756.4147856644604,6961.2239094005245,35887.04388303676,11767.296250222073,47654.340133258826
2025-05-08,True,7525.78464712963,1934.5155518518527,Optimal,0.00023657428960894154,False,3.4952552000031574,0.2001855999988038,2016,5,55070.95608035553,718.2767256904991,2397.8130016314226,13668.682053497936,16103.774649083329,3156.176499692386,5553.989501323808,34218.653417217385,4169.88885925544,38388.54227647283
2025-05-09,True,1934.5155518518527,2829.737680608467,Optimal,0.0008806224305222331,False,3.8423639999964507,0.21100769999611657,2016,5,28146.313207225463,343.68481577381465,16472.207756937103,14277.39210621696,10758.987690154785,2623.182287305561,19095.390044242664,14734.308712794495,1045.3196621518443,15779.628374946338
2025-05-10,True,2829.737680608467,7794.086806349209,Optimal,1.3584239318011285e-06,False,1.8617194999969797,0.2170516000041971,10,4,32373.58189909603,1236.5424756190562,13445.816318621406,18817.623997861465,10774.36122510112,3078.9136470196045,16524.72996564101,15566.69817656552,7007.418603476821,22574.116780042343
2025-05-11,True,7794.086806349209,8032.909013492066,Optimal,0.00035507287749355043,False,4.25362529999984,0.20641990000149235,2016,5,60986.53892307513,312.53330000001506,1696.7863673373488,20543.509399873135,16425.30262746867,3879.3845652616105,5576.17093259896,36709.95748503151,2125.221776683383,38835.1792617149
2025-05-12,True,8032.909013492066,8148.265122834792,Optimal,7.765897077878083e-05,False,0.6047779999935301,0.20539639999333303,7,1,61482.23374107034,2.1035617692177766e-11,6150.521486265454,17351.034331911167,13950.517310439593,3285.1609121288493,9435.682398394303,37202.21168976542,7.993208162027088e-11,37202.2116897655
2025-05-13,True,8148.265122834792,8292.362305242197,Optimal,0.0005314710385557535,False,3.949281200009864,0.21605519999866374,2016,5,60738.68626729495,1.7279511155265936e-11,3744.663984520295,19658.53711548074,15793.727599372736,3720.7123337006005,7465.376318220896,36888.40201401668,5.879375009065768e-11,36888.40201401674
2025-05-14,True,8292.362305242197,8003.567740688889,Optimal,0.0005948191015571532,False,3.802628499994171,0.20572220000030939,2016,5,60851.40593552608,1.4530598946294049e-11,4449.391599270095,19198.845584319217,15810.980031396544,3676.6601174759826,8126.051716746078,36881.14773065453,5.001431269135992e-11,36881.14773065458
2025-05-15,True,8003.567740688889,3343.242334599092,Optimal,0.0008565987503525051,False,3.2406872999999905,0.2008272999955807,2016,5,54690.54864070373,1.8938406398660845e-11,3431.1401384626943,14150.753075729148,15656.402856821429,3154.6756249975183,6585.815763460213,34849.728177261,6.665979390696463e-11,34849.728177261066
2025-05-16,True,3343.242334599092,3061.1468876252534,Optimal,1.8726166980482918e-05,False,2.584418899990851,0.20886389999941457,2016,5,26758.054506679746,6.073336278333841e-12,22055.497859420935,11794.40008527337,9807.349971347885,2269.145560899324,24324.64342032026,14516.932073494205,2.6509940354024764e-11,14516.932073494232
2025-05-17,True,3061.1468876252534,7793.582212094843,Optimal,2.1548106311182887e-05,False,1.8773411000001943,0.2032848999951966,8,4,32613.553853481495,165.8510206253712,14684.625415851428,17825.203067891976,10179.222692969872,2913.545050452517,17598.170466303945,16935.039199424096,362.29936817664986,17297.338567600746
2025-05-18,True,7793.582212094843,9052.430291058196,Optimal,0.0004566669351958541,False,4.3251428000075975,0.19902349999756552,2016,5,60710.744680864635,1.9420465235953088e-11,1947.3288883892071,20812.023270570688,15724.775578095241,3828.399613512096,5775.728501901303,37360.77765755095,6.743926928010069e-11,37360.777657551014
2025-05-19,True,9052.430291058196,8809.054201203706,Optimal,0.0003689994576626685,False,3.770232599999872,0.20711770000343677,2016,5,59141.506404785425,32.30833333334959,8451.457845120534,18032.520125617288,14825.379782619046,3450.5164328527344,11901.97427797327,36582.99567869147,217.90355416672486,36800.899232858195
2025-05-20,True,8809.054201203706,8401.367762526454,Optimal,0.00034883079392751613,False,4.003736300001037,0.20952720000059344,2016,5,59248.10319687728,1.958466722129515e-11,1648.0489156378858,18103.038207275127,15030.378742702382,3480.34590325,5128.394818887886,36575.91306623805,7.018001441094768e-11,36575.91306623812
2025-05-21,True,8401.367762526454,8925.258439312169,Optimal,0.00022828333621761974,False,3.9429716000013286,0.20256700000027195,2016,5,60098.93437470502,1.929123527588672e-11,4675.052519446816,18893.499804303934,14832.233232379043,3537.375895139176,8212.428414585993,36969.61405833594,6.725286327835533e-11,36969.614058336
2025-05-22,True,8925.258439312169,4009.7667446637442,Optimal,0.00043179642822436485,False,3.0069302000047173,0.21417390000715386,2016,5,52512.86042045796,1.7265300300550734e-11,3706.631450452403,12702.845676434143,14713.247523095239,2905.0898479873304,6611.721298439734,34290.63930768769,5.975958394799363e-11,34290.63930768775
2025-05-23,True,4009.7667446637442,3851.379449005817,Optimal,4.128721275918244e-07,False,2.664740200008964,0.21137069999531377,2016,5,26758.941042481492,7.775113886054896e-12,18075.522523971198,12657.990532995298,10395.520897818325,2420.8569308348997,20496.379454806098,14814.689031188029,3.4159570505565286e-11,14814.689031188063
2025-05-24,True,3851.379449005817,9157.110072759127,Optimal,0.0,False,0.15806649999285582,0.20793410000624135,0,0,32494.25242843562,76.64269501190985,20691.71218854251,17629.07363259847,9504.392081026781,2818.950927818378,23510.663116360887,17513.852801049263,169.20732234846326,17683.060123397725
2025-05-25,True,9157.110072759127,9542.438778000034,Optimal,6.153714457884302e-05,False,9.016158500002348,0.20896040000661742,2016,5,58593.15189980246,1.2320455419767562e-11,6295.010899103476,17928.078856046588,14174.948038680923,3367.8021121247616,9662.813011228238,36811.23798818027,3.84122689689112e-11,36811.237988180306
2025-05-26,True,9542.438778000034,8491.681647714255,Optimal,0.0007445232652441357,False,3.47334700000647,0.20066060000681318,2016,5,57501.23588707844,2.4334534387548956e-11,410.1512392857333,18194.384816052287,15683.133118259553,3562.0088280785126,3972.160067364246,36190.43616759723,9.188660310410767e-11,36190.43616759733
2025-05-27,True,8491.681647714255,9140.907700727514,Optimal,0.0009793501809985169,False,4.138790900004096,0.20505589999083895,2016,5,58587.25406005067,1.2513601266306296e-11,4990.227523485537,19065.030467648474,14858.371231083333,3557.4331835518847,8547.660707037421,36827.16208505437,4.1200328620982774e-11,36827.16208505441
2025-05-28,True,9140.907700727514,9782.07722723545,Optimal,1.6697391134633772e-05,False,8.54995639999106,0.2089160999894375,2016,5,57538.64678433245,1.7541745833682398e-11,837.0989360028126,20266.690391960612,15838.966643630954,3786.5542218217233,4623.653157824536,36344.62330504098,6.10349040197633e-11,36344.62330504104
2025-05-29,True,9782.07722723545,3120.8761286243393,Optimal,0.00037643782748207654,False,3.8193192000035197,0.20342259999597445,2016,5,50244.451157980744,234.145505250021,2.248778940838747e-11,12439.758694635506,16071.28553140476,3029.6742618418575,3029.6742618418803,33343.672185860676,1249.835218034423,34593.5074038951
2025-05-30,True,3120.8761286243393,4376.948275220097,Optimal,0.0,False,0.14405010000336915,0.19697330000053626,0,0,28039.585223715134,8.956391184256063e-12,17814.70491947385,13148.326871781308,9519.679834206678,2372.574890978873,20187.27981045272,15536.01743694198,3.467634090981164e-11,15536.017436942015
2025-05-31,True,4376.948275220097,9353.497416434113,Optimal,0.0,False,0.1609444999921834,0.19839740000315942,0,0,32446.865686102174,79.64780759524683,16014.290309685495,19179.72319431217,11056.681560300243,3146.492492797911,19160.782802483405,17031.132808593804,227.15019605890132,17258.283004652705
2025-06-01,True,9353.497416434113,6922.55613472222,Optimal,1.986867990122762e-06,False,0.6400653000018792,0.20079819999227766,2,1,58307.253604517144,12793.904725015444,8.958814285720822,10816.94930940824,10949.576094161379,2298.314496958755,2307.273311244476,36289.35757544666,67114.03060288538,103403.38817833204
2025-06-02,True,6922.55613472222,7751.88712936671,Optimal,0.0009974249559190963,False,4.094624199991813,0.2005005999963032,2016,5,64975.46629499956,8392.450802369027,307.73653333334096,19331.44852029056,14912.075406255313,3590.0421193907578,3897.7786527240987,39806.124534438844,41662.65985675593,81468.78439119477
2025-06-03,True,7751.88712936671,7522.050575674606,Optimal,0.000982478502687416,False,6.947612699994352,0.20040289999451488,2016,5,65089.183706105,6876.709684698257,249.2030782146433,19637.770408306187,16113.446929050906,3754.1600329473868,4003.36311116203,39602.103805447034,33498.644707207975,73100.748512655
2025-06-04,True,7522.050575674606,7536.311028526362,Optimal,0.0007432660187573766,False,3.664008299994748,0.193497500004014,2016,5,71625.11511316594,2811.484061825778,653.250325593974,21711.86118507632,17573.77315234524,4123.827579879326,4777.077905473299,43668.18489841505,10424.964924968155,54093.1498233832
2025-06-05,True,7536.311028526362,2374.146135672082,Optimal,0.0009488338681214496,False,6.442877399997087,0.2090475000004517,2016,5,65026.12500471722,4912.933766023624,486.9414444444596,15519.72480630829,17216.925496678567,3464.9642024840036,3951.9056469284633,41131.5707039283,19744.05483415304,60875.62553808134
2025-06-06,True,2374.146135672082,2397.041987107584,Optimal,0.0009932420308172174,False,4.276134800005821,0.1980242999998154,2016,5,30784.264967257946,5460.518147059532,2761.0029500000087,13727.255252765879,11098.47048844841,2605.8889128819674,5366.891862881976,16841.698484230234,23143.119632827125,39984.81811705736
2025-06-07,True,2397.041987107584,7900.917954074074,Optimal,0.0008990102269184551,False,3.4662711000128184,0.2017673999944236,2016,5,39991.11909944767,983.5976448055674,1172.743715153525,19589.323642964257,10913.863780531206,3171.5838954665596,4344.327610620085,21434.170448875484,6356.759248197576,27790.92969707306
2025-06-08,True,7900.917954074074,8342.25666806356,Optimal,0.00027901684154157854,False,0.9994691999891074,0.19434180000098422,17,2,83165.18709873594,1.285122702698871e-11,14386.15666581414,16825.801703497942,13231.694537242798,3152.768452265661,17538.925118079802,51623.43685167604,4.9086169018330846e-11,51623.43685167609
2025-06-09,True,8342.25666806356,8109.437069444446,Optimal,0.00029450793021641085,False,1.034161799994763,0.19635159999597818,19,2,80090.03832071436,633.7178554166907,6004.337321227733,21032.861896458868,17246.155774888884,4019.5257201890963,10023.86304141683,49520.66967769364,4229.755220386194,53750.42489807983
2025-06-10,True,8109.437069444446,10800.0,Optimal,0.00031329934187425857,False,0.9898314000020036,0.20812719999230467,19,2,90039.08711024006,6.643574579356937e-12,11709.114008710569,22579.064372085046,15867.53550388889,4020.965937640604,15730.079946351172,57130.28474752744,2.914702790235424e-11,57130.28474752747
2025-06-11,True,10800.0,10800.0,Optimal,0.0005920266192670081,False,0.9474480999924708,0.20704720000503585,22,2,85809.24039382595,1990.3247840138938,7454.538118535669,22424.10917177641,18163.528429138893,4260.580742637519,11715.118861173189,54839.69515920018,9644.6802354478,64484.37539464798
2025-06-12,True,10800.0,6815.3485728703645,Optimal,0.0004978978114830679,False,4.402723799998057,0.20572959999844898,2016,5,81247.81654256703,1.1683431999642835e-11,9494.819708779158,15193.640446690662,15893.03504623611,3285.25682758419,12780.076536363347,53416.88863964439,4.939174441664918e-11,53416.88863964444
2025-06-13,True,6815.3485728703645,6714.343829166666,Optimal,0.0009862527538392492,False,3.701380700003938,0.19483360000594985,2016,5,39754.17527495165,1.0288991880713638e-11,8847.586630898502,13958.837965192044,11397.563021138885,2662.2796877568585,11509.86631865536,24699.886699521918,3.048552477125099e-11,24699.886699521947
2025-06-14,True,6714.343829166666,10632.78399950617,Optimal,0.0005165165462013014,False,3.127202599993325,0.201717700008885,2016,5,45187.21151462105,8.542500040675804e-12,12202.909864626206,17180.856561522633,10389.897661527779,2872.51872965535,15075.428594281557,26899.823250688903,2.869354087664533e-11,26899.823250688933
2025-06-15,True,10632.78399950617,10800.0,Optimal,0.0003082508759396704,False,1.0206655000074534,0.194781400001375,18,2,85478.3407232116,9.759304475664976e-12,11012.306281618668,19413.50372534294,15574.443617083334,3671.844107765776,14684.150389384446,54824.44500021705,4.061505354258088e-11,54824.44500021709
2025-06-16,True,10800.0,10684.941262854938,Optimal,0.0009280851783928465,False,0.9548461000085808,0.20155159999558236,17,2,84727.50425583933,5.914380096783134e-12,8306.700387225661,20159.494291460906,16432.743239513893,3841.809789092079,12148.51017631774,54193.618572610925,2.79712746298344e-11,54193.618572610954
2025-06-17,True,10684.941262854938,10263.67192870371,Optimal,0.00025304517007027956,False,0.6117751999991015,0.20556240000587422,14,1,83539.96533364197,1.525535253676935e-11,5081.0270018518595,22110.89218873457,18288.96507361111,4243.196449274692,9324.22345112655,52937.506212571556,7.126940237967005e-11,52937.50621257163
2025-06-18,True,10263.67192870371,10487.70048743827,Optimal,0.0007362951631175982,False,1.0155271999974502,0.20404430000053253,17,2,86077.27272608841,8.380851568290382e-12,11452.754082801788,18392.11600223965,14695.988258953015,3472.099184552078,14924.853267353867,54894.22161603189,3.671600867782843e-11,54894.22161603193
2025-06-19,True,10487.70048743827,6068.72654780864,Optimal,0.0006969185946731535,False,3.583796299993992,0.20941179999499582,2016,5,80427.089086226,9.29567534058151e-12,13450.154546244863,14181.615187620031,15464.184847638893,3136.404279610769,16586.55882585563,52601.761641395,3.6495953814608126e-11,52601.76164139504
2025-06-20,True,6068.72654780864,5978.30544299383,Optimal,0.00017705483618989565,False,2.959960399995907,0.21027560000948142,2016,5,37726.13042826852,7.311484750971431e-12,13093.347519410156,12176.742385219479,9944.540326361108,2322.6231636731823,15415.970683083338,23354.853011280033,2.2479193173552405e-11,23354.853011280054
2025-06-21,True,5978.30544299383,10765.309554737654,Optimal,0.00027900389716915976,False,1.0157047999964561,0.21495449999929406,15,2,43404.06976267386,6.34936547783127e-12,16170.55469206105,18897.21563180727,10998.440961194447,3111.7705588689987,19282.32525093005,25552.88914884745,2.2630269547185834e-11,25552.889148847473
2025-06-22,True,10765.309554737654,10047.407554168867,Optimal,0.0006806945345345913,False,3.3970395999931497,0.21174329999485053,2016,5,79055.24796200136,8.189005029635155e-12,8693.481563463749,18687.037363418567,15782.612064880948,3622.327299106407,12315.808862570157,50399.109151017,3.691610661604727e-11,50399.10915101704
2025-06-23,True,10047.407554168867,10158.766354429014,Optimal,0.0006395295752575703,False,4.382215699995868,0.20610910000687,2016,5,80156.27447033905,1.098854340852995e-11,9127.064789405295,20356.319793155988,16388.39611222222,3856.564880673624,12983.629670078919,50791.19921616381,4.573984924149954e-11,50791.199216163855
2025-06-24,True,10158.766354429014,10611.428644537036,Optimal,0.0004309058726831779,False,1.028376300004311,0.21363849999033846,17,2,80205.55377453678,3617.9332110815426,3078.9045791301564,21412.60050205761,16936.810345569444,4023.127866380144,7102.0324455103,50861.143545981584,17046.916950242365,67908.06049622394
2025-06-25,True,10611.428644537036,10321.790210478395,Optimal,0.0004821606284315944,False,1.5703993999923114,0.20177650000550784,20,3,82433.26035397548,1.0376588477356563e-11,8381.295638460228,20395.88389211248,16781.340543263887,3904.1817829072356,12285.477421367463,52333.908610762126,4.763884486891357e-11,52333.90861076218
2025-06-26,True,10321.790210478395,6088.583119413576,Optimal,0.0005304206985562549,False,4.404220999989775,0.2171163000020897,2016,5,79227.80696484189,9.2219565317464e-12,12825.442599576481,14025.615336265422,15170.634804333331,3088.1876229969125,15913.630222573394,51675.89385691253,3.777857271458629e-11,51675.89385691257
2025-06-27,True,6088.583119413576,7261.220339027777,Optimal,0.0008684940145318994,False,3.7857386999967275,0.21273879999353085,2016,5,37337.464026787035,6.9692585036307264e-12,13785.222599571336,14343.274015243482,10562.67845469444,2607.9583409348415,16393.18094050618,22257.747641866554,2.2324015469532555e-11,22257.747641866576
2025-06-28,True,7261.220339027777,10409.032278412697,Optimal,0.0003718219450827419,False,1.8483676000032574,0.2211793000024045,19,4,40427.03723342585,7.327638495979727e-12,12344.682667486706,18275.777388558196,11970.348939285714,3157.616509887566,15502.299177374272,23372.27903660213,2.649623606632012e-11,23372.279036602155
2025-06-29,True,10409.032278412697,10592.249528339944,Optimal,0.0002203510610390423,False,1.6434474000125192,0.23668970000289846,15,2,81335.77047680531,8.485656621814996e-12,8137.026780430638,19821.471779509608,15890.496616468261,3747.757913114101,11884.784693544738,51490.37806074945,3.633513756540197e-11,51490.378060749485
2025-06-30,True,10592.249528339944,8354.335927165645,Optimal,0.00011829246148698778,False,1.69017139999778,0.38210640000761487,13,2,80351.76376990027,92.19649027779566,9411.10710679422,16680.481111091514,15525.311941040996,3393.082771224818,12804.189878019037,52008.95651726011,621.0644019236786,52630.020919183786
2025-07-01,True,8354.335927165645,7444.589879429012,Optimal,0.0003188225296488661,False,5.757691500009969,0.22329149999131914,2016,5,81753.81388515251,2396.418668991163,2042.5117085097208,21368.14871191368,18126.971899613054,4150.9228600372635,6193.434568546984,51412.529305558994,7974.206480415019,59386.735785974015
2025-07-02,True,7444.589879429012,8014.191091201448,Optimal,0.0004714551298227416,False,5.673756399992271,0.25186600000597537,2016,5,81136.58672668683,3065.559284260151,6902.279622891224,20433.994372599445,16038.89435121036,3825.4988096166517,10727.778432507876,50576.48669893706,11053.473332913136,61629.96003185019
2025-07-03,True,8014.191091201448,1964.161602237654,Optimal,0.0007894653017200037,False,5.657084699996631,0.21676570001000073,2016,5,71588.11421967339,5754.502283523328,407.9231769841379,13785.794383929795,16611.51999105055,3224.303881843041,3632.227058827179,46448.13619440862,24522.31290750875,70970.44910191736
2025-07-04,True,1964.161602237654,2174.449145061728,Optimal,0.0003440592065815377,False,4.235485400000471,0.23740969999926165,2016,5,38234.886694868634,3410.8139882302453,9888.90187257835,14140.381870064179,11264.45052621032,2665.643801029787,12554.545673608138,22670.194485412816,10201.111443782218,32871.305929195034
2025-07-05,True,2174.449145061728,7887.717099537033,Optimal,0.00044407047555164133,False,1.4972772000037367,0.2589366999891354,14,3,44438.441283318796,3603.0312952276036,10479.074872222229,19107.245161209088,10334.927421551587,3059.0497851821965,13538.124657404425,25042.146670973394,13515.752093977184,38557.89876495058
2025-07-06,True,7887.717099537033,8358.497451772486,Optimal,0.0007066534913358272,False,3.9933927999954903,0.25571430000127293,2016,5,74294.81283066467,9447.785461572903,58.46724166667526,18244.458860836763,14354.309360265872,3419.36914833544,3477.8363900021154,46867.004321265726,46963.210379348246,93830.21470061397
2025-07-07,True,8358.497451772486,7373.195447491181,Optimal,0.0009988923157027575,False,6.222691000002669,0.2526695999986259,2016,5,80188.45842303177,1.696803808570735e-11,4107.7486739530095,18726.30940139624,16055.08241898413,3656.5289866934163,7764.277660646426,51914.55986743897,5.5767014367491544e-11,51914.55986743903
2025-07-08,True,7373.195447491181,10228.422787825417,Optimal,0.000983700717752635,False,6.2399604999955045,0.26285400000051595,2016,5,95594.31081260023,1.1119438703133255e-11,13487.33810507791,20873.058339762425,14337.472648906754,3680.3583505214374,17167.696455599347,62690.98158829621,3.914347329603274e-11,62690.98158829624
2025-07-09,True,10228.422787825417,10800.0,Optimal,0.0009453757696330632,False,4.670840599996154,0.26505449999240227,2016,5,92948.91179711727,6.5432104179308226e-12,15226.950805803936,16572.718335208192,12909.482360561511,3091.6587624720983,18318.609568276035,61337.898804731354,2.8182913336394223e-11,61337.89880473138
2025-07-10,True,10800.0,8008.531313650793,Optimal,0.00030932703686786377,False,1.7848809999995865,0.222935800004052,13,3,88805.56591544168,8.252953875853564e-12,15587.14930933276,15142.710739420432,14777.917516644839,3156.2619091248034,18743.411218457564,58813.55771157985,3.984137997292692e-11,58813.55771157989
2025-07-11,True,8008.531313650793,7789.6329249559085,Optimal,1.3153886618679158e-05,False,1.9195730999927036,0.2550084000104107,12,4,50190.28597198628,1.1108447495189466e-11,15206.995503943772,14008.00983088379,11543.496512841266,2683.4117067374086,17890.40721068118,32023.662336156238,3.54914786449001e-11,32023.662336156274
2025-07-12,True,7789.6329249559085,10800.0,Optimal,0.0005162774713040193,False,3.00881980000122,0.26252770000428427,16,4,52225.52382690917,8.30180368893707e-12,14956.539543743338,18291.634643646445,12106.893693813938,3174.3738747884154,18130.913418531753,31566.152439683137,2.7270954383595837e-11,31566.152439683163
2025-07-13,True,10800.0,10800.0,Optimal,0.0007216270913068749,False,1.8004953999916324,0.21857090000412427,25,2,87279.20623201964,4.870770453635487e-12,14613.291395038957,17885.233878845775,14487.03944186508,3398.194436980698,18011.485832019654,56220.65425824796,2.4183650637610298e-11,56220.65425824798
2025-07-14,True,10800.0,10800.0,Optimal,0.0007992679140140561,False,2.1715892999927746,0.3000114000024041,24,4,85604.91553641426,3.746336574295128e-12,10398.637676521168,17887.361280139135,14488.762636912701,3398.5986432264363,13797.236319747604,54794.97067102592,1.8763078202255203e-11,54794.97067102594
2025-07-15,True,10800.0,10800.0,Optimal,0.0009977827984372135,False,1.3533689999894705,0.2562997000059113,22,2,85250.44331621277,1.0466294497746276e-11,9151.597171411388,17630.50295509504,14280.707393626983,3349.7955614680577,12501.392732879445,54967.997706102375,4.398138298000731e-11,54967.99770610242
2025-07-16,True,10800.0,10800.0,Optimal,0.0007486652644045654,False,2.3401688000012655,0.2408224000100745,23,3,83803.19007535613,7.958744774327897e-12,8005.461891940186,19279.814737276996,15616.64993719437,3663.16480008263,11668.626692022817,53872.94092945178,3.674550119736608e-11,53872.94092945182
2025-07-17,True,10800.0,5886.923865718696,Optimal,0.0003885967562646258,False,1.0768142999877455,0.251741400003084,12,2,77229.28641488714,1.1413814338112616e-11,6029.914907377193,15266.968219455068,16788.01277861178,3392.031575124594,9421.946482501788,51155.35254623683,4.569907385842953e-11,51155.35254623687
2025-07-18,True,5886.923865718696,5965.355562385363,Optimal,1.374338723132056e-05,False,1.0822898000042187,0.2243296999949962,8,2,45964.814103860714,7.407408020299044e-12,12146.096492386838,13020.42623407309,10475.956722599203,2466.0378148072205,14612.134307194057,28443.33732554682,2.438221002876162e-11,28443.337325546847
2025-07-19,True,5965.355562385363,10679.598853357582,Optimal,0.0008754866350767515,False,1.57977340000798,0.20933480000530835,17,3,52092.22769215564,4.8407944319706075e-12,17219.001323370612,18145.2018784739,10454.794559688864,2976.1640278128193,20195.16535118343,31075.492039405428,1.5485867366216156e-11,31075.492039405442
2025-07-20,True,10679.598853357582,10800.0,Optimal,0.0008547343365074168,False,1.9417947000038112,0.23079089999373537,21,4,82651.64415237757,1.0484502155350128e-11,6729.0749698669315,19601.21017824111,15768.619212397123,3712.189819201569,10441.2647890685,53463.03699709986,4.206046977373035e-11,53463.0369970999
2025-07-21,True,10800.0,10800.0,Optimal,0.000767188808510531,False,2.549483100010548,0.23385679999773856,21,3,84280.97764394966,8.413270080609436e-12,6497.8038944190275,19965.391576477075,16171.967176946433,3793.4243995306447,10291.228293949673,54481.11866904475,3.7260026619634345e-11,54481.11866904479
2025-07-22,True,10800.0,10634.208799585538,Optimal,0.0009839630816795958,False,1.72987650000141,0.24479219999921042,21,3,83167.87837081224,1.2810641436544756e-11,5705.787492747883,20085.04390405643,16418.097642658726,3832.7374618121685,9538.524954560053,53521.5640256821,5.247698098287401e-11,53521.56402568215
2025-07-23,True,10634.208799585538,9714.19843807172,Optimal,0.0009815509655647175,False,6.953760499993223,0.21171329999924637,2016,5,81378.48811310492,1.77209358298569e-11,3964.3398414290677,21187.42358090339,17989.822425894185,4117.611516523027,8081.951357952094,52838.63882827022,7.649414079935468e-11,52838.6388282703
2025-07-24,True,9714.19843807172,5347.3503936309535,Optimal,0.00030774408560114763,False,8.587834899997688,0.2837147999962326,2016,5,76103.2913704181,1.7609025348974683e-11,3363.3042686083522,16071.991272665584,16948.476170855814,3490.363146250538,6853.667414858891,50497.329697275076,7.046226446760783e-11,50497.32969727515
2025-07-25,True,5347.3503936309535,5660.803849825838,Optimal,4.489645548363715e-06,False,2.080697400000645,0.265424900004291,6,4,45966.52571589521,4.46576109425223e-12,16747.619864884313,12797.253546151771,10083.667261807539,2400.1328281493484,19147.75269303366,28484.179816176387,1.5419725940546413e-11,28484.1798161764
2025-07-26,True,5660.803849825838,10689.803676545416,Optimal,0.0009806362028576935,False,6.39989409998816,0.2334777999931248,2016,5,52762.27762441152,5.644568146223605e-12,16250.919031195795,18506.143065797078,10463.876039248014,3013.2671998294873,19264.186231025284,31696.362062603548,1.765558470256945e-11,31696.362062603566
2025-07-27,True,10689.803676545416,10701.284861119933,Optimal,0.0009619756478064842,False,9.249934399995254,0.2292520000046352,2016,5,80479.40413637662,1714.751758008542,4493.611704495679,21079.059598802174,17063.705208912696,4003.8732053149615,8497.48490981064,52084.351883677475,7116.833756736123,59201.1856404136
2025-07-28,True,10701.284861119933,8765.102712321428,Optimal,0.0009988213192021545,False,5.936871300000348,0.23110509999969508,2016,5,80047.0105388329,2859.3690093769887,3502.2295065519825,16799.140748648537,15349.86794032397,3385.4549571230727,6887.684463675056,51871.428185434444,14721.098355689037,66592.52654112349
2025-07-29,True,8765.102712321428,10800.0,Optimal,0.00015683411243441495,False,9.721233399992343,0.2307981999911135,2016,5,84998.13510241125,1331.4749393214408,4104.36150278514,22761.026473878115,16605.02388493056,4121.105301268985,8225.466804054126,54233.78799499232,5783.894601793596,60017.68259678592
2025-07-30,True,10800.0,8986.223285396825,Optimal,2.169052286736497e-05,False,7.856455100001767,0.264924199989764,2016,5,81990.7280566491,1.3803180820559646e-11,5727.95157926956,19957.481423802175,17797.95899642262,3973.2991419827313,9701.250721252292,52369.00406544862,4.999838987274075e-11,52369.00406544867
2025-07-31,True,8986.223285396825,2978.6402982039476,Optimal,0.0007020595658917465,False,3.3740800999948988,0.23945939999248367,2016,5,76676.00072777165,1.5359713501084116e-11,4536.63611517981,15006.279128414664,17561.910782489467,3451.9513331180747,7988.587448297884,49670.84132633015,6.225994608755059e-11,49670.84132633021
2025-08-01,True,2978.6402982039476,5222.821692268519,Optimal,0.0005807614777882973,False,3.289973999999347,0.21942989999661222,2016,5,45239.16153134605,6.933606466752451e-12,19029.094176932696,15468.128595203041,10509.42090745635,2714.526293682121,21743.62047061482,26924.245372594458,2.523782965946353e-11,26924.245372594483
2025-08-02,True,5222.821692268519,7611.74787208462,Optimal,0.0009886241806378933,False,3.870413600001484,0.21930799999972805,2016,5,43482.83340235016,7.817302360990652e-12,16998.50081680776,17933.02152828728,12375.713876078207,3168.3814723929736,20166.882289200734,25204.637612903243,2.9579783844546624e-11,25204.637612903272
2025-08-03,True,7611.74787208462,7829.886957500001,Optimal,0.00022783658970690937,False,4.475153999999748,0.22921449999557808,2016,5,79644.45630718446,515.8081588514463,13544.95241912496,18839.50993001988,15063.677866442262,3557.69297816224,17102.6453972872,49534.6153020875,2857.4956230743583,52392.110925161855
2025-08-04,True,7829.886957500001,8411.417357460317,Optimal,0.0001431065501163217,False,1.1406544000055874,0.23305579999578185,7,2,78491.46115721183,34.11250972223686,9207.183980268454,17786.090754568402,13883.356151236123,3321.2042033719654,12528.38818364042,49690.58045056357,229.78001545977313,49920.36046602334
2025-08-05,True,8411.417357460317,8302.20356628062,Optimal,0.00010622575154903856,False,1.0915167999919504,0.23205789999337867,10,2,74814.6009429941,1.756172984812565e-11,6080.793564328441,19367.316091547757,15785.818446215411,3690.7114365120437,9771.505000840485,47342.17774997858,5.5153395295270967e-11,47342.17774997864
2025-08-06,True,8302.20356628062,7304.050231126543,Optimal,0.0006425830102213247,False,4.6589463999989675,0.23377740000432823,2016,5,69699.82415205416,1852.3957248459803,714.4175523809696,19061.79504995354,16338.391992101037,3721.5563930065805,4435.97394538755,44605.98973771943,7769.4595008554725,52375.4492385749
2025-08-07,True,7304.050231126543,2759.166257612963,Optimal,1.1038259202891206e-06,False,0.9719422999914968,0.22757210000418127,7,2,67001.06768979377,1.938649241139956e-11,5045.401490433664,13989.876450117576,15422.19550075746,3112.564922873698,8157.966413307361,44227.79854350595,7.241697030924144e-11,44227.798543506025
2025-08-08,True,2759.166257612963,2878.8309117408403,Optimal,0.0001346393841763559,False,5.390718899987405,0.23428380000405014,2016,5,39564.0640070846,7.966079185184327e-12,21112.875359052174,13517.469522722844,10841.452124690415,2556.352743904553,23669.228102956728,23534.593507522815,3.282187199457609e-11,23534.593507522848
2025-08-09,True,2878.8309117408403,8222.457080213426,Optimal,1.0027425062798247e-05,False,3.7527826000005007,0.24739420000696555,2016,5,44929.13894314517,9.878597939660949e-12,17463.445195839307,19655.26945095023,11111.50470364436,3200.138578833285,20663.583774672592,25680.65508557605,3.959377020690269e-11,25680.65508557609
2025-08-10,True,8222.457080213426,8917.412445147374,Optimal,0.0,False,0.19774319999851286,0.24771100000361912,0,0,72386.91571344768,1.6821211090700672e-11,2967.406384746736,18365.423422423184,14250.533143722227,3419.9349137670106,6387.341298513747,46422.16341253649,5.92365609897172e-11,46422.163412536545
2025-08-11,True,8917.412445147374,8216.87114727867,Optimal,1.510288523865725e-06,False,0.6703933999961009,0.2402347000024747,1,1,70972.62908638267,85.50081706350551,3557.526841082225,18788.615247960268,15849.265518929653,3639.8910268993222,7197.417867981547,45469.65358890703,576.0670188680054,46045.72060777504
2025-08-12,True,8216.87114727867,8048.807003038219,Optimal,0.0,False,0.20662179999635555,0.23273260000860319,0,0,73108.91308017667,766.613283071308,2898.536045865029,17724.759985259814,14508.313317876857,3384.51081162341,6283.046857488439,46523.92281948638,3452.778234441012,49976.7010539274
2025-08-13,True,8048.807003038219,8313.30970113267,Optimal,0.0007648523050830074,False,1.9512380999949528,0.22303700000338722,10,4,74083.47596212641,8.756134722237178,4214.871953892337,18517.517182480566,14761.136489524253,3491.8779948618626,7706.7499487542,46980.75171115803,58.86311567019558,47039.61482682823
2025-08-14,True,8313.30970113267,2452.8933651424,Optimal,0.0002757178929020885,False,3.8133273999992525,0.23596269999688957,2016,5,67410.92498820215,133.24812183219618,4296.131850480341,13663.815676904824,16342.06540068415,3182.166612210944,7478.298462691285,44100.059841706905,613.4462139502639,44713.50605565717
2025-08-15,True,2452.8933651424,3199.3683895923414,Optimal,0.00034967713155414324,False,3.9556372000079136,0.22607309999875724,2016,5,40154.37201897269,6.8454686363850215e-12,19548.666426853768,14600.795719898128,11154.817011112538,2699.5036843356506,22248.170111189418,23406.71445287596,2.6144265752314766e-11,23406.714452875985
2025-08-16,True,3199.3683895923414,8457.608286048875,Optimal,0.00032031761644996034,False,6.058564500010107,0.2296204000012949,2016,5,45370.8888284826,5.95745675013859e-12,20017.40246588295,19430.474153274263,11006.268157341274,3165.9660994764567,23183.36856535941,25856.17145401735,2.1415566653359976e-11,25856.17145401737
2025-08-17,True,8457.608286048875,8084.241224338603,Optimal,0.0009949348410600977,False,4.556735000005574,0.22804509999696165,2016,5,69716.66583525403,63.78026964287122,3151.281669293104,19998.953549875612,16535.182730938493,3837.137880647394,6988.419549940499,44861.996651120135,429.9132167411162,45291.90986786125
2025-08-18,True,8084.241224338603,8166.6158044819995,Optimal,0.0004705267089417388,False,4.515867900001467,0.25183629999810364,2016,5,69359.31480186683,66.94468214287548,1009.2823885876176,20782.7597717177,16759.898292962283,3940.486898612024,4949.769287199641,44620.94886139204,451.74567791653135,45072.69453930857
2025-08-19,True,8166.6158044819995,8739.470216713744,Optimal,0.00030398360423026686,False,2.145060100010596,0.2424011000111932,16,4,69827.86145859561,91.27856746033804,1358.4576199231847,19618.175711179974,15375.15335504721,3670.1679439010213,5028.6255638242055,45064.245957876854,615.5999529046269,45679.84591078148
2025-08-20,True,8739.470216713744,8499.110497521116,Optimal,0.0005736369240189295,False,4.568080099998042,0.253682900001877,2016,5,70201.33197127415,3777.090016913403,7.967633333353233,18610.98439716259,15291.22110897506,3560.123007380155,3568.090640713508,45031.48826626762,22184.10249662746,67215.59076289508
2025-08-21,True,8499.110497521116,2983.7815466005304,Optimal,2.773244084027634e-05,False,3.9213464000058593,0.2570460999995703,2016,5,68602.28922573266,1.4226758660029759e-11,5285.939055381652,12819.61969919066,15347.688012172963,2987.2606379382846,8273.199693319937,44779.87160545323,5.454898326096025e-11,44779.87160545328
2025-08-22,True,2983.7815466005304,2924.433809821609,Optimal,4.0792337287214275e-06,False,3.246927300002426,0.22792749998916406,2016,5,39565.537588604755,461.34317772834225,16163.326935028967,14138.933654764007,11505.949223459875,2692.3321680830536,18855.65910311202,23200.44658432941,2803.498246854411,26003.94483118382
2025-08-23,True,2924.433809821609,7872.587380370375,Optimal,0.0002271928095738624,False,1.9172934999951394,0.23685380000097211,9,4,45131.816079850774,8.43000669270566e-12,14465.686960352004,19383.07766318362,11246.954693684844,3187.9693989500115,17653.65635930202,25594.525250444134,3.267147730134923e-11,25594.525250444167
2025-08-24,True,7872.587380370375,7818.776938198103,Optimal,0.00049138315358936,False,5.361993900005473,0.22886610000568908,2016,5,73926.52562668498,1.796462978376212e-11,6196.143543928242,21290.64209146561,17293.849492042187,4050.603041595693,10246.746585523935,47039.64139497252,6.106132527383679e-11,47039.641394972576
2025-08-25,True,7818.776938198103,7951.16813,Optimal,0.00019780758870637714,False,0.75021420000121,0.2884030999994138,7,1,73564.89860444491,1412.797146274229,304.67129166668076,19898.870367179454,15998.932924793651,3767.546250583907,4072.217542250588,46627.53109601525,7619.39483420843,54246.92593022368
2025-08-26,True,7951.16813,8120.593971132778,Optimal,0.0008298067462016944,False,4.250005999987479,0.22990730000310577,2016,5,73409.03346282513,7.237579166683177,3881.384865775266,20282.023872966885,16275.956080083679,3836.641951750431,7718.026817525697,46740.1395564035,48.7885211625634,46788.92807756606
2025-08-27,True,8120.593971132778,8304.815865427692,Optimal,8.977934138270792e-05,False,5.049252999990131,0.2306137999985367,2016,5,73298.09009423816,1.8207046981189023e-11,1135.5307410849487,21487.425166427038,17239.01467994048,4064.188592191646,5199.719333276595,47141.49957576907,6.320415033012061e-11,47141.499575769136
2025-08-28,True,8304.815865427692,3438.5186674566303,Optimal,9.458833388496667e-06,False,3.6081279999925755,0.21284100000048056,2016,5,69466.16103867575,289.3006833333499,445.794610515894,15376.524243862254,16834.65211570238,3408.169326130935,3853.963936646829,45878.174371082685,1372.166843416723,47250.34121449941
2025-08-29,True,3438.5186674566303,3501.489940448105,Optimal,7.859789543082368e-06,False,2.971005699990201,0.21497000000090338,2016,5,40257.71794361879,8.249179117569838e-12,14899.301427469143,14455.37905503854,11652.18288888889,2740.2248931581753,17639.52632062732,23989.649688921043,3.6459965935264906e-11,23989.64968892108
2025-08-30,True,3501.489940448105,7873.043572671954,Optimal,0.00011708926151628744,False,4.136557300007553,0.2588287999969907,2016,5,45281.14150251517,180.39977678309938,19401.01369263325,19017.94465436962,11470.13690103793,3176.2541211078433,22577.26781374109,25900.18969032519,389.72201025332794,26289.91170057852
2025-08-31,True,7873.043572671954,8783.596288398496,Optimal,0.0004126338365978874,False,1.9805682000005618,0.23586669999349397,17,4,74358.14729301549,1.627564749639987e-11,2896.1724200617537,21030.81234456065,16215.46055494024,3904.7990738938697,6800.971493955623,47312.772393383835,6.018444353994568e-11,47312.77239338389
2025-09-01,True,8783.596288398496,10800.0,Optimal,0.0003012281516781167,False,2.054068000012194,0.22128430000157095,14,4,71994.15232097569,9.343636975245317e-12,13157.191257879373,18147.700996429652,12884.874466666664,3246.4228181614835,16403.614076040856,46042.25539764379,3.883680932403877e-11,46042.25539764383
2025-09-02,True,10800.0,10800.0,Optimal,0.0004837953711335439,False,1.5388919999968493,0.2156610000092769,16,3,70227.13682934252,5.801581437481218e-12,12727.981136553972,18112.63075151871,14671.230908730158,3441.399842788556,16169.380979342526,45263.12864317306,2.5573672957079908e-11,45263.12864317309
2025-09-03,True,10800.0,10800.0,Optimal,0.0005691235045125508,False,1.9683271999965655,0.2284722999902442,16,4,70085.12197969633,6.891376358453272e-12,11453.358575424338,16231.82186458946,13147.775710317463,3084.0461542719977,14537.404729696336,45239.07149832585,3.1271908618180075e-11,45239.07149832588
2025-09-04,True,10800.0,7232.216583654061,Optimal,4.152164450724523e-05,False,3.275747699997737,0.23778360000869725,2016,5,64863.968430464316,7.435829729729448e-12,11463.679320336087,14135.413867576746,14660.69030744851,3042.506976474176,14506.186296810263,43308.596727847165,2.8842805477324874e-11,43308.596727847194
2025-09-05,True,7232.216583654061,7256.87910196649,Optimal,9.665790857611968e-06,False,3.118976900004782,0.2335315999953309,2016,5,36367.485631557516,6.181721801112872e-12,26950.681344784156,13528.138703292181,10935.59608318548,2567.8801017942715,29518.561446578427,22194.550381784975,2.3782980917985698e-11,22194.550381785
2025-09-06,True,7256.87910196649,9881.79429122134,Optimal,0.00016257700178141018,False,4.197292000011657,0.25886659999378026,2016,5,37062.917984126005,8.779643678735738e-12,23479.445542851274,18420.86879444934,12558.480053174602,3237.47355201989,26716.919094871162,21004.31326261627,2.814914012994052e-11,21004.3132626163
2025-09-07,True,9881.79429122134,10115.606138868978,Optimal,0.0003458274949578723,False,4.898772100001224,0.28132670000195503,2016,5,62991.90486363276,1.7770118709847793e-11,4020.2062595977513,20001.496444660475,15990.781457292112,3776.903139720727,7797.109399318478,40164.715620126786,5.817438314403845e-11,40164.715620126844
2025-09-08,True,10115.606138868978,7016.900552396397,Optimal,0.0006069267665805631,False,4.8710121999902185,0.30977309998706914,2016,5,49497.418638740346,9955.941410298112,65.24466150794387,14638.846747486847,14646.30089328967,3091.2514406697596,3156.4961021777035,30558.912087123743,50356.87961128725,80915.79169841099
2025-09-09,True,7016.900552396397,6650.830845983248,Optimal,0.00021961923270005478,False,6.350766899995506,0.3047301000042353,2016,5,55193.20617749386,4591.986801248246,3026.4174906746107,20975.810300908768,17319.86907950794,4022.010927813981,7048.428418488592,33502.53773459842,22421.246834125748,55923.78456872417
2025-09-10,True,6650.830845983248,7993.107912330244,Optimal,0.0008145063583751696,False,5.635007400007453,0.2470132000016747,2016,5,57081.943197988105,9215.470953069365,187.72148591270934,18871.813975960322,14078.119960815566,3451.416948797762,3639.1384347104713,34555.36603864501,48585.234122736525,83140.60016138153
2025-09-11,True,7993.107912330244,3087.109314836147,Optimal,0.000904162340686052,False,5.2776092999993125,0.2566878000070574,2016,5,50344.66844245651,4817.39229684513,3027.863667480906,16071.105401221528,17432.994112734126,3544.1098859815006,6571.973553462407,31707.592703418257,22500.560848016346,54208.1535514346
2025-09-12,True,3087.109314836147,3373.60544435626,Optimal,2.6574156667777215e-05,False,3.0454278999968665,0.25007710000500083,2016,5,30037.430014447433,1746.520312013339,17164.226195634925,14790.639022409181,11722.571091583335,2781.5718013057335,19945.79799694066,16124.244541337715,6803.676929748339,22927.921471086054
2025-09-13,True,3373.60544435626,8843.04575847222,Optimal,0.000984173805805519,False,4.311876199994003,0.2497707000002265,2016,5,38217.59130925076,284.3816425578209,21649.397581011184,20647.250551366844,11801.77666390278,3376.0335733481043,25025.43115435929,20010.899346001053,1822.8445862731583,21833.74393227421
2025-09-14,True,8843.04575847222,8656.885350925926,Optimal,0.0009653678176527193,False,6.2392994000110775,0.2645694000093499,2016,5,63002.43866646686,1535.273782824998,673.2525068034398,20698.31346989516,16933.178277406747,3951.2956000347103,4624.5481068381505,38862.61123503439,8447.656638099996,47310.267873134384
2025-09-15,True,8656.885350925926,9774.3069228443,Optimal,0.000892089684995904,False,2.3568628000066383,0.2792268999910448,22,3,66751.3695350597,135.7929325396909,6511.205006398209,22648.670595480606,17339.743767612756,4191.505255949478,10702.710262347688,41855.43033186222,700.0615597222436,42555.49189158446
2025-09-16,True,9774.3069228443,9436.647383172782,Optimal,0.0008731461940030697,False,1.8601920999935828,0.25759769999422133,21,3,65277.171990454706,41.00275350397837,2121.649715401818,21098.15068909423,17393.395643870695,4042.414584895056,6164.0643002968745,41431.98097351774,149.82406130353795,41581.80503482128
2025-09-17,True,9436.647383172782,9774.426170472168,Optimal,0.0007983970041689453,False,1.7860667999921134,0.24266489999718033,21,3,66559.65671909317,471.4861988015987,2733.557639814819,21228.76826058159,16891.30138250164,3999.6880907805635,6733.245730595383,41954.17829787226,1863.8957487647197,43818.07404663698
2025-09-18,True,9774.426170472168,3933.4735727791926,Optimal,0.0008717992630806849,False,5.31281129999843,0.26085460001195315,2016,5,57814.25067773569,190.173615566491,1292.376458063896,15857.126613133158,18101.129894561538,3596.949316264598,4889.325774328494,37236.10923557827,834.7503992348645,38070.85963481313
2025-09-19,True,3933.4735727791926,4896.965569768826,Optimal,0.00033388878959854086,False,3.077889599997434,0.25197990000015125,2016,5,32860.39808476953,455.8082924603263,13339.20685101104,15834.233748744617,11958.586539192469,2912.155212562514,16251.362063573553,18031.902101108404,1964.4042257121343,19996.306326820537
2025-09-20,True,4896.965569768826,10071.909546413159,Optimal,0.000889933591454317,False,5.6659465999982785,0.2583544999943115,2016,5,39640.60039009807,1.177724584522366e-11,15519.663375107788,20095.019487774025,11619.516206117061,3300.5593050126317,18820.22268012042,22046.810736978237,4.1269341721772435e-11,22046.810736978277
2025-09-21,True,10071.909546413159,9757.202601323137,Optimal,0.0009138355349367476,False,1.3075610999949276,0.26213149999966845,18,2,68616.34870334886,8.751444013910259e-12,7021.512453546519,18897.815879210735,15590.467112741715,3622.0557115590423,10643.568165105562,43402.41692356977,3.4278229921191895e-11,43402.41692356981
2025-09-22,True,9757.202601323137,9643.183318838566,Optimal,0.0007024961244968736,False,2.6952678999950876,0.2740397000015946,24,4,68050.0939467011,2.509356944456374,3798.4060876929893,19698.919404501834,16058.7420718826,3754.196615103806,7552.602702796795,43015.72794640297,16.915575162531862,43032.6435215655
2025-09-23,True,9643.183318838566,9735.00645143336,Optimal,0.0009203724018470381,False,6.939203499990981,0.23604550000163727,2016,5,69594.88101205429,117.46671666668485,3426.1605340927067,21510.16206294538,17340.590451650445,4077.748478700143,7503.90901279285,44103.55847023386,393.12659070006407,44496.68506093392
2025-09-24,True,9735.00645143336,9830.508114634418,Optimal,0.0009722294443699781,False,7.222452000001795,0.2170198999956483,2016,5,68955.71754197685,1.5907053452224318e-11,3854.1863817750213,20801.866122741525,16763.560062539687,3942.804397000785,7796.990778775806,43664.088754792094,5.385697743331974e-11,43664.088754792145
2025-09-25,True,9830.508114634418,5471.377893214666,Optimal,0.0009912285014180967,False,3.3350867999979528,0.2568740999995498,2016,5,64044.76044308067,1.2099654611574806e-11,4671.106855428447,15586.430983842169,16548.226296189936,3397.3349090719876,8068.441764500434,41995.25944217287,3.942502502241041e-11,41995.25944217291
2025-09-26,True,5471.377893214666,5894.699010828928,Optimal,4.571658010031084e-06,False,2.9665832000027876,0.24437879999459255,2016,5,35085.44577885413,9.101164266667183e-12,14270.415971186078,14419.985799027534,11299.199491359468,2697.4651900538056,16967.881161239882,20227.80643695286,3.5604730275196064e-11,20227.806436952895
2025-09-27,True,5894.699010828928,9481.704732713335,Optimal,0.0008202750424300509,False,3.7764535000023898,0.22305970000161324,2016,5,39433.54496463122,1.0827561069959302e-11,14690.84048699541,19542.616199683438,12601.21397204762,3354.396505751413,18045.23699274682,22113.920325873092,3.8724858208993854e-11,22113.920325873132
2025-09-28,True,9481.704732713335,9593.642572820047,Optimal,0.0009406123547543,False,7.227307100009057,0.2329336999973748,2016,5,69809.29407154743,319.85953472207393,2439.045065522754,21588.080620968587,17385.601246888516,4090.541533973361,6529.586599496115,44359.00652186569,1154.67917160274,45513.68569346843
2025-09-29,True,9593.642572820047,9543.2781802495,Optimal,0.0009847856983827717,False,6.2869922999962,0.2322522000031313,2016,5,70887.62225585221,20.39463333335083,4115.249830665808,21464.228483332903,17431.353024813146,4083.239851090307,8198.489681756115,45126.022153707636,95.52846253339236,45221.55061624103
2025-09-30,True,9543.2781802495,9947.737040361932,Optimal,0.0009990005196063632,False,6.558591900000465,0.2256005999952322,2016,5,71411.03978803093,688.9157497777951,2108.751797372769,22131.663156147915,17562.634182378624,4164.570113656861,6273.32191102963,45693.03454393437,2467.1378131964675,48160.17235713084
2025-10-01,True,9947.737040361932,10800.0,Optimal,0.0008533074375146172,False,5.104423800003133,0.24693789999582805,2016,5,71065.84334313325,8.331557665997025e-12,17228.774251946194,17939.53102199722,13763.983464143488,3323.2845982156655,20552.05885016186,45029.683629096195,2.818566113838017e-11,45029.683629096224
2025-10-02,True,10800.0,7819.854644583716,Optimal,0.0009170584453812831,False,3.4408394000056433,0.23446019999391865,2016,5,64069.13880968002,6.929568030500377e-12,12135.724767648942,15182.956553889868,14980.325628525448,3182.7762807807035,15318.501048429647,41911.09546503804,2.6008422082668404e-11,41911.095465038066
2025-10-03,True,7819.854644583716,7841.110699098328,Optimal,5.322359506800392e-06,False,2.878018899995368,0.23522370000137016,2016,5,32415.306172786597,9.423128943808479e-12,21693.132479711552,15188.89233690476,12283.872343829706,2883.763938560444,24576.896418271997,18575.70312551561,3.2580504960577625e-11,18575.703125515643
2025-10-04,True,7841.110699098328,10800.0,Optimal,0.000975924778143138,False,5.2398837999935495,0.23356319998856634,2016,5,39070.09011257701,1.127808957335219e-11,19671.29974009574,19156.881938612878,12854.073999464927,3343.9186382462794,23015.21837834202,22108.13747668848,3.6379084633608726e-11,22108.137476688516
2025-10-05,True,10800.0,10800.0,Optimal,0.0009182758626789624,False,6.5493031999940285,0.24337469998863526,2016,5,66952.59440936625,4.956035581926699e-12,8734.246609073301,18328.35122961206,14845.96449598577,3482.386733626292,12216.633342699593,42822.7988169434,1.9070795609366087e-11,42822.798816943425
2025-10-06,True,10800.0,10800.0,Optimal,0.0009757055030251867,False,6.206891399997403,0.2319768000015756,2016,5,67294.89135233397,7.715605931934988e-12,5879.53506497364,19380.247565054447,15698.000527694103,3682.247037360345,9561.782102333986,43326.46119468364,3.154308503283687e-11,43326.46119468367
2025-10-07,True,10800.0,10051.883870406346,Optimal,0.0003507996679564533,False,4.495641999994405,0.21999589999904856,2016,5,63919.510657369276,1.5695000854520913e-11,3087.4742585749154,19651.46271278247,16590.98931398809,3808.589528388036,6896.063786962951,40532.509904117775,5.353640242233837e-11,40532.509904117825
2025-10-08,True,10051.883870406346,7915.843039490826,Optimal,0.00011352631391490722,False,4.7455675000092015,0.22778420000395272,2016,5,60248.237958990794,69.07008157938391,2320.3249380487246,18110.12728251976,16591.639846664973,3654.528266770307,5974.853204819031,37515.918513504235,323.627867240179,37839.54638074442
2025-10-09,True,7915.843039490826,4599.652019973164,Optimal,1.1264393060827355e-05,False,3.3942104000016116,0.22629050000978168,2016,5,58244.88702159362,847.3890404012243,3042.275297235149,17234.689468380308,16944.670386953945,3606.2101009440253,6648.485398179175,36091.18554768772,4958.266875938238,41049.45242362595
2025-10-10,True,4599.652019973164,4110.245788496474,Optimal,1.2780231021943776e-05,False,3.5464452000014717,0.24198639999667648,2016,5,29301.205665829668,1148.9454670952434,18620.74966568196,15401.34820476478,12915.557654188493,2975.1967820529776,21595.946447734936,14642.96848988499,6556.936295390506,21199.904785275496
2025-10-11,True,4110.245788496474,7795.837733749999,Optimal,4.6773309922660006e-05,False,3.9601868000027025,0.22722719999728724,2016,5,34924.50714807461,621.6185952797692,14299.699408481469,20121.47368848111,12981.36093694153,3454.520806286059,17754.220214767527,17315.545989348913,3658.96461698026,20974.510606329175
2025-10-12,True,7795.837733749999,7718.827535923719,Optimal,0.00010204396139578743,False,4.171053600002779,0.2350919000018621,2016,5,64970.859591296765,29.599750144853356,2654.327056674917,20528.870944615916,16697.694643182545,3908.1864992596525,6562.513555934569,39845.41178468232,206.48785701045432,40051.89964169278
2025-10-13,True,7718.827535923719,8011.537950443766,Optimal,1.4734959890683267e-05,False,0.6952262000122573,0.22704939999675844,2,1,65123.25807923699,1.737188171091475e-11,3833.837286686797,21045.190102537726,16783.164609987518,3969.315078030164,7803.1523647169615,40076.403090651635,5.7151126053867076e-11,40076.40309065169
2025-10-14,True,8011.537950443766,8241.957239120371,Optimal,1.8683613403573863e-05,False,0.6673981999920215,0.23616390000097454,2,1,66228.14164551189,51.688575810277776,1100.7221267321922,22094.21816551416,17688.939354257527,4174.859522580031,5275.581649312223,40592.18693875547,247.32356089834258,40839.510499653814
2025-10-15,True,8241.957239120371,7809.103231073823,Optimal,3.6368328593889655e-05,False,0.6674228999909246,0.2410206000058679,3,1,65605.09067732174,222.21136984128768,439.8286504676395,20300.096599669938,16832.646852974547,3900.303754741944,4340.132405209583,40595.15532649813,963.4442737268525,41558.59960022498
2025-10-16,True,7809.103231073823,4863.337916444074,Optimal,5.276099975440671e-05,False,3.7858834999933606,0.23420799999439623,2016,5,64022.16631494754,665.712454262412,945.537569723705,18037.142277121166,17261.27402763492,3721.633564115997,4667.171133839702,40411.29717387652,2964.2383694455043,43375.535543322025
2025-10-17,True,4863.337916444074,4834.08925137506,Optimal,1.0520612034980592e-05,False,3.6571331000013743,0.24120990000665188,2016,5,32174.92816365518,7.61857243958275e-12,13173.187070129497,15915.081975900712,12917.54019904169,3026.790441928037,16199.977512057534,16915.385315662174,2.640137930498554e-11,16915.3853156622
2025-10-18,True,4834.08925137506,9038.324406712007,Optimal,7.70692873725079e-06,False,1.0975814999983413,0.25212699999974575,3,2,36070.86466917346,107.61073027779254,12533.483946258071,19918.876561701407,12350.47837517489,3364.163031189573,15897.646977447645,18915.836065862888,229.90782616963352,19145.743892032522
2025-10-19,True,9038.324406712007,8367.651097799822,Optimal,0.00025727809363987846,False,4.854468699995778,0.2562120000075083,2016,5,68327.56916939265,801.9802954861235,1844.6461515616945,21067.298726340585,17668.11794635684,4069.85408889593,5914.500240457624,42316.23543489718,4768.045566814521,47084.2810017117
2025-10-20,True,8367.651097799822,8898.570004265874,Optimal,4.418206791624539e-06,False,0.7292099000042072,0.2289057000016328,4,1,69444.82131370778,425.7680682500232,714.0085683764614,22305.112795238096,17589.314348323413,4184.879540448634,4898.888108825095,43593.934336441336,2040.0646403375877,45633.99897677892
2025-10-21,True,8898.570004265874,8629.446605996462,Optimal,4.3889964452489e-06,False,0.7033307000092464,0.2154822000011336,4,1,70072.59149987997,312.6072142897014,99.26498035716912,21397.702327657746,17574.349943845245,4092.475782081913,4191.740762439083,44022.88087773843,1519.1366694079613,45542.017547146395
2025-10-22,True,8629.446605996462,9139.261802854939,Optimal,0.0001647963365945407,False,1.2397533999901498,0.23102710000239313,2,2,72057.88755157153,339.09452525741403,2075.6225333516186,22671.732454235258,17905.269610757932,4256.647646618852,6332.270179970471,44782.56869476555,1657.8172682190711,46440.38596298462
2025-10-23,True,9139.261802854939,6475.697764111608,Optimal,3.893246041074644e-06,False,1.0599535999936052,0.25746379999327473,6,2,69083.0432029573,1.664432827674922e-11,4796.147426830375,17392.66514559267,16485.26640279906,3570.9627815369404,8367.110208367314,44066.77103699611,5.417022112992609e-11,44066.771036996164
2025-10-24,True,6475.697764111608,5795.74727354938,Optimal,2.0277946178016307e-05,False,1.1662877999915509,0.2415058000042336,7,2,32206.308583191374,161.91182489450404,11408.65956543211,16586.66088154265,14047.150755555554,3219.4606165493274,14628.120181981438,16919.58452287682,826.763277882868,17746.347800759686
2025-10-25,True,5795.74727354938,7970.3400864043215,Optimal,2.2185590922809744e-05,False,4.2972515000001295,0.23125359999539796,2016,5,35511.27982070549,192.94035622024674,10697.05737173391,19218.929159416042,13610.199087557547,3434.137259003554,14131.194630737464,18218.95259670965,1032.8090628150453,19251.761659524695
2025-10-26,True,7970.3400864043215,8658.071144595133,Optimal,7.85713837353492e-05,False,4.5321152999968035,0.2521564000053331,2016,5,72096.26008898002,1.6641799049921246e-11,2964.808418764939,20885.166848298435,16298.027194750004,3899.4085953576223,6864.217014122561,45030.580324099494,5.6854863483835064e-11,45030.58032409955
2025-10-27,True,8658.071144595133,8996.379551523863,Optimal,2.529434152960047e-06,False,2.0548211999994237,0.2207940999942366,6,4,71742.66786403519,1.8995693906731503e-11,3885.876011719619,21051.224312700313,16747.014127051396,3965.901778720187,7851.777790439805,45162.279394473364,6.996320156549274e-11,45162.27939447344
2025-10-28,True,8996.379551523863,9755.814881490296,Optimal,1.1826707687482046e-08,False,0.7002006000111578,0.2469113999977708,1,1,71865.9922120218,2.062927606516496e-11,1017.6165854179262,22065.59015596897,17189.636229365078,4116.518596637462,5134.135182055388,45067.33402632486,7.293138937214394e-11,45067.334026324934
2025-10-29,True,9755.814881490296,8046.978378104626,Optimal,0.000322327202795266,False,0.6957019999972545,0.25221889998647384,6,1,70195.20439505905,1899.1936112794917,570.5027643175763,19734.691026674027,17523.052584653065,3920.4749454066327,4490.977709724209,43903.71089520987,9805.055078583364,53708.76597379323
2025-10-30,True,8046.978378104626,7359.711533183421,Optimal,0.00012482629881018574,False,5.190789600004791,0.23924389999592677,2016,5,72456.9344786578,1.518563053082289e-11,4508.862170512458,19888.39378197075,16728.139123825393,3847.5215030665636,8356.383673579021,45902.5772943304,5.633749378120001e-11,45902.577294330455
2025-10-31,True,7359.711533183421,6838.83478681658,Optimal,6.463317539402125e-06,False,0.5312827000016114,0.24161399999866262,1,1,33547.15788565519,106.92997222223212,7045.432445416925,16700.80219749469,13996.438851700856,3225.2400921606754,10270.6725375776,17962.64474580394,449.2278460750338,18411.872591878975
2025-11-01,True,6838.83478681658,8580.747566635802,Optimal,0.00020621308667253976,False,1.4036417999886908,0.23995790000481065,5,1,35172.964579659565,100.24507027779309,7506.4001506172945,19237.102969207524,14014.331903220796,3480.8582861675077,10987.258436784803,18498.97461868873,220.47114147769267,18719.445760166425
2025-11-02,True,8580.747566635802,8420.47096023657,Optimal,0.000751458936858751,False,4.95831729999918,0.24884660000680014,2016,5,75566.26725004715,1.8467949391975935e-11,2752.348235802489,21904.126456161343,17886.59137525,4177.811687310579,6930.1599231130685,47554.257866272535,6.022468312938401e-11,47554.257866272594
2025-11-03,True,8420.47096023657,8250.242155632719,Optimal,0.00017900950413115945,False,2.141302000003634,0.22522839999874122,15,2,76851.89184528173,1.5918384665969398e-11,3670.5847833491202,20155.698435488182,16479.321656888897,3846.6055832031407,7517.1903665522605,48026.80413233203,5.3253015951798544e-11,48026.80413233208
2025-11-04,True,8250.242155632719,7883.786334441206,Optimal,0.00021180679724779056,False,1.979568399998243,0.2549757000087993,15,2,76635.79260944838,174.7580194444643,5675.060933707496,20448.567899602032,16893.150237750007,3921.873483043538,9596.934416751033,47718.52542106954,1147.9682426639586,48866.4936637335
2025-11-05,True,7883.786334441206,8400.246544394911,Optimal,0.0005434217485129029,False,1.6149230000009993,0.2298880000016652,14,1,77052.11157929749,2.104905139077573e-11,2752.929776906905,21875.51340402949,17254.351668305553,4104.701525770233,6857.631302677139,48155.1360161637,7.162619142242477e-11,48155.13601616377
2025-11-06,True,8400.246544394911,7341.794675775647,Optimal,0.0002894698745734805,False,1.3592238000128418,0.24151500000152737,9,1,74226.0263842956,1168.2644856944737,1081.4767038431717,20504.40156791708,17561.171951770175,4001.6814847661726,5083.1581886093445,47162.87156958914,5609.242551438967,52772.114121028106
2025-11-07,True,7341.794675775647,6294.202821061783,Optimal,0.0,False,0.15950200000952464,0.24730879999697208,0,0,32799.28647278525,314.2741088194545,7488.073635305281,17104.514906360884,14797.489743394794,3354.6170176799546,10842.690652985235,17486.152213152385,1661.3406728310463,19147.492885983433
2025-11-08,True,6294.202821061783,8595.86626715552,Optimal,0.000645353207474612,False,1.4646468999999342,0.22741940000560135,9,1,36308.03817083633,94.21755101389884,6826.474096947467,19542.512754833657,13757.9382299309,3482.9110788090215,10309.385175756488,19044.90131083988,200.71543872626023,19245.61674956614
2025-11-09,True,8595.86626715552,8113.578881327156,Optimal,9.719912916430182e-05,False,0.6551846000074875,0.22992840000370052,6,1,77076.37395293692,366.45916507753526,2511.8634698559927,21148.479537214014,17564.32707238888,4066.4398506535,6578.303320509493,48271.51335766258,1996.2062815854774,50267.71963924806
2025-11-10,True,8113.578881327156,8178.830589999997,Optimal,1.1261475173413742e-05,False,0.7039403999951901,0.22943409999425057,5,1,77632.22216027453,723.4368699669636,105.25024305557807,22806.521838843964,18414.556151658056,4326.713978513069,4431.964221568648,48488.02371122389,3940.800088890186,52428.82380011408
2025-11-11,True,8178.830589999997,8607.74415837124,Optimal,5.5756224298149355e-05,False,1.301888499991037,0.2261251000018092,11,2,79300.86904305169,1.4818923865789202e-11,3007.5948044403885,22885.433475844864,18151.17890390022,4305.3410035734005,7312.935808013789,49399.41975735575,4.546321979992385e-11,49399.41975735579
2025-11-12,True,8607.74415837124,8321.46548890432,Optimal,7.396581478644989e-05,False,0.6533984000125201,0.23591790000500623,11,1,79150.31921446223,8.841156944459826,4173.255153772312,22566.148790287447,18536.23132265306,4316.196137101308,8489.45129087362,49632.69147455392,38.71984683824448,49671.41132139216
2025-11-13,True,8321.46548890432,7215.751004660496,Optimal,4.258837250820297e-05,False,0.6691348000022117,0.22466959999292158,6,1,77487.57658981885,18.85340833335461,2179.0310984977828,20666.687467406296,17735.159884418543,4037.2420672315793,6216.2731657293625,48882.693978635674,40.55105332924119,48923.245031964914
2025-11-14,True,7215.751004660496,7178.464882314823,Optimal,3.461614629057248e-06,False,0.547707800011267,0.22805620000872295,1,1,34976.99231048834,1.252309367316684e-11,4048.341971413791,17703.96078518773,14373.76574611317,3367.4811614202367,7415.823132834028,18737.24989765503,5.0969568343717244e-11,18737.24989765508
2025-11-15,True,7178.464882314823,8459.147809479502,Optimal,4.6559144892047e-05,False,1.0992215000005672,0.25036019999242853,6,2,36501.63706637766,31.467203787031035,3427.3294250707145,19690.912073574204,14797.024145146896,3613.2050012626314,7040.534426333345,19326.970704579926,116.17574037596071,19443.146444955888
2025-11-16,True,8459.147809479502,8079.030544738949,Optimal,0.00024127810837281971,False,1.7432528999925125,0.22569919998932164,10,3,80340.07177855738,88.95962222224,2061.8092980015654,22498.859251111673,18566.181531666956,4312.794984185274,6374.60428218684,50740.81888885534,223.5110508333993,50964.32993968874
2025-11-17,True,8079.030544738949,8380.157636389202,Optimal,0.0003409803950604622,False,1.7224495999980718,0.20562509998853784,19,3,81182.52113356802,1.4807710613240488e-11,4037.0825883913094,21992.999101885063,17543.314890041675,4148.557120193137,8185.639708584446,51122.28077100444,5.644059841714011e-11,51122.2807710045
2025-11-18,True,8380.157636389202,8708.599233023728,Optimal,0.00019160719490127976,False,6.712178000001586,0.21953559998655692,2016,5,81278.43050254103,46.247783825803964,1881.6406270233408,22404.675731784697,17852.189905774532,4224.0442293756405,6105.6848563989815,51024.79240999348,134.92971947865104,51159.72212947213
2025-11-19,True,8708.599233023728,8733.313949401483,Optimal,0.00022229497988499516,False,0.6758305999974255,0.2095948999922257,10,1,81157.43912076512,282.78815827778897,1543.997285562337,23714.07973021368,19186.161336733105,4503.203677102825,6047.2009626651625,51005.4765979994,617.9887184480856,51623.46531644748
2025-11-20,True,8733.313949401483,7484.350830722723,Optimal,6.569310873202208e-05,False,0.6329404999996768,0.21619269999791868,8,1,79557.25191936067,83.79232845946177,1768.996510133758,22121.25532191538,19042.283617562345,4327.934823031799,6096.931333165558,50155.98435998436,180.60038075696426,50336.584740741324
2025-11-21,True,7484.350830722723,8154.861412870369,Optimal,7.452435743992581e-05,False,5.799888199995621,0.20518420000735205,2016,5,36570.38787672921,1.0300649222472202e-11,3517.4356833758757,18868.992646072613,14680.424519385937,3518.0575445390323,7035.493227914908,19566.280294843044,3.8813131597592586e-11,19566.280294843084
2025-11-22,True,8154.861412870369,8422.501761471758,Optimal,5.217691371099206e-05,False,1.4363813000090886,0.2039507000008598,12,1,36320.984915234054,1.0776213255070388e-11,2131.872376406682,19623.193377646316,15653.910322152267,3701.6427068926614,5833.515083299343,19277.757186576568,3.6465600872226385e-11,19277.757186576604
2025-11-23,True,8422.501761471758,8322.405986021296,Optimal,9.199791415337167e-05,False,1.3372382999950787,0.20486700000765268,15,2,81834.94456568689,907.8574113739833,3097.8672499339923,23699.603377363,19286.764933569448,4512.934219244017,7610.801469178009,51164.84664969087,4162.699100834812,55327.545750525685
2025-11-24,True,8322.405986021296,8327.801286452881,Optimal,0.00023267338965280674,False,1.8796295000065584,0.2102835999976378,17,3,82275.83388878222,102.845600555578,3934.368467344175,22513.21869265891,18230.851370665292,4276.972021562035,8211.34048890621,51403.0312379116,520.3058054601844,51923.33704337179
2025-11-25,True,8327.801286452881,8448.626717777779,Optimal,0.0001374260954985396,False,1.4503934999956982,0.20892850001109764,15,2,81583.61974282996,215.35984510770567,959.2122961377636,24012.44177337278,19341.334948239546,4550.281393808339,5509.493689946103,51206.6654034071,583.5552246838457,51790.22062809095
2025-11-26,True,8448.626717777779,8125.659611097529,Optimal,0.00013643811753925875,False,5.332381799991708,0.22397130000172183,2016,5,81219.77593976357,682.52556533335,982.3122174554437,23436.804212212457,19274.481807904318,4485.289510988393,5467.601728443837,51036.615766425624,2868.4281378290657,53905.04390425469
2025-11-27,True,8125.659611097529,7866.192160586423,Optimal,0.0004933575683428755,False,4.106578499995521,0.27303279998886865,2016,5,81417.11338178127,191.76411808335604,1753.8298688765672,22671.976858498507,18597.821960843787,4333.622348165827,6087.452217042394,51479.333371537534,669.050583304367,52148.3839548419
2025-11-28,True,7866.192160586423,8676.27673361111,Optimal,0.0009377913993616686,False,4.657590699993307,0.2665041000000201,2016,5,37541.22555794067,19.633046944458165,2005.0389986625642,20555.28916052812,15920.708104305559,3824.4964831978746,5829.535481860438,19815.98656484319,120.01681597142766,19936.003380814618
2025-11-29,True,8676.27673361111,8477.768664722242,Optimal,0.00016681502528904216,False,4.527793700006441,0.24885199998971075,2016,5,36902.41188407202,1297.565580121442,59.144908333357385,17842.314304526768,14630.931848666663,3409.890524748973,3469.03543308233,19538.92386886474,7376.073339646738,26914.997208511475
2025-11-30,True,8477.768664722242,7656.846206049361,Optimal,0.00017215347015195535,False,5.581138200010173,0.27182530000573024,2016,5,84263.6957659526,555.3938434160412,817.1681027778006,23662.75580384084,19905.662413916674,4578.015848597048,5395.183951374848,53143.36915802567,2514.2006719212873,55657.56982994696
2025-12-01,True,7656.846206049361,8005.390887546197,Optimal,0.0001948564808041071,False,2.786693300004117,0.2645232999930158,20,3,86627.00103929144,6190.053302611119,1686.864275000012,23776.6953695898,18945.433036020586,4482.717652072379,6169.581927072391,54304.97692772529,25084.484008141597,79389.4609358669
2025-12-02,True,8005.390887546197,7978.1696237037,Optimal,0.00043107482704604925,False,1.4820173000043724,0.22645300001022406,17,2,87728.97422632924,5900.44014198971,586.297583333343,23314.768276020302,18909.46144103469,4432.528098828107,5018.8256821614505,55611.23978967157,24989.311299529865,80600.55108920144
2025-12-03,True,7978.1696237037,8528.29131787037,Optimal,0.0003930688522618396,False,5.49957379999978,0.2679143999994267,2016,5,87624.47047602599,4687.564522410417,81.20321666668104,24068.282580805557,19000.1993657025,4517.96152093639,4599.1647376030705,55736.45158422332,16368.907186622206,72105.35877084553
2025-12-04,True,8528.29131787037,7822.652944154909,Optimal,0.000609290371651342,False,4.489790999999968,0.24199039999803063,2016,5,87074.28877514292,3653.6477102792333,48.4566638889088,23912.345304616647,20004.0742330834,4613.90944524871,4662.366109137618,56082.77832756029,13946.857855909513,70029.6361834698
2025-12-05,True,7822.652944154909,8411.895515000002,Optimal,0.0008893184513731836,False,3.887020100009977,0.2597935999947367,2016,5,43124.865360368676,2985.093430208188,79.35807500001613,22045.551149910185,17326.578117666668,4129.730461398426,4209.088536398443,22395.76328783569,11096.969104229682,33492.73239206537
2025-12-06,True,8411.895515000002,8379.797102815504,Optimal,0.0008444341422931761,False,3.5947771000064677,0.22625599999446422,2016,5,42758.3224506156,4563.0296280339635,19.484775000017205,19295.395041836447,15658.158554853573,3669.3348991673756,3688.819674167393,22485.207009138325,19485.397484329318,41970.60449346765
2025-12-07,True,8379.797102815504,8149.145302037035,Optimal,0.00041557488550362213,False,1.3063202000048477,0.25820299999031704,18,2,92504.57697810074,285.3306614166845,668.1878376886325,24613.81669752324,20144.77814569445,4699.690352607264,5367.878190295896,59231.80624463236,1772.2196152917365,61004.0258599241
2025-12-08,True,8149.145302037035,8471.018423858024,Optimal,0.0001527278344353607,False,1.6726940999942599,0.267326300003333,20,3,94096.92988665486,1.6592838214535277e-11,1097.3474404111905,25593.081683884906,20440.710354307885,4830.4982077560335,5927.845648167224,60033.74280473345,6.188539525275871e-11,60033.74280473351
2025-12-09,True,8471.018423858024,8409.098872499999,Optimal,0.00017606022703676373,False,0.7283750000060536,0.2668381999974372,20,1,94193.48147170288,403.82078046915746,2494.2518937928976,25106.966778603695,20392.370686891216,4776.515643070506,7270.767536863403,60109.84199089796,2455.9281372414557,62565.77012813942
2025-12-10,True,8409.098872499999,8308.180178669008,Optimal,0.00014134379878467452,False,0.8187669000035385,0.2666478999890387,16,1,93804.54346367867,1.993516463016931e-11,745.8033364677847,25062.886763116465,20391.76510257223,4772.040354375227,5517.843690843012,59865.14569650117,8.099479442691404e-11,59865.14569650125
2025-12-11,True,8308.180178669008,9068.804271334977,Optimal,0.00017818716267311503,False,1.1987263999908464,0.2624420999927679,24,2,104087.2267826535,1.2107648217352107e-11,13235.700255891705,22135.316544012832,17245.044717251025,4129.647734095842,17365.347989987546,67177.23520478062,4.665994390862238e-11,67177.23520478066
2025-12-12,True,9068.804271334977,8784.144931935387,Optimal,0.0006548961847289172,False,4.437267999994219,0.2652051000040956,2016,5,52312.75460446116,1.177724584522366e-11,5372.359516262154,18327.236896449016,15101.255291583333,3510.640944265272,8883.000460527426,27773.70025768797,4.211283544108824e-11,27773.700257688015
2025-12-13,True,8784.144931935387,8831.307605559557,Optimal,0.00031013708068760746,False,6.372516600007657,0.2700443999929121,2016,5,53688.39754168752,1.0865308652796557e-11,6246.9616976738,18949.768707466537,15306.866246786145,3595.739787056226,9842.701484730025,28332.445488424957,4.2580875270203934e-11,28332.445488425
2025-12-14,True,8831.307605559557,8647.099546295154,Optimal,0.00023198346774140532,False,0.9640992000058759,0.2512858999980381,22,1,100729.38090136077,1.1179848713460672e-11,7813.6569556915365,22646.259994774806,18509.257849105557,4321.2102049336545,12134.86716062519,64994.294334956256,4.4311089152093695e-11,64994.2943349563
2025-12-15,True,8647.099546295154,8611.701886974166,Optimal,0.00023348237636731386,False,0.7575757000013255,0.27277300000423566,22,1,100763.20721985071,1.1399770016851107e-11,6969.459568539343,22926.566200176883,18602.376515532167,4359.587343965707,11329.046912505051,64891.590329163904,4.572172029870814e-11,64891.59032916395
2025-12-16,True,8611.701886974166,8560.732255570987,Optimal,0.00024441923748599116,False,0.9339738999988185,0.2828507000085665,22,1,101317.06493522973,9.517719945506542e-12,7628.396654111633,22718.15587393491,18447.57892615014,4321.5465791879515,11949.943233299586,65534.46825435843,3.4452135366791483e-11,65534.468254358464
2025-12-17,True,8560.732255570987,8557.432550462961,Optimal,0.0002600988334830114,False,0.7953955999983009,0.27047119999770075,22,1,100915.94689263751,1.1691980716932449e-11,8450.660392666674,22507.416673165295,18233.977239861113,4276.739138412209,12727.399531078883,64836.984545941516,4.504708212005326e-11,64836.98454594156
2025-12-18,True,8557.432550462961,8615.164374691334,Optimal,0.00022763306417457888,False,4.109389200006262,0.2350561000057496,2016,5,100140.3347938556,1.3892442751739509e-11,8320.120742294208,23168.36022678527,18714.413141890534,4396.215260666365,12716.336002960572,64536.02245494118,4.8844150057902876e-11,64536.02245494123
2025-12-19,True,8615.164374691334,8478.876019287887,Optimal,0.00010456075829703962,False,4.177502299993648,0.2493285999953514,2016,5,53377.598794705205,1.3021583811223536e-11,7054.653899812476,18616.911130293916,15202.357535401175,3550.841950296189,10605.495850108666,28270.90497914878,4.9087679698800456e-11,28270.90497914883
2025-12-20,True,8478.876019287887,8628.137192175926,Optimal,0.00034994081071745836,False,5.3980114000005415,0.2768854000023566,2016,5,53471.518601575546,9.613976281741543e-12,6864.525100835758,19033.190500739795,15282.549250000002,3601.380077851758,10465.905178687515,28295.28778597495,3.3000357113621705e-11,28295.287785974982
2025-12-21,True,8628.137192175926,8978.2712545679,Optimal,0.00020419644689963098,False,0.9362368000001879,0.2841582999972161,22,1,100675.24828778332,1.301908580941813e-11,6941.696198260981,23056.050351067963,18360.280128212275,4345.636160463716,11287.332358724698,64991.4252392518,4.060074335066055e-11,64991.42523925185
2025-12-22,True,8978.2712545679,8333.44029638889,Optimal,0.00025219556050167896,False,0.78216610000527,0.27566689999366645,22,1,100137.67917401447,144.9591452777883,7650.714221895239,22499.18356013049,18804.68654606681,4339.327972242695,11990.042194137934,64500.328354043355,690.1172665657376,65190.44562060909
2025-12-23,True,8333.44029638889,9041.814301063669,Optimal,0.00024750518304693115,False,1.8410060000023805,0.27159069999470375,23,1,101640.05746996947,1.021671636181054e-11,9331.049721771617,23228.308477143346,18177.39326227881,4342.541210189758,13673.590931961375,65370.79929768797,3.8084850828568054e-11,65370.799297688005
2025-12-24,True,9041.814301063669,8483.925947668613,Optimal,0.00025058801465826385,False,0.7701195999979973,0.2549784000002546,22,1,100061.63467516622,1.5492052085619434e-11,8360.535318725155,22887.576620157753,19041.036580383334,4404.428393169479,12764.963711894636,64396.28024824423,5.452755913459839e-11,64396.28024824428
2025-12-25,True,8483.925947668613,8783.612026187813,Optimal,0.00020420697883984492,False,3.87256950000301,0.2740542999963509,2016,5,100421.23722490147,1.1716849712684052e-11,8000.294838581743,22835.665170100714,18227.1713171143,4308.8077744672155,12309.102613048959,64585.12370811412,5.0098324599900935e-11,64585.12370811417
2025-12-26,True,8783.612026187813,8754.54714064815,Optimal,0.0005563094902206479,False,5.527258999994956,0.2519233000057284,2016,5,52078.407776239204,1.8550050384646966e-11,5563.039711101852,18599.49488836704,15091.749256563002,3536.8105173437048,9099.850228445557,27783.15484966776,6.446295719442218e-11,27783.154849667826
2025-12-27,True,8754.54714064815,8866.495162376536,Optimal,0.0004482639953717287,False,5.492872799994075,0.24445339999510907,2016,5,53415.29188054562,1.1931511334495326e-11,6452.150170746193,18545.154860932773,14920.8222178,3512.384621404389,9964.534792150582,28256.45495524348,4.551169380251352e-11,28256.454955243527
2025-12-28,True,8866.495162376536,8708.573196049387,Optimal,0.0002145311002220427,False,0.8033308000012767,0.26281730001210235,22,1,100456.51457230144,1.1844858427423333e-11,9684.240345643526,21606.048665012462,17643.02918835453,4120.941442985083,13805.181788628608,64895.630590804416,4.6993801516848064e-11,64895.63059080446
2025-12-29,True,8708.573196049387,8722.005058630952,Optimal,0.0002058166241004456,False,1.5461696999991545,0.26603959999920335,22,2,100426.93372792692,1.2843948127283511e-11,8722.39064208024,21940.4639097717,17759.68709059167,4167.3449565984665,12889.735598678706,64807.94388658715,4.5771520795767627e-11,64807.94388658719
2025-12-30,True,8722.005058630952,8709.50554016975,Optimal,0.00019886562107690012,False,0.8081341000070097,0.26827610000327695,21,1,99418.23927618547,7.917555500114304e-12,8931.386791710569,22493.15500573682,18230.705121261904,4274.949402936116,13206.336194646685,63747.17121108911,3.474657489510591e-11,63747.171211089146
2025-12-31,True,8709.50554016975,1200.0,Optimal,0.00020540527581899671,False,0.4451087999914307,0.25710309999703895,8,1,91019.95959637091,62.299959191217305,6107.423058064797,16247.202896404078,19918.78933224008,3837.9191043337505,9945.342162398549,60007.9605696709,293.762616776558,60301.72318644745
