variant,date,total_fee,initial_plan_fee,increase_fee,refund,cancel_penalty,emergency_fee,emergency_kwh,unused_kwh,start_soc,end_soc,fallbacks
q2_neutral,2025-02-01,30816.49621787039,30809.017505870357,0.0,0.0,0.0,7.4787120000276675,3.856000000009846,3189.1398018077703,1200.0,10800.0,1
q2_neutral,2025-02-02,60210.65913823531,60210.65913823531,0.0,0.0,0.0,4.898714056622566e-11,1.2701839580131493e-11,7011.181836258933,10800.0,4212.741393934386,0
q2_neutral,2025-02-03,62996.16105859386,62794.89963624165,0.0,0.0,0.0,201.26142235222957,83.5302242873049,3860.1341434279816,4212.741393934386,3044.060445329707,0
q2_neutral,2025-02-04,63228.61041623823,63228.61041623815,0.0,0.0,0.0,8.25505335200205e-11,1.994671094962541e-11,2566.7472138749167,3044.060445329707,2498.180707244428,0
q2_neutral,2025-02-05,63373.19231613078,63343.33197113071,0.0,0.0,0.0,29.860345000076805,13.875625000018148,2887.4668076994417,2498.180707244428,2554.6532781613832,0
q2_neutral,2025-02-06,64034.358619787374,64034.35861978728,0.0,0.0,0.0,7.408853488089645e-11,1.4838920023296787e-11,4061.296056561708,2554.6532781613832,3220.1434157407425,0
q2_neutral,2025-02-07,17357.723606381413,17310.497684823044,0.0,0.0,0.0,47.22592155836868,27.15694166667906,6634.276808054984,3220.1434157407425,2101.6963423933853,0
q2_neutral,2025-02-08,17350.24884670062,17350.248846700593,0.0,0.0,0.0,2.935833684492017e-11,8.825294661729544e-12,5695.599982382918,2101.6963423933853,2465.010429972337,0
q2_neutral,2025-02-09,61913.62961279054,61913.62961279049,0.0,0.0,0.0,7.94703580442313e-11,1.831010343344985e-11,1388.0780192922623,2465.010429972337,3563.288743651434,0
q2_neutral,2025-02-10,59973.27430118067,59973.274301180645,0.0,0.0,0.0,3.6524463897791294e-11,9.766853992232427e-12,7346.011363180269,3563.288743651434,3509.3996708541754,0
q2_neutral,2025-02-11,59672.6373409206,59672.63734092054,0.0,0.0,0.0,7.519710432113414e-11,1.7530421558831222e-11,5761.724296330007,3509.3996708541754,3362.880891302551,0
q2_neutral,2025-02-12,58886.51740025502,58886.51740025497,0.0,0.0,0.0,5.391304719326584e-11,1.263733562240077e-11,4840.968400177223,3362.880891302551,3244.587505065152,0
q2_neutral,2025-02-13,55046.44651230106,54754.8530203272,0.0,0.0,0.0,291.5934919738877,140.34406349693316,4598.911647077167,3244.587505065152,2573.823163417076,0
q2_neutral,2025-02-14,16919.17829209097,14184.228995925878,0.0,0.0,0.0,2734.949296165099,648.8084875992172,2183.5485375634994,2573.823163417076,1304.2953851234563,0
q2_neutral,2025-02-15,17941.249683715745,15036.70787868572,0.0,0.0,0.0,2904.541805030032,708.351862000011,2698.27339027779,1304.2953851234563,1200.0,0
q2_neutral,2025-02-16,61380.19708231735,53178.70300437704,0.0,0.0,0.0,8201.494077940317,1401.597258835609,80.54503554160489,1200.0,1285.453549891975,0
q2_neutral,2025-02-17,54080.81943973098,54080.81943973093,0.0,0.0,0.0,4.813152520988239e-11,1.0913270287460364e-11,4097.968042601304,1285.453549891975,1751.6863282319164,0
q2_neutral,2025-02-18,53006.576580335495,52959.97405934167,0.0,0.0,0.0,46.60252099380739,24.511859722231847,1860.337170877439,1751.6863282319164,3077.22512872795,0
q2_neutral,2025-02-19,56105.82537620412,50997.98887721443,0.0,0.0,0.0,5107.83649898969,1043.2333903400345,1640.800602579409,3077.22512872795,1200.0,0
q2_neutral,2025-02-20,52676.43417663629,52033.86669141232,0.0,0.0,0.0,642.5674852239639,121.64333477382333,1572.9960058365114,1200.0,2118.151754426812,0
q2_neutral,2025-02-21,14375.684766079768,14375.684766079732,0.0,0.0,0.0,3.671860127063553e-11,1.3180789792954783e-11,5256.49398818392,2118.151754426812,1521.004744487415,0
q2_neutral,2025-02-22,15063.258919582777,14781.743196810774,0.0,0.0,0.0,281.5157227719987,55.242451153178045,3136.979968055568,1521.004744487415,1544.601492453703,0
q2_neutral,2025-02-23,51312.20393472435,51270.59131083617,0.0,0.0,0.0,41.61262388818589,19.664489791682275,160.64756190478323,1544.601492453703,1959.2430409959368,0
q2_neutral,2025-02-24,50669.96399584014,50669.96399584011,0.0,0.0,0.0,4.8756777504266325e-11,1.304423236092589e-11,4012.0003021625967,1959.2430409959368,1620.3306512844977,0
q2_neutral,2025-02-25,50285.23944688848,50209.89989068844,0.0,0.0,0.0,75.33955620005999,14.680350000015702,5393.392440776594,1620.3306512844977,2981.3878191905637,0
q2_neutral,2025-02-26,49400.590909777486,48218.45640434059,0.0,0.0,0.0,1182.1345054368965,187.2865596234482,933.1916698798716,2981.3878191905637,1737.2382849845674,0
q2_neutral,2025-02-27,52224.17319672497,46342.34426198188,0.0,0.0,0.0,5881.828934743084,1085.3233327946575,1067.6057063786202,1737.2382849845674,2679.162283542116,0
q2_neutral,2025-02-28,13450.649310506877,13450.64931050684,0.0,0.0,0.0,3.6205953346524215e-11,1.0635936575909e-11,6620.695867781223,2679.162283542116,1504.258386447321,0
q2_neutral,2025-03-01,14185.291138283232,13837.773091397516,0.0,0.0,0.0,347.51804688571417,87.04986102977507,6523.407730791513,1504.258386447321,1357.806001593296,0
q2_neutral,2025-03-02,64107.77439135561,49760.90684051263,0.0,0.0,0.0,14346.867550842962,2560.8846831011942,1061.5259293381407,1357.806001593296,1941.9373012395624,0
q2_neutral,2025-03-03,51890.10108692762,51085.75052056536,0.0,0.0,0.0,804.350566362265,209.89196028727656,642.571945149839,1941.9373012395624,1415.5919854421204,0
q2_neutral,2025-03-04,53280.26762213266,53280.26762213261,0.0,0.0,0.0,4.838504047421921e-11,1.139588423626492e-11,5987.257099820359,1415.5919854421204,2466.561281357965,0
q2_neutral,2025-03-05,50659.58688637967,50659.58688637962,0.0,0.0,0.0,5.666524166558773e-11,1.3293477429954235e-11,8243.109604988322,2466.561281357965,1902.0681710251345,0
q2_neutral,2025-03-06,49471.15061445696,49406.7592533542,0.0,0.0,0.0,64.39136110275408,33.53716724100063,5701.4078780024265,1902.0681710251345,2264.858723993101,0
q2_neutral,2025-03-07,13031.193565678152,13031.19356567813,0.0,0.0,0.0,2.7532280455488945e-11,9.71311919784057e-12,7773.43655563547,2264.858723993101,1594.610246340878,0
q2_neutral,2025-03-08,15783.972166013824,12561.110496469217,0.0,0.0,0.0,3222.8616695446044,1183.8597520138972,8746.107483333342,1594.610246340878,1695.4415647670498,0
q2_neutral,2025-03-09,44678.36417895966,44550.44370279991,0.0,0.0,0.0,127.92047615976507,64.491847222234,1726.9767181613158,1695.4415647670498,1918.059665742573,0
q2_neutral,2025-03-10,59135.82618926592,45258.02473947879,0.0,0.0,0.0,13877.80144978713,2425.112245504836,14.094606944460292,1918.059665742573,1297.925660648147,0
q2_neutral,2025-03-11,45878.17185294997,45152.8444454296,0.0,0.0,0.0,725.3274075203749,215.5329283627969,2308.7632410218143,1297.925660648147,1494.137718287037,0
q2_neutral,2025-03-12,45487.55746539668,44926.18741723212,0.0,0.0,0.0,561.3700481645888,259.6968110708662,4604.243856039824,1494.137718287037,1248.6101677385489,0
q2_neutral,2025-03-13,53566.333054063216,45252.65299620815,0.0,0.0,0.0,8313.680057855094,1556.2355069713694,0.3113583333446472,1248.6101677385489,1306.5905984876551,0
q2_neutral,2025-03-14,12644.46320034078,12382.115116336834,0.0,0.0,0.0,262.34808400394434,135.75907022222853,10932.978182777268,1306.5905984876551,1522.4509170069464,0
q2_neutral,2025-03-15,13545.787477364023,12748.987127276325,0.0,0.0,0.0,796.8003500877046,304.82577941667336,6980.456073986288,1522.4509170069464,1200.0,0
q2_neutral,2025-03-16,45741.48673995442,45229.191016083685,0.0,0.0,0.0,512.295723870735,242.9740600288997,3549.339345919967,1200.0,1863.6933559722256,0
q2_neutral,2025-03-17,43997.62521406602,42989.86812243874,0.0,0.0,0.0,1007.7570916273028,484.8694168093782,7744.448679093264,1863.6933559722256,2178.499418865185,0
q2_neutral,2025-03-18,42981.37693954854,42678.33207490613,0.0,0.0,0.0,303.04486464242086,140.23433765279293,2386.065850441197,2178.499418865185,2633.120090522528,0
q2_neutral,2025-03-19,42043.92468750079,41189.8243646654,0.0,0.0,0.0,854.1003228353894,367.4555177352569,3118.371915379569,2633.120090522528,2235.852141866162,0
q2_neutral,2025-03-20,42579.76769849448,42579.76769849442,0.0,0.0,0.0,5.1864359140729735e-11,1.4030887562910266e-11,470.75965015309447,2235.852141866162,1731.2502347541986,0
q2_neutral,2025-03-21,12378.363771040318,12030.02569179553,0.0,0.0,0.0,348.33807924478424,140.21389936111504,14633.627287962112,1731.2502347541986,1213.5442626873444,0
q2_neutral,2025-03-22,12501.218998492284,12501.21899849226,0.0,0.0,0.0,2.626562189966819e-11,8.557599073810707e-12,10729.589351646102,1213.5442626873444,2234.8493977109724,0
q2_neutral,2025-03-23,41132.39596142477,40795.17758473715,0.0,0.0,0.0,337.2183766876474,155.62959111369398,3994.507563447606,2234.8493977109724,1480.9622730389185,0
q2_neutral,2025-03-24,40458.21990653816,40225.78192960477,0.0,0.0,0.0,232.43797693338848,105.9433916666808,3259.4297157541373,1480.9622730389185,1571.6721551628852,0
q2_neutral,2025-03-25,41037.69427126562,40279.57896473493,0.0,0.0,0.0,758.1153065306945,317.0568014305709,495.1889789780663,1571.6721551628852,1318.318219017372,0
q2_neutral,2025-03-26,39979.06033884368,39833.79152736378,0.0,0.0,0.0,145.26881147989252,70.54450694445272,5511.19084382489,1318.318219017372,1587.2979345370372,0
q2_neutral,2025-03-27,39740.15661570005,39513.97654203125,0.0,0.0,0.0,226.18007366881176,104.30404583334776,1832.3644688957693,1587.2979345370372,1500.2501705133293,0
q2_neutral,2025-03-28,11972.711798316195,11972.711798316175,0.0,0.0,0.0,1.9841007059540062e-11,7.081335517966636e-12,15285.725391383758,1500.2501705133293,1871.8647377524712,0
q2_neutral,2025-03-29,11958.884406431158,11603.750344507818,0.0,0.0,0.0,355.13406192333895,79.47245804167449,18576.247507561737,1871.8647377524712,1341.6446520987647,0
q2_neutral,2025-03-30,38113.40464750138,38063.34033111934,0.0,0.0,0.0,50.06431638205791,22.510933625016385,2713.437402607807,1341.6446520987647,1995.3577470370367,0
q2_neutral,2025-03-31,39356.957609968886,36934.14305005307,0.0,0.0,0.0,2422.81455991584,447.6310192445264,488.15198983198127,1995.3577470370367,1658.88902191358,0
q2_neutral,2025-04-01,50280.22759854096,38635.58854067516,0.0,0.0,0.0,11644.639057865796,2020.8738141687631,17.423565277791827,1658.88902191358,1607.6888089506162,0
q2_neutral,2025-04-02,49100.40385998644,39094.74705109904,0.0,0.0,0.0,10005.656808887405,1914.993446294064,1203.0514568374615,1607.6888089506162,1760.1436843920585,0
q2_neutral,2025-04-03,51707.15535703517,50037.46186531445,0.0,0.0,0.0,1669.693491720751,349.17234271383217,1.4928502878319705e-11,1760.1436843920585,8353.41895709877,1
q2_neutral,2025-04-04,8763.367677979168,8763.367677979139,0.0,0.0,0.0,3.1696873570297155e-11,1.0014211682118912e-11,18679.01294991004,8353.41895709877,1705.4857197874985,0
q2_neutral,2025-04-05,11391.741409719303,11343.25127741672,0.0,0.0,0.0,48.49013230258545,29.684807041673995,13807.683521279158,1705.4857197874985,1232.6993604273334,0
q2_neutral,2025-04-06,39553.277960803855,39409.111880569726,0.0,0.0,0.0,144.16608023412425,67.89078419312767,5123.162509645053,1232.6993604273334,1857.1957438611016,0
q2_neutral,2025-04-07,38264.97292485021,37998.81414708881,0.0,0.0,0.0,266.15877776140314,128.55834191711176,5894.89073411133,1857.1957438611016,1814.830675606261,0
q2_neutral,2025-04-08,37821.13471632097,37776.97092965148,0.0,0.0,0.0,44.1637866694805,19.275600528334493,4272.214223941463,1814.830675606261,1221.7650891821,0
q2_neutral,2025-04-09,43454.90548970011,37521.64726999329,0.0,0.0,0.0,5933.258219706825,1188.0031811824208,178.07766336658676,1221.7650891821,1356.308468348765,0
q2_neutral,2025-04-10,37892.39093251663,37789.336891881874,0.0,0.0,0.0,103.05404063476806,50.12010277778943,3439.47627946063,1356.308468348765,1608.6094541159555,0
q2_neutral,2025-04-11,10949.247740280294,10949.24774028028,0.0,0.0,0.0,1.315599607032425e-11,4.164224520764037e-12,19454.199078893867,1608.6094541159555,1441.8050972693056,0
q2_neutral,2025-04-12,10808.61272679573,10808.612726795707,0.0,0.0,0.0,2.3019978589999825e-11,6.4992455861556656e-12,15838.699124175107,1441.8050972693056,1694.772339789802,0
q2_neutral,2025-04-13,36883.44886850107,36883.448868501,0.0,0.0,0.0,5.6800623593478145e-11,1.4470299958269097e-11,2166.527407175692,1694.772339789802,1721.5365129920156,0
q2_neutral,2025-04-14,36439.96765707607,36320.791177374645,0.0,0.0,0.0,119.17647970142336,60.6386319444556,3428.292264312857,1721.5365129920156,2160.7745886066987,0
q2_neutral,2025-04-15,35540.15909269868,35525.87547390281,0.0,0.0,0.0,14.283618795884236,7.138240277789555,6156.424284691148,2160.7745886066987,1928.0770920878767,0
q2_neutral,2025-04-16,36386.199021110166,36182.04724007536,0.0,0.0,0.0,204.15178103479647,101.96856527779777,32.919194047634385,1928.0770920878767,1618.583734650488,0
q2_neutral,2025-04-17,35715.913838627246,35675.755118643814,0.0,0.0,0.0,40.15871998340358,21.565691666684256,2077.6357713404063,1618.583734650488,2525.266788920083,0
q2_neutral,2025-04-18,10324.61639573567,10324.616395735657,0.0,0.0,0.0,1.9275694001889832e-11,6.345412043029519e-12,17288.06826528202,2525.266788920083,1923.0270569862653,0
q2_neutral,2025-04-19,10610.96163140911,10610.9616314091,0.0,0.0,0.0,1.1391910192948274e-11,4.15023571065376e-12,16916.875117189156,1923.0270569862653,1860.8863078560596,0
q2_neutral,2025-04-20,35180.321460711195,35036.96022713259,0.0,0.0,0.0,143.36123357860814,67.9871254422997,2066.268180949733,1860.8863078560596,2031.1702018716944,0
q2_neutral,2025-04-21,34315.81188979015,34217.273596027604,0.0,0.0,0.0,98.53829376253742,48.745500000010175,5789.491405917966,2031.1702018716944,1500.6021640352749,0
q2_neutral,2025-04-22,34833.53286285017,34831.99497028762,0.0,0.0,0.0,1.537892562557184,0.6974569444603018,1334.112203267696,1500.6021640352749,1793.277526439594,0
q2_neutral,2025-04-23,36010.222158111,34980.54504773321,0.0,0.0,0.0,1029.677110377782,463.5850123809916,2212.333406147042,1793.277526439594,2168.9554061419767,0
q2_neutral,2025-04-24,34049.143541315665,33733.429999641354,0.0,0.0,0.0,315.7135416743244,142.66717932742154,6129.087766639772,2168.9554061419767,1733.4089256378547,0
q2_neutral,2025-04-25,9821.715036993171,9821.715036993157,0.0,0.0,0.0,1.8126107836913263e-11,4.986899782011278e-12,21242.998680205277,1733.4089256378547,1436.5860417853844,0
q2_neutral,2025-04-26,10498.648810925197,10115.813522135846,0.0,0.0,0.0,382.83528878934936,164.52563784467532,23334.005041205597,1436.5860417853844,1200.0,0
q2_neutral,2025-04-27,34834.044611608515,32277.409951019014,0.0,0.0,0.0,2556.634660589509,630.8935238467668,2336.5070374161573,1200.0,1345.032551682099,0
q2_neutral,2025-04-28,63703.7353100654,32808.898100799655,0.0,0.0,0.0,30894.83720926575,5259.225991100784,9.57120493971786e-12,1345.032551682099,1376.9573277777777,0
q2_neutral,2025-04-29,34062.01230519519,32999.36675769818,0.0,0.0,0.0,1062.645547497007,306.5910258688042,4591.053317121983,1376.9573277777777,1577.1349760339504,0
q2_neutral,2025-04-30,32984.49354662662,32491.240243911983,0.0,0.0,0.0,493.2533027146295,231.61873055556785,2413.1747615812906,1577.1349760339504,1814.4917363494292,0
q2_neutral,2025-05-01,47497.2084692585,33237.68953747806,0.0,0.0,0.0,14259.51893178045,3237.6377829609914,1850.244718194936,1814.4917363494292,1877.748,0
q2_neutral,2025-05-02,22820.877976703992,10112.21810654702,0.0,0.0,0.0,12708.65987015697,3246.8425321232467,11893.197244444456,1877.748,1200.0,0
q2_neutral,2025-05-03,19086.86351246746,10266.276263227272,0.0,0.0,0.0,8820.587249240189,2174.627307658734,16422.908755952387,1200.0,1200.0,0
q2_neutral,2025-05-04,42665.45735963087,35236.97207738931,0.0,0.0,0.0,7428.485282241554,1719.1449162485433,3422.0751929600383,1200.0,1200.0,0
q2_neutral,2025-05-05,43701.66172176424,36316.390377469055,0.0,0.0,0.0,7385.271344295184,1816.62031100002,157.29563333335437,1200.0,1464.5893537046306,0
q2_neutral,2025-05-06,39970.23774133657,36465.61935514525,0.0,0.0,0.0,3504.6183861913164,1009.3787802660876,1652.378642511776,1464.5893537046306,1329.7034342592594,0
q2_neutral,2025-05-07,41023.44755089735,37011.57797682374,0.0,0.0,0.0,4011.869574073617,640.8357560541018,185.71155425214684,1329.7034342592594,1462.5200397222225,0
q2_neutral,2025-05-08,39662.7121757213,37355.98620560292,0.0,0.0,0.0,2306.7259701183884,445.98295280953874,20.265850000016155,1462.5200397222225,1200.679055648146,0
q2_neutral,2025-05-09,12256.563579387996,12232.158268616897,0.0,0.0,0.0,24.40531077110645,9.291951559529064,16413.998518680193,1200.679055648146,2067.6942411710456,0
q2_neutral,2025-05-10,11904.984170580952,11904.98417058093,0.0,0.0,0.0,2.2418597478424118e-11,7.45969952475889e-12,13265.081970340989,2067.6942411710456,1366.827885948465,0
q2_neutral,2025-05-11,38087.3356807137,37459.05609130072,0.0,0.0,0.0,628.2795894129711,182.6594126235725,485.086103770671,1366.827885948465,1589.391331626984,0
q2_neutral,2025-05-12,39297.63244480926,39297.632444809205,0.0,0.0,0.0,5.5269406051827725e-11,1.3771317419752904e-11,7155.82742412641,1589.391331626984,1925.6927617460292,0
q2_neutral,2025-05-13,36923.556660536175,36847.85841925279,0.0,0.0,0.0,75.69824128337662,38.06385833334494,2509.757366595733,1925.6927617460292,2145.928577819283,0
q2_neutral,2025-05-14,36752.95510558325,36751.131213616536,0.0,0.0,0.0,1.8238919667193196,0.8991333333479439,3507.272811700705,2145.928577819283,1777.6157021825422,0
q2_neutral,2025-05-15,38140.47264204407,37875.221193644014,0.0,0.0,0.0,265.2514484000506,128.20581666667908,2990.7828335684976,1777.6157021825422,2762.4368544578424,0
q2_neutral,2025-05-16,11763.92862012706,11763.92862012705,0.0,0.0,0.0,1.4528629743715269e-11,4.512168416681561e-12,22105.32885854564,2762.4368544578424,2277.1810648883,0
q2_neutral,2025-05-17,12058.306469009543,11932.49706539648,0.0,0.0,0.0,125.80940361306608,79.07096279924322,14704.510686493244,2277.1810648883,1795.8203656084709,0
q2_neutral,2025-05-18,38243.54673346299,36805.72474805714,0.0,0.0,0.0,1437.82198540587,725.5106853214411,1220.5947041549775,1795.8203656084709,2627.673058584655,0
q2_neutral,2025-05-19,36495.20928921967,36230.29390301131,0.0,0.0,0.0,264.915386208357,129.95852014287118,6989.919900589899,2627.673058584655,2654.622047188974,0
q2_neutral,2025-05-20,36795.59801894685,35847.25199328416,0.0,0.0,0.0,948.3460256626976,513.9033082072284,2.1121104865073903e-11,2654.622047188974,2229.745741813276,0
q2_neutral,2025-05-21,37036.867988787744,36639.40238158887,0.0,0.0,0.0,397.4656071988928,178.1680736914313,3598.648939938052,2229.745741813276,2146.342629471033,0
q2_neutral,2025-05-22,37036.73788836572,36820.77013385535,0.0,0.0,0.0,215.9677545103697,100.7249411079314,2377.217126112152,2146.342629471033,3637.40451235449,0
q2_neutral,2025-05-23,11693.315465486216,11618.91645620976,0.0,0.0,0.0,74.39900927645185,52.02727921429135,17557.741522325774,3637.40451235449,3242.651276654104,0
q2_neutral,2025-05-24,12474.609252920342,12360.47501848549,0.0,0.0,0.0,114.13423443485472,67.01504070238478,20583.817170605533,3242.651276654104,3434.8205603653023,0
q2_neutral,2025-05-25,37117.60156763824,36269.36695725047,0.0,0.0,0.0,848.2346103877601,403.7038294808551,5198.884322997497,3434.8205603653023,3754.3698544709023,0
q2_neutral,2025-05-26,38670.44784913132,35391.595489876745,0.0,0.0,0.0,3278.852359254588,702.6563976026039,47.07384285716015,3754.3698544709023,1975.2043104895413,0
q2_neutral,2025-05-27,38765.91651413251,38765.91651413244,0.0,0.0,0.0,5.6682603943869484e-11,1.511235581119763e-11,6714.292383098195,1975.2043104895413,3833.353377619048,0
q2_neutral,2025-05-28,37280.57746002521,35988.70130298351,0.0,0.0,0.0,1291.8761570417046,631.34163720575,935.6707884009676,3833.353377619048,3692.485301730422,0
q2_neutral,2025-05-29,37965.04247629727,37965.04247629721,0.0,0.0,0.0,6.054338763661349e-11,1.4984902207970663e-11,842.4866841564059,3692.485301730422,3818.520696276845,0
q2_neutral,2025-05-30,12161.822257628655,12161.822257628635,0.0,0.0,0.0,2.667850296234064e-11,8.29647461841887e-12,17871.447023747365,3818.520696276845,3291.9118408201102,0
q2_neutral,2025-05-31,12832.496575211926,12033.082229124837,0.0,0.0,0.0,799.4143460870918,299.8097809713133,16113.911505630962,3291.9118408201102,3748.661935215471,0
q2_neutral,2025-06-01,110484.81604676208,40061.00742127975,0.0,0.0,0.0,70423.80862548236,13145.900491493469,14.55211190476523,3748.661935215471,1200.0,0
q2_neutral,2025-06-02,87429.14184146878,42368.319559427466,0.0,0.0,0.0,45060.82228204132,9291.962177368652,20.53710119048361,1200.0,1200.0,0
q2_neutral,2025-06-03,76790.8992843902,43704.24242158295,0.0,0.0,0.0,33086.65686280724,6975.577118999752,8.820833333343224,1200.0,1325.6443669444443,0
q2_neutral,2025-06-04,56506.572862175904,48841.74159631129,0.0,0.0,0.0,7664.8312658646355,2431.1848500381275,736.8245208900424,1325.6443669444443,1200.0,0
q2_neutral,2025-06-05,65245.50533468575,49324.85890925523,0.0,0.0,0.0,15920.646425430505,3642.056815003981,134.46042272194535,1200.0,1200.0,0
q2_neutral,2025-06-06,33954.10327829055,15978.604190765383,0.0,0.0,0.0,17975.499087525168,4466.71125492858,3293.91851269842,1200.0,1221.4515,0
q2_neutral,2025-06-07,22169.33275115283,17534.129371277802,0.0,0.0,0.0,4635.203379875027,883.4049092710014,1028.25189404763,1221.4515,1449.57723712963,0
q2_neutral,2025-06-08,57950.36407688129,57950.36407688126,0.0,0.0,0.0,3.70339832411748e-11,7.912392963049797e-12,11421.42993342613,1449.57723712963,4066.6346763175225,0
q2_neutral,2025-06-09,54569.95099518688,54569.95099518682,0.0,0.0,0.0,7.034636817504492e-11,1.765521062679909e-11,3851.79904604367,4066.6346763175225,2410.775279819224,0
q2_neutral,2025-06-10,62650.35217573542,62650.35217573537,0.0,0.0,0.0,4.973584921685869e-11,1.1670664434859646e-11,7817.09424046881,2410.775279819224,7075.11312251335,0
q2_neutral,2025-06-11,64659.332240632924,59323.23841538146,0.0,0.0,0.0,5336.093825251471,1006.5054361111302,1674.6487257385534,7075.11312251335,6983.497898257096,0
q2_neutral,2025-06-12,61327.95507788075,61327.9550778807,0.0,0.0,0.0,7.039652250018236e-11,1.5497270133835173e-11,5964.427215141406,6983.497898257096,7831.940429346568,0
q2_neutral,2025-06-13,21015.874630020106,21015.87463002008,0.0,0.0,0.0,3.221225641780734e-11,1.070876720632441e-11,8614.792241943096,7831.940429346568,5415.956684673233,0
q2_neutral,2025-06-14,28847.802123472266,28847.802123472226,0.0,0.0,0.0,4.8269618413421255e-11,1.5044632206695496e-11,11104.63753723982,5415.956684673233,10545.126043086422,1
q2_neutral,2025-06-15,57890.42912143119,57890.42912143117,0.0,0.0,0.0,6.257795570618896e-11,1.7550849662484325e-11,7322.720546093108,10545.126043086422,6787.317753712454,0
q2_neutral,2025-06-16,59594.81417485496,59594.81417485485,0.0,0.0,0.0,8.996653122483876e-11,2.0264567801575595e-11,4581.475351881613,6787.317753712454,6876.848115993985,0
q2_neutral,2025-06-17,58700.4714320449,58700.4714320448,0.0,0.0,0.0,9.260893829576843e-11,2.2709834013312505e-11,1911.808459031473,6876.848115993985,6367.085218207112,0
q2_neutral,2025-06-18,60326.22692757056,60326.22692757047,0.0,0.0,0.0,7.346786334849753e-11,1.7914114636141676e-11,7751.566207667084,6367.085218207112,6344.232682045848,0
q2_neutral,2025-06-19,58679.98410619684,58679.984106196775,0.0,0.0,0.0,5.3817114098464455e-11,1.4989343100069163e-11,9941.64214826689,6344.232682045848,5888.2617075133,0
q2_neutral,2025-06-20,20111.55068990052,20111.550689900498,0.0,0.0,0.0,2.53802583394247e-11,8.959055719515163e-12,12467.54749178004,5888.2617075133,5117.204632341705,0
q2_neutral,2025-06-21,20214.21284904504,20214.212849045027,0.0,0.0,0.0,2.141487231988037e-11,7.191136575102064e-12,14545.200629351952,5117.204632341705,5697.416045213845,0
q2_neutral,2025-06-22,55586.15804797928,55586.1580479792,0.0,0.0,0.0,7.099752119543721e-11,1.708766461661071e-11,4953.230307053414,5697.416045213845,6975.708398546981,0
q2_neutral,2025-06-23,54340.920384798985,54340.9203847989,0.0,0.0,0.0,8.694708686363129e-11,2.0953905277565354e-11,5778.717739436432,6975.708398546981,6147.944177405203,0
q2_neutral,2025-06-24,64608.32728782484,55906.85017815503,0.0,0.0,0.0,8701.477109669815,1668.5540671170647,642.2776789070331,6147.944177405203,3309.5255521959884,0
q2_neutral,2025-06-25,59691.79297044432,59691.79297044425,0.0,0.0,0.0,6.488376058655376e-11,1.553512873897489e-11,5926.345238005583,3309.5255521959884,6902.407454601319,0
q2_neutral,2025-06-26,57765.14364797328,57765.14364797324,0.0,0.0,0.0,4.9893474685092087e-11,1.1726619675300752e-11,11299.276532579384,6902.407454601319,5704.118257553763,0
q2_neutral,2025-06-27,18607.137409381045,18607.137409381012,0.0,0.0,0.0,2.98045219615517e-11,8.786749106093339e-12,13667.53219773615,5704.118257553763,5034.720418358908,0
q2_neutral,2025-06-28,18590.697017836166,18590.697017836137,0.0,0.0,0.0,2.3086576206310382e-11,6.716405209772347e-12,11165.783226953594,5034.720418358908,4689.352790562168,0
q2_neutral,2025-06-29,57542.22102893499,57542.22102893492,0.0,0.0,0.0,5.893346810559308e-11,1.453415165997285e-11,6478.286851406717,4689.352790562168,5547.16560511022,0
q2_neutral,2025-06-30,56384.66229097197,56384.66229097187,0.0,0.0,0.0,8.403004123080925e-11,1.9238999282578103e-11,5292.805747332977,5547.16560511022,5842.218887644451,0
q2_neutral,2025-07-01,64563.15869557717,60512.66624465752,0.0,0.0,0.0,4050.492450919635,1147.8487302170388,478.4235998016021,5842.218887644451,1236.3553022164465,0
q2_neutral,2025-07-02,75524.50810756671,64347.37641283916,0.0,0.0,0.0,11177.131694727565,4124.47868052703,8.572254017735759e-12,1236.3553022164465,1200.0,1
q2_neutral,2025-07-03,86741.5825071158,61003.38659811838,0.0,0.0,0.0,25738.19590899743,4609.4220056334425,43.15683273810682,1200.0,1376.9309071064815,0
q2_neutral,2025-07-04,34211.48912865529,21830.02688797471,0.0,0.0,0.0,12381.462240680592,3865.8049607745793,9760.989533333342,1376.9309071064815,1200.0,0
q2_neutral,2025-07-05,35962.45083664546,21928.45137412437,0.0,0.0,0.0,14033.999462521086,3541.7840633042547,10363.689966666674,1200.0,1200.0,0
q2_neutral,2025-07-06,118366.35122751366,62713.40270750642,0.0,0.0,0.0,55652.9485200072,12412.086672666666,1.2079226507921705e-12,1200.0,1200.0,1
q2_neutral,2025-07-07,63233.824763718,63233.82476371796,0.0,0.0,0.0,5.636558608745901e-11,1.1726675186451983e-11,3200.191973633157,1200.0,3781.925495211641,0
q2_neutral,2025-07-08,73591.87195527632,73591.87195527629,0.0,0.0,0.0,4.6312555568306376e-11,1.0393463867330864e-11,12372.277707908584,3781.925495211641,7063.4008013381845,0
q2_neutral,2025-07-09,70731.02465286464,70731.02465286461,0.0,0.0,0.0,5.922312196204869e-11,1.3747225580118538e-11,12435.855741361564,7063.4008013381845,7454.452560293054,0
q2_neutral,2025-07-10,79064.69866899496,79064.69866899491,0.0,0.0,0.0,4.5614251931169736e-11,1.1686651646414248e-11,9300.43565318914,7454.452560293054,10800.0,1
q2_neutral,2025-07-11,30183.183694306223,30183.1836943062,0.0,0.0,0.0,2.75548974748574e-11,8.15614242810625e-12,15267.182614449604,10800.0,6579.955373341605,0
q2_neutral,2025-07-12,28360.56247880474,28360.56247880472,0.0,0.0,0.0,2.154365930095992e-11,6.005862474012247e-12,13991.247550946484,6579.955373341605,4959.20831058126,0
q2_neutral,2025-07-13,72049.6001928945,72049.60019289442,0.0,0.0,0.0,6.914666361712563e-11,1.7617352021659368e-11,3874.022957227775,4959.20831058126,10693.410772608026,1
q2_neutral,2025-07-14,61520.74702442507,61520.74702442503,0.0,0.0,0.0,3.909549900482645e-11,8.763323400273748e-12,8798.345830675415,10693.410772608026,5224.607076587295,0
q2_neutral,2025-07-15,71041.64790217757,71041.6479021775,0.0,0.0,0.0,1.1305997876798202e-10,2.5569213413234596e-11,2.735500714834416e-11,5224.607076587295,10093.642536183852,1
q2_neutral,2025-07-16,60888.114899864326,60888.11489986426,0.0,0.0,0.0,7.639402621606449e-11,1.9017010188804303e-11,5523.852058400025,10093.642536183852,5539.513301597109,0
q2_neutral,2025-07-17,70137.1386429241,70137.13864292402,0.0,0.0,0.0,8.591393452217489e-11,2.185113201491617e-11,2.3998469877994918e-11,5539.513301597109,8624.43933788899,1
q2_neutral,2025-07-18,26006.39143900914,26006.39143900913,0.0,0.0,0.0,1.90012166001452e-11,6.110667527536862e-12,12046.548151287245,8624.43933788899,5181.712691511597,0
q2_neutral,2025-07-19,27584.802380250123,27584.802380250097,0.0,0.0,0.0,2.2300039148603898e-11,5.8832938520936295e-12,16300.500201734363,5181.712691511597,4916.195196291077,0
q2_neutral,2025-07-20,69385.72635130525,69385.72635130511,0.0,0.0,0.0,9.913868447009032e-11,2.0162510550036927e-11,2.15233386668956e-11,4916.195196291077,8601.918021806949,1
q2_neutral,2025-07-21,62094.92090390966,62094.9209039096,0.0,0.0,0.0,4.7538862624207926e-11,1.178257491574186e-11,3872.625208225378,8601.918021806949,5564.194703665383,0
q2_neutral,2025-07-22,69611.80764100744,69611.80764100737,0.0,0.0,0.0,8.059310507846362e-11,1.7958357023672988e-11,1.3866907622173129e-11,5564.194703665383,7498.998635980202,1
q2_neutral,2025-07-23,61785.77162045202,61785.77162045195,0.0,0.0,0.0,6.004506464263315e-11,1.429983909062571e-11,4121.8576806318415,7498.998635980202,5034.5028649977885,0
q2_neutral,2025-07-24,62875.27916624162,62875.279166241526,0.0,0.0,0.0,8.828555275730566e-11,1.8648860233838604e-11,2927.7844859548186,5034.5028649977885,5941.85593162881,0
q2_neutral,2025-07-25,26681.11151519218,26681.111515192148,0.0,0.0,0.0,2.4570768336618087e-11,6.609102154442326e-12,16046.611405725194,5941.85593162881,5203.150481272455,0
q2_neutral,2025-07-26,27799.94361152612,27799.943611526098,0.0,0.0,0.0,1.6334805508222416e-11,5.1088022701151195e-12,14965.008364320009,5203.150481272455,5061.83988969136,0
q2_neutral,2025-07-27,63217.20687125323,61665.83297012569,0.0,0.0,0.0,1551.373901127536,288.09519671371453,2320.056329090014,5061.83988969136,5343.449879857898,0
q2_neutral,2025-07-28,69647.34289382193,69647.34289382189,0.0,0.0,0.0,5.1889503693836046e-11,1.2736256493894869e-11,1.4604789599914625e-11,5343.449879857898,3318.860476013102,1
q2_neutral,2025-07-29,70562.81219311181,70562.81219311175,0.0,0.0,0.0,5.2663841065836426e-11,1.2329248733067288e-11,8.967604436804777e-12,3318.860476013102,4485.426097653316,1
q2_neutral,2025-07-30,71242.88537709952,71242.88537709948,0.0,0.0,0.0,7.801907297988464e-11,1.6502577082633252e-11,1.4918150048615075e-11,4485.426097653316,7125.563194540445,1
q2_neutral,2025-07-31,70231.44205498545,70231.44205498534,0.0,0.0,0.0,1.0345531115119043e-10,2.3566149032205882e-11,2.66148769689778e-11,7125.563194540445,8946.312770488414,1
q2_neutral,2025-08-01,21009.698526839227,21009.698526839187,0.0,0.0,0.0,3.2023661944435846e-11,8.590905764549461e-12,16649.83694006166,8946.312770488414,2808.861727856628,0
q2_neutral,2025-08-02,23011.931073358694,23011.931073358668,0.0,0.0,0.0,3.6879230336239743e-11,8.8626883609777e-12,16921.516186044977,2808.861727856628,2481.725543500843,0
q2_neutral,2025-08-03,68715.28275598389,68715.28275598382,0.0,0.0,0.0,7.83691037065104e-11,1.674693717035325e-11,5574.942864354272,2481.725543500843,10149.006912169316,1
q2_neutral,2025-08-04,50974.67039358483,50711.05736296461,0.0,0.0,0.0,263.61303062020244,105.7895318254058,6724.637774873821,10149.006912169316,1944.1607209202823,0
q2_neutral,2025-08-05,55183.88017646452,54022.622621623625,0.0,0.0,0.0,1161.2575548409222,466.0877201849922,5528.517991374471,1944.1607209202823,2001.595637101267,0
q2_neutral,2025-08-06,60177.79865889414,51999.912619324736,0.0,0.0,0.0,8177.886039569412,1764.2275209721013,26.000963690487712,2001.595637101267,1200.0,0
q2_neutral,2025-08-07,53535.67723867977,52870.75570823329,0.0,0.0,0.0,664.921530446459,256.14050764287333,3914.565461628256,1200.0,1867.9826246866655,0
q2_neutral,2025-08-08,22280.328075141915,22280.32807514188,0.0,0.0,0.0,3.8933880600403037e-11,7.86666912167e-12,21468.832457680423,1867.9826246866655,1784.3071023234438,0
q2_neutral,2025-08-09,22092.36208689704,22092.36208689703,0.0,0.0,0.0,1.7790295459008118e-11,5.027533944712559e-12,17645.34386929665,1784.3071023234438,1456.31658619662,0
q2_neutral,2025-08-10,55212.99297954755,55212.99297954749,0.0,0.0,0.0,5.580044937225637e-11,1.234035096331354e-11,3526.9734579186197,1456.31658619662,2443.039447971775,0
q2_neutral,2025-08-11,65453.98635115564,65453.98635115556,0.0,0.0,0.0,1.0126259257503543e-10,2.2085958062412203e-11,2.186978376172988e-11,2443.039447971775,10312.426260317456,1
q2_neutral,2025-08-12,51251.014491599424,48892.61171353687,0.0,0.0,0.0,2358.402778062584,508.3165136042443,1158.9389815927275,10312.426260317456,1640.0060145913578,0
q2_neutral,2025-08-13,66945.43296037593,66945.43296037584,0.0,0.0,0.0,9.345153062501055e-11,1.720990017162194e-11,1.793853954268343e-11,1640.0060145913578,9519.273076566667,1
q2_neutral,2025-08-14,50069.4762374097,49150.31620482659,0.0,0.0,0.0,919.160032583105,209.0924918710446,2681.1209233195227,9519.273076566667,1937.8564842727212,0
q2_neutral,2025-08-15,22247.611732853336,22247.61173285332,0.0,0.0,0.0,2.3793755188350475e-11,6.37717656459813e-12,19577.624062110528,1937.8564842727212,1892.2152636258068,0
q2_neutral,2025-08-16,22840.670254211796,22840.67025421177,0.0,0.0,0.0,2.0190451532897667e-11,4.527045405211538e-12,20077.432127632117,1892.2152636258068,2012.9379169157849,0
q2_neutral,2025-08-17,52400.84093642626,51801.55176751405,0.0,0.0,0.0,599.2891689122023,230.00706920238716,3055.0958571964507,2012.9379169157849,2101.299010171957,0
q2_neutral,2025-08-18,51767.48117549662,51677.79726541214,0.0,0.0,0.0,89.68391008449197,12.964608874729072,844.5205365489162,2101.299010171957,2034.327961835915,0
q2_neutral,2025-08-19,66370.82414148343,66370.82414148335,0.0,0.0,0.0,1.0044349840754308e-10,2.082334304986944e-11,2.1367740909994378e-11,2034.327961835915,10715.472932823568,1
q2_neutral,2025-08-20,72058.88576220459,47974.1297316549,0.0,0.0,0.0,24084.75603054967,3514.5044278703263,1.2858158981998711e-11,10715.472932823568,1526.1711175617284,0
q2_neutral,2025-08-21,53985.76882331124,53767.12739277992,0.0,0.0,0.0,218.641430531312,89.3183287500152,3748.188443011548,1526.1711175617284,2004.6698478892465,0
q2_neutral,2025-08-22,24030.22890927726,22258.68216699656,0.0,0.0,0.0,1771.5467422807142,460.4995329884728,16236.134080795617,2004.6698478892465,1222.8083243055553,0
q2_neutral,2025-08-23,22256.040590718465,22192.19299583292,0.0,0.0,0.0,63.84759488554658,18.97951128969033,14405.980152413904,1222.8083243055553,1426.3570043745117,0
q2_neutral,2025-08-24,54348.59744010342,54348.59744010335,0.0,0.0,0.0,5.4637921742539667e-11,1.148414696672262e-11,5485.716426272598,1426.3570043745117,2025.0168467229987,0
q2_neutral,2025-08-25,63924.27608977419,53583.55746178286,0.0,0.0,0.0,10340.718627991357,1578.1906735919886,20.580548569476196,2025.0168467229987,1618.197542685186,0
q2_neutral,2025-08-26,54190.720699804246,53992.69566779169,0.0,0.0,0.0,198.0250320125615,87.11476250001407,3602.200049044276,1618.197542685186,2490.733985047452,0
q2_neutral,2025-08-27,53607.28471163985,53396.33163421479,0.0,0.0,0.0,210.95307742505835,96.46843333334698,673.6013609035093,2490.733985047452,2009.897516055829,0
q2_neutral,2025-08-28,56817.67516682806,54664.0424537916,0.0,0.0,0.0,2153.6327130364457,363.3321695440576,25.794438888902405,2009.897516055829,1591.4488977469146,0
q2_neutral,2025-08-29,22430.236601600333,22430.236601600314,0.0,0.0,0.0,1.8974845694685878e-11,4.533040609544514e-12,14750.730328662345,1591.4488977469146,1472.1035213599814,0
q2_neutral,2025-08-30,22867.17028859003,22712.57619254905,0.0,0.0,0.0,154.59409604098272,75.97482825000678,19296.87599286901,1472.1035213599814,1200.0,0
q2_neutral,2025-08-31,53881.0816026824,53859.58632223656,0.0,0.0,0.0,21.49528044585184,8.924758333329262,3023.329851410944,1200.0,2339.419855458558,0
q2_neutral,2025-09-01,47250.6192922919,47250.61929229185,0.0,0.0,0.0,4.9736662788291136e-11,1.3507417406799505e-11,11453.541267381475,2339.419855458558,5844.489746666666,0
q2_neutral,2025-09-02,45384.467737477054,45384.46773747702,0.0,0.0,0.0,3.0785434645963505e-11,9.251266419596504e-12,10938.915312590798,5844.489746666666,5678.936615159478,0
q2_neutral,2025-09-03,47076.479511063335,46807.12826105401,0.0,0.0,0.0,269.35125000931527,132.78346068981654,10150.410720058551,5678.936615159478,5500.489175766072,0
q2_neutral,2025-09-04,45890.81351343051,45890.81351343049,0.0,0.0,0.0,3.1206788264626085e-11,7.936762358440319e-12,10729.089669854802,5500.489175766072,5625.036396303439,0
q2_neutral,2025-09-05,17969.90381167311,17969.90381167308,0.0,0.0,0.0,2.8011143626827102e-11,9.194423000735696e-12,26249.97174250985,5625.036396303439,5515.02855458986,0
q2_neutral,2025-09-06,15428.428955407144,15428.428955407113,0.0,0.0,0.0,3.0314608073789274e-11,7.983738670169771e-12,22244.066773170933,5515.02855458986,3960.057646752651,0
q2_neutral,2025-09-07,40772.62593294386,40772.62593294382,0.0,0.0,0.0,5.444912098973021e-11,1.4540590953515675e-11,2532.268386283619,3960.057646752651,4314.070051472665,0
q2_neutral,2025-09-08,79677.52564723376,32201.53895980172,0.0,0.0,0.0,47475.98668743206,10304.56311039636,9.866440997541304e-12,4314.070051472665,1668.239025,0
q2_neutral,2025-09-09,50851.2773188418,47811.90422427036,0.0,0.0,0.0,3039.373094571461,1338.5245834047744,1807.7186829365176,1668.239025,5971.215390895065,1
q2_neutral,2025-09-10,83846.37210951644,33780.35387800825,0.0,0.0,0.0,50066.01823150818,9591.964588226732,6.375122652002574e-12,5971.215390895065,1477.1816598148148,0
q2_neutral,2025-09-11,50436.6991950093,37202.02267658251,0.0,0.0,0.0,13234.676518426775,2750.9560589857747,3109.5519199270857,1477.1816598148148,1549.817310339506,0
q2_neutral,2025-09-12,17848.955844461612,13493.13840393331,0.0,0.0,0.0,4355.817440528308,1539.470395619055,17086.33258571429,1549.817310339506,1559.5766555555554,0
q2_neutral,2025-09-13,15749.466006471624,14142.391758006386,0.0,0.0,0.0,1607.074248465238,489.9307747318552,20601.795615277784,1559.5766555555554,1496.4852336551949,0
q2_neutral,2025-09-14,47493.29492104581,42447.47502322418,0.0,0.0,0.0,5045.819897821648,792.8024257063662,131.70751717128968,1496.4852336551949,1953.326284701698,0
q2_neutral,2025-09-15,53844.755224760105,53514.91695073925,0.0,0.0,0.0,329.8382740208533,79.37906172285615,792.2026605722313,1953.326284701698,10675.3647943739,1
q2_neutral,2025-09-16,38912.28377547959,38912.28377547952,0.0,0.0,0.0,7.91075738248992e-11,2.0038637416064372e-11,35.470231944467464,10675.3647943739,2506.005588171493,0
q2_neutral,2025-09-17,43973.776995304775,43973.77699530471,0.0,0.0,0.0,6.850919731515859e-11,1.7843504451775516e-11,360.3278234127136,2506.005588171493,3545.0852885267896,0
q2_neutral,2025-09-18,41757.65530141262,41757.65530141254,0.0,0.0,0.0,7.027682438764949e-11,1.8302137583248168e-11,402.3007482143,3545.0852885267896,2873.9250556208053,0
q2_neutral,2025-09-19,14726.381186857654,14726.381186857629,0.0,0.0,0.0,2.7294200677374647e-11,9.301892589519412e-12,13357.006459653643,2873.9250556208053,2106.7977114853625,0
q2_neutral,2025-09-20,14858.026580437148,14346.32707739633,0.0,0.0,0.0,511.6995030408161,174.95845453673437,13602.175948611122,2106.7977114853625,1835.307629686517,0
q2_neutral,2025-09-21,55466.02297544968,55097.81304878565,0.0,0.0,0.0,368.2099266640628,171.85956607144522,2.2750690220618708e-11,1835.307629686517,9897.427717744273,1
q2_neutral,2025-09-22,41342.2518392452,41342.25183924514,0.0,0.0,0.0,6.061282475933183e-11,1.6681878101110215e-11,2395.6113573412827,9897.427717744273,2461.08259532923,0
q2_neutral,2025-09-23,46260.00941919438,46260.009419194335,0.0,0.0,0.0,5.713907746951463e-11,1.5488943461150484e-11,1098.6819066660669,2461.08259532923,3764.317773302467,0
q2_neutral,2025-09-24,45130.305565867966,45130.30556586792,0.0,0.0,0.0,5.5901699796967466e-11,1.4728052111223633e-11,1380.1971158500069,3764.317773302467,3902.819377951794,0
q2_neutral,2025-09-25,45372.15296485312,45261.050320603055,0.0,0.0,0.0,111.10264425004917,16.5147000000149,2734.3794598260474,3902.819377951794,4159.659288024689,0
q2_neutral,2025-09-26,14600.373986788432,14600.3739867884,0.0,0.0,0.0,3.3437246083067865e-11,9.3896002084648e-12,12340.77322879733,4159.659288024689,2868.106564931665,0
q2_neutral,2025-09-27,15601.838864670844,15299.601005250384,0.0,0.0,0.0,302.23785942046334,71.61808519620568,13148.015688112397,2868.106564931665,1319.3192903240747,0
q2_neutral,2025-09-28,47721.80707768943,47721.80707768937,0.0,0.0,0.0,6.074231145847265e-11,1.4310774787418268e-11,246.09145439271288,1319.3192903240747,3875.857178203257,0
q2_neutral,2025-09-29,47043.16690715896,47043.16690715888,0.0,0.0,0.0,6.841685884495519e-11,1.8069101770379348e-11,1871.5986638225847,3875.857178203257,4370.302843774991,0
q2_neutral,2025-09-30,57101.584847219485,57101.58484721945,0.0,0.0,0.0,5.4145231520585926e-11,1.3045009517043128e-11,1.2454481890245006e-11,4370.302843774991,6816.073286290427,1
q2_neutral,2025-10-01,43913.86658663976,43893.429313723056,0.0,0.0,0.0,20.4372729167023,10.155166666677337,14084.991349396008,6816.073286290427,6112.606997846074,0
q2_neutral,2025-10-02,42592.58283425699,42578.145423487134,0.0,0.0,0.0,14.437410769818053,6.779718605210775,9880.4034332742,6112.606997846074,6085.738692547639,0
q2_neutral,2025-10-03,12593.551708180525,12593.55170818049,0.0,0.0,0.0,3.2864408083810303e-11,1.368682944757893e-11,19695.897997954657,6085.738692547639,4345.981489579339,0
q2_neutral,2025-10-04,14644.035433802108,14644.035433802095,0.0,0.0,0.0,1.4557357097544355e-11,5.1230131248303215e-12,15797.462022254567,4345.981489579339,4758.825794941097,0
q2_neutral,2025-10-05,42862.096570930735,42771.4609189772,0.0,0.0,0.0,90.63565195352176,42.59879861112462,4995.23453671371,4758.825794941097,6183.066720771513,0
q2_neutral,2025-10-06,43169.248101751306,43034.24899354948,0.0,0.0,0.0,134.99910820183118,64.05651634723888,2081.363467729789,6183.066720771513,6159.526323454591,0
q2_neutral,2025-10-07,41501.252350674906,41405.56925980472,0.0,0.0,0.0,95.683090870204,46.83724305557305,767.5055326783339,6159.526323454591,5787.895202228282,0
q2_neutral,2025-10-08,37419.40054527222,37419.40054527216,0.0,0.0,0.0,5.099517841333778e-11,1.3753220784451514e-11,1508.075347657908,5787.895202228282,1988.526336007329,0
q2_neutral,2025-10-09,43063.02754740265,38051.37760194822,0.0,0.0,0.0,5011.649945454446,882.027475873351,2303.8786903514715,1988.526336007329,1434.4899671141973,0
q2_neutral,2025-10-10,17080.1162668023,11749.425949646324,0.0,0.0,0.0,5330.690317155978,1413.9716097242126,18565.419661811688,1434.4899671141973,1200.0,0
q2_neutral,2025-10-11,16171.857417131943,12651.26094003412,0.0,0.0,0.0,3520.596477097826,729.9689489682236,14561.989257385369,1200.0,1238.7955308024698,0
q2_neutral,2025-10-12,40899.7349223257,40881.15213969718,0.0,0.0,0.0,18.58278262852884,3.6999069444590873,1052.924570962802,1238.7955308024698,2003.580018242808,0
q2_neutral,2025-10-13,41527.97411998038,41409.83989835465,0.0,0.0,0.0,118.1342216257492,52.77370833334822,2311.8237278241213,2003.580018242808,2811.1930204094933,0
q2_neutral,2025-10-14,41834.94054202618,41455.27893382178,0.0,0.0,0.0,379.6616082044098,180.21779826876508,205.34036329367223,2811.1930204094933,1553.0802409567807,0
q2_neutral,2025-10-15,45500.32677329836,42750.331885993706,0.0,0.0,0.0,2749.994887304653,729.5135377520094,28.87174092202735,1553.0802409567807,2199.599714506172,0
q2_neutral,2025-10-16,44092.0329401936,43662.91503977312,0.0,0.0,0.0,429.1179004205056,173.56091527183938,66.39692295955054,2199.599714506172,1780.8405160706784,0
q2_neutral,2025-10-17,13645.3739696243,13645.373969624285,0.0,0.0,0.0,2.118733161138309e-11,6.703207433567116e-12,13386.370374679114,1780.8405160706784,1619.5821115784856,0
q2_neutral,2025-10-18,13772.6083406524,13709.603654986404,0.0,0.0,0.0,63.0046856659941,49.949580555563024,12758.413089136306,1619.5821115784856,1932.466956223302,0
q2_neutral,2025-10-19,56232.1691798649,55895.36391601972,0.0,0.0,0.0,336.80526384516327,160.248044079595,1.0740741629433614e-11,1932.466956223302,5490.450787839508,1
q2_neutral,2025-10-20,44923.062102535725,44589.56754561411,0.0,0.0,0.0,333.4945569216304,65.20517328970094,532.5061803228655,5490.450787839508,3496.30433688492,0
q2_neutral,2025-10-21,46483.67977803444,45887.63888860647,0.0,0.0,0.0,596.040889427982,220.91546845218448,9.96722916668464,3496.30433688492,1829.2781151905756,0
q2_neutral,2025-10-22,47482.77268746289,47244.70421466627,0.0,0.0,0.0,238.06847279663097,107.05885238405368,790.2713396474453,1829.2781151905756,2532.535761220935,0
q2_neutral,2025-10-23,47121.68394744857,46934.93402685308,0.0,0.0,0.0,186.7499205954963,81.53915987339555,3779.483276918338,2532.535761220935,2852.297966018505,0
q2_neutral,2025-10-24,13837.268881986263,13366.46633039776,0.0,0.0,0.0,470.8025515885038,114.16145843323078,11221.128622631308,2852.297966018505,1511.6882656790117,0
q2_neutral,2025-10-25,14151.017064348373,14151.01706434835,0.0,0.0,0.0,3.035112505767046e-11,8.842482301929522e-12,10503.73212869391,1511.6882656790117,1586.891978666228,0
q2_neutral,2025-10-26,47595.55227236762,47369.71411956083,0.0,0.0,0.0,225.83815280678056,105.4198868467736,1769.8583117335547,1586.891978666228,3226.1604125368904,0
q2_neutral,2025-10-27,46504.03781800004,46309.38580128679,0.0,0.0,0.0,194.65201671326523,93.25085555557256,3289.304120611155,3226.1604125368904,2732.028404834813,0
q2_neutral,2025-10-28,47112.72757342338,47032.14820588165,0.0,0.0,0.0,80.57936754174581,39.825534722241336,118.75819861113357,2732.028404834813,3517.8608496150378,0
q2_neutral,2025-10-29,55470.76635758587,47092.27299984924,0.0,0.0,0.0,8378.493357736632,1500.12351419033,24.404543245335283,3517.8608496150378,1647.418412112655,0
q2_neutral,2025-10-30,49282.80594703213,49148.46033834232,0.0,0.0,0.0,134.34560868980887,64.7898680383383,3192.706365874644,1647.418412112655,2868.6304848060004,0
q2_neutral,2025-10-31,14205.457704137572,14152.46448565045,0.0,0.0,0.0,52.993218487129774,36.159137901679216,6534.578556755839,2868.6304848060004,1984.871772590171,0
q2_neutral,2025-11-01,14408.798649484785,14245.28343543698,0.0,0.0,0.0,163.5152140478027,87.45200832182955,7589.112567128177,1984.871772590171,2322.058524332285,0
q2_neutral,2025-11-02,49840.440539891344,49764.564586220426,0.0,0.0,0.0,75.8759536708896,30.99747083334742,789.5924554933941,2322.058524332285,2760.471866038409,0
q2_neutral,2025-11-03,52120.633533109234,51237.32395540681,0.0,0.0,0.0,883.3095777024398,393.9101563889021,1861.624537378127,2760.471866038409,3071.2349660311525,0
q2_neutral,2025-11-04,49810.461081664704,49719.94053915731,0.0,0.0,0.0,90.520542507405,44.15394457179486,3221.048379350472,3071.2349660311525,2474.8975555989127,0
q2_neutral,2025-11-05,51550.4218618862,51049.56998958425,0.0,0.0,0.0,500.8518723019554,231.9297585555786,616.2793784126245,2474.8975555989127,3170.7749045110704,0
q2_neutral,2025-11-06,54694.31854433506,50603.696632818814,0.0,0.0,0.0,4090.6219115162585,1045.3578348844994,132.78919076961125,3170.7749045110704,1981.1284292340092,0
q2_neutral,2025-11-07,15454.770455891883,14488.60216033146,0.0,0.0,0.0,966.168295560421,230.17578272223176,7630.920672010812,1981.1284292340092,1859.048857191358,0
q2_neutral,2025-11-08,14811.591225294478,14710.143819523204,0.0,0.0,0.0,101.44740577127492,66.61863501389989,7118.401415003446,1859.048857191358,1979.1540159854471,0
q2_neutral,2025-11-09,55344.03748217085,51879.614677828285,0.0,0.0,0.0,3464.422804342547,680.8074135575547,2147.5851113536287,1979.1540159854471,1529.7891474845678,0
q2_neutral,2025-11-10,59535.707126213936,53124.28888498765,0.0,0.0,0.0,6411.418241226262,1247.4286190571,131.33761771264074,1529.7891474845678,1494.6641560333328,0
q2_neutral,2025-11-11,53465.68574591408,53385.34964000083,0.0,0.0,0.0,80.33610591325109,33.687223611126186,1813.8254921832076,1494.6641560333328,2237.043870102444,0
q2_neutral,2025-11-12,53837.573151775294,53747.644362045416,0.0,0.0,0.0,89.92878972992061,40.61755833334789,2657.201567562604,2237.043870102444,2630.5946096017133,0
q2_neutral,2025-11-13,54680.52476262936,54118.35852089794,0.0,0.0,0.0,562.1662417313943,254.02826900001983,1470.6970230302647,2630.5946096017133,2340.500695097451,0
q2_neutral,2025-11-14,14728.441420838624,14702.185257116367,0.0,0.0,0.0,26.256163722251447,16.518551561911032,3873.593244679111,2340.500695097451,1680.5933567155848,0
q2_neutral,2025-11-15,15531.034316941474,15132.673867923742,0.0,0.0,0.0,398.360449017736,266.0169943357046,3254.6877456675875,1680.5933567155848,1634.673815972221,0
q2_neutral,2025-11-16,55739.09811749275,55353.53193221791,0.0,0.0,0.0,385.5661852748736,172.5622424602007,1185.8628177445148,1634.673815972221,1699.5863056334924,0
q2_neutral,2025-11-17,55756.823720423854,55231.96841756556,0.0,0.0,0.0,524.8553028583526,225.59582102321045,3177.1870965998296,1699.5863056334924,2030.674523424609,0
q2_neutral,2025-11-18,55709.4629546013,55038.0233329709,0.0,0.0,0.0,671.4396216303968,311.44402456946744,870.782195198922,2030.674523424609,1807.5632384692933,0
q2_neutral,2025-11-19,57344.781274204506,56258.975926225954,0.0,0.0,0.0,1085.8053479785442,439.16022777779307,782.4386104621691,1807.5632384692933,1708.4113024228457,0
q2_neutral,2025-11-20,55730.774137464665,55268.43883637535,0.0,0.0,0.0,462.3353010893578,206.16263532931225,861.946878313107,1708.4113024228457,2041.700048223472,0
q2_neutral,2025-11-21,15605.662593187057,15513.43409104614,0.0,0.0,0.0,92.22850214091936,60.0311895886253,3292.1701063393343,2041.700048223472,1835.190664429012,0
q2_neutral,2025-11-22,15729.88175797715,15519.857966175856,0.0,0.0,0.0,210.02379180129577,129.60431459505034,2302.3003572449097,1835.190664429012,1485.0135292901275,0
q2_neutral,2025-11-23,58898.641951562415,56788.86754467324,0.0,0.0,0.0,2109.7744068892034,519.1234678194621,1327.066305343462,1485.0135292901275,2306.3294260648186,0
q2_neutral,2025-11-24,57107.36483586305,56342.79119557247,0.0,0.0,0.0,764.5736402905789,334.57334948612186,3362.901327154573,2306.3294260648186,1741.107085021341,0
q2_neutral,2025-11-25,56987.27072927556,56438.45465197489,0.0,0.0,0.0,548.8160773006603,252.72437941668417,167.70945841947076,1741.107085021341,2184.2301786758626,0
q2_neutral,2025-11-26,65903.16786479752,65584.44129415583,0.0,0.0,0.0,318.72657064168897,148.50280000000555,6.188605183865548e-12,2184.2301786758626,1609.6748911141335,1
q2_neutral,2025-11-27,58050.94007842745,57719.793978473215,0.0,0.0,0.0,331.1460999542496,155.40936250001928,950.448087409654,1609.6748911141335,2862.2720814699696,0
q2_neutral,2025-11-28,15924.396750040729,14994.291679878894,0.0,0.0,0.0,930.1050701618308,561.9038406770431,2318.4537320977506,2862.2720814699696,1830.0372414506176,0
q2_neutral,2025-11-29,19382.81882747573,15556.499693422236,0.0,0.0,0.0,3826.319134053492,1350.424809275849,24.548216666684667,1830.0372414506176,1200.0,0
q2_neutral,2025-11-30,61416.18899409055,59788.63135597849,0.0,0.0,0.0,1627.5576381120732,370.5320028611322,71.74389866257536,1200.0,1245.8316116666667,0
q2_neutral,2025-12-01,91532.97424718688,64558.80520191429,0.0,0.0,0.0,26974.16904527265,5218.682623460372,426.8051666063646,1245.8316116666667,1200.0,0
q2_neutral,2025-12-02,99883.52714521828,66509.92111407887,0.0,0.0,0.0,33373.60603113944,6239.715013097222,1.0184630916398874e-11,1200.0,1262.6290574074071,0
q2_neutral,2025-12-03,84780.58946458358,67837.84336992241,0.0,0.0,0.0,16942.74609466118,3459.689732333352,44.15416666668089,1262.6290574074071,1200.0,0
q2_neutral,2025-12-04,105678.79347240814,74813.6207926047,0.0,0.0,0.0,30865.17267980348,6832.804132055556,1.368238855548043e-12,1200.0,1200.0,1
q2_neutral,2025-12-05,28124.151592907278,19576.056664864183,0.0,0.0,0.0,8548.094928043083,2744.800963123488,1.530819915274151e-11,1200.0,1365.898225950426,0
q2_neutral,2025-12-06,33869.676700738244,20213.49507254759,0.0,0.0,0.0,13656.181628190669,3970.4705909530826,25.88810482477696,1365.898225950426,1216.121601481484,0
q2_neutral,2025-12-07,70543.15755956042,70267.72459044159,0.0,0.0,0.0,275.4329691188188,39.30273549001655,38.91633333335579,1216.121601481484,1281.1542799999995,0
q2_neutral,2025-12-08,70825.52473226313,70476.84382686383,0.0,0.0,0.0,348.680905399293,67.20791597327157,217.94673446504476,1281.1542799999995,1987.791607179538,0
q2_neutral,2025-12-09,70864.40887767133,69609.52038188894,0.0,0.0,0.0,1254.8884957823827,189.2906605000128,1193.5891565558345,1987.791607179538,1962.0163284052728,0
q2_neutral,2025-12-10,70923.99300599494,70272.16471246653,0.0,0.0,0.0,651.8282935283594,131.8829789727959,369.391943518541,1962.0163284052728,1288.2906503752502,0
q2_neutral,2025-12-11,77936.06324928852,77936.06324928845,0.0,0.0,0.0,5.4852632658253236e-11,9.689138380508666e-12,12285.371160999715,1288.2906503752502,2994.596555044447,0
q2_neutral,2025-12-12,24495.54185838863,24495.54185838861,0.0,0.0,0.0,2.77869585119106e-11,6.776801342311956e-12,5244.177864369688,2994.596555044447,1961.5057998462955,0
q2_neutral,2025-12-13,25645.126356301043,25645.12635630101,0.0,0.0,0.0,3.2789531978494324e-11,8.600897771771088e-12,5952.977672423872,1961.5057998462955,2156.513107026566,0
q2_neutral,2025-12-14,77302.53559027944,77302.5355902794,0.0,0.0,0.0,4.725066826694047e-11,1.0215828183390839e-11,6444.781349936547,2156.513107026566,2518.900024178437,0
q2_neutral,2025-12-15,76661.08242906959,76661.08242906952,0.0,0.0,0.0,6.429746145231173e-11,1.2322115550134072e-11,6077.60243335908,2518.900024178437,2014.928996853952,0
q2_neutral,2025-12-16,77140.57090242789,77140.57090242786,0.0,0.0,0.0,6.446710743013282e-11,1.4142353954582632e-11,6720.099333247616,2014.928996853952,2065.4725273064187,0
q2_neutral,2025-12-17,76662.20077520145,76662.20077520137,0.0,0.0,0.0,5.5682923605360204e-11,1.0377587678078726e-11,7109.670504385924,2065.4725273064187,2367.54253333647,0
q2_neutral,2025-12-18,75307.84026447976,75307.84026447972,0.0,0.0,0.0,4.629885852480697e-11,8.708589405159728e-12,7208.352223163551,2367.54253333647,2197.0595030400823,0
q2_neutral,2025-12-19,25024.863088256643,25024.8630882566,0.0,0.0,0.0,4.4316305514158216e-11,1.0987211140900399e-11,6975.061178615432,2197.0595030400823,1664.6763231128352,0
q2_neutral,2025-12-20,25191.24275663372,25191.242756633685,0.0,0.0,0.0,3.905221490629885e-11,9.988676552552532e-12,6307.897426582837,1664.6763231128352,1939.4992451328617,0
q2_neutral,2025-12-21,76155.88968185014,76155.88968185011,0.0,0.0,0.0,3.7357886562006117e-11,8.148148822328949e-12,5816.686898828414,1939.4992451328617,2251.3205944711367,0
q2_neutral,2025-12-22,76995.98306894013,76995.98306894011,0.0,0.0,0.0,4.0804210232892047e-11,7.86221088233674e-12,6531.059032237487,2251.3205944711367,1908.602710401253,0
q2_neutral,2025-12-23,76744.63051288309,76744.63051288301,0.0,0.0,0.0,7.518763567304631e-11,1.3020695632803836e-11,8377.598384581233,1908.602710401253,2302.275413379908,0
q2_neutral,2025-12-24,75885.33130552492,75885.33130552489,0.0,0.0,0.0,3.920588409478399e-11,6.964651078078532e-12,7255.036147479426,2302.275413379908,2208.737930041051,0
q2_neutral,2025-12-25,75529.66875276467,75529.66875276458,0.0,0.0,0.0,6.666230767393699e-11,1.2461143228392755e-11,6812.009832413136,2208.737930041051,2166.979530262347,0
q2_neutral,2025-12-26,24935.205212694746,24935.20521269469,0.0,0.0,0.0,4.6336160464122135e-11,1.1989076398322139e-11,5579.298001031572,2166.979530262347,2385.1084646734485,0
q2_neutral,2025-12-27,24308.197087806628,24308.197087806584,0.0,0.0,0.0,3.8491100307069815e-11,1.0163869745838383e-11,5992.937509577496,2385.1084646734485,2101.0159665790125,0
q2_neutral,2025-12-28,76045.55009867252,76045.55009867251,0.0,0.0,0.0,4.389709129526409e-11,9.549694368615746e-12,8322.232348946034,2101.0159665790125,2591.869166441776,0
q2_neutral,2025-12-29,75314.49606368993,75314.49606368995,0.0,0.0,0.0,3.528761327586949e-11,6.557421272646025e-12,7875.635463826551,2591.869166441776,1995.827168740401,0
q2_neutral,2025-12-30,74243.74755797719,74243.74755797713,0.0,0.0,0.0,5.313158535358298e-11,1.1866507776403523e-11,7561.880132970717,1995.827168740401,2502.48276268882,0
q2_neutral,2025-12-31,73815.71098887926,73815.71098887916,0.0,0.0,0.0,4.713220774776872e-11,9.237000053730071e-12,5499.396408233004,2502.48276268882,1200.0,0
q2_cvar,2025-02-01,23544.71896398441,23396.87149864438,0.0,0.0,0.0,147.84746534004017,86.84138933334512,14120.500653624911,1200.0,4422.807010696496,0
q2_cvar,2025-02-02,73324.70304558502,73324.70304558489,0.0,0.0,0.0,1.2218803213670527e-10,2.678302024605728e-11,57.2728454976024,4422.807010696496,10800.0,1
q2_cvar,2025-02-03,60426.72960532267,60294.6073402044,0.0,0.0,0.0,132.1222651182804,60.017668924560304,4254.5120541087645,10800.0,3383.4048262468177,0
q2_cvar,2025-02-04,63426.47810160664,63424.890690773216,0.0,0.0,0.0,1.5874108334013668,0.7783333333498839,3273.3321287248923,3383.4048262468177,2442.9714637161023,0
q2_cvar,2025-02-05,63393.43817610535,63370.10090177199,0.0,0.0,0.0,23.337274333398188,10.844458333348342,3009.013903183736,2442.9714637161023,2521.3743288888927,0
q2_cvar,2025-02-06,64150.94204313583,64150.9420431358,0.0,0.0,0.0,4.020069129407472e-11,8.280555061079829e-12,4272.101729838776,2521.3743288888927,3176.086854629629,0
q2_cvar,2025-02-07,17462.29100567361,17462.291005673582,0.0,0.0,0.0,3.2585720122213504e-11,1.1546097411496705e-11,6846.118727343857,3176.086854629629,2039.5080125000015,0
q2_cvar,2025-02-08,17538.612018689295,17538.612018689266,0.0,0.0,0.0,3.5155983763024425e-11,1.1579313896614709e-11,5857.62853006567,2039.5080125000015,2449.82067261904,0
q2_cvar,2025-02-09,62187.70458461134,62187.70458461126,0.0,0.0,0.0,8.05341149323624e-11,1.7274626173957586e-11,1668.7353651559663,2449.82067261904,3631.354269210182,0
q2_cvar,2025-02-10,60225.43352068432,60225.433520684295,0.0,0.0,0.0,4.0062160144849195e-11,1.0216938406415466e-11,7502.840090617554,3631.354269210182,3754.571219263888,0
q2_cvar,2025-02-11,59934.660377215536,59934.66037721546,0.0,0.0,0.0,7.049220894506101e-11,1.575814478904647e-11,6160.82571885804,3754.571219263888,3721.570080374289,0
q2_cvar,2025-02-12,59007.02057960895,59007.02057960887,0.0,0.0,0.0,5.9676043301371e-11,1.4368561895850007e-11,4935.100911712856,3721.570080374289,3478.9418065262707,0
q2_cvar,2025-02-13,55129.990654573805,55129.990654573725,0.0,0.0,0.0,6.736480129276856e-11,1.6060042185017664e-11,4941.310672926033,3478.9418065262707,2765.6032978586013,0
q2_cvar,2025-02-14,16664.210564494122,14158.813351881396,0.0,0.0,0.0,2505.3972126127287,564.9381111791346,2183.185295039696,2765.6032978586013,1304.2953851234568,0
q2_cvar,2025-02-15,17239.16032965465,15274.624964137767,0.0,0.0,0.0,1964.5353655168851,477.2846219861215,2851.4669866132795,1304.2953851234568,1200.0,0
q2_cvar,2025-02-16,58220.36960736983,53947.17736309328,0.0,0.0,0.0,4273.192244276554,778.576749264922,183.4529174603341,1200.0,1333.089444645062,0
q2_cvar,2025-02-17,54849.03960010222,54849.03960010218,0.0,0.0,0.0,5.083349341461485e-11,1.3519851904675306e-11,4758.078075582009,1333.089444645062,2078.4753650302205,0
q2_cvar,2025-02-18,53211.11413425475,53211.11413425471,0.0,0.0,0.0,7.515127609103445e-11,1.9086066060935988e-11,2579.7114996031564,2078.4753650302205,2523.493548905072,0
q2_cvar,2025-02-19,53731.224045815405,52007.18787468024,0.0,0.0,0.0,1724.036171135171,413.7441357767218,1779.2947573412882,2523.493548905072,1200.0,0
q2_cvar,2025-02-20,52338.817568318926,52338.81756831889,0.0,0.0,0.0,5.623598831050458e-11,1.2743583965857395e-11,1897.855283060459,1200.0,1651.3555502011493,0
q2_cvar,2025-02-21,14675.536434632277,14675.536434632242,0.0,0.0,0.0,2.9424051861681734e-11,9.048761739904876e-12,5363.749061025385,1651.3555502011493,1645.4602297567797,0
q2_cvar,2025-02-22,14890.398710952084,14841.795147911136,0.0,0.0,0.0,48.603563040952665,9.518911680567824,3238.6816866051245,1645.4602297567797,1501.0497434567865,0
q2_cvar,2025-02-23,51891.3093583099,51891.309358309845,0.0,0.0,0.0,6.47001336395725e-11,1.5872525516158476e-11,808.5957234053648,1501.0497434567865,2058.1997210464424,0
q2_cvar,2025-02-24,51290.98900382239,51290.98900382237,0.0,0.0,0.0,5.2576544729010516e-11,1.4183876295703612e-11,4647.518000913937,2058.1997210464424,1828.147103929564,0
q2_cvar,2025-02-25,50437.10447427577,50437.10447427569,0.0,0.0,0.0,6.575509203798902e-11,1.6146195491728577e-11,5996.199672863818,1828.147103929564,2472.4197132238974,0
q2_cvar,2025-02-26,49261.29008050234,49114.34284999597,0.0,0.0,0.0,146.94723050636804,27.552548387173523,1662.5573722289644,2472.4197132238974,1668.3593542132376,0
q2_cvar,2025-02-27,51376.54835682928,47043.13634468561,0.0,0.0,0.0,4333.412012143667,818.9145005694547,1921.309165919612,1668.3593542132376,2380.0197407533865,0
q2_cvar,2025-02-28,13607.085048500609,13607.085048500572,0.0,0.0,0.0,4.1404437212122496e-11,1.2313261521512686e-11,6711.506693177581,2380.0197407533865,1530.8561860058903,0
q2_cvar,2025-03-01,14022.728929456698,13841.585368534124,0.0,0.0,0.0,181.14356092257387,45.58673066957902,6542.708157014847,1530.8561860058903,1370.382323996913,0
q2_cvar,2025-03-02,63990.24698541398,49772.97422399197,0.0,0.0,0.0,14217.272761421998,2544.9392155752,1215.5468583809204,1370.382323996913,1882.688616024931,0
q2_cvar,2025-03-03,51418.481668320295,51418.48166832024,0.0,0.0,0.0,7.218537378950173e-11,1.7204904168011126e-11,607.6771770383045,1882.688616024931,1258.5637955167622,0
q2_cvar,2025-03-04,53357.61262352755,53357.61262352747,0.0,0.0,0.0,5.609742959045149e-11,1.364708346329735e-11,5620.5558485936335,1258.5637955167622,2190.986161082061,0
q2_cvar,2025-03-05,51195.82578678152,51195.82578678147,0.0,0.0,0.0,6.49751898951223e-11,1.7471801783131014e-11,8201.172616516762,2190.986161082061,2039.925820788349,0
q2_cvar,2025-03-06,49391.03019689239,49326.446311558975,0.0,0.0,0.0,64.58388533340384,33.63744027779471,5700.339752354475,2039.925820788349,1664.575699643777,0
q2_cvar,2025-03-07,13281.354399023468,13281.354399023436,0.0,0.0,0.0,3.180755930864976e-11,1.1583067838216719e-11,7820.765606900367,1664.575699643777,1668.7690175276437,0
q2_cvar,2025-03-08,15768.115531137972,12616.818678614394,0.0,0.0,0.0,3151.2968525235765,1127.64900733334,8859.864771587165,1668.7690175276437,1798.453452160487,0
q2_cvar,2025-03-09,44798.37574350394,44773.092403055314,0.0,0.0,0.0,25.28334044863785,12.8114215599755,1723.7366819010583,1798.453452160487,1967.411670393291,0
q2_cvar,2025-03-10,58791.03094343017,45500.174599150254,0.0,0.0,0.0,13290.85634427992,2333.24672277783,9.898970532162819e-12,1967.411670393291,1288.13318259259,0
q2_cvar,2025-03-11,46562.527470278124,46413.31604396182,0.0,0.0,0.0,149.21142631633623,54.09102431006132,3396.848576506884,1288.13318259259,1528.7416577932104,0
q2_cvar,2025-03-12,46454.59833701694,46088.83048582381,0.0,0.0,0.0,365.7678511931272,191.4472958333464,5757.604521514937,1528.7416577932104,1412.7106815522504,0
q2_cvar,2025-03-13,50386.4117092176,46477.378323069526,0.0,0.0,0.0,3909.033386148079,839.3508876553744,475.9841277777924,1412.7106815522504,1402.1213638888898,0
q2_cvar,2025-03-14,12496.00614414852,12465.47711791516,0.0,0.0,0.0,30.52902623335831,26.386366666674032,11096.221630842689,1402.1213638888898,1601.962821894909,0
q2_cvar,2025-03-15,12835.414351313791,12780.070553074718,0.0,0.0,0.0,55.34379823907586,22.822184840854494,7000.381861462061,1601.962821894909,1200.0,0
q2_cvar,2025-03-16,47099.49047301149,47092.87530693052,0.0,0.0,0.0,6.615166080997977,1.3424994583474117,3609.6714602484712,1200.0,3455.63890271844,0
q2_cvar,2025-03-17,43762.90734470894,43762.90734470889,0.0,0.0,0.0,8.101504497121104e-11,2.0538730438612877e-11,7299.951996294643,3455.63890271844,3471.6005389830184,0
q2_cvar,2025-03-18,43144.8834637314,43144.88346373136,0.0,0.0,0.0,6.389659668037949e-11,1.673283733794051e-11,2678.4942293210006,3471.6005389830184,3028.152872390825,0
q2_cvar,2025-03-19,42259.47869628242,42259.47869628238,0.0,0.0,0.0,4.2821604484544194e-11,1.1475709271735468e-11,3306.3348907002837,3028.152872390825,2903.6869027493926,0
q2_cvar,2025-03-20,42078.73705688641,42078.73705688636,0.0,0.0,0.0,6.926730750089759e-11,1.876077071472082e-11,413.27996590470406,2903.6869027493926,1714.0490225463848,0
q2_cvar,2025-03-21,12135.31152145778,12135.31152145776,0.0,0.0,0.0,2.101343055116445e-11,5.877076603155729e-12,14906.508956538506,1714.0490225463848,1242.220192247596,0
q2_cvar,2025-03-22,12689.380755438748,12689.380755438717,0.0,0.0,0.0,3.135953652311229e-11,1.0177192422133883e-11,11017.119529108948,1242.220192247596,2234.288034991205,0
q2_cvar,2025-03-23,41924.48553440392,41924.485534403895,0.0,0.0,0.0,3.6386837098945076e-11,1.014388573139513e-11,3996.07913303791,2234.288034991205,2396.6218721569003,0
q2_cvar,2025-03-24,40706.33895522272,40706.33895522266,0.0,0.0,0.0,6.086479478750739e-11,1.3524195652259152e-11,3877.9726197351183,2396.6218721569003,1940.1770928428236,0
q2_cvar,2025-03-25,41382.49924782945,41067.20979502928,0.0,0.0,0.0,315.2894528001883,152.84817971231027,1188.6111049921349,1940.1770928428236,1629.1114147292235,0
q2_cvar,2025-03-26,40272.73505275466,40272.73505275464,0.0,0.0,0.0,4.0946589230372864e-11,1.1259437826538488e-11,6395.616128318807,1629.1114147292235,1548.6014517438298,0
q2_cvar,2025-03-27,40142.86471109076,40142.86471109072,0.0,0.0,0.0,5.853566353852813e-11,1.3588352665294678e-11,2729.827978484927,1548.6014517438298,1498.152617577157,0
q2_cvar,2025-03-28,12206.496388375395,12206.496388375386,0.0,0.0,0.0,1.846778241443303e-11,7.036593530074242e-12,15635.634570106771,1498.152617577157,1884.8815324799352,0
q2_cvar,2025-03-29,11969.281246426768,11684.31705066741,0.0,0.0,0.0,284.96419575935704,70.44127717648101,18888.987907560662,1884.8815324799352,1368.9496294290125,0
q2_cvar,2025-03-30,38560.52001534214,38560.52001534212,0.0,0.0,0.0,4.5412304139347266e-11,1.1262102361797588e-11,3658.2359500988646,1368.9496294290125,1976.701980790468,0
q2_cvar,2025-03-31,38899.9048785561,37561.88853590116,0.0,0.0,0.0,1338.0163426549673,254.22849219629893,1288.263360387857,1976.701980790468,1602.0871254320996,0
q2_cvar,2025-04-01,45642.36708600928,39313.00692981393,0.0,0.0,0.0,6329.3601561953365,1110.1188469235813,4.777455555572159,1602.0871254320996,1497.7720561779845,0
q2_cvar,2025-04-02,48048.832366397866,39986.80310157997,0.0,0.0,0.0,8062.029264817911,1504.6086104052515,2051.5846962387145,1497.7720561779845,1740.5993005106477,0
q2_cvar,2025-04-03,41298.97442571619,41298.97442571616,0.0,0.0,0.0,3.368649667545576e-11,9.108769294385866e-12,7316.00702669147,1740.5993005106477,1679.2421489489025,0
q2_cvar,2025-04-04,11214.956773158405,11172.931743587134,0.0,0.0,0.0,42.02502957126794,24.028032916671798,18929.636533020486,1679.2421489489025,1689.9875497842504,0
q2_cvar,2025-04-05,11527.44939049083,11384.163861939094,0.0,0.0,0.0,143.2855285517352,82.92028609695952,14060.643343243844,1689.9875497842504,1252.7348324229897,0
q2_cvar,2025-04-06,40148.22093447966,40148.220934479614,0.0,0.0,0.0,5.012349557631524e-11,1.2463807763651856e-11,6448.494292900825,1252.7348324229897,1845.3971864395935,0
q2_cvar,2025-04-07,39098.76189720819,39098.76189720818,0.0,0.0,0.0,3.7572254196760465e-11,9.638068121375907e-12,7180.924925244474,1845.3971864395935,1732.8062927513222,0
q2_cvar,2025-04-08,38428.8881808712,38360.77678502108,0.0,0.0,0.0,68.11139585011786,29.78198331880221,5051.715394135819,1732.8062927513222,1200.0,0
q2_cvar,2025-04-09,40710.47511608169,38115.218190928455,0.0,0.0,0.0,2595.256925153246,595.6126533353342,154.5822003968435,1200.0,1345.2688343566974,0
q2_cvar,2025-04-10,38579.89371377463,38579.89371377458,0.0,0.0,0.0,4.832946742805433e-11,1.2299383733704872e-11,4203.688207374163,1345.2688343566974,1659.3109749214796,0
q2_cvar,2025-04-11,11016.173414118844,11016.17341411883,0.0,0.0,0.0,1.2327437196035797e-11,4.7993553575764736e-12,19752.190193447645,1659.3109749214796,1465.9587697971758,0
q2_cvar,2025-04-12,10952.384190453597,10952.384190453571,0.0,0.0,0.0,2.454786263150765e-11,7.635225784952127e-12,16182.023939412107,1465.9587697971758,1783.0987649268304,0
q2_cvar,2025-04-13,37635.094661220726,37635.09466122066,0.0,0.0,0.0,5.77434438042701e-11,1.4384937685463228e-11,3187.9601953130555,1783.0987649268304,1740.4181203301132,0
q2_cvar,2025-04-14,36942.49122314905,36942.491223149016,0.0,0.0,0.0,3.571155299253448e-11,1.0168643704844271e-11,4491.037576882321,1740.4181203301132,1716.962721658144,0
q2_cvar,2025-04-15,36703.47892688529,36703.47892688525,0.0,0.0,0.0,4.8073100611389917e-11,1.1480150163833967e-11,7290.031236294662,1716.962721658144,1950.1105516588452,0
q2_cvar,2025-04-16,36897.15598548434,36897.15598548431,0.0,0.0,0.0,4.5664077408247296e-11,1.3671286325234178e-11,675.5444376827922,1950.1105516588452,1775.8152147751307,0
q2_cvar,2025-04-17,36128.74258438991,36128.74258438985,0.0,0.0,0.0,6.723721979184915e-11,1.6668555424814713e-11,3248.9695929248687,1775.8152147751307,1846.83075188648,0
q2_cvar,2025-04-18,10733.34760901092,10733.347609010903,0.0,0.0,0.0,1.7659727641165798e-11,5.6604044368357975e-12,17682.600475473304,1846.83075188648,1969.483567233237,0
q2_cvar,2025-04-19,10764.111409217245,10764.111409217236,0.0,0.0,0.0,1.0113704096426089e-11,3.578470852971805e-12,17302.224628681073,1969.483567233237,1915.4641769104755,0
q2_cvar,2025-04-20,35806.18337479118,35806.183374791144,0.0,0.0,0.0,4.11193018523548e-11,1.1974865543606938e-11,3391.1827071365897,1915.4641769104755,2055.741072987785,0
q2_cvar,2025-04-21,34944.87111982463,34944.87111982457,0.0,0.0,0.0,5.377117062721481e-11,1.5705658995557314e-11,6935.435960138661,2055.741072987785,1614.1346499893846,0
q2_cvar,2025-04-22,35565.2159173229,35565.21591732285,0.0,0.0,0.0,5.3213610629043726e-11,1.4482415267025315e-11,2731.878442189104,1614.1346499893846,1809.1065939216824,0
q2_cvar,2025-04-23,36098.00144712621,36098.00144712615,0.0,0.0,0.0,4.245880314002192e-11,1.0944800621359718e-11,3128.3696241306,1809.1065939216824,2434.9082683564893,0
q2_cvar,2025-04-24,34465.20637226878,34465.20637226873,0.0,0.0,0.0,5.5407828714049135e-11,1.5713985668242003e-11,7486.84948241202,2434.9082683564893,1768.4713088782808,0
q2_cvar,2025-04-25,9914.327032217416,9914.3270322174,0.0,0.0,0.0,1.887203571193652e-11,5.416556092541214e-12,21377.124069399928,1768.4713088782808,1553.6403175122637,0
q2_cvar,2025-04-26,10406.684303083,10118.525595591129,0.0,0.0,0.0,288.15870749187656,113.40634959326265,23386.86853638564,1553.6403175122637,1200.0,0
q2_cvar,2025-04-27,34832.21862272369,32986.16623491724,0.0,0.0,0.0,1846.0523878064528,299.00708252258505,3500.83690252835,1200.0,1344.1768881481476,0
q2_cvar,2025-04-28,57403.67154590936,33557.661141373304,0.0,0.0,0.0,23846.01040453607,4014.485177106947,16.571419047629874,1344.1768881481476,1361.5397920370362,0
q2_cvar,2025-04-29,34216.788266335,34216.78826633495,0.0,0.0,0.0,6.326947549206707e-11,1.5966894473251614e-11,6832.466060971986,1361.5397920370362,1696.5431842158305,0
q2_cvar,2025-04-30,33328.468437151365,33328.46843715132,0.0,0.0,0.0,3.9582534805404633e-11,1.0661915794685228e-11,4000.45903349611,1696.5431842158305,1832.4422805382933,0
q2_cvar,2025-05-01,46843.29934816441,33986.84991023415,0.0,0.0,0.0,12856.449437930252,2570.1003943297114,3367.127973046626,1832.4422805382933,1221.93075,0
q2_cvar,2025-05-02,22457.909200198384,10506.271770410667,0.0,0.0,0.0,11951.63742978771,3004.7867315531325,11916.862727777789,1221.93075,1200.0,0
q2_cvar,2025-05-03,15947.480303809823,11230.038552126112,0.0,0.0,0.0,4717.4417516837175,1192.0575796309547,16814.9133258182,1200.0,1200.0,0
q2_cvar,2025-05-04,38758.84347205516,38719.0177271051,0.0,0.0,0.0,39.82574495005193,5.996950000013225,6503.29285082835,1200.0,1267.1912220751556,0
q2_cvar,2025-05-05,39463.57066385689,39388.30752459408,0.0,0.0,0.0,75.2631392628299,34.13135511299802,2327.1775365574786,1267.1912220751556,1522.0183888756617,0
q2_cvar,2025-05-06,39582.11780307303,38397.29659666945,0.0,0.0,0.0,1184.8212064035972,238.01766313096297,4671.115661519498,1522.0183888756617,1356.0209348545004,0
q2_cvar,2025-05-07,40994.08234986068,39584.81149393982,0.0,0.0,0.0,1409.2708559208622,284.1643341104907,3246.198901899611,1356.0209348545004,1312.5355312037043,0
q2_cvar,2025-05-08,40182.14563973448,40182.14563973442,0.0,0.0,0.0,4.381801210762149e-11,1.1245004927218359e-11,3193.2144604210225,1312.5355312037043,1921.4477206881595,0
q2_cvar,2025-05-09,12371.24440170188,12371.244401701864,0.0,0.0,0.0,1.445228958729672e-11,4.658495811327157e-12,16849.789686133903,1921.4477206881595,2189.035737341269,0
q2_cvar,2025-05-10,12186.88036663784,12186.88036663782,0.0,0.0,0.0,1.7667295848511343e-11,5.595968133320639e-12,13704.046783744856,2189.035737341269,1504.5030458680922,0
q2_cvar,2025-05-11,39886.711709821975,39557.33827898445,0.0,0.0,0.0,329.3734308375457,49.60190833334578,2844.1850556437494,1504.5030458680922,1873.0677021836857,0
q2_cvar,2025-05-12,40157.68193637591,40157.681936375855,0.0,0.0,0.0,5.3566916347058676e-11,1.2979506358590244e-11,8519.27071719431,1873.0677021836857,2211.8715793650777,0
q2_cvar,2025-05-13,39157.00121154605,39157.00121154604,0.0,0.0,0.0,3.916023350036824e-11,1.013900075008678e-11,6073.658421325256,2211.8715793650777,2401.0895237034497,0
q2_cvar,2025-05-14,38817.618105202135,38817.6181052021,0.0,0.0,0.0,4.4951977473672856e-11,1.0513812043200232e-11,6725.12906796929,2401.0895237034497,1971.791228827643,0
q2_cvar,2025-05-15,39821.66467146937,39821.66467146932,0.0,0.0,0.0,5.604104774681318e-11,1.377242764277753e-11,5411.984893097973,1971.791228827643,3097.713896451931,0
q2_cvar,2025-05-16,11944.436940392525,11944.4369403925,0.0,0.0,0.0,2.092157802557892e-11,5.994760243765995e-12,22743.13036489801,3097.713896451931,2307.109388527337,0
q2_cvar,2025-05-17,12160.239335527309,12160.239335527283,0.0,0.0,0.0,2.9838034570905945e-11,7.869177531816263e-12,14805.664949860084,2307.109388527337,2121.539079285718,0
q2_cvar,2025-05-18,38552.1617127042,38552.16171270414,0.0,0.0,0.0,4.3125578746971975e-11,1.2392586956622154e-11,3244.399566646181,2121.539079285718,2675.043427965248,0
q2_cvar,2025-05-19,38095.373029694914,38095.37302969489,0.0,0.0,0.0,3.352015487401161e-11,9.600986672353427e-12,9414.943493539758,2675.043427965248,2847.2793366297674,0
q2_cvar,2025-05-20,37795.87085988545,37795.87085988541,0.0,0.0,0.0,4.664145913935158e-11,1.3283818489639998e-11,2167.3557320278123,2847.2793366297674,2349.1445292688304,0
q2_cvar,2025-05-21,38386.207382209046,38386.207382209,0.0,0.0,0.0,5.828257210183095e-11,1.3591350267461166e-11,5882.980440389338,2349.1445292688304,2579.782962791004,0
q2_cvar,2025-05-22,38276.96902828439,38276.969028284366,0.0,0.0,0.0,3.234253731498882e-11,9.851008897499014e-12,4860.677720011483,2579.782962791004,3906.441489145757,0
q2_cvar,2025-05-23,11873.893002980629,11873.893002980603,0.0,0.0,0.0,2.3807326332558886e-11,6.0595972684041036e-12,18094.97955408922,3906.441489145757,3292.858358935716,0
q2_cvar,2025-05-24,12701.29129952092,12701.291299520904,0.0,0.0,0.0,1.742259314596595e-11,4.235722883549897e-12,21079.06121970224,3292.858358935716,3465.173365655636,0
q2_cvar,2025-05-25,37845.85511209346,37845.85511209343,0.0,0.0,0.0,3.5206959347888755e-11,1.0027090269204564e-11,7181.83196446209,3465.173365655636,3796.4226909220897,0
q2_cvar,2025-05-26,37162.38389007757,37162.38389007753,0.0,0.0,0.0,4.8956050768822477e-11,1.2660095194405583e-11,664.3048744495032,3796.4226909220897,3288.862897884442,0
q2_cvar,2025-05-27,36886.01366976515,36828.89779489844,0.0,0.0,0.0,57.11587486670811,29.88013333334543,5126.577595191836,3288.862897884442,3532.736484329702,0
q2_cvar,2025-05-28,36995.98208234711,36907.243949013726,0.0,0.0,0.0,88.73813333339432,43.32916666668146,953.7494811287612,3532.736484329702,3986.670413323128,0
q2_cvar,2025-05-29,37474.03572734787,36947.09199436655,0.0,0.0,0.0,526.943732981308,106.19172676058442,2.0296428571656837,3986.670413323128,3294.820703759515,0
q2_cvar,2025-05-30,12661.069072444196,12661.06907244417,0.0,0.0,0.0,2.8339439683833232e-11,9.14468500923249e-12,17980.513648677257,3294.820703759515,3680.443258942204,0
q2_cvar,2025-05-31,12645.629014193162,12087.397428409342,0.0,0.0,0.0,558.2315857838173,197.92388885010416,16171.549018261912,3680.443258942204,3826.83738404259,0
q2_cvar,2025-06-01,108530.7012277908,40913.814255686855,0.0,0.0,0.0,67616.88697210394,12462.469933071374,14.552111904766132,3826.83738404259,1571.1215945370368,0
q2_cvar,2025-06-02,82940.98231765578,43368.9542545794,0.0,0.0,0.0,39572.02806307644,7866.492090964395,27.139276190485997,1571.1215945370368,1234.9135273148145,0
q2_cvar,2025-06-03,57379.22692933205,49868.48386343529,0.0,0.0,0.0,7510.743065896754,1437.6145993722905,1635.922249207336,1234.9135273148145,1640.2946882630156,0
q2_cvar,2025-06-04,55293.70728945939,55206.17961213851,0.0,0.0,0.0,87.52767732087557,12.349575000010372,6418.675959244574,1640.2946882630156,1582.392658793192,0
q2_cvar,2025-06-05,55917.526564700966,55737.04367134259,0.0,0.0,0.0,180.4828933583873,25.946991666680432,4058.7978408607833,1582.392658793192,1678.2292888473444,0
q2_cvar,2025-06-06,26248.83751284924,18498.33542736726,0.0,0.0,0.0,7750.502085481989,1365.7684964072716,4861.362768481712,1678.2292888473444,1221.4515,0
q2_cvar,2025-06-07,19658.51052904715,19538.7187602507,0.0,0.0,0.0,119.79176879644776,21.62696674426304,3323.263293865557,1221.4515,1574.5648137962978,0
q2_cvar,2025-06-08,61734.898113365016,61734.898113364965,0.0,0.0,0.0,5.923016477282773e-11,1.2288614570366008e-11,13588.602052767284,1574.5648137962978,6433.385556819026,0
q2_cvar,2025-06-09,58564.98489045704,58564.984890456966,0.0,0.0,0.0,5.970794358933773e-11,1.3975709478586396e-11,5045.189611823671,6433.385556819026,5970.745984668087,0
q2_cvar,2025-06-10,65106.74464405986,65106.74464405981,0.0,0.0,0.0,4.5601242337767186e-11,1.1092460283634864e-11,10800.838915836424,5970.745984668087,8572.931698559592,0
q2_cvar,2025-06-11,63374.290935139135,63374.290935139055,0.0,0.0,0.0,8.447607324768568e-11,1.989830522575176e-11,3630.675973297589,8572.931698559592,9100.38695815335,0
q2_cvar,2025-06-12,64381.8016403759,64381.80164037584,0.0,0.0,0.0,8.987485788924943e-11,2.0904500352969532e-11,8686.286517554849,9100.38695815335,9566.984461080678,0
q2_cvar,2025-06-13,21824.495058415818,21824.4950584158,0.0,0.0,0.0,2.9275683210983056e-11,9.809042467168183e-12,10967.862143796989,9566.984461080678,5497.679335632584,0
q2_cvar,2025-06-14,24045.74897932075,24045.748979320728,0.0,0.0,0.0,1.607356781008207e-11,6.033396005022951e-12,14458.97709202004,5497.679335632584,5180.351195522576,0
q2_cvar,2025-06-15,64738.54587262001,64738.545872619965,0.0,0.0,0.0,5.412958348216535e-11,1.178079855890246e-11,10320.503722509817,5180.351195522576,8876.664887281635,0
q2_cvar,2025-06-16,62902.82378057955,62902.82378057947,0.0,0.0,0.0,8.49952078441074e-11,2.0382084908732168e-11,7370.575208189367,8876.664887281635,8970.78702731262,0
q2_cvar,2025-06-17,61787.07954754072,61787.07954754059,0.0,0.0,0.0,9.981550563864516e-11,2.3436363960627205e-11,3701.680549897148,8970.78702731262,9055.856446105114,0
q2_cvar,2025-06-18,63590.15180636307,63590.15180636298,0.0,0.0,0.0,7.738455615191596e-11,1.5972223543769815e-11,10748.66705508442,9055.856446105114,8694.25164929233,0
q2_cvar,2025-06-19,62878.64951129353,62878.64951129346,0.0,0.0,0.0,6.224831672341224e-11,1.6912693467929785e-11,12797.774416842112,8694.25164929233,8743.036210275659,0
q2_cvar,2025-06-20,20344.39427754895,20344.394277548923,0.0,0.0,0.0,2.836859946953041e-11,8.955947095046213e-12,14383.989690952423,8743.036210275659,5217.80492454964,0
q2_cvar,2025-06-21,21134.73068979996,21134.73068979994,0.0,0.0,0.0,2.764522744058695e-11,7.58504370423907e-12,16696.41010477648,5217.80492454964,5772.675891071431,0
q2_cvar,2025-06-22,59365.12763213858,59365.12763213851,0.0,0.0,0.0,6.212043190956251e-11,1.5357493055034865e-11,7552.354087800105,5772.675891071431,8822.682202790631,0
q2_cvar,2025-06-23,57990.748415035305,57990.74841503522,0.0,0.0,0.0,7.834119752914148e-11,1.8319568084734783e-11,8453.6291852097,8822.682202790631,8324.223179230601,0
q2_cvar,2025-06-24,59073.780639130026,59073.78063912998,0.0,0.0,0.0,4.781525664299124e-11,1.1889156326105876e-11,1563.173237387558,8324.223179230601,5010.652798664284,0
q2_cvar,2025-06-25,62052.789819499856,62052.78981949976,0.0,0.0,0.0,8.926002692533075e-11,2.1778578940256918e-11,6980.340343713688,5010.652798664284,9305.911408004862,0
q2_cvar,2025-06-26,60709.39811156575,60709.39811156569,0.0,0.0,0.0,5.83640805129626e-11,1.4428125361121148e-11,12200.5868169943,9305.911408004862,8719.621363372182,0
q2_cvar,2025-06-27,18985.818414417616,18985.818414417605,0.0,0.0,0.0,1.8998422390836822e-11,7.096545573404001e-12,16476.239819433278,8719.621363372182,5131.326769000309,0
q2_cvar,2025-06-28,20175.085797126165,20175.085797126143,0.0,0.0,0.0,2.0601170547251968e-11,6.352252057695296e-12,13562.61149165292,5131.326769000309,4882.917630417564,0
q2_cvar,2025-06-29,61372.68223123591,61372.68223123584,0.0,0.0,0.0,7.271265678454596e-11,1.5398793351550918e-11,8196.36458153294,4882.917630417564,7982.066708986889,0
q2_cvar,2025-06-30,58598.92575847719,58598.925758477104,0.0,0.0,0.0,7.938070564761366e-11,1.8588408590147765e-11,7098.713724009223,7982.066708986889,7283.35445423438,0
q2_cvar,2025-07-01,64713.34537975396,64713.34537975385,0.0,0.0,0.0,8.751157665187746e-11,1.860867016034717e-11,1653.7766028645665,7283.35445423438,3774.2813446391046,0
q2_cvar,2025-07-02,63650.12476431669,63458.17983036664,0.0,0.0,0.0,191.9449339500533,23.47721706350368,5204.775399140736,3774.2813446391046,3109.49963942681,0
q2_cvar,2025-07-03,75826.06787214194,62734.382792887554,0.0,0.0,0.0,13091.685079254425,1809.4802363233205,240.547182936521,3109.49963942681,1248.6077127314811,0
q2_cvar,2025-07-04,27649.763901836515,23408.50272223552,0.0,0.0,0.0,4241.261179600991,1342.352253953041,9902.792008690974,1248.6077127314811,1200.0,0
q2_cvar,2025-07-05,28270.72326427249,23494.117938588017,0.0,0.0,0.0,4776.605325684473,818.6009945649612,10363.68996666667,1200.0,1351.9926385339504,0
q2_cvar,2025-07-06,94429.47535825208,59861.51566425128,0.0,0.0,0.0,34567.959694000776,5643.928296031756,39.48529285715135,1351.9926385339504,1230.4253224074075,0
q2_cvar,2025-07-07,65935.5520772024,65935.55207720237,0.0,0.0,0.0,4.401099640283235e-11,9.194867089945546e-12,7095.904066264663,1230.4253224074075,4396.19667836199,0
q2_cvar,2025-07-08,75664.7932561355,75664.79325613547,0.0,0.0,0.0,5.1676254386734394e-11,1.2397194382174348e-11,15101.30654993223,4396.19667836199,7325.2466141957475,0
q2_cvar,2025-07-09,72801.43890262926,72801.43890262922,0.0,0.0,0.0,5.1272248668965395e-11,1.247713043994736e-11,15550.98507476018,7325.2466141957475,7733.542222360028,0
q2_cvar,2025-07-10,73749.57916292326,73749.57916292318,0.0,0.0,0.0,5.702004357566182e-11,1.361444290637337e-11,17481.733621295283,7733.542222360028,7665.243256857228,0
q2_cvar,2025-07-11,32566.22400415958,32566.22400415955,0.0,0.0,0.0,2.6606180814070508e-11,6.557421272646025e-12,16464.361803769407,7665.243256857228,6936.823342089178,0
q2_cvar,2025-07-12,29344.18380994826,29344.18380994824,0.0,0.0,0.0,2.626816142381472e-11,7.802647417065599e-12,15252.704520400086,6936.823342089178,5259.128612514265,0
q2_cvar,2025-07-13,66918.9144041491,66918.91440414904,0.0,0.0,0.0,5.0363627934757456e-11,1.0782486015159519e-11,15741.18268309519,5259.128612514265,6123.340416629032,0
q2_cvar,2025-07-14,65941.77590342799,65941.77590342793,0.0,0.0,0.0,3.662801928427939e-11,8.15880696336535e-12,11983.150968763975,6123.340416629032,5576.826359612632,0
q2_cvar,2025-07-15,66617.0192061731,66617.01920617303,0.0,0.0,0.0,5.531399871472331e-11,1.3129053400007251e-11,10156.111256138767,5576.826359612632,6080.775711922399,0
q2_cvar,2025-07-16,66360.74493049213,66360.74493049207,0.0,0.0,0.0,5.686209902933115e-11,1.2918111025328471e-11,10683.807551944305,6080.775711922399,5644.107555944544,0
q2_cvar,2025-07-17,65479.357415044,65479.35741504392,0.0,0.0,0.0,6.359845450276679e-11,1.340083599643549e-11,8879.646740651991,5644.107555944544,5518.831312939529,0
q2_cvar,2025-07-18,28328.628975118205,28328.628975118198,0.0,0.0,0.0,1.2681283578785951e-11,4.419575816427823e-12,12988.597616143168,5518.831312939529,5532.061529786794,0
q2_cvar,2025-07-19,28607.32021025372,28607.320210253703,0.0,0.0,0.0,2.1147990469927435e-11,4.329869796038111e-12,17412.16176136793,5532.061529786794,5325.4362287791455,0
q2_cvar,2025-07-20,64678.911964562896,64678.91196456285,0.0,0.0,0.0,4.436831524401441e-11,1.0549783269198088e-11,8890.275383593002,5325.4362287791455,5645.0934021450585,0
q2_cvar,2025-07-21,66813.29307796639,66813.29307796631,0.0,0.0,0.0,4.631744143779315e-11,9.376499576774222e-12,8161.042233024515,5645.0934021450585,5933.463275851378,0
q2_cvar,2025-07-22,65577.4332718559,65577.43327185587,0.0,0.0,0.0,4.4151240219392205e-11,1.0154987961641382e-11,8730.237082466228,5933.463275851378,5125.660838232474,0
q2_cvar,2025-07-23,65944.82744432418,65944.82744432415,0.0,0.0,0.0,5.795153157350797e-11,1.2203127397469869e-11,7826.418711509325,5125.660838232474,5657.416296915782,0
q2_cvar,2025-07-24,66111.905073835,66111.9050738349,0.0,0.0,0.0,5.6295952788332215e-11,1.1977974168075887e-11,8236.919986037838,5657.416296915782,6258.340843670634,0
q2_cvar,2025-07-25,27753.697152891167,27753.697152891156,0.0,0.0,0.0,1.8440559301780008e-11,5.666578317686799e-12,17159.863654306668,6258.340843670634,5583.163505653333,0
q2_cvar,2025-07-26,28747.09747626472,28747.097476264687,0.0,0.0,0.0,1.986142805776581e-11,5.5067062021407764e-12,16115.283266711427,5583.163505653333,5359.638253471781,0
q2_cvar,2025-07-27,65686.51171952584,64900.45001691942,0.0,0.0,0.0,786.0617026064008,150.36905873017022,7316.853772766399,5359.638253471781,5632.661248736752,0
q2_cvar,2025-07-28,65276.0305388569,65276.03053885681,0.0,0.0,0.0,7.861261064334712e-11,1.6511236822225328e-11,3983.4997683691136,5632.661248736752,5087.043461951162,0
q2_cvar,2025-07-29,66828.17984663614,66828.1798466361,0.0,0.0,0.0,4.129143071907037e-11,9.185541216538695e-12,7020.940723078745,5087.043461951162,5674.424545387558,0
q2_cvar,2025-07-30,67427.73851569118,67427.73851569113,0.0,0.0,0.0,5.413541648291442e-11,1.1274314815068463e-11,8672.105164850736,5674.424545387558,6259.395667845717,0
q2_cvar,2025-07-31,65588.6723044057,65588.67230440566,0.0,0.0,0.0,5.786592671697121e-11,1.0881073819746234e-11,8751.988510303212,6259.395667845717,5518.745364675098,0
q2_cvar,2025-08-01,27921.6665842525,27921.666584252474,0.0,0.0,0.0,2.4982568014308977e-11,6.219469383950127e-12,22108.07084504508,5518.745364675098,5472.657708503085,0
q2_cvar,2025-08-02,27700.247182649546,27700.247182649528,0.0,0.0,0.0,1.861129383939897e-11,4.924061158817494e-12,21859.32278201793,5472.657708503085,5828.930069387013,0
q2_cvar,2025-08-03,68715.2827559839,68715.28275598382,0.0,0.0,0.0,9.143714829740189e-11,1.9136914275463823e-11,9294.059004227796,5828.930069387013,10149.006912169316,1
q2_cvar,2025-08-04,53097.6923163583,53097.69231635823,0.0,0.0,0.0,5.6097538392307905e-11,1.1656897669354294e-11,8259.813260657893,10149.006912169316,3215.41092081583,0
q2_cvar,2025-08-05,54577.57149322253,54577.5714932225,0.0,0.0,0.0,3.906118697938333e-11,9.091200015021172e-12,6733.23890567072,3215.41092081583,1935.202986267061,0
q2_cvar,2025-08-06,59646.74707332871,53142.72202492946,0.0,0.0,0.0,6504.025048399222,1423.8316376541025,1899.8118191217036,1935.202986267061,1200.0,0
q2_cvar,2025-08-07,54410.9890749608,54410.98907496076,0.0,0.0,0.0,5.137864111937063e-11,1.078781508567772e-11,6006.74419915271,1200.0,1938.134317973683,0
q2_cvar,2025-08-08,22385.321775776963,22385.321775776934,0.0,0.0,0.0,3.0844425680243146e-11,7.2726269451095504e-12,21625.52740955629,1938.134317973683,1922.85265269384,0
q2_cvar,2025-08-09,22145.782107968487,22145.782107968476,0.0,0.0,0.0,1.6883801690070755e-11,4.100275674545628e-12,17792.28849503746,1922.85265269384,1547.9215442139612,0
q2_cvar,2025-08-10,54528.22025643804,54528.22025643796,0.0,0.0,0.0,6.214844994190117e-11,1.234745639067114e-11,2781.3328279840284,1547.9215442139612,2514.9600174841225,0
q2_cvar,2025-08-11,52545.0102632182,52481.2366482841,0.0,0.0,0.0,63.77361493407864,7.544048611124682,4218.784103084412,2514.9600174841225,1854.856475503347,0
q2_cvar,2025-08-12,54900.98001722436,54900.98001722431,0.0,0.0,0.0,7.289149861477995e-11,1.616218270328318e-11,2200.6887881596003,1854.856475503347,1971.036406143741,0
q2_cvar,2025-08-13,54923.98045918855,54923.98045918849,0.0,0.0,0.0,4.7019683115795406e-11,1.0273025485840748e-11,4496.659271273506,1971.036406143741,2510.915972402991,0
q2_cvar,2025-08-14,54293.64066533232,54293.64066533226,0.0,0.0,0.0,4.318294077876317e-11,9.296119429791359e-12,4813.97644473583,2510.915972402991,2062.8461949701377,0
q2_cvar,2025-08-15,22458.40662336699,22458.406623366987,0.0,0.0,0.0,1.7890147196997218e-11,5.060868391026929e-12,19878.19550565069,2062.8461949701377,2135.1165486882705,0
q2_cvar,2025-08-16,22913.833994380908,22913.83399438088,0.0,0.0,0.0,2.5530150271624307e-11,5.776823464032077e-12,20395.963645384927,2135.1165486882705,2093.9352765499493,0
q2_cvar,2025-08-17,52825.34081046029,52825.34081046021,0.0,0.0,0.0,5.2884965739963257e-11,1.3370637930165684e-11,3912.166972602535,2093.9352765499493,2199.472444396028,0
q2_cvar,2025-08-18,52461.6878986872,52380.484734142,0.0,0.0,0.0,81.2031645452012,9.635498611125804,1679.5362600553692,2199.472444396028,2266.858780951248,0
q2_cvar,2025-08-19,52650.41515689782,52650.4151568978,0.0,0.0,0.0,4.371848522088939e-11,1.1229683849478532e-11,2593.0354243163115,2266.858780951248,2209.2196963666,0
q2_cvar,2025-08-20,72986.58285795443,53367.98788983845,0.0,0.0,0.0,19618.59496811598,2767.077158210905,150.24470932540558,2209.2196963666,1688.4325469949074,0
q2_cvar,2025-08-21,55689.22583420862,55689.22583420857,0.0,0.0,0.0,5.917083978346227e-11,1.078026556911027e-11,6819.413805283078,1688.4325469949074,2095.635216677147,0
q2_cvar,2025-08-22,23817.14778249254,22413.373405203783,0.0,0.0,0.0,1403.7743772887638,340.8015150634261,16435.136617623022,2095.635216677147,1383.05888955637,0
q2_cvar,2025-08-23,22363.43926241795,22363.43926241792,0.0,0.0,0.0,2.4857499308916787e-11,5.82582593278147e-12,14570.10306488204,1383.05888955637,1574.8819476381557,0
q2_cvar,2025-08-24,55988.93031481756,55988.93031481752,0.0,0.0,0.0,4.0287739810906937e-11,8.678391338889924e-12,8609.156463727237,1574.8819476381557,2184.454287211204,0
q2_cvar,2025-08-25,55314.127084966,55314.12708496593,0.0,0.0,0.0,8.723789957088e-11,1.8751222796709044e-11,309.81608750001953,2184.454287211204,2224.148621002867,0
q2_cvar,2025-08-26,54901.12858332972,54901.12858332963,0.0,0.0,0.0,6.082858766687238e-11,1.3410217380993572e-11,5468.172772825504,2224.148621002867,2521.047274441563,0
q2_cvar,2025-08-27,54867.08857221733,54867.08857221727,0.0,0.0,0.0,5.908510924967913e-11,1.4325651775948243e-11,2793.904280260439,2521.047274441563,2112.295873227513,0
q2_cvar,2025-08-28,56196.91683039744,56196.9168303974,0.0,0.0,0.0,6.292260401608019e-11,1.5020873433968518e-11,1206.939399779489,2112.295873227513,2177.0472544709005,0
q2_cvar,2025-08-29,22503.77754497791,22503.77754497789,0.0,0.0,0.0,2.649841235324857e-11,6.814548925149211e-12,15005.02535273923,2177.0472544709005,1729.6642521015872,0
q2_cvar,2025-08-30,23155.030095788825,22960.28419880713,0.0,0.0,0.0,194.74589698169623,100.4280851666738,19631.11369470821,1729.6642521015872,1411.440104586945,0
q2_cvar,2025-08-31,55301.19228195777,55301.19228195774,0.0,0.0,0.0,5.232830280199608e-11,1.1253664666810435e-11,5286.073923250999,1411.440104586945,2438.7290484805394,0
q2_cvar,2025-09-01,48470.56066741371,48470.56066741367,0.0,0.0,0.0,4.1837068920358426e-11,1.1176837233506376e-11,13440.413901179858,2438.7290484805394,5891.124868840431,0
q2_cvar,2025-09-02,46794.618676634505,46794.61867663448,0.0,0.0,0.0,3.0540117990085486e-11,8.869349699125449e-12,13204.70496183751,5891.124868840431,5951.952965615898,0
q2_cvar,2025-09-03,48012.37871519933,48012.37871519928,0.0,0.0,0.0,3.347947918896921e-11,8.706813048320328e-12,12123.713400798908,5951.952965615898,5669.200128626807,0
q2_cvar,2025-09-04,46894.25623247567,46894.25623247566,0.0,0.0,0.0,2.568016910231563e-11,7.425171588693047e-12,12822.600800122487,5669.200128626807,5603.810962173413,0
q2_cvar,2025-09-05,18088.916013607926,18088.9160136079,0.0,0.0,0.0,2.763533046845623e-11,8.957723451885613e-12,26479.179693082635,5603.810962173413,5565.262265740797,0
q2_cvar,2025-09-06,15550.72375524062,15550.7237552406,0.0,0.0,0.0,2.4145364818650708e-11,7.926548306613768e-12,22488.216237153185,5565.262265740797,4056.21676630967,0
q2_cvar,2025-09-07,42040.25605293971,42040.25605293964,0.0,0.0,0.0,4.802696018657571e-11,1.198330323859409e-11,5063.81117615064,4056.21676630967,3775.685972477957,0
q2_cvar,2025-09-08,73589.79695107217,33782.62691275832,0.0,0.0,0.0,39807.17003831386,8518.924678641426,79.66169682540449,3775.685972477957,1668.239025,0
q2_cvar,2025-09-09,52962.59266482356,36358.22455144941,0.0,0.0,0.0,16604.36811337415,3261.5820292265184,3691.819780261624,1668.239025,1330.389478333334,0
q2_cvar,2025-09-10,72195.90025085451,39951.89100361215,0.0,0.0,0.0,32244.00924724237,5772.467246488791,28.057866666675807,1330.389478333334,1593.6501485558651,0
q2_cvar,2025-09-11,41989.717121391135,41989.71712139111,0.0,0.0,0.0,3.909134393964564e-11,1.1435297153639112e-11,6433.094465193317,1593.6501485558651,2165.3660159592137,0
q2_cvar,2025-09-12,16292.54928072625,16292.549280726234,0.0,0.0,0.0,1.8471603802083788e-11,7.274181257344026e-12,18237.18108689747,2165.3660159592137,3331.7451586221287,0
q2_cvar,2025-09-13,16053.74068417654,16053.74068417651,0.0,0.0,0.0,2.462180281881388e-11,8.216538560645859e-12,22298.576077069563,3331.7451586221287,3580.5228133494456,0
q2_cvar,2025-09-14,45817.263440527575,45817.2634405275,0.0,0.0,0.0,6.543267327963064e-11,1.7268408925019685e-11,3775.373670481841,3580.5228133494456,3897.891549756571,0
q2_cvar,2025-09-15,46925.63846107831,46925.63846107829,0.0,0.0,0.0,3.3376132524409743e-11,8.951950292157562e-12,8300.670442641973,3897.891549756571,5787.773653231926,0
q2_cvar,2025-09-16,45582.02604025137,45582.0260402513,0.0,0.0,0.0,5.317795527537416e-11,1.4933082548296284e-11,4846.7774990152,5787.773653231926,4139.9214037906,0
q2_cvar,2025-09-17,47008.96260289933,47008.96260289929,0.0,0.0,0.0,4.9960657833025825e-11,1.4045875573742704e-11,4174.9634488625015,4139.9214037906,5349.22359618827,0
q2_cvar,2025-09-18,45335.18818504601,45335.188185045954,0.0,0.0,0.0,5.2169994324557925e-11,1.3860468328630304e-11,5743.624446734593,5349.22359618827,4098.838523864425,0
q2_cvar,2025-09-19,16564.75855733527,16564.75855733524,0.0,0.0,0.0,2.726892889270971e-11,9.340972439986215e-12,15048.632668547738,4098.838523864425,3929.9057729894153,0
q2_cvar,2025-09-20,16121.208306229197,16121.208306229171,0.0,0.0,0.0,3.2325440546543406e-11,9.968026404294504e-12,15523.607377216844,3929.9057729894153,3542.168199177689,0
q2_cvar,2025-09-21,49218.646018288935,49218.64601828888,0.0,0.0,0.0,4.4298065438042036e-11,1.1092016194425014e-11,7143.7271304519245,3542.168199177689,5980.832668868837,0
q2_cvar,2025-09-22,47674.54394060682,47674.54394060677,0.0,0.0,0.0,4.981186307873031e-11,1.2712053631958042e-11,6791.79696045704,5980.832668868837,4206.501448531796,0
q2_cvar,2025-09-23,49783.48404021119,49783.48404021114,0.0,0.0,0.0,6.866910784442126e-11,1.7161605470050745e-11,4525.060597026075,4206.501448531796,5965.712636662259,0
q2_cvar,2025-09-24,48154.14193000116,48154.14193000113,0.0,0.0,0.0,4.3492172641101936e-11,1.2286394124316756e-11,6208.232281986195,5965.712636662259,5154.939311442748,0
q2_cvar,2025-09-25,48887.15649448747,48887.15649448741,0.0,0.0,0.0,4.7651796730718837e-11,1.2568612817176472e-11,7729.440237152175,5154.939311442748,5000.018391948481,0
q2_cvar,2025-09-26,16090.209996207032,16090.20999620701,0.0,0.0,0.0,2.6298352828746373e-11,8.030909270928532e-12,14267.593312704288,5000.018391948481,3812.1321774250487,0
q2_cvar,2025-09-27,17109.681735554605,17109.681735554575,0.0,0.0,0.0,3.075648313810575e-11,9.00879371101837e-12,14703.129440308629,3812.1321774250487,3022.165963123943,0
q2_cvar,2025-09-28,50894.484447262585,50894.48444726254,0.0,0.0,0.0,5.623486798445043e-11,1.3562706513425836e-11,4056.171186400314,3022.165963123943,5186.769387030648,0
q2_cvar,2025-09-29,50641.35441132987,50641.35441132984,0.0,0.0,0.0,4.704129219490483e-11,1.3382628338831635e-11,6059.848226337023,5186.769387030648,5577.245953620441,0
q2_cvar,2025-09-30,51114.6979467069,51114.69794670683,0.0,0.0,0.0,4.491444682841461e-11,1.1999290450148692e-11,2701.4642056645457,5577.245953620441,6045.958665333338,0
q2_cvar,2025-10-01,47866.46055646637,47866.460556466336,0.0,0.0,0.0,3.699282391522729e-11,1.077538058780192e-11,18356.13385930981,6045.958665333338,7397.659932920077,0
q2_cvar,2025-10-02,45929.93182707044,45929.93182707037,0.0,0.0,0.0,5.3308555791886645e-11,1.481303968375869e-11,13809.398670658702,7397.659932920077,7491.801413124627,0
q2_cvar,2025-10-03,13940.731768871126,13940.731768871095,0.0,0.0,0.0,2.8779584493321407e-11,1.0510037284916509e-11,21439.8747273819,7491.801413124627,5563.347122266314,0
q2_cvar,2025-10-04,16187.334197884957,16187.334197884938,0.0,0.0,0.0,1.995909570950971e-11,6.913580818945775e-12,17574.814242358447,5563.347122266314,5947.508482215474,0
q2_cvar,2025-10-05,46861.8669262098,46861.86692620974,0.0,0.0,0.0,4.606166292830949e-11,1.3649525953951525e-11,7744.794431475739,5947.508482215474,8888.383226641925,0
q2_cvar,2025-10-06,46232.349168128414,46232.34916812836,0.0,0.0,0.0,7.28231439595106e-11,2.0574653092353398e-11,5497.319187378673,8888.383226641925,8269.799901696328,0
q2_cvar,2025-10-07,42568.94767291259,42568.94767291252,0.0,0.0,0.0,6.468951418980851e-11,1.801936377887614e-11,1418.163274782742,8269.799901696328,6993.831554576871,0
q2_cvar,2025-10-08,38703.58869515092,38703.58869515089,0.0,0.0,0.0,4.6792381525051497e-11,1.41771039352534e-11,2588.944914649928,6993.831554576871,3221.607129221864,0
q2_cvar,2025-10-09,38638.095053382414,38638.09505338236,0.0,0.0,0.0,5.6839378537176793e-11,1.6696866111942654e-11,2275.8636737522047,3221.607129221864,1492.8249324331157,0
q2_cvar,2025-10-10,16087.159039228054,11977.639344781772,0.0,0.0,0.0,4109.519694446286,1031.7836058200464,18626.399470777,1492.8249324331157,1200.0,0
q2_cvar,2025-10-11,13389.8739519378,13389.873951937769,0.0,0.0,0.0,3.331517528515349e-11,1.0344169965037509e-11,14509.560842372146,1200.0,1509.5079561265395,0
q2_cvar,2025-10-12,41403.37827814928,41384.79549552074,0.0,0.0,0.0,18.582782628532385,3.6999069444607193,1629.8705962202444,1509.5079561265395,2127.1632585912325,0
q2_cvar,2025-10-13,41887.45115504204,41887.45115504199,0.0,0.0,0.0,6.378849481958326e-11,1.5939249919938447e-11,2920.9889991298,2127.1632585912325,2780.003978722478,0
q2_cvar,2025-10-14,42176.294391403855,42176.29439140379,0.0,0.0,0.0,6.4351444617472e-11,1.776334634939758e-11,427.764404761928,2780.003978722478,1958.190999983711,0
q2_cvar,2025-10-15,43218.14957982276,43218.14957982271,0.0,0.0,0.0,7.310500940715947e-11,1.9839324627568544e-11,30.849122222241174,1958.190999983711,2456.936541453201,0
q2_cvar,2025-10-16,44144.81800124428,44144.81800124422,0.0,0.0,0.0,6.813531238519798e-11,1.8235621346285317e-11,327.4704126694954,2456.936541453201,1769.7284473343302,0
q2_cvar,2025-10-17,14480.048386360382,14479.842407417706,0.0,0.0,0.0,0.2059789426788827,0.1395994189534186,13626.109311578148,1769.7284473343302,2356.952422482388,0
q2_cvar,2025-10-18,14319.118975084528,14257.336192834504,0.0,0.0,0.0,61.78278225002637,49.03395416667608,12929.952404708029,2356.952422482388,2894.8527086784025,0
q2_cvar,2025-10-19,45334.530773202845,45049.99547716271,0.0,0.0,0.0,284.53529604014244,135.03651423613,675.113219444466,2894.8527086784025,2424.583296948538,0
q2_cvar,2025-10-20,47703.71020743981,45501.16661808435,0.0,0.0,0.0,2202.5435893554586,415.6527049753363,607.6735360998609,2424.583296948538,3089.847397377776,0
q2_cvar,2025-10-21,46237.93105976987,46180.81896547189,0.0,0.0,0.0,57.11209429799298,28.399580555573976,21.74457350609644,3089.847397377776,1893.4753939528423,0
q2_cvar,2025-10-22,47640.33138709531,47569.952208650815,0.0,0.0,0.0,70.37917844450527,33.47404444445944,1013.3131391999829,1893.4753939528423,2664.6256955994127,0
q2_cvar,2025-10-23,47291.02745251924,47291.02745251922,0.0,0.0,0.0,5.6468242026763706e-11,1.5823398147318812e-11,4104.7760286030825,2664.6256955994127,2935.697911581696,0
q2_cvar,2025-10-24,14244.729715584008,14244.729715583971,0.0,0.0,0.0,2.7174090269643787e-11,8.092110315160994e-12,11287.402488991776,2935.697911581696,2433.4495563374785,0
q2_cvar,2025-10-25,14569.267644292268,14569.267644292246,0.0,0.0,0.0,2.3844772822911863e-11,8.00914889964588e-12,10879.34184839187,2433.4495563374785,2441.98738369896,0
q2_cvar,2025-10-26,47437.38481671637,47390.20527598021,0.0,0.0,0.0,47.17954073616108,22.03374444445792,2004.765112376981,2441.98738369896,3209.631755106063,0
q2_cvar,2025-10-27,46785.17713622583,46725.25556445145,0.0,0.0,0.0,59.921571774373305,27.10531111112721,3439.9612845314045,3209.631755106063,2939.130890352848,0
q2_cvar,2025-10-28,47329.72940182637,47329.72940182631,0.0,0.0,0.0,7.380063320877593e-11,1.8760229480996315e-11,186.30194559589248,2939.130890352848,3763.6383621392233,0
q2_cvar,2025-10-29,54438.61033937869,47312.760020038826,0.0,0.0,0.0,7125.850319339891,1240.8198339077703,47.43710694446156,3763.6383621392233,1659.877420752315,0
q2_cvar,2025-10-30,49909.01900173456,49909.01900173452,0.0,0.0,0.0,5.682937820328249e-11,1.3714362978589634e-11,3928.347344779444,1659.877420752315,2871.18044591894,0
q2_cvar,2025-10-31,15099.319732083171,15054.90625007689,0.0,0.0,0.0,44.41348200628416,30.61942916667869,6957.811691984968,2871.18044591894,2744.243338858025,0
q2_cvar,2025-11-01,14852.890163503303,14789.289254644844,0.0,0.0,0.0,63.60090885846344,39.95456607143866,7989.021798238791,2744.243338858025,3097.7628480053154,0
q2_cvar,2025-11-02,50190.55564757299,50135.83976429792,0.0,0.0,0.0,54.71588327506031,25.077702777791167,1647.1594122925949,3097.7628480053154,2883.6570191202154,0
q2_cvar,2025-11-03,52507.84497086545,51982.36791038346,0.0,0.0,0.0,525.4770604819956,248.1643152777901,2725.9615329061635,2883.6570191202154,3012.1022049646367,0
q2_cvar,2025-11-04,50958.34115425655,50859.34184488567,0.0,0.0,0.0,98.99930937088564,48.50401944446003,4205.712246479514,3012.1022049646367,2647.4613706138416,0
q2_cvar,2025-11-05,52344.51363060175,51887.231708488325,0.0,0.0,0.0,457.2819221134141,212.27268660838047,1644.7979445626852,2647.4613706138416,3228.964571693636,0
q2_cvar,2025-11-06,54585.19575312925,51462.18581547239,0.0,0.0,0.0,3123.0099376568683,732.5995008889126,371.6980490667431,3228.964571693636,2524.425308808949,0
q2_cvar,2025-11-07,15341.742749928317,14883.604705226942,0.0,0.0,0.0,458.1380447013702,89.45141229651263,7731.723695311591,2524.425308808949,2536.4567587530914,0
q2_cvar,2025-11-08,14614.304642635923,14571.05702747067,0.0,0.0,0.0,43.2476151652545,26.60179287535116,7143.039186537881,2536.4567587530914,2094.758897085052,0
q2_cvar,2025-11-09,52508.37793813127,52254.81790295251,0.0,0.0,0.0,253.5600351787592,119.80966852746464,1957.7668185753664,2094.758897085052,1441.568688425128,0
q2_cvar,2025-11-10,58891.187397198366,53570.43778667401,0.0,0.0,0.0,5320.74961052435,989.6958129548432,24.1295679355494,1441.568688425128,2077.6797841975317,0
q2_cvar,2025-11-11,53756.83720860638,53737.32042539175,0.0,0.0,0.0,19.516783214638075,8.083334722236517,2248.572126670869,2077.6797841975317,2471.273633492592,0
q2_cvar,2025-11-12,54222.89387099845,54145.02131309839,0.0,0.0,0.0,77.87255790007032,35.53438055557153,3212.0731083034834,2471.273633492592,2715.6609817625204,0
q2_cvar,2025-11-13,55004.22998338292,54895.28202426405,0.0,0.0,0.0,108.9479591188464,49.55558750002114,1942.765780238324,2715.6609817625204,2551.3221766723823,0
q2_cvar,2025-11-14,14753.549157549876,14753.549157549824,0.0,0.0,0.0,4.461963543089808e-11,1.239464086921771e-11,3963.557610521776,2551.3221766723823,1767.4331404733416,0
q2_cvar,2025-11-15,15348.78155274212,15251.964317520376,0.0,0.0,0.0,96.8172352217488,63.25156602778502,3276.793449018523,1767.4331404733416,1626.088415092591,0
q2_cvar,2025-11-16,56536.33816332356,56224.66624505201,0.0,0.0,0.0,311.6719182715785,137.4359375000096,1839.1690487232777,1626.088415092591,1987.9749120147,0
q2_cvar,2025-11-17,56491.1034131846,56315.62733500198,0.0,0.0,0.0,175.47607818263964,80.4631727361268,3757.954737879678,1987.9749120147,2549.7372019444424,0
q2_cvar,2025-11-18,56594.24540077116,56024.36044519584,0.0,0.0,0.0,569.8849555753145,264.8645676234798,1870.4476391952528,2549.7372019444424,2120.381272381783,0
q2_cvar,2025-11-19,57591.59260104215,57381.20672480666,0.0,0.0,0.0,210.38587623547693,94.10380277779156,1232.4983282669389,2120.381272381783,2225.3131653784094,0
q2_cvar,2025-11-20,56501.13843102468,56344.93908145794,0.0,0.0,0.0,156.19934956676036,72.90935000002116,2382.1729368312995,2225.3131653784094,2028.547988644145,0
q2_cvar,2025-11-21,15793.18372225574,15793.183722255711,0.0,0.0,0.0,3.50154406580927e-11,1.208255717699558e-11,3674.357889949946,2028.547988644145,1871.257801080248,0
q2_cvar,2025-11-22,15721.528418179523,15719.120786691194,0.0,0.0,0.0,2.4076314883318024,1.4622723888979792,2438.126224382729,1871.257801080248,1572.9960629955374,0
q2_cvar,2025-11-23,58312.50777484945,58044.73800155892,0.0,0.0,0.0,267.7697732905421,137.33590958768272,2356.8120299005745,1572.9960629955374,2381.353566768424,0
q2_cvar,2025-11-24,58118.8503718117,57791.65105927271,0.0,0.0,0.0,327.1993125389568,149.04060416668148,3871.707763576484,2381.353566768424,2414.2614023004,0
q2_cvar,2025-11-25,57451.88119751748,57332.22722347295,0.0,0.0,0.0,119.65397404452057,58.42046388890768,960.6519399964684,2414.2614023004,2636.6753936284176,0
q2_cvar,2025-11-26,58329.63712329666,58319.45861431328,0.0,0.0,0.0,10.17850898340307,4.796658333349041,1068.112459472189,2636.6753936284176,2469.1641274572453,0
q2_cvar,2025-11-27,58319.92789574032,58286.52148814165,0.0,0.0,0.0,33.40640759868536,16.072024059620936,1536.48429080153,2469.1641274572453,3304.124719387436,0
q2_cvar,2025-11-28,15499.742596289238,15152.935999605854,0.0,0.0,0.0,346.8065966833813,215.2227750000156,2555.9260263386154,3304.124719387436,1782.40911024259,0
q2_cvar,2025-11-29,18252.28617910695,15855.642034368186,0.0,0.0,0.0,2396.6441447387656,944.4121631397924,116.04560833335373,1782.40911024259,1200.0,0
q2_cvar,2025-11-30,61468.965145353606,61374.00742747436,0.0,0.0,0.0,94.95771787925548,41.70707500001937,602.3677887654561,1200.0,2050.859819152372,0
q2_cvar,2025-12-01,89226.23470401973,65368.97683202688,0.0,0.0,0.0,23857.25787199284,4558.016788338739,1169.7750600098504,2050.859819152372,1200.0,0
q2_cvar,2025-12-02,94767.97367243785,68307.15924228291,0.0,0.0,0.0,26460.814430154944,4516.087212713741,1.4060447250940909e-11,1200.0,1263.6147983333324,0
q2_cvar,2025-12-03,76531.76098253485,69833.9188706761,0.0,0.0,0.0,6697.842111858789,1410.8469697819112,148.50737222223867,1263.6147983333324,1200.0,0
q2_cvar,2025-12-04,71713.9766000458,70011.96501546641,0.0,0.0,0.0,1702.011584579422,250.19518291668044,184.8409750000176,1200.0,1684.912250831607,0
q2_cvar,2025-12-05,21084.756603408267,20718.904048408207,0.0,0.0,0.0,365.8525550000501,76.82750000001421,415.6444619360914,1684.912250831607,1404.8578974999969,0
q2_cvar,2025-12-06,29692.572842140908,21120.86379473528,0.0,0.0,0.0,8571.709047405639,1707.887171569122,22.21089742799942,1404.8578974999969,1200.0,0
q2_cvar,2025-12-07,71437.51107005689,71437.51107005682,0.0,0.0,0.0,6.955783160567108e-11,1.5644596729202928e-11,1362.0824370576654,1200.0,1600.894499459707,0
q2_cvar,2025-12-08,71906.31421197578,71906.31421197571,0.0,0.0,0.0,9.070144862954875e-11,1.9471424472783383e-11,1734.4986015021575,1600.894499459707,2114.7889159320225,0
q2_cvar,2025-12-09,71440.31374711546,70949.44801005983,0.0,0.0,0.0,490.8657370556443,66.38661111113113,2808.634216233569,2114.7889159320225,1957.4403071222196,0
q2_cvar,2025-12-10,71867.16794565604,71867.16794565594,0.0,0.0,0.0,9.406871076533817e-11,2.0437984638022044e-11,1240.399917663837,1957.4403071222196,2051.6952673191345,0
q2_cvar,2025-12-11,78575.02304236026,78575.02304236018,0.0,0.0,0.0,3.816801699696448e-11,8.257783346010683e-12,13873.074542318653,2051.6952673191345,2366.551403571026,0
q2_cvar,2025-12-12,25725.140197527944,25725.140197527915,0.0,0.0,0.0,3.365497125429329e-11,8.382627925129782e-12,7000.504209076856,2366.551403571026,2053.099851296296,0
q2_cvar,2025-12-13,26731.48256360241,26731.482563602385,0.0,0.0,0.0,3.4437796170294626e-11,9.019451852054772e-12,7895.31858318692,2053.099851296296,2145.788784822832,0
q2_cvar,2025-12-14,78795.7030108505,78795.70301085048,0.0,0.0,0.0,3.3442062674637894e-11,7.829736858866454e-12,8160.21690862309,2145.788784822832,2477.227405555553,0
q2_cvar,2025-12-15,78202.9829323494,78202.98293234935,0.0,0.0,0.0,6.340269020910226e-11,1.1835865620923867e-11,7764.191913216743,2477.227405555553,2010.948649922841,0
q2_cvar,2025-12-16,78299.4863938004,78299.48639380033,0.0,0.0,0.0,6.103615390884443e-11,1.3075318605615394e-11,8108.683377671981,2010.948649922841,2076.5470563506155,0
q2_cvar,2025-12-17,78059.79592066199,78059.79592066197,0.0,0.0,0.0,5.985427359300743e-11,1.0226430813276009e-11,8782.95102645984,2076.5470563506155,2411.840222752852,0
q2_cvar,2025-12-18,76564.4908744745,76564.49087447449,0.0,0.0,0.0,3.906058720914984e-11,7.316813821489632e-12,8821.529780176625,2411.840222752852,2190.330593370297,0
q2_cvar,2025-12-19,25827.899113700125,25827.89911370008,0.0,0.0,0.0,3.678699012077402e-11,9.094502928519432e-12,8541.126408277358,2190.330593370297,1657.2132405864163,0
q2_cvar,2025-12-20,26303.290670422142,26303.290670422124,0.0,0.0,0.0,3.4802045245641005e-11,9.458656080596484e-12,8005.68119026064,1657.2132405864163,2018.4510856975332,0
q2_cvar,2025-12-21,77410.43723507212,77410.43723507211,0.0,0.0,0.0,4.328237657169609e-11,9.315437310419838e-12,7313.864994924394,2018.4510856975332,2233.8029036533267,0
q2_cvar,2025-12-22,78394.66971890052,78394.66971890049,0.0,0.0,0.0,6.103152427883174e-11,1.2290390927205408e-11,8046.790230009272,2233.8029036533267,1933.143396466051,0
q2_cvar,2025-12-23,78003.06715665341,78003.06715665337,0.0,0.0,0.0,5.993887808308784e-11,9.953815549579303e-12,9832.79493072293,1933.143396466051,2344.059897754938,0
q2_cvar,2025-12-24,76972.62979515268,76972.62979515259,0.0,0.0,0.0,4.830597921667845e-11,9.159784042367392e-12,8707.164412233924,2344.059897754938,2238.902938194444,0
q2_cvar,2025-12-25,76873.3355053064,76873.33550530633,0.0,0.0,0.0,6.518273565347953e-11,1.1430856261540612e-11,8338.316553713536,2238.902938194444,2199.0501560646635,0
q2_cvar,2025-12-26,25956.5922323855,25956.592232385465,0.0,0.0,0.0,4.6448868307180646e-11,1.2416734307407749e-11,7578.568937721889,2199.0501560646635,2387.10076904738,0
q2_cvar,2025-12-27,25459.592576495616,25459.59257649558,0.0,0.0,0.0,3.8746801322986354e-11,1.0025758001575014e-11,8093.886311438454,2387.10076904738,2112.432193174074,0
q2_cvar,2025-12-28,77368.30249155179,77368.30249155172,0.0,0.0,0.0,5.1028907321892805e-11,1.0870415678709831e-11,9552.245039330355,2112.432193174074,2820.392136990739,0
q2_cvar,2025-12-29,76674.66216173243,76674.66216173243,0.0,0.0,0.0,3.030128326031445e-11,6.275868713601085e-12,9568.020722302055,2820.392136990739,2008.9986766358156,0
q2_cvar,2025-12-30,75658.9052875175,75658.90528751744,0.0,0.0,0.0,4.6568889633391555e-11,8.563816322748607e-12,9116.029666666074,2008.9986766358156,2513.229178801937,0
q2_cvar,2025-12-31,74776.38990508518,74776.38990508515,0.0,0.0,0.0,4.741544368247474e-11,9.51316803110558e-12,6492.368728754834,2513.229178801937,1200.0,0
q3_neutral,2025-02-01,26334.861294704708,31108.76407273167,508.79624396045153,12098.880971971856,6049.440485985928,766.7414639985163,161.29972720779918,540.8687396019708,1200.0,1863.497742065428,1
q3_neutral,2025-02-02,69367.97232344675,72632.70175883168,0.0,6581.1392005699045,3290.569600284952,25.8401649000422,10.514100000009533,1.3111622898520636e-11,1863.497742065428,2016.5753587719855,1
q3_neutral,2025-02-03,64732.40983693801,67746.73300563646,35.1665423851166,6244.203592467303,3122.1017962336514,72.61208515009206,32.3993666666854,1593.6306854957177,2016.5753587719855,2664.787208775425,0
q3_neutral,2025-02-04,66344.56763228614,69648.30222165454,0.0,6607.469178736928,3303.734589368464,7.443311778043693e-11,1.6660228752130024e-11,2201.40701191404,2664.787208775425,2177.4305472189567,0
q3_neutral,2025-02-05,63739.81668406733,64937.527193380745,69.5378547219708,2594.217418070875,1297.1087090354374,29.860345000079874,13.875625000017916,1954.8980862594044,2177.4305472189567,2230.0390328123726,0
q3_neutral,2025-02-06,66339.93805500508,70447.21321934403,3.7202880776021626e-12,8216.582338752281,4108.291169376141,1.0160050372271645,0.140429168939993,2166.357905647797,2230.0390328123726,2922.675988795683,0
q3_neutral,2025-02-07,18109.9366948862,19075.98904147283,0.0,1932.1046931733183,966.0523465866592,3.544482529704851e-11,1.1217582418510119e-11,6270.791594855623,2922.675988795683,1943.7968336784768,0
q3_neutral,2025-02-08,16444.276772561807,16084.07948218867,360.19729037309554,0.0,0.0,5.1600866246559454e-11,1.8419488156951047e-11,3226.0255716088272,1943.7968336784768,2203.9596793439114,0
q3_neutral,2025-02-09,63282.13771654939,65706.05906914953,0.0,4847.842705200377,2423.9213526001886,9.5372168718022e-11,2.0200646710932798e-11,1786.0472933657643,2203.9596793439114,2046.5544879477156,0
q3_neutral,2025-02-10,58017.31607793075,60503.45053551373,947.0964081687574,6866.461731503528,3433.230865751764,3.8389349116263455e-11,1.0566492125718696e-11,745.5099159820368,2046.5544879477156,1930.293106661853,0
q3_neutral,2025-02-11,58766.40258544694,61891.66476199392,0.0,6250.524353094075,3125.2621765470376,7.616249575459476e-11,1.8465118323263138e-11,1123.2202148570154,1930.293106661853,1828.6698138334075,0
q3_neutral,2025-02-12,58637.35028460888,61769.28784294394,0.0,6263.875116670273,3131.9375583351366,7.040049593287632e-11,1.6785628442761436e-11,1022.5014348825786,1828.6698138334075,1698.8880105089015,0
q3_neutral,2025-02-13,53160.05423232389,53737.089304696594,481.0503121001423,2720.899457795901,1360.4497288979503,302.3643444250806,62.720552975256034,178.1670033547439,1698.8880105089015,1457.0505520844702,0
q3_neutral,2025-02-14,15624.073815663349,14745.421073301066,878.652742362258,0.0,0.0,2.904021956240399e-11,9.067413486718578e-12,2581.069377934052,1457.0505520844702,1553.8413348422102,0
q3_neutral,2025-02-15,16470.561640764205,15689.62622143817,319.107760369714,576.9959501338831,288.49797506694154,750.325634023264,194.18282617021475,2716.578443810028,1553.8413348422102,1200.0,0
q3_neutral,2025-02-16,59389.97399160722,59264.61549339019,2150.377679071403,5701.887157283691,2850.9435786418453,825.9243977874696,181.29826865033587,45.58212225288344,1200.0,1348.3017375092215,0
q3_neutral,2025-02-17,55663.86644831322,58392.78559427191,302.3999899726739,7427.196823793563,3713.5984118967817,682.2792759654138,107.4934998463918,335.1780579059242,1348.3017375092215,1361.6105937654324,0
q3_neutral,2025-02-18,52658.9242782618,51455.787411511374,1303.9998505598903,201.72596761909247,100.86298380954624,8.709822663099943e-11,2.124744824527625e-11,110.59790501152678,1361.6105937654324,3029.0138011807016,0
q3_neutral,2025-02-19,53194.83100823737,50482.53129177971,1638.9630614232578,545.0337528654578,272.5168764327289,1345.8535314671385,308.2135281045456,237.204169189768,3029.0138011807016,1200.0,0
q3_neutral,2025-02-20,53650.89739413392,54129.03901301914,565.0594784464735,2086.4021946634875,1043.2010973317438,5.781623058087604e-11,1.3280487820566124e-11,1714.1076062987238,1200.0,2180.4565431536294,0
q3_neutral,2025-02-21,14432.09586586119,14247.847641522769,184.24822433839432,0.0,0.0,3.0071131251752096e-11,9.528600131147869e-12,5598.860868119143,2180.4565431536294,1274.2844733024674,0
q3_neutral,2025-02-22,15655.11952583656,15170.834756343487,97.7918994181739,98.32432200159248,49.162161000796246,435.655031075694,103.4823163092135,3280.6756024851456,1274.2844733024674,1804.796231143116,0
q3_neutral,2025-02-23,52157.90850724888,52621.91958288806,541.8891526606018,2011.8004565997371,1005.9002282998688,7.084980402360941e-11,1.7255308293329108e-11,490.74375261896273,1804.796231143116,1459.662799937115,0
q3_neutral,2025-02-24,50015.832058082415,50653.01174774156,189.0176313376822,1652.3946419937931,826.1973209968966,6.492396392721034e-11,1.6941892333477426e-11,551.5288292670114,1459.662799937115,1834.5163985531517,0
q3_neutral,2025-02-25,49325.790132858856,51708.61243656238,0.0,4846.2636493726895,2423.1318246863448,40.30952098284006,7.85454422892807,1500.876669974108,1834.5163985531517,1954.2826447722175,0
q3_neutral,2025-02-26,49522.19599099523,47136.01909007853,2386.176900916615,0.0,0.0,6.493489557168885e-11,1.5867529512547662e-11,129.66171125924225,1954.2826447722175,2039.9292570904752,0
q3_neutral,2025-02-27,47316.487575973966,46696.76265338027,1.3381509234022813e-12,163.06684668074752,81.53342334037376,701.2583459340775,138.37911901015588,478.7335320546098,2039.9292570904752,2239.779536764885,0
q3_neutral,2025-02-28,13851.447390472358,13630.134548827478,289.48527900473243,150.81633023087934,75.40816511543967,7.235727755587992,5.097377777787381,6669.144613533193,2239.779536764885,1444.9389352941976,0
q3_neutral,2025-03-01,14982.381507077203,15216.894624810298,2.82810741164804,913.5093540623968,456.75467703119847,219.41345188646017,55.34671161667922,7468.006158316193,1444.9389352941976,1315.7881263033491,0
q3_neutral,2025-03-02,53989.7117736635,55232.50467894585,443.3288310310346,3372.2434726269234,1686.1217363134615,7.467302343133751e-11,1.7235324278885855e-11,944.8951920351416,1315.7881263033491,2126.787566754325,0
q3_neutral,2025-03-03,53689.41263590296,56239.86522262679,0.0,5100.905173447877,2550.4525867239386,8.711067717159793e-11,1.9824697439219108e-11,515.4990430361288,2126.787566754325,1447.8945814172455,0
q3_neutral,2025-03-04,49691.72857716219,49407.20833674942,822.2449313616977,1075.4493818980254,537.7246909490127,6.945512442957379e-11,1.690936279885591e-11,309.36103281797585,1447.8945814172455,2170.5132455479625,0
q3_neutral,2025-03-05,47846.09424520558,49732.81871821445,421.48664977652913,4616.422245570935,2308.2111227854675,6.410782110721769e-11,1.678135408411663e-11,1251.6951591152904,2170.5132455479625,1417.9513661510923,0
q3_neutral,2025-03-06,46586.80804667623,47002.97804618189,2.843643187588896e-12,832.3399990114015,416.16999950570073,6.399051946659462e-11,1.7672585617134473e-11,836.8316238436248,1417.9513661510923,2239.817941796197,0
q3_neutral,2025-03-07,13474.210665559707,13845.17920625534,0.0,741.9370813913158,370.9685406956579,3.273233839529155e-11,1.2206902155753596e-11,7888.830155641303,2239.817941796197,1730.6160730962563,0
q3_neutral,2025-03-08,14509.902399579843,12549.675830400463,551.2967881338344,41.87530645905492,20.93765322952746,1429.8674342750687,642.0073092658597,8810.407288679015,1730.6160730962563,1700.3891175223062,0
q3_neutral,2025-03-09,46583.209154014345,46637.51832891304,2474.9130711034186,5058.444492004318,2529.222246002159,6.339883684702839e-11,1.6187939877454482e-11,318.02326881386847,1700.3891175223062,1671.0167168439814,0
q3_neutral,2025-03-10,49592.820120717166,45971.34174465909,2900.2135087444103,424.7466948801885,212.37334744009425,933.6382147537802,242.664544275138,256.76132422124346,1671.0167168439814,1557.2135872479505,0
q3_neutral,2025-03-11,47285.82353044782,40223.57801218411,7299.161838080018,940.9740690455236,470.48703452276186,233.57071470647475,54.84860247615546,648.0239490876684,1557.2135872479505,1874.1799161129147,0
q3_neutral,2025-03-12,45699.98692588576,46550.53849919065,1461.2379207759775,5371.881724557746,2685.940862278873,374.15136819797567,190.14274640279928,318.270389697352,1874.1799161129147,1434.9068649528188,0
q3_neutral,2025-03-13,48632.30411641097,47164.869563029024,733.5413797525213,714.6737200751863,357.3368600375932,1091.2300336670312,289.6015666428106,1249.7326024038869,1434.9068649528188,1440.0121454783955,0
q3_neutral,2025-03-14,12806.551886780351,12249.155436489633,481.3501705382979,54.91040288016593,27.455201440082966,103.50148119250788,79.82352584722909,11298.215257540913,1440.0121454783955,1528.5245891561294,0
q3_neutral,2025-03-15,13488.305462277962,12521.726000101737,623.2980540340066,80.68046772261354,40.34023386130677,383.621642003532,146.20819437855693,7218.283278815211,1528.5245891561294,1200.0,0
q3_neutral,2025-03-16,45940.10026057622,45782.146264283954,1046.079890594219,2064.20390633181,1032.101953165905,143.97605886396465,69.42819305557383,1394.228501009403,1200.0,1944.142679489814,0
q3_neutral,2025-03-17,40811.475295950135,40353.5859308784,2041.1900145702284,3213.786830991593,1606.8934154957965,23.59276599729794,12.056783333352447,542.6161163882904,1944.142679489814,1904.5970453898797,0
q3_neutral,2025-03-18,45008.6110134419,48120.02226225021,7.890942335300623,6238.6043822873735,3119.3021911436867,7.014329195254019e-11,1.7038592758922274e-11,907.3776547296123,1904.5970453898797,2177.456478289448,0
q3_neutral,2025-03-19,42405.37749062619,38488.61465266457,4318.989446401511,804.4532168798586,402.2266084399293,3.6873481407129196e-11,1.0288381258050094e-11,1392.6810820672113,2177.456478289448,2193.042496190181,0
q3_neutral,2025-03-20,44727.86670852568,44706.6906527798,1980.3728190227976,3918.393526553953,1959.1967632769763,6.856306900004939e-11,1.6395773627664312e-11,101.73278480918162,2193.042496190181,1558.7677827764817,0
q3_neutral,2025-03-21,12411.70672774703,12012.493962613322,360.5494587961026,381.4123067762261,190.70615338811305,229.36945972571928,155.4849379528402,14329.128787322185,1558.7677827764817,1200.0,0
q3_neutral,2025-03-22,12891.42506770215,13007.211699634614,0.0,231.5732638649664,115.7866319324832,2.174072699645535e-11,7.084999253947899e-12,11135.5562032714,1200.0,2215.5785375524647,0
q3_neutral,2025-03-23,42280.26554085485,44494.17473359165,0.0,4548.74797379904,2274.37398689952,60.4647941627592,28.8135299189642,2198.7435260552247,2215.5785375524647,1492.2434210906188,0
q3_neutral,2025-03-24,41056.45915162293,41911.16624714588,460.9271861676633,2631.268563381337,1315.6342816906686,4.429689232088308e-11,1.2472578525546396e-11,1719.7878985388777,1492.2434210906188,1642.446805488269,0
q3_neutral,2025-03-25,44255.716635921526,46747.315195359566,172.19011956990124,6397.985187263854,3198.992593631927,535.2039146239911,109.24467134637575,220.10760742692645,1642.446805488269,1268.5867951222428,0
q3_neutral,2025-03-26,38730.34802378979,39962.37733316261,134.27351996735905,2732.605658680456,1366.3028293402278,6.218447790203029e-11,1.7278029701417452e-11,562.0819691165331,1268.5867951222428,1495.6836766770743,0
q3_neutral,2025-03-27,49475.64291593294,52377.83165149417,0.0,7977.117817233637,3988.5589086168175,1086.3701730555924,478.4701388888982,7.750355912605755e-12,1495.6836766770743,1536.3610870347247,1
q3_neutral,2025-03-28,12257.888990309815,12255.301809944754,2.587180365051731,0.0,0.0,1.5287744403735816e-11,5.757172516496212e-12,16096.287112157068,1536.3610870347247,1785.0430462663248,0
q3_neutral,2025-03-29,12180.654635602124,11351.650621705445,492.59049749619845,0.0,0.0,336.4135164004815,87.36979202677635,18633.32133662552,1785.0430462663248,1339.1430076543209,0
q3_neutral,2025-03-30,38897.61993071313,40808.64569124946,406.0002343767794,4634.051989826384,2317.025994913192,6.59607753417113e-11,1.699274054800526e-11,22.764276353264812,1339.1430076543209,1549.5770977117634,0
q3_neutral,2025-03-31,41526.18970546907,36099.832917470034,7214.151388121798,3655.840438552693,1827.9202192763464,40.12561915360371,9.99143903227369,204.85117671692632,1549.5770977117634,1658.88902191358,0
q3_neutral,2025-04-01,50382.54244032911,51651.189946998464,1061.9572027858317,7781.290348054966,3890.645174027483,1560.0404645722765,687.8360708333455,1.5732748437358168e-11,1658.88902191358,1748.720317886368,1
q3_neutral,2025-04-02,50380.28495078343,51530.83171728139,1678.9448197836964,7300.906276978655,3650.453138489328,820.9615522076687,372.384094749502,8.123737793575003e-12,1748.720317886368,1458.4242373436073,1
q3_neutral,2025-04-03,41220.27067938718,43794.483883357294,0.0,5148.426407940306,2574.213203970153,4.007209075673757e-11,1.1777911979038436e-11,1939.830031059107,1458.4242373436073,1522.435699628968,0
q3_neutral,2025-04-04,11039.06895233443,10904.966838298653,89.87412659856074,55.214175177044645,27.60708758852232,71.83507502573828,43.47886491726932,18623.41662042255,1522.435699628968,1458.6737051011603,0
q3_neutral,2025-04-05,11475.075321275996,11003.032209256491,378.049795973665,0.0,0.0,93.9933160458381,54.44314935540395,13307.316520562455,1458.6737051011603,1200.0,0
q3_neutral,2025-04-06,39117.838594134926,40470.68279019492,231.98563877239712,3169.659669664868,1584.8298348324338,3.691763805768744e-11,1.0182965581861936e-11,1652.783662065783,1200.0,1568.7861232514772,0
q3_neutral,2025-04-07,37210.34321737821,35025.964491273095,2991.7627436240077,1614.7680350379076,807.3840175189538,5.938721187037644e-11,1.6664336577321137e-11,1128.5799518983326,1568.7861232514772,1581.306032622804,0
q3_neutral,2025-04-08,38769.937703791045,40791.90627831238,0.0,4043.937149042792,2021.968574521396,6.160310245251211e-11,1.7291168497024497e-11,1307.8683568809593,1581.306032622804,1214.3191998432774,0
q3_neutral,2025-04-09,40522.89958213463,39056.01922937585,2210.733131860471,1601.499183489041,800.7495917445204,56.89681264285064,30.175981247851404,1285.2316897191215,1214.3191998432774,1514.5188644625591,0
q3_neutral,2025-04-10,38919.90865341079,38878.297618110766,1496.1946478486298,2909.167225097338,1454.583612548669,6.693019050096894e-11,1.7394530260617103e-11,1650.262119532285,1514.5188644625591,1515.33464604263,0
q3_neutral,2025-04-11,11226.59690468542,10300.053438167,740.801148494504,112.1833763368586,56.0916881684293,241.834006192345,127.2773039322009,19005.33607293068,1515.33464604263,1200.0,0
q3_neutral,2025-04-12,10986.040971297392,11040.98808471738,147.19877491371028,455.0941772591132,227.54708862955655,25.401200295852945,14.925079166672452,15427.78313509946,1200.0,1610.3852028782962,0
q3_neutral,2025-04-13,36277.03779845536,36571.874965708026,0.0,589.6743345055006,294.8371672527503,7.321557018991065e-11,1.9600376877093595e-11,547.9828768848558,1610.3852028782962,1563.266661461746,0
q3_neutral,2025-04-14,38361.82986175931,39006.14320361444,853.6207301347288,5226.456663696607,2613.2283318483032,1115.2942598584248,196.00560299030468,1.8128831769104178e-11,1563.266661461746,1916.7871101697533,0
q3_neutral,2025-04-15,35274.254359891864,32548.823557008967,3185.6521060352097,1291.6685730308163,645.8342865154082,185.61298336310247,44.74807054912379,2130.583983721005,1916.7871101697533,1498.859198768826,0
q3_neutral,2025-04-16,38785.88844298598,37207.31282729258,2629.990560356863,2102.82988932702,1051.41494466351,4.5229703982130326e-11,1.318589681886806e-11,1148.2421219772682,1498.859198768826,1437.1345628449494,0
q3_neutral,2025-04-17,37557.46423568919,34212.72820327894,3441.134638137097,1278.9264286626417,639.4632143313208,543.0646086044669,151.81136712906704,1269.2880096325637,1437.1345628449494,2328.083178289998,0
q3_neutral,2025-04-18,10296.031861461166,10179.90844070226,152.2522285548713,118.96296420306123,59.48148210153062,23.352674305572798,15.465347222227631,17145.34496933987,2328.083178289998,1691.77625685571,0
q3_neutral,2025-04-19,10748.40702186366,10268.16347635171,509.2694922665943,58.05189350932292,29.02594675466146,1.3697415479629882e-11,4.754530102957233e-12,17103.509263213313,1691.77625685571,1637.808296345334,0
q3_neutral,2025-04-20,35892.206057047224,34384.52793535464,222.0054991632128,359.4613188416073,179.73065942080368,1465.4032819501974,439.80953347535865,761.3458909435119,1637.808296345334,1840.263740682179,0
q3_neutral,2025-04-21,33887.2944950302,35541.963167940994,0.0,3964.613647549456,1982.306823774728,327.63815086393964,71.24724003187286,534.7981116598122,1840.263740682179,1306.403972222222,0
q3_neutral,2025-04-22,36411.81727789896,33197.67668489847,3241.380245769798,892.0971390167646,446.0485695083823,418.8089167390637,122.85389168056903,1148.8810764152388,1306.403972222222,1570.3440262205024,0
q3_neutral,2025-04-23,36368.11644413955,32425.658907675104,2535.725838104327,261.4165540738816,130.7082770369408,1537.4399753970667,416.2857864583274,908.1200295747892,1570.3440262205024,1796.4300727402083,0
q3_neutral,2025-04-24,33077.76519613156,32848.932915916994,463.3842511285951,469.1039418281742,234.5519709140871,5.2471108236140646e-11,1.4548473536990514e-11,3150.174742949339,1796.4300727402083,1586.8402485098964,0
q3_neutral,2025-04-25,9793.169543846563,9957.314743098956,0.0,328.2903985048163,164.14519925240816,2.0642162396056207e-11,5.7913812634424736e-12,20689.8411652924,1586.8402485098964,1365.7855779549575,0
q3_neutral,2025-04-26,10312.87662228634,10180.072042527976,142.37567829711384,83.88678650161248,41.94339325080624,32.37229471205697,22.274077904538828,23134.15339995381,1365.7855779549575,1200.0,0
q3_neutral,2025-04-27,34271.42043295378,32159.952559448477,1682.5774115468917,728.0639234562274,364.0319617281137,792.9224236865344,211.0117001978544,1606.6202163733894,1200.0,1406.213964667003,0
q3_neutral,2025-04-28,38867.45287359545,39123.550578951006,320.1431986885648,1854.1713086883117,927.0856543441556,350.84475030005416,112.7031000000152,1687.9451173190675,1406.213964667003,1518.7908363441595,0
q3_neutral,2025-04-29,32690.22287385202,32428.873786341832,476.75454810018175,430.8109211800147,215.40546059000732,2.7856622786259774e-11,8.603784351635113e-12,2059.635208370918,1518.7908363441595,1720.2198246143846,0
q3_neutral,2025-04-30,34321.96415354761,31249.61223488052,328.8601574903465,746.3697695975982,373.1848847987991,3116.67664597555,874.5864824237976,351.57065985343047,1720.2198246143846,1543.091269125591,0
q3_neutral,2025-05-01,45901.32605932724,34187.531772803835,1351.7243470675228,664.4982413151757,332.24912065758787,10694.31906011348,2197.784205437624,2221.4317295243964,1543.091269125591,1877.748,0
q3_neutral,2025-05-02,18320.400465622628,11044.175574612304,510.311678757152,172.3774874863396,86.1887437431698,6852.101955996344,1708.280583346916,12058.702006035672,1877.748,1200.0,0
q3_neutral,2025-05-03,18202.282460604343,10466.421384346457,590.6447220100032,87.06005082844209,43.53002541422104,7188.746379662107,1709.4085057566144,16861.400634009053,1200.0,1200.0,0
q3_neutral,2025-05-04,48974.81352560585,44628.12903895055,236.72844914209077,8587.683636489088,4293.841818244544,8403.797855757777,2157.9660770414566,9.28768173480421e-12,1200.0,1200.0,1
q3_neutral,2025-05-05,41640.94167512403,38854.889123392,0.0,1959.4381466101183,979.7190733050592,3765.7716250370913,668.4799214907914,60.09665000001885,1200.0,1433.1661915407408,0
q3_neutral,2025-05-06,43022.03242509896,33835.98463722732,2727.278785306772,106.15758087016218,53.07879043508109,6511.847792999921,1318.083422961369,203.0710537220228,1433.1661915407408,1329.7034342592594,0
q3_neutral,2025-05-07,39592.46123380793,36248.88966416121,2155.653293950487,0.0,0.0,1187.9182756962423,280.01520264840894,310.91596698944323,1329.7034342592594,1463.1914850000005,0
q3_neutral,2025-05-08,41222.96724900386,38904.739760588105,312.93134175018986,2146.7623899058426,1073.3811949529213,3078.6773416184674,506.2387850901456,88.7802298499657,1463.1914850000005,1261.6318062962969,0
q3_neutral,2025-05-09,12609.46835674014,12012.405523627534,244.9659412692036,0.0,0.0,352.0968918433963,103.5815207052961,16612.73504251281,1261.6318062962969,1947.0128416666669,0
q3_neutral,2025-05-10,12219.911939215892,11769.362363674263,457.5969054795622,14.094659875915127,7.047329937957564,2.573201801636671e-11,8.482214930438658e-12,13236.838433289076,1947.0128416666669,1480.189404729887,0
q3_neutral,2025-05-11,40139.31104262055,37057.12062272537,705.1133456194973,1017.6639195476364,508.8319597738181,2885.9090340495145,867.1842816782082,7.164666666686931,1480.189404729887,1467.31564991371,0
q3_neutral,2025-05-12,41416.45813593069,33533.930877403975,5055.2975152167255,1619.149450658055,809.5747253290275,3636.804468639031,1322.8975851944592,356.49867097701133,1467.31564991371,2250.1519231437755,0
q3_neutral,2025-05-13,43412.77613965089,45804.92361784889,824.4516539678136,6486.075327240048,3243.037663620024,26.438531454222822,18.612130555570136,35.67429722223375,2250.1519231437755,2165.2734426708853,1
q3_neutral,2025-05-14,38615.79620202159,37190.2871364194,537.8613067687611,2659.4628888260345,1329.7314444130172,2217.379203246448,770.6973235277967,382.2596985140247,2165.2734426708853,1907.562591519022,0
q3_neutral,2025-05-15,40796.91046710987,38545.76554840573,1867.0944316962632,3553.377705816585,1776.6888529082926,2160.7393399161897,772.6520921389002,102.4549924545757,1907.562591519022,2783.3883110076863,0
q3_neutral,2025-05-16,11443.46583229565,11944.037758324384,3.521453317731375,1008.1867586929684,504.09337934648414,2.5016023141866128e-11,6.484840442411155e-12,21484.652570455437,2783.3883110076863,1644.3716354272733,0
q3_neutral,2025-05-17,12501.062254064258,12276.979359504858,62.686945903387,151.03551666044729,75.51775833022364,236.9137069862408,148.6100271111154,14503.765392470945,1644.3716354272733,1904.2577286125756,0
q3_neutral,2025-05-18,39161.77168137587,39682.7580154671,2.617985426880365,4083.1388127711657,2041.5694063855829,1517.9650868675028,687.9835237929192,850.7455377071353,1904.2577286125756,2132.314234701964,0
q3_neutral,2025-05-19,39799.26408508052,44116.65416645,19.69635679417441,8674.172876327426,4337.086438163713,4.78618317201196e-11,1.2659651105195737e-11,1628.19092815006,2132.314234701964,1774.2655123023685,1
q3_neutral,2025-05-20,40043.6257422544,35766.15081002978,1266.6913958284931,1626.6212470446328,813.3106235223164,3824.0941599184393,1647.8995400000142,252.83721698611967,1774.2655123023685,1494.5689372102768,0
q3_neutral,2025-05-21,38637.87104722629,34800.9601021637,4125.3551600606415,2179.5571669373203,1089.77858346866,801.3343684706027,242.87132205014603,750.8320997923573,1494.5689372102768,1634.2142133613945,0
q3_neutral,2025-05-22,35786.13320517667,36873.27933015274,0.0,2174.2922499522974,1087.1461249761487,7.264129919803963e-11,1.900879453842208e-11,159.6648630509189,1634.2142133613945,2477.743896636194,0
q3_neutral,2025-05-23,12168.375032368494,12027.031685376558,508.3703374417393,785.059149637983,392.5295748189915,25.50258436919173,17.833975083340928,18214.825265227188,2477.743896636194,2291.9960469917105,0
q3_neutral,2025-05-24,12551.483478308726,12886.237816396704,17.499645177213864,1507.6555670053772,753.8277835026886,401.5738002375034,211.7214988294161,20386.73411325153,2291.9960469917105,2262.728975995351,0
q3_neutral,2025-05-25,37646.33017090438,36602.1470879252,0.0,1384.0369641895174,692.0184820947587,1736.201565073947,849.5542056633521,4057.028566800821,2262.728975995351,3055.4670772050263,0
q3_neutral,2025-05-26,39483.75168914659,35650.31544975515,3295.898012132751,1177.8915687721792,588.9457843860896,1126.484011644787,309.27410863890225,945.9253285821396,3055.4670772050263,2384.147417437165,0
q3_neutral,2025-05-27,39169.82793418799,34538.61970384374,3849.4554416632463,3328.146578839865,1664.0732894199327,2445.8260781009426,684.4912350216333,2273.838513645595,2384.147417437165,2102.1481488569075,0
q3_neutral,2025-05-28,37936.72551803276,39347.51428396353,134.70363103403344,3090.984793929701,1545.4923969648505,5.2052884669251395e-11,1.5263568187151577e-11,1334.7741803346012,2102.1481488569075,2914.766564093527,0
q3_neutral,2025-05-29,39413.72806783232,38577.110125217645,2025.7684973393136,2378.301109449379,1189.1505547246895,6.530353835465517e-11,1.845679165057845e-11,1052.3055849158009,2914.766564093527,3150.8284196606232,0
q3_neutral,2025-05-30,12501.338650405747,12897.570768955738,57.40014286338747,907.2645228267836,453.6322614133918,2.072500171479419e-11,6.4144245470743044e-12,17908.445677046548,3150.8284196606232,2918.623720252542,0
q3_neutral,2025-05-31,12456.366459821833,13538.60956764584,0.0,2164.4862156480435,1082.2431078240218,1.4276722359873872e-11,4.710898338089464e-12,17038.598082574663,2918.623720252542,2182.2757579669174,0
q3_neutral,2025-06-01,65082.67992499622,56156.10233222417,6271.8159849628455,4272.914960412574,2136.457480206287,4791.219088015505,1947.792816713555,7.373660288678133,2182.2757579669174,1200.0,1
q3_neutral,2025-06-02,65360.52685995972,58012.691050647496,6065.155168041567,5952.7880942087295,2976.3940471043647,4259.074688375029,1765.56428333334,6.5393246373446345e-12,1200.0,1449.006090093333,1
q3_neutral,2025-06-03,54770.10827693575,50086.94835608911,5552.933822024639,2340.223479081093,1170.1117395405468,300.33783836255867,135.57990202782298,806.2702760252434,1449.006090093333,1963.1549069829755,0
q3_neutral,2025-06-04,60500.8598939533,57289.31484948984,6288.072166220205,11364.102010190083,5682.051005095042,2605.523883338275,1062.0618521686577,45.72983140254024,1963.1549069829755,1200.0,0
q3_neutral,2025-06-05,57807.20663436793,49068.82021742377,5235.486982298935,298.5647796161501,149.28238980807504,3652.1818244533247,1179.0828808998028,178.5981303194769,1200.0,1200.0,0
q3_neutral,2025-06-06,21692.85095919901,17894.439919677927,2628.197539083208,463.60301762220143,231.80150881110072,1402.0150092489791,763.9170823889003,2183.7897506506183,1200.0,1668.1778513108789,0
q3_neutral,2025-06-07,21226.623010704017,18840.38594229028,2448.862230859286,1480.3064167095108,740.1532083547554,677.5280459092071,418.50020600001386,1916.3055618312876,1668.1778513108789,2061.381149914251,0
q3_neutral,2025-06-08,56609.68074443695,52111.20732774444,1789.3240850440666,277.3549912448499,138.67749562242494,2847.826827270883,1202.098275000011,1.0054845844820191e-11,2061.381149914251,2177.013691671996,1
q3_neutral,2025-06-09,54529.53082542361,55754.29686755949,0.0,3051.796825658505,1525.8984128292525,301.1323706933757,127.51740243992693,100.42157706258992,2177.013691671996,2008.349312457011,0
q3_neutral,2025-06-10,59031.53051448044,59783.78953720224,1449.0994801560605,4402.717005755802,2201.358502877901,5.156575788589634e-11,1.1809220268332863e-11,4003.930489208824,2008.349312457011,3489.254208077776,0
q3_neutral,2025-06-11,62738.27419556199,63709.92443713878,991.6168114222968,3926.534105998281,1963.2670529991408,4.954727228501099e-11,1.0657363880284264e-11,3311.119921117151,3489.254208077776,4355.475236702801,0
q3_neutral,2025-06-12,57140.32208156208,59184.8255264629,0.0,4089.006889801744,2044.503444900872,5.949028747398444e-11,1.4081513732833171e-11,2192.986013373039,4355.475236702801,3758.319481755396,0
q3_neutral,2025-06-13,20888.932833034414,21399.712523829334,1057.335090585399,3136.229562760657,1568.1147813803286,2.1501665781187285e-11,5.744904552074104e-12,6153.571650199126,3758.319481755396,3449.450582127761,0
q3_neutral,2025-06-14,20717.888941855945,22095.428770096336,0.0,2755.079656480824,1377.5398282404117,1.5916716833430656e-11,4.995115432393504e-12,7721.187077597183,3449.450582127761,3220.383942694975,0
q3_neutral,2025-06-15,56437.813172026734,54144.37596748189,3923.352762888205,3259.8311166868607,1629.9155583434303,5.99296967607188e-11,1.3701040302294132e-11,2022.724293527232,3220.383942694975,3611.243959557921,0
q3_neutral,2025-06-16,57452.09822175667,56959.17026490338,2124.536134508789,3263.2163553111614,1631.608177655581,6.433697552488127e-11,1.4886869514896258e-11,1277.8100468034222,3611.243959557921,3429.158710526928,0
q3_neutral,2025-06-17,58813.72670472681,57510.59034719319,2562.9278210555144,2596.9443882105625,1298.4721941052812,38.68073058340174,13.29691666668239,1187.6703760669718,3429.158710526928,3332.4339790073027,0
q3_neutral,2025-06-18,58175.61591516251,57977.71656752421,2920.3100793467647,5578.394143474185,2789.1970717370923,66.78634002865222,17.13814800028199,3331.4281582399467,3332.4339790073027,3136.248600273011,0
q3_neutral,2025-06-19,55034.33029208975,53064.420845788525,3040.2876095591446,3882.365389921526,1941.182694960763,870.8045317028398,339.36250323940806,3032.1009155897927,3136.248600273011,2921.602657266081,0
q3_neutral,2025-06-20,19479.003099355483,20923.2195694783,42.29860270349701,2973.030145652683,1486.5150728263416,2.7375259836759367e-11,7.349676423018536e-12,10312.76075826848,2921.602657266081,2958.0723801700187,0
q3_neutral,2025-06-21,19354.809493432324,20573.398073703567,0.0,2437.177160542529,1218.5885802712646,1.8119646449932248e-11,5.369482636297107e-12,13578.74517074346,2958.0723801700187,3488.023074452505,0
q3_neutral,2025-06-22,52458.24400072143,51062.81620826232,3183.759362852282,3576.6631407865007,1788.3315703932503,6.139497558954599e-11,1.6372590783131358e-11,1560.7036427607222,3488.023074452505,2999.154548217051,0
q3_neutral,2025-06-23,51813.81109115644,52717.14111308547,933.7270716463622,3674.114187150925,1837.0570935754629,9.696857572460971e-11,2.257882769640673e-11,1316.748584026582,2999.154548217051,2891.4578337514354,0
q3_neutral,2025-06-24,68554.10316517435,66962.07992415306,2550.5500198815043,4815.006591228855,2407.5032956144278,1448.9765167542118,591.0914361111207,8.547829111194005e-12,2891.4578337514354,3473.998551882992,1
q3_neutral,2025-06-25,54163.12521356588,52412.48934198081,3045.249173088661,3160.373565803432,1580.186782901716,285.57348139815736,152.1841094580995,1470.730676485871,3473.998551882992,3053.3797726023786,0
q3_neutral,2025-06-26,52250.48525707365,51132.26480649679,2505.0581659300083,2879.0699920706834,1439.5349960353417,52.697280682196144,7.524420744234131,1895.783029714441,3053.3797726023786,3186.1549468157623,0
q3_neutral,2025-06-27,18372.15641291289,19870.37532501442,0.0,2996.4378242031053,1498.2189121015526,2.222498274306872e-11,7.072564756072097e-12,11972.543393112888,3186.1549468157623,3311.1392783098345,0
q3_neutral,2025-06-28,18391.25338463105,19410.74121273295,0.0,2038.9756562038249,1019.4878281019124,2.3535410065278483e-11,6.305178601451189e-12,11093.6060990367,3311.1392783098345,2430.2054303750037,0
q3_neutral,2025-06-29,57030.10188803495,49588.0803635901,7364.263096076251,2402.456856239658,1201.228428119829,1278.9868564883882,523.7916236608493,1990.114633657411,2430.2054303750037,3504.8613293646845,0
q3_neutral,2025-06-30,53580.76386595756,53949.61815862783,838.9576062297137,3005.9862600592824,1502.9931300296412,295.1812311296431,129.35164464330603,1670.4800192613989,3504.8613293646845,3056.372985611845,0
q3_neutral,2025-07-01,76071.26363848255,52259.83853024389,12888.021604221189,0.0,0.0,10923.403504017482,3454.656986318973,1.0707768005602247e-11,3056.372985611845,1454.3476375035027,0
q3_neutral,2025-07-02,76585.17501290301,60297.16854042528,3515.57853707838,100.88681727877577,50.44340863938788,12822.871344038727,4468.532025650493,10.058428054601755,1454.3476375035027,1774.701429413583,1
q3_neutral,2025-07-03,71042.87673910482,59104.92765011583,6760.334862492569,247.9278841577738,123.9639420788869,5301.578168575294,2051.3856255139026,374.6693051159744,1774.701429413583,1687.519455618098,0
q3_neutral,2025-07-04,32554.548778112225,20841.522926633446,2232.119916318668,122.09389296709878,61.04694648354939,9541.952881643676,3393.9674313215,9825.870497083151,1687.519455618098,1200.0,0
q3_neutral,2025-07-05,29588.188243475357,21551.153594521773,2814.314022577161,0.0,0.0,5222.720626376409,2224.0414640709528,10381.206572222229,1200.0,1245.5802598750438,0
q3_neutral,2025-07-06,72594.06219743214,56964.225013279385,12700.889966129838,771.4456588581729,385.72282942908646,3314.670047452001,546.5569213636685,334.9494397265263,1245.5802598750438,1200.0,0
q3_neutral,2025-07-07,62926.01725614628,64843.51895739696,1743.2436078489084,7321.490618199329,3660.7453090996646,7.836753557199926e-11,1.6124435120445924e-11,857.070432643673,1200.0,2297.712668182724,0
q3_neutral,2025-07-08,72360.40189741671,79801.42349105087,50.20948348283979,15042.247420373546,7521.123710186773,29.892633069774693,3.4149349482869864,6314.365630872252,2297.712668182724,4134.835395556236,0
q3_neutral,2025-07-09,70292.78841424242,79126.1621994711,0.0,17773.814581790906,8886.907290895453,53.53350566676513,21.06788888891261,622.4714088340592,4134.835395556236,2668.2321923944355,1
q3_neutral,2025-07-10,69180.80704006212,75011.12505820894,0.0,11660.636036293694,5830.318018146847,5.98920055772112e-11,1.2819523220741758e-11,6818.0190821935375,2668.2321923944355,4190.842256346199,0
q3_neutral,2025-07-11,31395.62969114361,35239.17703356377,7.827338777133265e-14,7687.094684840378,3843.547342420189,3.7659868112882576e-11,8.274936291741142e-12,13956.336617257,4190.842256346199,2757.365228631095,0
q3_neutral,2025-07-12,28506.416543621297,30280.94267372488,339.58572159793385,4228.223703403074,2114.111851701537,1.985553649275218e-11,4.9996673467944674e-12,13404.72506566184,2757.365228631095,1935.7848973334708,0
q3_neutral,2025-07-13,67400.57552642252,75652.8413745293,119.96814398065946,17168.7407697348,8584.3703848674,212.1363927799488,78.53058611112961,1.1352307982548382e-11,1935.7848973334708,2230.922215054538,1
q3_neutral,2025-07-14,64362.115532803255,67626.93867316084,657.8494968953073,7845.345274505834,3922.672637252917,5.3351224160724797e-11,1.0897588387237532e-11,5113.621972465299,2230.922215054538,3578.9891007025653,0
q3_neutral,2025-07-15,65483.61045805489,70174.69314504002,1203.2641305698417,11788.693635110065,5894.346817555032,7.792266742967513e-11,1.7541523789077473e-11,3553.751790914968,3578.9891007025653,3356.2789978946143,0
q3_neutral,2025-07-16,64336.66846785747,68858.60987475797,0.0,9043.88281380111,4521.941406900555,7.544903635192666e-11,1.709210550870921e-11,2923.8024732093577,3356.2789978946143,3865.23770580662,0
q3_neutral,2025-07-17,62819.7756388401,65626.8383044587,0.0,5614.125331237355,2807.0626656186773,8.202758805531118e-11,1.7490009440734866e-11,3576.683198479485,3865.23770580662,3539.172235595684,0
q3_neutral,2025-07-18,30074.082098718198,36855.67724556861,0.0,13563.190293700902,6781.595146850451,3.7841719813247465e-11,9.275413770382102e-12,7564.992980353815,3539.172235595684,1949.820384882529,1
q3_neutral,2025-07-19,29033.5737552912,31465.850579082515,0.0,4864.55364758269,2432.276823791345,3.156885819421973e-11,8.6852747216426e-12,15343.63519166177,1949.820384882529,3308.191971884655,0
q3_neutral,2025-07-20,67066.84572248222,69216.01836734527,2561.668261446743,12038.268153886444,6019.134076943222,1308.2931706334089,506.5933111111257,405.3021931699838,3308.191971884655,2214.9497800219265,1
q3_neutral,2025-07-21,68041.67340982358,72556.05899626703,804.3321601291766,10637.435493145356,5318.717746572678,4.144484089252387e-11,8.61777316174539e-12,5414.100620800095,2214.9497800219265,3338.36908865097,0
q3_neutral,2025-07-22,66156.53092123874,67117.83212428726,2600.1050884837505,7376.267292931383,3688.133646465692,126.7273549334044,33.419661111126466,5723.644136886888,3338.36908865097,3160.417357214177,0
q3_neutral,2025-07-23,70517.10751085382,75254.62062629756,3577.599294497532,16707.204973434586,8353.602486717293,38.49007677599966,6.846940634351471,5126.653397558532,3160.417357214177,2769.04853630294,0
q3_neutral,2025-07-24,68799.32092870133,75514.34066180675,0.0,13430.039466210908,6715.019733105453,5.4174090768910334e-11,1.0541345574210936e-11,5100.620520969922,2769.04853630294,3801.671511461999,0
q3_neutral,2025-07-25,26412.349871933293,28136.99142022674,0.0,3449.283096586937,1724.6415482934688,2.6533198749234542e-11,5.552891479965183e-12,15176.873041717372,3801.671511461999,3279.7912885459555,0
q3_neutral,2025-07-26,26980.220098597725,29058.7462934075,0.0,4157.052389619608,2078.526194809804,2.6455071022724037e-11,5.695000027117203e-12,13974.862444018869,3279.7912885459555,2305.3473266214337,0
q3_neutral,2025-07-27,64150.40776146046,67705.38488827016,0.0,7446.374532799245,3723.1872663996223,168.2101395899569,19.88652120234109,4075.5753919059175,2305.3473266214337,2865.5295322259544,0
q3_neutral,2025-07-28,71362.74741284734,70948.08138059347,871.5696943680418,2166.158418411769,1083.0792092058846,626.1755470917366,244.10623374664985,7.848638405860697e-12,2865.5295322259544,1970.0632315528023,1
q3_neutral,2025-07-29,66008.45494788954,69061.26527225168,0.0,6105.620648724393,3052.8103243621963,4.9189563422480365e-11,1.1116663145571692e-11,5315.991179426458,1970.0632315528023,3184.001698992324,0
q3_neutral,2025-07-30,63465.37043361597,62435.51053404995,2075.541160851294,2091.3625225706287,1045.6812612853143,6.681130282348844e-11,1.3033352175284564e-11,3190.987235912301,3184.001698992324,4108.157578513416,0
q3_neutral,2025-07-31,66672.39312661011,67652.2412097532,388.8210244936677,2737.338215273508,1368.669107636754,4.840375661396834e-11,1.2099488078121112e-11,1.3432921441847157e-11,4108.157578513416,1685.056575542709,1
q3_neutral,2025-08-01,24336.40128891701,24723.20754396367,250.39128489577004,1274.3950798849423,637.1975399424712,3.599471476434246e-11,8.637535131583718e-12,15425.266667401864,1685.056575542709,2798.7547996296294,0
q3_neutral,2025-08-02,23775.30167037888,24579.13514679658,0.0,1607.666952835469,803.8334764177345,4.4329598658521256e-11,1.071898125815096e-11,16290.505556393213,2798.7547996296294,2662.8592348669367,0
q3_neutral,2025-08-03,57601.9125260528,63797.45306886584,0.0,13137.603920627576,6568.801960313787,373.261417500737,130.30544976252767,1.489786072284005e-11,2662.8592348669367,1344.9487248148153,1
q3_neutral,2025-08-04,55797.93916615084,54438.164406246025,1612.3294035793883,3244.1196442747696,1622.0598221373848,1369.5051784628167,418.64955911792674,1025.2365698980652,1344.9487248148153,1667.0356189976692,0
q3_neutral,2025-08-05,54780.87981360278,52772.005344854144,1080.8221702217463,1391.091134178576,695.5455670892879,1623.5978656162126,454.7119456217549,1691.7236311559038,1667.0356189976692,1911.9393119057347,0
q3_neutral,2025-08-06,64431.97937754208,71691.06536984249,321.3916762099074,15160.955337020752,7580.477668510376,5.3841198388582257e-11,1.1959544465867111e-11,1.4699130801432148e-11,1911.9393119057347,1283.6667406766076,1
q3_neutral,2025-08-07,54620.5905955637,57018.20259569377,0.0,4799.162483963234,2399.581241981617,1.969241851528238,0.2260638103076921,3212.9971532907875,1283.6667406766076,1520.007801392616,0
q3_neutral,2025-08-08,22404.49029166941,22528.346099862483,0.0,247.71161638618645,123.85580819309322,3.189146369209084e-11,7.391642853349367e-12,21518.537768491693,1520.007801392616,1596.3746542633237,0
q3_neutral,2025-08-09,22399.102901511167,22517.356095096904,71.21769835627293,378.9417838840533,189.47089194202664,2.6678533049384613e-11,5.729861030090433e-12,17642.858025751302,1596.3746542633237,1388.7984890287562,0
q3_neutral,2025-08-10,62620.018249453205,67810.01491738972,1256.1981714160538,13760.17378063857,6880.086890319285,433.8920509667096,164.4369500000093,1.8567980486494665e-11,1388.7984890287562,2066.840134461368,1
q3_neutral,2025-08-11,52059.78185879655,51714.41906131654,483.2752074342352,880.8377237776696,440.4188618888348,302.5064519346289,72.16831081946084,2512.052107782055,2066.840134461368,1544.9102946506775,0
q3_neutral,2025-08-12,63371.713591558895,67590.35187358694,1312.7608755683905,11559.22209411518,5779.6110470575895,248.21188946119963,117.2268888889066,160.7258087004674,1544.9102946506775,1921.712101446474,1
q3_neutral,2025-08-13,54412.70605595853,52166.34750830326,621.6865249152054,111.27749233824348,55.63874616912174,1680.310768909178,457.7637839444588,2013.577881159456,1921.712101446474,2173.739324913084,0
q3_neutral,2025-08-14,63031.11273292023,68457.82681374917,1493.5918352403123,13840.611832138597,6920.305916069297,4.6786652385666376e-11,1.015112993663081e-11,1885.20853352913,2173.739324913084,1913.1945741638776,1
q3_neutral,2025-08-15,22634.269380030808,23161.18506249769,0.0,1053.8313649338218,526.9156824669109,2.7313489414648727e-11,7.0562444776101074e-12,19642.61124014948,1913.1945741638776,1800.655860342265,0
q3_neutral,2025-08-16,23696.871988471557,24731.59414747003,3.3962805900955573e-13,2157.991099649688,1078.995549824844,44.273390826367255,14.61650406944942,19624.05482286609,1800.655860342265,1783.0594550596757,0
q3_neutral,2025-08-17,53391.42959129959,54219.005458091415,246.7428533745191,2148.637440332769,1074.3187201663843,6.117594808507932e-11,1.315325626194408e-11,4732.410898098818,1783.0594550596757,1855.4106780959537,0
q3_neutral,2025-08-18,61667.82870858655,68801.83459026668,43.9048639733664,14576.919889657784,7288.459944828892,110.54919917541548,13.117674182789626,348.93945921675254,1855.4106780959537,2017.7488729088263,1
q3_neutral,2025-08-19,59889.36695616906,66446.58608103945,504.0472118073815,14122.53267335557,7061.266336677785,5.047691364890028e-11,1.102340441150318e-11,2.0765889008345084e-11,2017.7488729088263,1703.7568824874195,1
q3_neutral,2025-08-20,66565.63958698421,70653.80555535611,1265.1334546624691,10706.598846068897,5353.299423034448,6.29958992748314e-11,1.3317236202681215e-11,1.4365897360590908e-11,1703.7568824874195,1876.3348302821917,1
q3_neutral,2025-08-21,53646.13082945747,55258.78596203128,18.434126452726066,3262.178518053196,1631.0892590265978,5.698919980368089e-11,1.3161249867721379e-11,1180.2548941409343,1876.3348302821917,1792.4574622764203,0
q3_neutral,2025-08-22,23309.125833240872,23110.451430556797,60.68153899026457,745.285340679906,372.642670339953,510.63553403376886,115.80108941807036,15871.017558333342,1792.4574622764203,1226.1108359876544,0
q3_neutral,2025-08-23,22567.95475478199,21929.55368918415,638.401065597817,0.0,0.0,2.6041967693402052e-11,7.081890629478949e-12,14766.265005448444,1226.1108359876544,1471.936770187449,0
q3_neutral,2025-08-24,56330.33938755993,55973.78870344479,2842.7717288586364,4972.442089487066,2486.221044743533,4.7870980077538426e-11,1.0322586535549403e-11,2157.3040404916146,1471.936770187449,1931.2789661248796,0
q3_neutral,2025-08-25,61687.22011439566,67343.20062445466,0.831713097708787,11313.624446313535,5656.812223156769,6.096851332126896e-11,1.3238382612357212e-11,2416.3650843251507,1931.2789661248796,1780.2489900288908,0
q3_neutral,2025-08-26,55078.9185627812,53387.562656564216,637.9945980636944,1173.5456010975568,586.7728005487784,1640.1341087020662,454.45464022124224,1586.404400336212,1780.2489900288908,2162.7351950280745,0
q3_neutral,2025-08-27,58177.680005079535,53446.20804068061,5677.209110631809,1971.0318212136049,985.5159106068024,39.77876437390845,11.00685234474222,3425.934987871954,2162.7351950280745,1868.0051696976664,0
q3_neutral,2025-08-28,58508.18609926161,51953.4605746872,6559.502617613316,336.4652094371023,168.23260471855116,163.45551167962634,27.051057500011588,1458.291656927718,1868.0051696976664,1962.8233514512287,0
q3_neutral,2025-08-29,23089.99719387481,23338.578597415813,301.3452616103715,1099.8533303027984,549.9266651513992,1.507095070962805e-11,3.936406756110955e-12,15252.169212131956,1962.8233514512287,1486.38347096978,0
q3_neutral,2025-08-30,23076.525867426568,23144.52230903833,65.53455816299297,390.6753607853865,195.33768039269324,61.80668061794214,31.693424226340944,19155.38524696228,1486.38347096978,1221.9131259630217,0
q3_neutral,2025-08-31,62490.32613916077,67004.07380639334,1453.667434231168,11934.830202927527,5967.415101463764,7.14299921433792e-11,1.4759748978576678e-11,37.112759031088906,1221.9131259630217,2268.434557348534,1
q3_neutral,2025-09-01,52659.924136217945,60933.55057672056,0.0,16547.252881005323,8273.626440502661,5.28217718454016e-11,1.4566126083082054e-11,4424.868101920007,2268.434557348534,5285.035389330912,1
q3_neutral,2025-09-02,45114.155055529816,43922.77983288904,2831.496861031094,3280.243276780705,1640.1216383903525,2.291718992353253e-11,6.057376822354854e-12,8730.706139067657,5285.035389330912,4636.343283688027,0
q3_neutral,2025-09-03,45733.52616942396,48319.68034149046,0.0,5172.308344133066,2586.154172066533,2.911504393132702e-11,8.803180406857791e-12,5102.332043613251,4636.343283688027,4221.680744750636,0
q3_neutral,2025-09-04,51593.69017448504,61822.54881170472,0.0,20457.71727443944,10228.85863721972,4.040671530702866e-11,1.219113698880392e-11,2468.87376957763,4221.680744750636,4141.370844203135,1
q3_neutral,2025-09-05,17030.251455825215,18868.35424830121,0.0,3676.2055849520175,1838.1027924760087,2.084689754155988e-11,6.986411449361185e-12,24910.72154458949,4141.370844203135,2478.0625977140053,0
q3_neutral,2025-09-06,15747.853308574922,16598.734466604375,0.0,1701.7623160589535,850.8811580294768,2.0729778338335337e-11,5.822453630344171e-12,21766.11655883375,2478.0625977140053,2511.5624586377253,0
q3_neutral,2025-09-07,43509.90970215856,40492.4477584745,3629.796937383629,1994.3557532141892,997.1778766070948,384.84288290751766,125.40865120971269,3097.5972161552986,2511.5624586377253,3742.598471729611,0
q3_neutral,2025-09-08,46238.8811745711,35879.84662761439,9011.05490365443,404.0378471413659,202.01892357068292,1549.9985668729505,715.3296105833497,104.41040662291122,3742.598471729611,2575.52510881542,0
q3_neutral,2025-09-09,44686.487520988165,32618.611306658047,9260.089438653862,825.5661542135676,412.7830771067838,3220.569852783045,1351.0014704292903,1296.143716666679,2575.52510881542,1831.2370185555844,0
q3_neutral,2025-09-10,47768.35067977484,40005.34249977434,6528.8477827113,1305.405989137873,652.7029945689364,1886.8633918581145,361.20259061954096,150.07743120539126,1831.2370185555844,1397.9455818170825,0
q3_neutral,2025-09-11,44592.48784359375,39389.48908893182,2972.3523917706234,3021.007300072245,1510.5036500361225,3741.150012927411,1034.8600655481905,868.5736500000155,1397.9455818170825,1549.817310339506,0
q3_neutral,2025-09-12,16555.02164778271,14367.132013673256,1386.41503681349,302.77897660209135,151.38948830104567,952.8640855970078,494.16612034538,17593.906774999363,1549.817310339506,1990.7956615742423,0
q3_neutral,2025-09-13,15551.008294434812,14193.387420789892,1460.2047886983858,238.21008925559343,119.10504462779672,16.521129574327404,12.188218055563798,20802.573433112117,1990.7956615742423,2155.7697870845063,0
q3_neutral,2025-09-14,45468.003761159205,47978.987444096594,0.0,5021.967365874903,2510.983682937452,5.812889758427531e-11,1.3867351711382979e-11,1537.532449826124,2155.7697870845063,2149.402963648929,0
q3_neutral,2025-09-15,44755.58052670975,41022.83915940754,359.5984322316872,1644.1799453241124,822.0899726620562,4195.232907732576,687.4571455978707,819.7311083333524,2149.402963648929,2417.874131323016,0
q3_neutral,2025-09-16,51574.43462262189,56210.568633515686,1083.297153787222,11442.518357199291,5721.259178599646,1.828013918641176,0.2716620476562649,467.1355077570711,2417.874131323016,1486.0212493735817,1
q3_neutral,2025-09-17,45324.78914157376,47582.184068235496,0.0,4514.789853323563,2257.394926661781,5.237821465442494e-11,1.3310241797626075e-11,379.3965392406401,1486.0212493735817,2393.3794632424324,0
q3_neutral,2025-09-18,44844.4005327154,41009.002287363095,4836.594899250794,2002.3933077970964,1001.1966538985482,5.7339617498541876e-11,1.4559908834144153e-11,2501.5900654287543,2393.3794632424324,2163.1476883463683,0
q3_neutral,2025-09-19,15521.299734302496,15138.453267074485,472.6913480806587,321.19310216720794,160.59655108360397,70.7516702309556,20.478667493478063,13183.409683953878,2163.1476883463683,2186.060224698682,0
q3_neutral,2025-09-20,15422.613180254104,14623.270922050073,275.8546959270525,465.6526676433424,232.8263338216712,756.3138960986507,255.03874479322167,13792.94046754072,2186.060224698682,1832.267614796565,0
q3_neutral,2025-09-21,45786.563184293474,47545.28654232764,0.0,3517.4467160684458,1758.7233580342229,4.973195366630989e-11,1.3914425167627089e-11,2832.425090176575,1832.267614796565,3369.764757579155,0
q3_neutral,2025-09-22,46549.1651826562,49427.78467851346,10.143081071161728,5777.525153856995,2888.7625769284973,5.929014190719783e-11,1.5851764345597985e-11,282.4593685343648,3369.764757579155,2805.535259064797,0
q3_neutral,2025-09-23,46990.94927511351,49357.34414756477,0.0,4732.789744902665,2366.3948724513325,5.020343341044509e-11,1.3381296071202088e-11,480.3356361625685,2805.535259064797,2892.6873955203423,0
q3_neutral,2025-09-24,45234.558921806914,42045.35124484118,3831.455276057442,1284.4951981835372,642.2475990917686,7.134886226278779e-11,1.959876705370789e-11,619.4790738286435,2892.6873955203423,2590.7385071953927,0
q3_neutral,2025-09-25,52011.8336008788,56255.2517171361,196.20929309902243,9101.46010721278,4550.73005360639,111.10264425005974,16.514700000014123,1.3169909607313455e-11,2590.7385071953927,1786.3652428329185,1
q3_neutral,2025-09-26,15145.509417423891,15711.220673582378,0.0,1209.2803773627447,604.6401886813724,38.928932522894605,11.094024657421548,12460.184828614025,1786.3652428329185,1807.67860327672,0
q3_neutral,2025-09-27,17692.75910246328,15241.311974662436,2687.6287600026803,1303.094050625874,651.547025312937,415.3653931110935,107.41847529444898,13373.945763280257,1807.67860327672,1204.0085945431524,0
q3_neutral,2025-09-28,49230.705351033976,48752.32233326824,1955.72836379716,2954.6906920629403,1477.3453460314702,5.7172018785855984e-11,1.337574495607896e-11,940.985801500939,1204.0085945431524,3171.5938001111385,0
q3_neutral,2025-09-29,47790.27433827395,50575.74404067721,9.014229362946934e-13,5727.189814872802,2863.594907436401,78.1252050331308,15.1273511536757,215.62047629272143,3171.5938001111385,2901.648153602965,0
q3_neutral,2025-09-30,49137.520405623145,50226.43497280187,222.47366692069383,2945.7390625688545,1472.8695312844272,161.48129718501548,32.747713730811185,503.5049196836191,2901.648153602965,2427.413095870317,0
q3_neutral,2025-10-01,41826.970158320924,44471.83493310073,51.66538503362034,5393.060319626949,2696.5301598134747,4.0739402962231e-11,1.1732392835028804e-11,6262.276288033027,2427.413095870317,4451.0087752177815,0
q3_neutral,2025-10-02,43248.57837667962,47905.308596300034,0.645727311248548,9314.7518938634,4657.3759469317,4.107255691110368e-11,1.1867840044033072e-11,5388.268334613378,4451.0087752177815,4489.411294599433,0
q3_neutral,2025-10-03,12503.395004936605,12600.995294035743,160.8292398946519,516.8590579876461,258.42952899382306,3.0582020471570105e-11,8.977707466328866e-12,18682.05032369304,4489.411294599433,3783.1174808890255,0
q3_neutral,2025-10-04,14853.448455678888,15535.038477552476,0.0,1363.180043747204,681.5900218736019,1.680945160842384e-11,5.7118754170915046e-12,16797.558568800556,3783.1174808890255,3650.922387130176,0
q3_neutral,2025-10-05,43694.78112937642,48079.44000936355,0.0,8769.31775997434,4384.65887998717,4.891731006373412e-11,1.262506765797866e-11,2346.0112276925074,3650.922387130176,4081.9160219759815,0
q3_neutral,2025-10-06,49057.96954967141,54511.6764266425,40.23339512175775,10987.880544185806,5493.940272092903,6.585947101567236e-11,1.7259971230032534e-11,2.0992318994217385e-11,4081.9160219759815,3489.5719455662625,1
q3_neutral,2025-10-07,42958.58698778077,44137.51117230044,0.0,2357.8483690394564,1178.9241845197282,6.377927785905513e-11,1.7075230118734908e-11,2064.357752545132,3489.5719455662625,4246.299480330234,0
q3_neutral,2025-10-08,38372.46119630672,38539.77568035538,0.0,1146.5261371502188,573.2630685751094,405.9485845264491,81.51406521185751,1094.7888107300732,4246.299480330234,1544.5378787191346,0
q3_neutral,2025-10-09,51623.36743810039,53295.46671311153,1297.7231371052728,12506.794424470429,6253.397212235213,3283.574800118773,728.1219865500643,1.068622967892452e-11,1544.5378787191346,1273.1107125845954,1
q3_neutral,2025-10-10,14004.156716160487,11979.11041166988,1522.1531634353448,236.60121068938508,118.30060534469254,621.193746399958,287.49546051124844,18394.90116982168,1273.1107125845954,1200.0,0
q3_neutral,2025-10-11,14157.305916502732,12584.404486181938,1437.231842763078,40.97262451711261,20.486312258556303,156.15589981627804,126.64712069445294,14645.392081258582,1200.0,1411.9494608283862,0
q3_neutral,2025-10-12,42025.95983683838,41720.75047160008,894.9484529641439,2021.9809000549096,1010.9904500274548,421.2513623016332,67.64944157338222,1245.6410643477827,1411.9494608283862,1310.6542613764009,0
q3_neutral,2025-10-13,41735.656183134335,43466.826951946096,0.0,3462.3415376236603,1731.1707688118302,6.263758334235091e-11,1.7708945421190947e-11,139.90509283027717,1310.6542613764009,2000.261078475046,0
q3_neutral,2025-10-14,44902.10052035561,45182.28209383346,1795.3543582780603,4151.071863511948,2075.535931755974,5.1206993645358526e-11,1.2679857164243911e-11,388.9041455770245,2000.261078475046,1498.7739666883674,0
q3_neutral,2025-10-15,45705.21736183235,47992.01669798276,261.26708862214514,5096.132849545276,2548.066424772638,7.351605391114901e-11,1.992495057834276e-11,31.45161676517813,1498.7739666883674,2538.9144803008767,0
q3_neutral,2025-10-16,44822.89094952696,45682.812938828014,201.4759682470649,2122.7959150963607,1061.3979575481803,6.755251248657945e-11,1.758225509629341e-11,156.561710783781,2538.9144803008767,1940.0432703810748,0
q3_neutral,2025-10-17,13308.388452330972,12482.567254410918,946.8434572166238,248.68901478484077,124.34450739242035,3.32224809585268,2.251608333339282,12340.466742677854,1940.0432703810748,1253.2897607332022,0
q3_neutral,2025-10-18,14097.070803812132,14274.086627360644,37.28522345425934,525.6493619551842,262.8246809775921,48.52363397482389,34.59061261618609,12324.479902593785,1253.2897607332022,2009.2436249659004,0
q3_neutral,2025-10-19,46250.60792580337,47162.0766220412,32.88860673904032,1888.714605953868,944.357302976934,7.136312502042941e-11,1.7244650152292706e-11,413.8305674484681,2009.2436249659004,2098.1423614407254,0
q3_neutral,2025-10-20,47870.663269211946,50349.95592627617,0.0,4958.585314128526,2479.292657064263,6.17764974730761e-11,1.7637891147614937e-11,878.5872333552376,2098.1423614407254,2462.453642705488,0
q3_neutral,2025-10-21,47909.334365790295,49074.43714852995,0.0,2330.2055654794453,1165.102782739723,6.830491106057933e-11,1.7388313011679202e-11,692.1265434087965,2462.453642705488,2255.1019642686724,0
q3_neutral,2025-10-22,46622.25607146224,47075.97961973865,53.525367129539895,1014.4978308120426,507.2489154060213,8.043362897947047e-11,2.0508483800085745e-11,295.8154908848381,2255.1019642686724,1702.8489696273584,0
q3_neutral,2025-10-23,49375.23526098567,53693.71560084199,358.80752160793435,9354.575722928614,4677.287861464307,7.0892567261005e-11,1.6978751737894978e-11,219.1426986111306,1702.8489696273584,2160.8456146547837,0
q3_neutral,2025-10-24,14108.261347677688,13708.293601729843,399.96774594781095,0.0,0.0,2.893871808851145e-11,8.940403972701459e-12,11205.694194581623,2160.8456146547837,1698.817081509762,0
q3_neutral,2025-10-25,14090.66628861684,14126.719970672812,0.0,72.10736411201577,36.05368205600789,3.2587845200104927e-11,9.718670312963695e-12,10320.199646124836,1698.817081509762,1648.671006775273,0
q3_neutral,2025-10-26,48182.89049079873,49952.1714887431,560.949699381217,4660.4613946513,2330.23069732565,6.044513234382265e-11,1.6531442881273506e-11,128.77258249608758,1648.671006775273,2622.257262017237,0
q3_neutral,2025-10-27,48592.82581429114,44854.89501546668,4938.205363301331,2414.5964227038603,1207.29821135193,7.023646875057284,1.3378375000153957,2219.470937280458,2622.257262017237,2122.4529236319604,0
q3_neutral,2025-10-28,48756.55205121183,45430.56252674635,3799.332366127246,946.6856833236176,473.3428416618089,7.017769021455678e-11,1.9003520979055107e-11,549.9267694116562,2122.4529236319604,2689.956636466735,0
q3_neutral,2025-10-29,49914.60995272409,50659.50156363262,104.9415120864842,1699.6662459901474,849.8331229950737,7.379088567960324e-11,1.7290391340907263e-11,674.4747734445464,2689.956636466735,2022.431872119036,0
q3_neutral,2025-10-30,47222.60310553508,45411.70900663824,2027.1180989470647,432.4480001005613,216.22400005028064,7.914615918203083e-11,2.036992796661252e-11,84.36019073951171,2022.431872119036,1822.4478449821845,0
q3_neutral,2025-10-31,14842.90070883118,15340.5931353224,0.0,995.3848529825068,497.6924264912533,3.1858744087287497e-11,1.0161316232881744e-11,6475.0887966049495,1822.4478449821845,1761.4700363755203,0
q3_neutral,2025-11-01,14482.372867166816,14584.443621608703,0.0,394.2764487671692,197.1382243835846,95.06746994169931,63.14369722223199,7370.736330888179,1761.4700363755203,2155.862188311788,0
q3_neutral,2025-11-02,51844.96962693054,49422.28033935805,3853.2149730923775,2971.8364208232406,1485.9182104116203,55.39252489172094,25.873419444459238,1297.2441574129407,2155.862188311788,1689.276474668914,0
q3_neutral,2025-11-03,52457.54072857447,53556.1325226166,4.9246750677411896e-12,3346.1851672623443,1673.092583631172,574.5007895890282,264.36063773792847,715.8804329439387,1689.276474668914,2212.903517269642,0
q3_neutral,2025-11-04,49976.66985835807,48206.12794508686,2388.853252625345,1257.9548107264611,628.9774053632306,10.666066009080506,5.297276388903923,879.9034846349587,2212.903517269642,1984.4114207536004,0
q3_neutral,2025-11-05,53638.93253985224,55283.75890163017,59.415287273178365,4794.043879959249,2397.0219399796247,692.7802909285168,315.2448970127481,268.66186509898785,1984.4114207536004,2432.7799924987644,0
q3_neutral,2025-11-06,53649.66140727885,50673.091551191465,2954.620694813596,711.4835176314422,355.7417588157211,377.6909200895393,172.59867351501458,961.4618009974216,2432.7799924987644,2021.8189972782695,0
q3_neutral,2025-11-07,14382.638453917123,14354.767611233074,27.87084268401597,0.0,0.0,3.6295415561937714e-11,1.1046052961205532e-11,7595.112896930739,2021.8189972782695,1676.097879284131,0
q3_neutral,2025-11-08,14902.094865951343,14952.616581958478,0.0,101.04343201433537,50.52171600716768,3.3213323202829765e-11,1.0886846979474283e-11,7186.580107476007,1676.097879284131,1901.025447342949,0
q3_neutral,2025-11-09,52451.64457047368,52883.60589629359,0.0,1383.097729244926,691.5488646224629,259.5875388025629,125.09008244445832,497.0839480104932,1901.025447342949,1948.428149866468,0
q3_neutral,2025-11-10,57065.63260842352,54386.953874532286,3479.487511946191,2456.1450030583733,1228.0725015291866,427.2637234742406,193.44002263891025,1013.981064523071,1948.428149866468,1556.0405746417343,0
q3_neutral,2025-11-11,54072.9548682018,55702.90170135144,0.0,3780.00132568967,1890.000662844835,260.0538296952166,122.04649861112976,752.721787307232,1556.0405746417343,1533.2065638863858,0
q3_neutral,2025-11-12,55229.00645661239,52703.17210356429,4082.8142371125145,3356.963794883312,1678.481897441656,121.50201337725846,55.3677821326848,1308.506889108453,1533.2065638863858,1763.447025686242,0
q3_neutral,2025-11-13,54385.80021361598,51778.649661765165,2445.1124881806904,359.28470400845765,179.64235200422883,341.68041567435534,153.29291649843003,70.94081649942473,1763.447025686242,1463.567074588643,0
q3_neutral,2025-11-14,15458.089990199704,15069.54224286457,276.1027318263838,339.6801585316829,169.84007926584144,282.28509477459625,173.73569212979254,3699.41890595584,1463.567074588643,1620.8966908895582,0
q3_neutral,2025-11-15,15809.762723368263,15956.47809712362,0.0,587.3868491137775,293.6934245568888,146.9780508015286,95.88957356945484,4146.516545576141,1620.8966908895582,1521.903393901315,0
q3_neutral,2025-11-16,56886.90440579038,54134.96828298252,3498.8309223643546,1550.1386591963724,775.0693295981862,28.174530041723767,14.211616666680593,486.4490796785155,1521.903393901315,1539.0953841051405,0
q3_neutral,2025-11-17,65534.73562465527,51557.45963257679,0.0,260.41050838622635,130.20525419311318,14107.481246271607,2747.473076388909,512.3672783093532,1539.0953841051405,1878.7702621091032,1
q3_neutral,2025-11-18,56101.13219913336,54698.53431315332,728.2440965486801,491.9779526426632,245.9889763213316,920.3427657527012,287.3421506612195,99.56144313808872,1878.7702621091032,1546.028546075971,0
q3_neutral,2025-11-19,60431.97468674357,55141.78324360214,6509.843425621066,2766.107715876105,1383.0538579380525,163.401875458412,73.34431944446271,1037.9289271172354,1546.028546075971,1511.684338722005,0
q3_neutral,2025-11-20,55165.58736592084,53876.14772904239,1120.9956226238637,11.443789282277596,5.721894641138798,174.16590889572822,78.30524797638509,293.64074435876284,1511.684338722005,1530.9553696659589,0
q3_neutral,2025-11-21,16185.279436880792,15622.05464325273,462.97075168819686,79.7404906190464,39.8702453095232,140.12428724938547,86.33724894445923,3521.5794053453023,1530.9553696659589,1903.7910291887408,0
q3_neutral,2025-11-22,16624.43284028918,16819.23791361901,0.0,975.985238908375,487.9926194541875,293.1875461243688,182.381753777788,3584.764894530188,1903.7910291887408,1365.1377753612735,0
q3_neutral,2025-11-23,57942.357987695046,55888.82001472758,3178.816291500937,2332.2578590708104,1166.1289295354052,40.85061100195887,20.198077133206574,206.3650357743836,1365.1377753612735,1626.3185993351583,0
q3_neutral,2025-11-24,54872.84544339912,54802.382621284894,120.68946613366134,530.614897009998,265.307448504999,215.08080448556797,98.0707910000146,125.54991224281343,1626.3185993351583,1323.9525698413163,0
q3_neutral,2025-11-25,60102.38431202635,64179.74784583176,0.0,8196.518892135942,4098.259446067971,20.89591226258252,10.18567500001922,260.6712767200791,1323.9525698413163,1472.7649765792016,0
q3_neutral,2025-11-26,59356.4357427198,60161.94546352245,815.8576994193056,3242.734840444063,1621.3674202220316,7.9977598377301e-11,1.739156041402623e-11,556.235565243657,1472.7649765792016,1811.27865924628,0
q3_neutral,2025-11-27,58358.62944870115,57980.45055939716,1365.4408726281513,2046.12792149844,1023.06396074922,35.801977425094925,17.168158333353727,560.8268463474866,1811.27865924628,2425.331079802724,0
q3_neutral,2025-11-28,15535.551360492562,15081.01515296398,517.4630428870685,148.3085267170569,74.15426335852845,11.227428000041828,7.586100000013953,2748.3724769677497,2425.331079802724,1519.4240357649326,0
q3_neutral,2025-11-29,18511.18951532232,19704.69004570796,61.676487923054864,3091.708733077974,1545.854366538987,290.67734823029355,173.94948394746433,1225.0119930507633,1519.4240357649326,1529.7885415149096,0
q3_neutral,2025-11-30,61437.35466081659,60656.59324593301,1367.7020215220805,1313.945736610437,656.9728683052185,70.03226166673828,33.23583333335015,348.6230610658241,1529.7885415149096,1553.2337019908314,0
q3_neutral,2025-12-01,84469.18092938596,67544.55569966178,925.4644939424134,1790.3253219003668,895.1626609501834,16894.323396731954,3484.1798527518968,28.35135000001577,1553.2337019908314,1200.0,0
q3_neutral,2025-12-02,87843.67520096288,71680.23340823883,311.4732837350328,1762.7614603237412,881.3807301618706,16733.349239150863,3431.622839710311,439.2837438061247,1200.0,1210.683,0
q3_neutral,2025-12-03,78415.62877824105,62344.51071396112,11315.301069220272,0.0,0.0,4755.816995059697,1419.592849951394,101.40991786248316,1210.683,1200.0,0
q3_neutral,2025-12-04,81608.44603783167,69668.88791580389,1272.7812836207818,2209.849842986301,1104.9249214931506,11771.701759900154,2883.9634241265344,46.685651845481935,1200.0,1275.18742155,0
q3_neutral,2025-12-05,23814.95331613564,19170.296877312147,1870.733517214216,388.8976324497668,194.4488162248834,2968.371737834153,1425.4136026450512,147.6092401549798,1275.18742155,1200.0,0
q3_neutral,2025-12-06,24729.170361746463,21552.65669595247,535.5181111859998,0.0,0.0,2640.995554608003,1367.9707234194698,29.225821055617978,1200.0,1215.5825262037029,0
q3_neutral,2025-12-07,74196.70485076442,73409.70523196948,960.1198448016944,3736.629451020626,1868.314725510313,1695.1944995035497,545.0151328202244,164.2345023900897,1215.5825262037029,1232.4703629629637,0
q3_neutral,2025-12-08,73640.01160748496,72495.95702914131,2545.427447059702,3035.6221213620165,1517.8110606810085,116.43819196497856,46.45548669891156,819.010230745782,1232.4703629629637,1762.909097991869,0
q3_neutral,2025-12-09,70433.9251083593,70791.95890888854,5.69187363907986e-14,1291.3581268652588,645.6790634326294,287.64526290341433,59.67208675408683,584.7221907300144,1762.909097991869,1523.9628504629625,0
q3_neutral,2025-12-10,73746.24879273502,68278.36441521291,5985.2967319771615,1698.3106061985882,849.1553030992941,331.7429486442295,139.99787541667914,220.2591620664588,1523.9628504629625,1561.5898959406416,0
q3_neutral,2025-12-11,74253.58098063011,78718.56530126193,0.0,8929.968641263864,4464.984320631932,1.0651989405807692e-10,2.036956714412952e-11,4170.198956315208,1561.5898959406416,2629.6236630032163,0
q3_neutral,2025-12-12,24106.22652119237,24551.35017147183,112.12903586005925,1114.5053722791663,557.2526861395833,6.057240725144964e-11,1.5371436762334767e-11,3157.3120336726,2629.6236630032163,1831.2017503991865,0
q3_neutral,2025-12-13,25838.50083895569,26231.74789676543,1166.4472748182748,3119.3886652561296,1559.6943326280648,3.941324777656519e-11,1.0727418953138113e-11,2862.598174617944,1831.2017503991865,1950.1080270366117,0
q3_neutral,2025-12-14,73934.19584768606,72646.24657347094,941.4576001899476,321.7068493040049,160.85342465200245,507.3450986771663,117.37307083335052,2372.328995145201,1950.1080270366117,2001.7419010010249,0
q3_neutral,2025-12-15,84726.52782584411,78415.70740353208,6014.684223724011,420.66321207124327,210.33160603562163,506.4678046236383,220.79515555556105,30.072636643998518,2001.7419010010249,1488.5143659971643,1
q3_neutral,2025-12-16,84946.29825459243,84291.53678538915,661.3431896204422,1530.2535736871769,765.1267868435884,758.545066426417,290.9004333333391,4.050759727647346e-12,1488.5143659971643,1487.7840183828396,1
q3_neutral,2025-12-17,83692.84718152804,83961.07935516778,80.92316908745367,3284.379453141996,1642.189726570998,1293.0343838437757,500.82227222222747,6.791955886598089e-12,1487.7840183828396,1491.8710505595957,1
q3_neutral,2025-12-18,72936.02881435133,72925.44599666387,641.3747607552453,1907.5495626794152,953.7747813397076,322.98283827191347,145.04221858024283,1864.506336848584,1491.8710505595957,1768.5932609305826,0
q3_neutral,2025-12-19,23248.68076507159,23696.52220641154,265.40378254133793,1426.4904477627288,713.2452238813644,7.531901213830849e-11,1.999822529796802e-11,1788.494413090208,1768.5932609305826,1417.0105247205186,0
q3_neutral,2025-12-20,24083.77991284663,25692.0719931489,0.0,3216.584160604602,1608.292080302301,4.058984759414131e-11,1.1182832437839352e-11,1624.110665401945,1417.0105247205186,1567.4940279560287,0
q3_neutral,2025-12-21,75559.9417468166,75817.53593138818,1990.4873452802424,4496.163059703754,2248.081529851877,8.885753155496445e-11,1.8764545473004543e-11,2686.8848243147067,1567.4940279560287,1801.5684525908227,0
q3_neutral,2025-12-22,74529.86748730404,74975.3453999175,0.0,2376.420439569264,1188.2102197846318,742.7323071712017,165.11817722017005,1578.1692762775754,1801.5684525908227,1581.5871122993829,0
q3_neutral,2025-12-23,75177.0955755315,78156.20815237031,1229.3736552503387,8416.972464178423,4208.486232089212,6.746812754310217e-11,1.333397281477744e-11,1439.6812413290268,1581.5871122993829,1620.635566063634,0
q3_neutral,2025-12-24,73385.51220505199,75495.12217126103,0.0,4219.219932418275,2109.6099662091374,6.918811146228166e-11,1.3517631458626056e-11,2122.6701391280485,1620.635566063634,1647.7370334328157,0
q3_neutral,2025-12-25,73853.52130542534,73017.15052630112,2936.030681187749,4199.319804127235,2099.6599020636177,8.771915946392817e-11,1.6811836645036493e-11,1661.616750792539,1647.7370334328157,1636.3577263317952,0
q3_neutral,2025-12-26,24295.09460056884,25434.413863007263,181.304935149704,2641.2483951763743,1320.6241975881871,5.93273220550472e-11,1.528266402317513e-11,1728.1550084398818,1636.3577263317952,2137.037670685837,0
q3_neutral,2025-12-27,23058.306384982207,23938.89438900648,0.0,1761.1760080486715,880.5880040243358,7.002510571396669e-11,1.8105517085587053e-11,2082.5395576979777,2137.037670685837,2050.0293537153566,0
q3_neutral,2025-12-28,71654.44273192369,73817.67943929815,0.0,4326.473414749001,2163.2367073745004,1.0090123159223196e-10,2.2275736810684063e-11,1917.95398464322,2050.0293537153566,2114.5975871404125,0
q3_neutral,2025-12-29,71886.6296948729,72361.50102138068,24.978363595831027,999.6993802072892,499.84969010364455,7.630086606980058e-11,1.4997336705846465e-11,3399.2972344329705,2114.5975871404125,1811.5961026426835,0
q3_neutral,2025-12-30,71056.17865611427,72587.84550559359,243.50367145979857,3550.341041878426,1775.170520939213,6.987277936104652e-11,1.4260412295463708e-11,2602.741016393279,1811.5961026426835,1718.8421927005777,0
q3_neutral,2025-12-31,73394.05128019887,74986.1795654514,1.1028873814211693e-12,3545.4535629993943,1772.7267814996972,180.59849624715665,78.37383195794949,1837.8062863772004,1718.8421927005777,1200.0,0
q3_cvar,2025-02-01,25819.71394007901,31108.76407273167,136.7556881364046,10866.569065578236,5433.284532789117,7.478712000043553,3.856000000011928,989.715963528296,1200.0,2471.063472600346,1
q3_cvar,2025-02-02,69053.25021709024,72632.70175883168,2.989358573024423,7216.562130428957,3608.281065214479,25.840164900059985,10.514100000013707,1.2501000234976799e-11,2471.063472600346,2052.3054510863417,1
q3_cvar,2025-02-03,65324.043286487,68995.85705471341,0.0,7343.627536452974,3671.813768226487,9.904294850926475e-11,2.1800783400749424e-11,1772.9414388338969,2052.3054510863417,2192.2352445125757,0
q3_cvar,2025-02-04,67265.63815634523,71271.948653926,0.0,8012.620995161647,4006.310497580824,9.186002125627367e-11,2.0040413772903776e-11,2183.148217206141,2192.2352445125757,2247.0708087490966,0
q3_cvar,2025-02-05,64258.34496782476,65863.27786920597,99.8842929859014,3409.634388734364,1704.817194367182,7.509009272710365e-11,1.7408463559576148e-11,1960.8545795778048,2247.0708087490966,2185.7363568166443,0
q3_cvar,2025-02-06,66678.44223830313,71308.83553170697,0.0,9262.81859688213,4631.409298441065,1.0160050372507778,0.1404291689424756,1969.7109803036365,2185.7363568166443,2899.41706998294,0
q3_cvar,2025-02-07,18372.241920665863,19380.059941819243,0.0,2015.6360423068293,1007.8180211534147,3.7575455774652157e-11,1.1979472969159131e-11,6834.114170378853,2899.41706998294,1883.585061364772,0
q3_cvar,2025-02-08,16446.290126238193,16373.615676037443,81.59410808186959,17.83931576231404,8.91965788115702,4.667532471636093e-11,1.6709744699028306e-11,3256.60035111256,1883.585061364772,2189.951829911931,0
q3_cvar,2025-02-09,63947.946630636594,66775.79368001825,0.0,5655.69409876347,2827.847049381735,7.980808369723036e-11,1.7234880189676005e-11,2099.2316968616647,2189.951829911931,2013.713280826306,0
q3_cvar,2025-02-10,58571.48614619832,61420.73062730624,1032.6578610335978,7763.804684283079,3881.90234214154,5.6691894595450877e-11,1.4597933972737565e-11,879.0162405277961,2013.713280826306,1938.466188652592,0
q3_cvar,2025-02-11,59367.98142708326,62969.88770082697,0.0,7203.812547487554,3601.906273743777,6.459282075876871e-11,1.490707557394444e-11,1281.3189075327457,1938.466188652592,1830.4674884383403,0
q3_cvar,2025-02-12,59037.53145763919,62501.33936631626,0.0,6927.615817354209,3463.8079086771045,6.033959176754422e-11,1.4083290089672572e-11,1132.431888149547,1830.4674884383403,1831.3786559634243,0
q3_cvar,2025-02-13,53320.900452672206,54426.462914593096,506.896253010381,3481.9462979886907,1740.9731489943454,128.51443406309906,25.468575914212195,238.76711553,1831.3786559634243,1407.8285478981854,0
q3_cvar,2025-02-14,15722.894560719244,14903.64384640908,769.7745468020149,0.0,0.0,49.47616750815472,32.82276244719907,2719.778740226682,1407.8285478981854,1634.191391261711,0
q3_cvar,2025-02-15,16635.912086139397,16030.17250754395,571.6431162479769,1063.5217789058618,531.7608894529309,565.8573518004047,150.9740963872361,2729.5026913916654,1634.191391261711,1200.0,0
q3_cvar,2025-02-16,58842.07619823489,60315.45918650529,1563.4974904556589,6073.760957452294,3036.880478726147,8.30864799183928e-11,2.1213253376117788e-11,41.65066214736538,1200.0,1386.737755217824,0
q3_cvar,2025-02-17,55137.780613454524,58818.4440823436,2.378641283939942e-12,7361.326937778306,3680.663468889153,6.92030996951587e-11,1.7409185204542155e-11,352.2173327988277,1386.737755217824,1778.7826118115513,0
q3_cvar,2025-02-18,52891.60113549137,51324.173309182384,1860.648760746448,586.4418688750607,293.22093443753033,7.196071821757854e-11,1.7200019186702775e-11,393.41832420225217,1778.7826118115513,2582.397373893884,0
q3_cvar,2025-02-19,53013.44488442603,51112.91670047291,2269.162089699823,1078.649904372443,539.3249521862215,170.69104643953602,64.28451054007168,362.9102747398123,2582.397373893884,1200.0,0
q3_cvar,2025-02-20,54138.3544390599,54210.59921937997,1130.2207221163237,2404.9310048729385,1202.4655024364693,6.012498119951221e-11,1.3711075677602658e-11,1941.9177924816556,1200.0,1605.079522048352,0
q3_cvar,2025-02-21,14901.866157262528,14686.746477115172,262.67251490732093,95.1056695200054,47.5528347600027,3.6059505048591234e-11,1.1917578035536279e-11,5669.576224085188,1605.079522048352,1621.9719417900378,0
q3_cvar,2025-02-22,15690.17218535294,15250.757935807844,468.92561095624654,235.41930069093863,117.70965034546931,88.19828893432921,32.292215401692495,3541.8097257305917,1621.9719417900378,1910.8932942689344,0
q3_cvar,2025-02-23,52822.92626579386,52994.6070457464,1464.1303567571138,3271.6222734194,1635.8111367097,6.01307614672697e-11,1.5058315705474e-11,439.70172817558415,1910.8932942689344,1497.4227552570758,0
q3_cvar,2025-02-24,51020.65284587149,51044.01417992794,920.516487781699,1887.7556436764196,943.8778218382096,4.770208966720091e-11,1.38686284678613e-11,1670.6060142305207,1497.4227552570758,1841.485851154262,0
q3_cvar,2025-02-25,49474.09572936209,51862.393096599,422.8774032436579,5702.968582926742,2851.484291463371,40.30952098282938,7.8545442289256835,1710.4116030108455,1841.485851154262,1367.386154485306,0
q3_cvar,2025-02-26,50447.56642679933,47904.97478714152,2725.7044717315894,366.2256641476353,183.11283207381769,5.891192431106695e-11,1.5662748875655552e-11,635.3049676919483,1367.386154485306,2180.5508909048744,0
q3_cvar,2025-02-27,47019.35458958792,46865.59322404807,287.8761894070684,361.7441063088832,180.8720531544416,46.75722928721892,9.8229473292495,955.8947572488,2180.5508909048744,1630.9081112692152,0
q3_cvar,2025-02-28,14208.484260543632,13962.29496705972,334.26559273159853,272.0487238105586,136.0243619052793,47.948062657590704,19.50840037450169,6847.588024061457,1630.9081112692152,1518.9375859612862,0
q3_cvar,2025-03-01,15224.53194948164,15621.570350912103,50.2388184862677,1144.4497126744463,572.2248563372232,124.94763642049251,31.83784849547839,7991.990323645417,1518.9375859612862,1484.983385254709,0
q3_cvar,2025-03-02,54658.8721095735,55960.98623338535,538.9962910027313,3682.220829629296,1841.110414814648,6.409153174846694e-11,1.581090813829178e-11,1332.1653197543503,1484.983385254709,3159.513501563245,0
q3_cvar,2025-03-03,53351.50817083682,56041.86342978882,0.0,5380.710517904168,2690.355258952084,7.192385720333761e-11,1.7361889703693123e-11,677.3449849237091,3159.513501563245,1463.1469465229954,0
q3_cvar,2025-03-04,49964.84622782966,49373.63765577495,1096.684290069349,1010.9514360294348,505.47571801471736,7.932695655910037e-11,1.8972712290121763e-11,1126.6283804255836,1463.1469465229954,1546.890687081518,0
q3_cvar,2025-03-05,48166.32695913332,50356.46822485438,161.80318352209423,4703.888898486457,2351.9444492432285,7.101358279193448e-11,1.8533174994672663e-11,1562.0148879529424,1546.890687081518,1442.542485136732,0
q3_cvar,2025-03-06,46473.12758661399,46967.89130241168,2.34877867083248,994.224988937172,497.112494468586,7.297519655224959e-11,1.9381996008149827e-11,1024.5118750514391,1442.542485136732,1577.977935037713,0
q3_cvar,2025-03-07,13848.879284204691,14263.197775555724,2.1338451006158722e-13,828.6369827021269,414.3184913510634,3.428988265552491e-11,1.189370824050684e-11,8051.453175456199,1577.977935037713,1651.3695252961315,0
q3_cvar,2025-03-08,14177.262303101055,12611.01626896754,675.7371298587227,73.322759272684,36.661379636342,927.1702839111364,419.8406153163817,8867.657477716799,1651.3695252961315,1710.2621681957198,0
q3_cvar,2025-03-09,46770.290702377344,47362.46441434183,2378.586365918318,5941.520155765716,2970.760077882858,6.497917443004653e-11,1.677957772727723e-11,48.99020902185138,1710.2621681957198,1701.9812314955805,0
q3_cvar,2025-03-10,49064.07330059789,46435.99456444983,2841.0425563465637,425.92764039708993,212.96382019854497,6.523498111143944e-11,1.5617895865460696e-11,848.6570828296744,1701.9812314955805,1587.539587999171,0
q3_cvar,2025-03-11,47473.039564348255,40659.10942230587,7600.019508741643,1572.1787333985906,786.0893666992953,6.221209081225254e-11,1.6668000313302397e-11,700.6621149649507,1587.539587999171,1826.3059421700043,0
q3_cvar,2025-03-12,45600.59823190919,47310.74726234426,1231.8581127584073,5884.014286387087,2942.0071431935435,7.92583295661231e-11,2.0044188531187498e-11,434.0065417710187,1826.3059421700043,1301.9532218853194,0
q3_cvar,2025-03-13,49285.135084008914,48357.88154877111,1108.715287390825,1954.4457897575585,977.2228948787792,795.7611427257568,129.39952133670482,1117.054957035467,1301.9532218853194,1391.7091362430783,0
q3_cvar,2025-03-14,12996.040251519267,12380.250440558872,620.6153387605627,70.70910806704939,35.35455403352469,30.52902623335492,26.386366666673503,11549.51018067164,1391.7091362430783,1586.4345313207136,0
q3_cvar,2025-03-15,13913.776189837015,12709.333711874237,768.903859760416,189.6082396559379,94.80411982796896,530.3427380303309,169.30382321668927,7883.666509451203,1586.4345313207136,1200.0,0
q3_cvar,2025-03-16,46171.04954673361,46549.70561679888,998.8992460865628,2755.110632303761,1377.5553161518806,6.919491479795426e-11,1.744959732263851e-11,1310.313296829846,1200.0,2200.091554353781,0
q3_cvar,2025-03-17,40690.09267851783,40617.58128352446,1762.0345693599047,3379.0463487331517,1689.5231743665756,6.411657765825751e-11,1.6376566769338297e-11,378.9224272766354,2200.091554353781,1927.9018350904057,0
q3_cvar,2025-03-18,45393.37629224834,48387.78586275851,211.609798362496,6412.038737745492,3206.019368872746,5.959317145309839e-11,1.466171628550228e-11,1180.3529910486525,1927.9018350904057,2378.864663730258,0
q3_cvar,2025-03-19,42906.433565160936,38836.86543224059,4920.062357471401,1700.9884491021558,850.4942245510779,4.177538259764191e-11,1.1016965117960352e-11,1388.4848071442557,2378.864663730258,2121.012150906004,0
q3_cvar,2025-03-20,45163.37297465099,45943.59313504806,1536.4158399489438,4633.272000692152,2316.636000346076,6.842748900837137e-11,1.6997070417801297e-11,132.70477858388776,2121.012150906004,1672.3855246171108,0
q3_cvar,2025-03-21,12325.686019738536,12070.483152756931,338.2342564381543,421.95880299729777,210.97940149864888,127.948012042096,90.39068318056025,14373.586683483907,1672.3855246171108,1272.7933898891386,0
q3_cvar,2025-03-22,12958.280320379528,13092.327669435232,0.5901968426739981,269.2750917967992,134.63754589839957,2.116600295032356e-11,7.473133223356854e-12,11434.25427335619,1272.7933898891386,2217.562681359635,0
q3_cvar,2025-03-23,48800.41718643605,53994.86275303126,0.0,10388.891133190522,5194.445566595261,5.509911127354883e-11,1.3844481117075702e-11,1.3961543726681567e-11,2217.562681359635,1369.0510645969368,1
q3_cvar,2025-03-24,42398.441081196,42810.54327204502,1286.8202586888665,3397.844899075879,1698.9224495379394,5.270872152629557e-11,1.4411555282478616e-11,2293.0441061548377,1369.0510645969368,1658.9830361598565,0
q3_cvar,2025-03-25,44363.25650378178,47666.91814391528,287.0936417155286,7256.211042612304,3628.105521306152,37.35023945709244,12.307620633466374,334.5293607052742,1658.9830361598565,1262.1001920976043,0
q3_cvar,2025-03-26,39145.3656392729,40626.69819273024,152.49397677786715,3267.653060470533,1633.8265302352668,5.7768756445142345e-11,1.581579311960013e-11,814.1513355025802,1262.1001920976043,1500.7102647333309,0
q3_cvar,2025-03-27,42512.74860600437,43562.4875306664,1460.7949693153082,5021.067787954815,2510.5338939774074,6.105276612045074e-11,1.5184464796647035e-11,768.1397025141565,1500.7102647333309,1686.7773482562368,0
q3_cvar,2025-03-28,12401.84041386943,12429.1243343828,0.7111527498004862,55.99014652637593,27.995073263187965,1.944071881254672e-11,7.2652994731470236e-12,16528.155730622828,1686.7773482562368,1836.2419419489277,0
q3_cvar,2025-03-29,11954.429346618948,11391.114451209,619.1948878133161,111.7599848067956,55.87999240339779,2.7259425272596617e-11,7.212452857174867e-12,18696.1020266437,1836.2419419489277,1406.944480276652,0
q3_cvar,2025-03-30,39443.15008379384,41851.78341721427,434.2180885432495,5685.702843927442,2842.851421963721,5.3410918687824e-11,1.4298562334147391e-11,54.05906107548589,1406.944480276652,1669.8415623013268,0
q3_cvar,2025-03-31,42614.60066705997,36768.692404518704,8178.366810898049,4664.917096713685,2332.4585483568426,6.63758799035463e-11,1.63069557856943e-11,449.3984684505621,1669.8415623013268,1817.257652760044,0
q3_cvar,2025-04-01,45435.478934831954,46518.47295817378,1684.0246093207902,5534.037265325395,2767.0186326626977,6.163472665576819e-11,1.617150857669003e-11,3143.046704668993,1817.257652760044,1787.782470255893,0
q3_cvar,2025-04-02,44046.52305852727,43410.94795514547,2158.72349963454,3046.29679250562,1523.1483962528098,7.732259477144509e-11,1.9311219290329973e-11,2790.0894662979417,1787.782470255893,1603.5203807787675,0
q3_cvar,2025-04-03,41709.88663817111,44722.54823390296,16.182952564033187,6057.68909659188,3028.84454829594,6.137205499356922e-11,1.7505108473869768e-11,2167.417208002019,1603.5203807787675,1528.3317701221736,0
q3_cvar,2025-04-04,11085.137005408862,10994.818911290182,77.39332928491525,81.85709557417852,40.92854778708926,53.85331262085704,31.54166666667375,18649.460307647478,1528.3317701221736,1536.5686028912069,0
q3_cvar,2025-04-05,11582.559284251089,11100.33346899795,383.1349713000276,9.839595804805869e-14,4.9197979024029346e-14,99.09084395311046,58.42808759723046,13310.762852377886,1536.5686028912069,1390.5439807535502,0
q3_cvar,2025-04-06,39778.76362278437,41677.1931625607,157.89877576449456,4112.656631081746,2056.328315540873,4.779081952399622e-11,1.4760859201601306e-11,2511.4475296951077,1390.5439807535502,1495.814989321799,0
q3_cvar,2025-04-07,38003.56960553295,36123.04315806261,2913.188280140834,2065.323665341104,1032.661832670552,6.194462170983073e-11,1.646360825446891e-11,1967.0976508610845,1495.814989321799,1452.4347896439276,0
q3_cvar,2025-04-08,39622.96838185052,42445.01585615221,0.0,5723.733245638324,2861.866622819162,39.8191485174812,17.41108374178365,1460.7823675564034,1452.4347896439276,1200.0,0
q3_cvar,2025-04-09,41414.387497855125,41214.44146023296,1176.0155132955938,1952.1389513469423,976.0694756734712,4.991962665457095e-11,1.3409939825237416e-11,2200.739415177356,1200.0,2037.3175098381569,0
q3_cvar,2025-04-10,39145.34168794347,39895.89070677782,987.4907466933392,3476.079531055479,1738.0397655277395,5.830872065737402e-11,1.6237844402411383e-11,1930.3743287807629,2037.3175098381569,1796.3294285976444,0
q3_cvar,2025-04-11,11117.737440522453,10278.55898153275,937.4449500488004,229.65517963996743,114.82758981998371,16.561098760885038,12.861535057880666,19041.08111666271,1796.3294285976444,1200.0,0
q3_cvar,2025-04-12,11059.21756077324,11275.764745992132,44.5446935751296,559.3561807269814,279.6780903634907,18.5862115694679,10.847909722229344,15493.774448020818,1200.0,1687.3157737336296,0
q3_cvar,2025-04-13,37377.2554591411,38032.08353113424,94.3071824310654,1498.2705088485293,749.1352544242646,6.046408757010013e-11,1.6634582600261183e-11,1835.0991836190096,1687.3157737336296,1620.6117293651416,0
q3_cvar,2025-04-14,37333.77724248818,40109.43361721034,2.393579734416562e-12,6193.19600772104,3096.59800386052,320.9416291383591,63.77085064935851,280.39965389394445,1620.6117293651416,1389.6950475617284,0
q3_cvar,2025-04-15,35681.31398013519,34119.4320817911,2423.1917194278394,1722.6196421676032,861.3098210838016,5.062021291024621e-11,1.2886580691429115e-11,2655.438096547823,1389.6950475617284,1548.7557131492458,0
q3_cvar,2025-04-16,39298.8004427733,38831.5340689725,2043.1119611401696,3151.691174678798,1575.845587339399,4.428215505392075e-11,1.219557788090242e-11,1506.682304474745,1548.7557131492458,1432.9992075385062,0
q3_cvar,2025-04-17,37267.74280844882,35539.450059564406,2701.654393180067,1946.7232885914216,973.3616442957108,6.595718263918693e-11,1.7059881285419465e-11,1374.3113791363016,1432.9992075385062,2369.999425349314,0
q3_cvar,2025-04-18,10262.58114795506,10283.863386103783,51.216209579703474,144.9968954568939,72.49844772844695,2.0303258629894573e-11,6.9317884765496266e-12,17276.75068516558,2369.999425349314,1663.3271460784235,0
q3_cvar,2025-04-19,10853.359220824264,10398.932116272925,487.5444393225097,66.23466954237195,33.11733477118597,1.2131816440330568e-11,4.360511951517765e-12,17309.793836295972,1663.3271460784235,1692.8596845587986,0
q3_cvar,2025-04-20,35159.63911962932,35454.986900596385,0.8616433243502755,592.4188485828944,296.2094242914472,4.130519992706639e-11,1.27631238910908e-11,1714.5986011356165,1692.8596845587986,1840.3148305712232,0
q3_cvar,2025-04-21,34604.912391256374,36620.08646841775,116.8118824534208,5086.67506372114,2543.33753186057,411.3515722457621,83.076575466332,920.3527267669732,1840.3148305712232,1313.228136342593,0
q3_cvar,2025-04-22,36834.57051052922,33670.855910282065,3917.524930799582,1507.6206611049558,753.8103305524779,6.287685122563501e-11,1.7394308216012178e-11,1701.7626080811583,1313.228136342593,1578.1026011679817,0
q3_cvar,2025-04-23,35712.123161257354,32672.05178918696,3309.964014541613,539.7852849424962,269.8926424712481,4.342013815161749e-11,1.3012257937816683e-11,1422.0089382226308,1578.1026011679817,1785.81047867575,0
q3_cvar,2025-04-24,33805.861062417986,33546.09590310174,646.5369354660686,773.5435522997476,386.7717761498738,5.2176590159547233e-11,1.4277024007469663e-11,3583.8063413388177,1785.81047867575,2287.468030342952,0
q3_cvar,2025-04-25,9661.78836531152,9872.691032207018,0.2501383663619598,422.3056105237605,211.15280526188025,2.1938911132224348e-11,6.1515237348430666e-12,20862.43487621529,2287.468030342952,1407.132737628619,0
q3_cvar,2025-04-26,10382.352089859818,10272.426010204945,113.01953880281596,79.26598672730526,39.63299336365263,36.53953421571384,22.40314789436076,23274.906718283422,1407.132737628619,1216.7418560413498,0
q3_cvar,2025-04-27,33859.38400415968,32740.93621098759,1514.1679623579228,791.4403383717828,395.7201691858914,4.695521571562722e-11,1.2188250408939894e-11,2231.7112075776795,1216.7418560413498,1421.545455856134,0
q3_cvar,2025-04-28,39435.66479318833,40011.63265571173,602.8006101674418,2357.5369453817016,1178.7684726908508,3.535011661170984e-11,9.78550573904613e-12,2402.306729287952,1421.545455856134,1527.967397022256,0
q3_cvar,2025-04-29,33415.75527995416,33555.368067447416,355.1558126059245,989.5372001984662,494.7686000992331,4.3661395165983656e-11,1.2019718553801796e-11,3252.0171385746603,1527.967397022256,1769.2175411551018,0
q3_cvar,2025-04-30,32157.002811996124,31991.837369499888,10.53030478690843,424.1797151089701,212.08985755448504,366.724995263824,118.24117209860329,1132.8693271810218,1769.2175411551018,1618.7951534774436,0
q3_cvar,2025-05-01,45563.91389205957,34892.76449164729,1054.400244868834,1174.7856831453953,587.3928415726976,10204.141997116129,2112.2712244580666,2295.3759826792125,1618.7951534774436,1877.748,0
q3_cvar,2025-05-02,17695.92082411878,11290.575153837151,182.6514263152236,54.92794236662471,27.46397118331236,6250.158215149721,1580.7766833416342,12339.539495960838,1877.748,1200.0,0
q3_cvar,2025-05-03,17214.48332679153,11116.337724635923,0.0,58.412868424911686,29.206434212455843,6127.352036368068,1432.6566043211174,17003.30276241427,1200.0,1200.0,0
q3_cvar,2025-05-04,38728.10742430124,37177.47769271348,1364.8294787703385,2763.072903495518,1381.536451747759,1567.336704565172,299.1341968396969,2.0338397632713168e-11,1200.0,1267.1482094277276,0
q3_cvar,2025-05-05,39135.01468600283,39508.98509429157,712.8515590737231,2329.107973962625,1164.5539869813124,77.73201961885935,35.27730116668358,152.03847884113046,1267.1482094277276,1578.8399715028334,0
q3_cvar,2025-05-06,38787.43967831999,33978.391063612646,3748.0303502873976,213.83410373716868,106.91705186858434,1167.935316288526,318.53240868300884,178.73204405540557,1578.8399715028334,1236.0464778707264,0
q3_cvar,2025-05-07,39340.64412688889,36789.35817750024,2558.5025001492763,14.433101521312718,7.216550760656359,5.965515392780674e-11,1.545119587831323e-11,639.5732832941349,1236.0464778707264,1585.7581125138422,0
q3_cvar,2025-05-08,39654.18154876807,39898.52315735588,1193.157425333188,3116.230802519284,1558.115401259642,120.61636733864393,20.417497645143065,155.99043818329915,1585.7581125138422,1358.0511716582669,0
q3_cvar,2025-05-09,12714.354644120467,12140.265128760404,554.2038000967735,97.5026282079616,48.7513141039808,68.63702936726649,45.68188310632591,16591.91371721015,1358.0511716582669,2232.60738650361,0
q3_cvar,2025-05-10,12417.149691836412,11803.44757079029,665.9474624391833,104.49068278617476,52.24534139308739,2.6994160351456744e-11,8.393064021561258e-12,13439.386951788663,2232.60738650361,1579.775512507009,0
q3_cvar,2025-05-11,39496.462009647,38555.30856359954,779.0414706129876,1882.280648374956,941.140324187478,1103.2522996219566,162.423935057409,154.5534605232194,1579.775512507009,1472.556030697668,0
q3_cvar,2025-05-12,39090.23812807988,34887.68861288413,3923.373643634835,1315.1602846370577,657.5801423185288,936.7560138794626,266.5129223833388,967.7034781462236,1472.556030697668,2300.353817535507,0
q3_cvar,2025-05-13,38267.209227454194,39235.33520244408,1164.9938843280927,4266.239718636058,2133.119859318029,6.112432984761717e-11,1.6524615009672058e-11,913.9539779768884,2300.353817535507,2214.471124076965,0
q3_cvar,2025-05-14,37170.19940258247,38323.953102052736,0.0,2696.6152469825897,1348.3076234912949,194.553924021034,60.93138866928416,629.3234447697309,2214.471124076965,2082.7003909181494,0
q3_cvar,2025-05-15,39614.28367086514,39394.3489798229,1379.1543339810837,3726.6407977348126,1863.3203988674063,704.1007559285803,201.93781166668637,382.4712171580389,2082.7003909181494,2813.6776865888373,0
q3_cvar,2025-05-16,11631.818666093222,12185.527163625313,0.0,1107.4169950642045,553.7084975321022,1.559151141528048e-11,3.767985923275319e-12,21727.496118794177,2813.6776865888373,1741.8461473886764,0
q3_cvar,2025-05-17,12466.21567525504,12487.97611048985,128.05460725483908,364.9646352473587,182.4823176236793,32.66727513402871,20.93709130556361,14552.67580913761,1741.8461473886764,2008.7879984835365,0
q3_cvar,2025-05-18,38688.674080172445,40917.01970771715,78.2962634376556,4682.140711964878,2341.070355982439,34.42846500006674,5.236666666684464,1059.3965144819929,2008.7879984835365,2197.2570333872245,0
q3_cvar,2025-05-19,35911.51213434274,37030.979511340585,0.0,2238.9347539957616,1119.4673769978808,3.659052047510006e-11,1.0553754918596336e-11,4604.686413761085,2197.2570333872245,2183.5978158329235,0
q3_cvar,2025-05-20,37382.29572464034,36866.68352744595,979.0254227011568,1659.8812853003435,829.9406426501718,366.5274171434193,113.66953547632464,586.647153425119,2183.5978158329235,1638.6614435346494,0
q3_cvar,2025-05-21,38085.83766573868,35532.66045887562,3457.7951392818904,2038.5760956544489,1019.2880478272244,114.67011540837666,38.49928333334453,1298.9437756233208,1638.6614435346494,1840.977114569354,0
q3_cvar,2025-05-22,36386.90381319842,37675.64230689938,0.0,2577.4769874020776,1288.7384937010388,6.124011853181343e-11,1.626898615825212e-11,810.787768976366,1840.977114569354,2633.232867149305,0
q3_cvar,2025-05-23,12276.653047459387,12174.481814602712,496.3679342750777,788.3934028368571,394.1967014184286,2.5036939244049703e-11,6.021294574054537e-12,18475.08945158197,2633.232867149305,2411.8244158113025,0
q3_cvar,2025-05-24,12592.100790098595,13094.466436344135,1.501800284131605e-12,1478.7019774463542,739.3509887231771,236.98534247763732,132.07181341666947,20665.59384957515,2411.8244158113025,2431.5628589541784,0
q3_cvar,2025-05-25,36671.61589099234,37791.34063303322,88.82977791728678,2417.109039916435,1208.5545199582175,4.085744154114224e-11,1.2049250486256824e-11,4093.340151313365,2431.5628589541784,2927.688933222975,0
q3_cvar,2025-05-26,38698.84384752278,36699.940867247526,2393.229829707668,1134.4970377822158,567.2485188911079,172.9216694587175,47.59748677641488,1258.479263048059,2927.688933222975,2580.5231873048847,0
q3_cvar,2025-05-27,37721.551785041,35011.20261570896,3684.595044133015,3180.0485279635427,1590.0242639817714,615.7783891807954,183.12530043892133,2689.375970636927,2580.5231873048847,2165.723027752466,0
q3_cvar,2025-05-28,38763.09680325626,40039.10436555768,600.5172399972873,3753.049604597524,1876.5248022987616,5.530249058693926e-11,1.5450085655288603e-11,1393.5547322686105,2165.723027752466,3012.3771900541105,0
q3_cvar,2025-05-29,39805.23665907852,39268.54530993315,1913.199163444696,2753.015628598791,1376.5078142993957,5.929201063459289e-11,1.662736615060112e-11,1466.3250280103,3012.3771900541105,3246.871004983808,0
q3_cvar,2025-05-30,12809.049636159889,13043.956324113522,184.6159160494105,839.0452080061156,419.5226040030578,1.5570151834509715e-11,4.830802424748981e-12,18396.84869565887,3246.871004983808,3005.763840652745,0
q3_cvar,2025-05-31,12665.93865422088,13814.579441564398,0.0,2297.281574687061,1148.6407873435303,1.0323431633846303e-11,3.756030209078887e-12,17235.516516328928,3005.763840652745,2221.4527363147577,0
q3_cvar,2025-06-01,59293.31694106776,55204.6073169243,4881.028263328203,6420.214906318475,3210.1074531592376,2417.78881397446,607.3792109307594,293.13746277543464,2221.4527363147577,1200.0,0
q3_cvar,2025-06-02,59110.47205457607,56165.39869663621,5783.470503817636,7971.819212933913,3985.9096064669566,1147.512460589173,226.1551220728897,57.57855000001402,1200.0,1654.0165637354014,0
q3_cvar,2025-06-03,53763.77508152116,50664.05769492849,3950.101772172893,1821.287329827252,910.6436649136258,60.259279333401714,29.24209166668333,1562.2464014221584,1654.0165637354014,2234.2852385078863,0
q3_cvar,2025-06-04,58705.95742609719,57766.99625856277,4454.203483780826,9801.487472567063,4900.743736283532,1385.501420037135,561.5447473689018,828.4786137758991,2234.2852385078863,1550.9658366295578,0
q3_cvar,2025-06-05,55002.838267784005,49895.103371058576,4624.273417228451,439.8072694703651,219.90363473518252,703.3651142321773,312.4527648446571,141.68755916244464,1550.9658366295578,1377.1067012918757,0
q3_cvar,2025-06-06,21146.33218935896,18905.125560560635,2616.7434487893115,983.3503209240356,491.67516046201786,116.13834047102212,47.2268389639524,2172.7741583333504,1377.1067012918757,1960.2311401539844,0
q3_cvar,2025-06-07,20423.90668829044,19287.41617183796,1935.304280895558,1597.6275288862162,798.8137644431081,3.729121236806243e-11,1.1290468560076759e-11,1879.5488500229144,1960.2311401539844,2251.891515969315,0
q3_cvar,2025-06-08,50586.407329995054,49485.9416331485,2000.6825331068867,1800.433672520804,900.216836260402,8.830233921841568e-11,2.0533352795837345e-11,1316.3426245408853,2251.891515969315,2542.1418603400757,0
q3_cvar,2025-06-09,55101.73479768177,57008.43792127376,7.909695943659875,3829.225639071518,1914.612819535759,8.487746672170005e-11,1.9654278204939143e-11,666.6850433292174,2542.1418603400757,2142.503349082893,0
q3_cvar,2025-06-10,59644.28081999264,60851.96524381568,1188.0066739033225,4791.382195452747,2395.6910977263733,3.918201341157612e-11,9.205303186377025e-12,4588.22549557111,2142.503349082893,3592.0713048480534,0
q3_cvar,2025-06-11,63824.61090595604,65418.392381639416,705.3543527040757,4598.271656774961,2299.1358283874806,4.9933620793751735e-11,1.1722178783202251e-11,3740.0880514229752,3592.0713048480534,4492.043542049505,0
q3_cvar,2025-06-12,58204.00030183761,60815.389796798445,60.11026018901154,5342.99951029988,2671.49975514994,7.924106326662182e-11,1.9311774401842282e-11,2568.310157133588,4492.043542049505,3884.766945952399,0
q3_cvar,2025-06-13,21611.59997032648,21751.313841615112,1512.950754580464,3305.3292517382347,1652.6646258691171,2.1034767261340903e-11,6.109557304512237e-12,6903.141685277812,3884.766945952399,3602.5098674397937,0
q3_cvar,2025-06-14,21124.81206593715,22459.22721889169,0.0,2668.8303059091145,1334.4151529545572,1.9542438778330508e-11,6.298961352513288e-12,8363.515701513103,3602.5098674397937,3299.4981562863222,0
q3_cvar,2025-06-15,57936.05602302378,55532.228135637655,4246.18645196501,3684.7171291578697,1842.3585645789349,5.433524297160375e-11,1.2802203741557603e-11,3429.0527355204954,3299.4981562863222,3700.5960832497153,0
q3_cvar,2025-06-16,58785.532038493686,58317.98479006139,2695.364966070157,4455.635435275817,2227.817717637909,5.3426972401737765e-11,1.0806577854793886e-11,2368.091713171264,3700.5960832497153,3475.7171605013805,0
q3_cvar,2025-06-17,61589.558737552536,59242.33006113308,5046.32178602229,5398.186219205819,2699.0931096029094,6.698886623190958e-11,1.5703882638717914e-11,2144.3257602641715,3475.7171605013805,3234.2027283036537,0
q3_cvar,2025-06-18,61272.35461188783,60012.85784361363,5193.170526056725,7954.042124532901,3977.0210622664495,43.34730448394218,6.410900611398322,4551.947542651596,3234.2027283036537,3412.5450014637704,0
q3_cvar,2025-06-19,55543.47641227351,54379.07730934289,2945.3569583680637,4021.500083818538,2010.750041909269,229.79218647183177,33.3169815249148,3835.6569190661257,3412.5450014637704,3099.037992274484,0
q3_cvar,2025-06-20,19834.90999542865,21224.648845927324,98.42273647715294,2976.323173951701,1488.1615869758505,2.1495309976415908e-11,5.624833931960893e-12,10856.317697484088,3099.037992274484,3173.807252681333,0
q3_cvar,2025-06-21,19642.324935953417,20831.198149337997,37.511263819392525,2452.7689544079803,1226.3844772039902,1.6923994872186653e-11,4.583444734862496e-12,13966.225322276678,3173.807252681333,3696.154242360103,0
q3_cvar,2025-06-22,54857.77834624037,52947.89623119231,4567.71315626089,5315.662082425746,2657.831041212873,5.057902630056788e-11,1.2513989844364914e-11,2650.432354856509,3696.154242360103,3093.573601870222,0
q3_cvar,2025-06-23,53959.38455152036,54718.70751190394,1928.9627059835784,5376.571332734421,2688.2856663672105,8.938176110362405e-11,2.1149748619109232e-11,2284.443629322506,3093.573601870222,3186.5740165861625,0
q3_cvar,2025-06-24,61845.05426417888,64269.00530535806,1.6261765267699958e-13,4847.902082358541,2423.9510411792703,7.489592262696632e-11,1.7948593999950188e-11,1975.764079092359,3186.5740165861625,3874.613045769777,0
q3_cvar,2025-06-25,55911.7202352737,53857.50980469899,4025.056608577488,3941.692356005624,1970.846178002812,6.255755913286976e-11,1.47182266374557e-11,2992.655258152315,3874.613045769777,3117.6224908112795,0
q3_cvar,2025-06-26,54192.58173363684,52386.40639173582,3669.2441847387727,3831.532247039879,1915.7661235199396,52.6972806821994,7.524420744234717,3617.702745758459,3117.6224908112795,3277.381261693037,0
q3_cvar,2025-06-27,18813.46098884256,20225.925757705336,0.0,2824.929537725594,1412.464768862797,2.0365649611164827e-11,6.830092047493963e-12,12731.32082963644,3277.381261693037,3472.2658814053084,0
q3_cvar,2025-06-28,18777.036800696773,19659.60088036171,228.25837818723545,2221.6449157043853,1110.8224578521929,1.8834946491352867e-11,5.241140854650439e-12,11556.694400985123,3472.2658814053084,2480.8329666732843,0
q3_cvar,2025-06-29,56783.55106681521,51141.96748560465,7044.259682742293,2805.3522030636127,1402.6761015318064,6.742961833339223e-11,1.4807710613240488e-11,2370.791696259492,2480.8329666732843,3602.672099395635,0
q3_cvar,2025-06-30,54047.48558336664,55506.50045814976,213.4268581237732,3423.434972771616,1711.717486385808,39.27575347891035,5.654848963926022,2682.676104809868,3602.672099395635,3161.678984739156,0
q3_cvar,2025-07-01,69872.42539350636,53806.1054793892,13511.344461509088,0.0,0.0,2554.9754526080646,1060.5639150000345,42.34201598436537,3161.678984739156,1605.8724219998116,0
q3_cvar,2025-07-02,64854.720796109206,53689.69291566742,9199.83363119616,527.5939236014888,263.7969618007444,2228.991211046348,795.4181281443986,335.8997133212992,1605.8724219998116,2225.587699102059,0
q3_cvar,2025-07-03,68857.7328356726,63204.14221900761,6205.738657994419,2045.2388877849885,1022.6194438924942,470.4714025630657,128.36467080073328,1266.9404151914368,2225.587699102059,2289.9005391971136,0
q3_cvar,2025-07-04,28413.17143360662,22615.04325834795,2998.444458957118,1173.531772034812,586.7658860174059,3386.4496023189613,842.7169888084767,10422.822440225313,2289.9005391971136,1212.3079667874297,0
q3_cvar,2025-07-05,25522.92486413249,23536.18253009297,2058.2537891423144,143.0229102056516,71.5114551028258,3.972867279600223e-11,9.316769578049389e-12,10679.922409900144,1212.3079667874297,1904.5986264808507,0
q3_cvar,2025-07-06,69539.61681230464,62605.867559766426,6350.490895096065,1778.5759012331946,889.2879506165973,1472.5463080587722,198.56084181845785,1380.6522785449663,1904.5986264808507,1839.7578830820332,0
q3_cvar,2025-07-07,64957.85650721,67989.01502893919,2311.8299084173123,10685.976860293133,5342.988430146566,6.723332046654207e-11,1.4143908266817108e-11,1741.1759751511609,1839.7578830820332,2291.1624648813886,0
q3_cvar,2025-07-08,74507.91776429412,83285.00076348368,208.7207782156464,18031.392820950008,9015.696410475004,29.892633069759025,3.4149349482826823,7109.43709919666,2291.1624648813886,4125.67275330032,0
q3_cvar,2025-07-09,73939.32046318872,81956.18838555335,1309.3731463586091,18652.48213744652,9326.24106872326,5.5021178418934716e-11,1.0591028054562912e-11,9415.439794481928,4125.67275330032,4239.4154073850805,0
q3_cvar,2025-07-10,70723.774711604,77835.67341628978,0.0,14223.797409371626,7111.898704685813,5.154992566147598e-11,1.1258993737328638e-11,8170.406287068167,4239.4154073850805,4191.96822512195,0
q3_cvar,2025-07-11,32492.43877521767,36965.994503850095,0.0,8947.111457264913,4473.5557286324565,2.793937792233692e-11,6.323830348264892e-12,14411.814647152878,4191.96822512195,2990.058288135215,0
q3_cvar,2025-07-12,29621.859268356144,31601.74317950589,541.466813981953,5042.701450263459,2521.3507251317296,1.4670150427775755e-11,3.5091929362351948e-12,14564.88540435686,2990.058288135215,2008.4889044233316,0
q3_cvar,2025-07-13,67054.54277856574,75285.4546336495,216.01605177444404,16893.855813716556,8446.927906858278,6.512693051519136e-11,1.3876899629394755e-11,5501.763681461625,2008.4889044233316,3671.951539396734,0
q3_cvar,2025-07-14,66538.12926443807,70575.16215174284,1577.807894078121,11229.681562765874,5614.840781382937,3.966492378992825e-11,8.904876835913456e-12,5863.920477458601,3671.951539396734,3923.010874433749,0
q3_cvar,2025-07-15,67371.499235543,73535.53799989886,1885.2818098914868,16098.641148494862,8049.320574247431,6.956115217171544e-11,1.5599299629798224e-11,3819.705822798808,3923.010874433749,3438.526512028558,0
q3_cvar,2025-07-16,66085.61087616357,71905.78172478321,0.0,11640.341697239375,5820.170848619688,5.201889230477264e-11,1.1739942351596255e-11,4098.308706244682,3438.526512028558,3819.531418411627,0
q3_cvar,2025-07-17,64797.45298930821,68807.97043078468,0.0,8021.0348829531185,4010.5174414765593,7.279498670520466e-11,1.4360512778921476e-11,5130.068203345867,3819.531418411627,3569.529968602516,0
q3_cvar,2025-07-18,29042.00546399709,32553.07473900909,0.0,7022.138550024051,3511.0692750120256,2.4962752309676258e-11,6.9033667671192226e-12,11667.708065292774,3569.529968602516,3552.4952248993663,0
q3_cvar,2025-07-19,29469.53132358238,32546.118008908044,0.0,6153.173370651366,3076.586685325683,2.5603632325399415e-11,6.431521981653532e-12,16150.952315423723,3552.4952248993663,3562.239603773612,0
q3_cvar,2025-07-20,66086.15394415987,72010.53010392038,0.0,11848.752319521142,5924.376159760571,5.7370403538925525e-11,9.702461056804168e-12,6487.507529600263,3562.239603773612,3763.097382637128,0
q3_cvar,2025-07-21,69478.02627624302,75370.88642986363,1155.3126258175098,14096.345558876335,7048.172779438168,3.5893671146425274e-11,7.94520005342747e-12,5883.158409239758,3763.097382637128,3477.0753763691027,0
q3_cvar,2025-07-22,66788.97951229045,70770.50671184885,169.10717694181758,8301.268753000479,4150.634376500239,5.3876010319697794e-11,1.1221246154491382e-11,7089.233250926082,3477.0753763691027,3337.845183611478,0
q3_cvar,2025-07-23,73572.24747287342,78931.90257878067,5075.640899707827,20870.59201123026,10435.29600561513,5.057226726279396e-11,9.5652374909605e-12,5757.527090950901,3337.845183611478,2899.486592789283,0
q3_cvar,2025-07-24,70919.54842254113,79006.4873487793,0.0,16173.877852476411,8086.938926238206,5.6406140203080204e-11,1.006705829809107e-11,6012.54953541243,2899.486592789283,3923.378636096482,0
q3_cvar,2025-07-25,27277.47391125756,29505.71578165196,0.0,4456.483740788882,2228.241870394441,3.794387204436589e-11,7.51665396592216e-12,15746.55595082959,3923.378636096482,3432.074658809289,0
q3_cvar,2025-07-26,28251.747551384426,31000.42167236205,1.3772705642622897e-12,5497.348241955318,2748.674120977659,2.801464171753309e-11,6.160849608249919e-12,14871.677306074396,3432.074658809289,2386.233927586263,0
q3_cvar,2025-07-27,66231.32221732948,71523.61175829917,0.0,10584.57908193945,5292.289540969725,4.878686032938617e-11,9.71223101942087e-12,4790.618514593992,2386.233927586263,3205.5954346069943,0
q3_cvar,2025-07-28,68779.74493897172,73682.4066650273,12.902300573979897,9831.12805325921,4915.564026629605,4.5601782794335575e-11,1.0464518140906875e-11,4344.980553618045,3205.5954346069943,3532.899248851258,0
q3_cvar,2025-07-29,67306.6138992045,71625.26309841438,9.322889127361122e-13,8637.298398419845,4318.649199209923,5.105486167167328e-11,1.0007994433181011e-11,6592.714821924457,3532.899248851258,3313.200961734316,0
q3_cvar,2025-07-30,65138.75928618425,67289.60850555327,15.63602784969311,4332.970494437527,2166.485247218764,4.615871063151644e-11,9.632294961647858e-12,5477.075811579422,3313.200961734316,4121.840556551581,0
q3_cvar,2025-07-31,65304.3657357878,68512.47344832544,1088.3194694937692,8592.854364062943,4296.427182031472,6.173663535946616e-11,1.1578293879210833e-11,5267.122172413683,4121.840556551581,3166.696205229362,0
q3_cvar,2025-08-01,27460.775073099518,29688.014193750038,0.0,4454.478241301073,2227.2391206505363,2.3369981297372e-11,5.879047249024438e-12,19609.73156727505,3166.696205229362,3354.7910998527923,0
q3_cvar,2025-08-02,27804.903239998388,30336.750299869094,0.0,5063.694119741478,2531.847059870739,3.396975678526815e-11,7.292388914947878e-12,20440.9396586402,3354.7910998527923,3992.4671796798175,0
q3_cvar,2025-08-03,53444.73500019094,53140.806790647846,1277.672553412861,1947.488687739603,973.7443438698016,5.4599897492124685e-11,1.1936229782349985e-11,3782.4251069867382,3992.4671796798175,3398.598876774676,0
q3_cvar,2025-08-04,55463.22469665078,55772.237796762834,1613.4481184073643,3844.922437039028,1922.4612185195135,7.750103447889956e-11,1.6332712959865603e-11,3015.828701891987,3398.598876774676,2239.504982344656,0
q3_cvar,2025-08-05,53232.50693220407,53490.79450687816,750.0122528293705,2016.5996550070145,1008.2998275035072,5.617414244873942e-11,1.3553380640018986e-11,1789.736640728355,2239.504982344656,1731.675035861842,0
q3_cvar,2025-08-06,58202.310194914135,60962.99821937915,1.9060166778217533e-13,5521.376048930098,2760.688024465049,5.4302029039998704e-11,1.3880341320771096e-11,2382.7486323400844,1731.675035861842,1269.2916789360404,0
q3_cvar,2025-08-07,55727.9999063015,58189.16995493483,402.9967178962041,5732.272016762089,2866.1360083810446,1.969241851511548,0.2260638103033452,4068.8061071836087,1269.2916789360404,1353.7950507672376,0
q3_cvar,2025-08-08,22642.18234994143,22825.90395189404,0.0,367.4432039052823,183.72160195264115,3.8635555865695895e-11,8.182343691487404e-12,21724.8115150495,1353.7950507672376,1668.3367926586754,0
q3_cvar,2025-08-09,22550.021852012065,22683.777584707143,18.26595616459217,304.0433777193824,152.02168885969118,2.6668925401374112e-11,6.127764962116089e-12,17917.747524479302,1668.3367926586754,1494.86006373419,0
q3_cvar,2025-08-10,55370.8820326244,57001.22108531776,0.0,3260.6781053868194,1630.3390526934097,5.344288880188008e-11,1.3136956800163802e-11,1229.3822991861807,1494.86006373419,2156.4709843024702,0
q3_cvar,2025-08-11,52798.57710743994,52796.07273783513,633.026923283302,1391.168682241729,695.5843411208645,65.06178744240614,7.696431944457297,3446.6764923697287,2156.4709843024702,1358.190882375633,0
q3_cvar,2025-08-12,58157.87644702179,59120.59257577189,346.66495271057306,2618.762162921477,1309.3810814607384,5.6869577241824844e-11,1.285843653775487e-11,4591.759394532673,1358.190882375633,1982.1376755107176,0
q3_cvar,2025-08-13,53700.68059439183,53198.046994601566,614.9538153267613,224.64043107305028,112.32021553652514,4.494141081501368e-11,9.597211914069703e-12,3007.264742201734,1982.1376755107176,2116.501030020867,0
q3_cvar,2025-08-14,55468.72253596415,54863.68094106729,1875.0874462691968,2540.091702744756,1270.0458513723777,5.0200783086040695e-11,1.1126100041281006e-11,3274.1740563726344,2116.501030020867,1879.7613759443784,0
q3_cvar,2025-08-15,23167.17948759795,23961.940290276056,1.973701841961884e-11,1589.521605356281,794.7608026781405,2.6997545497786654e-11,6.465675217448563e-12,19886.98806968049,1879.7613759443784,1898.3754339905047,0
q3_cvar,2025-08-16,24123.242965698704,25474.57403286701,2.6615850856614996e-12,2702.6621343366523,1351.3310671683262,1.7180166012042975e-11,4.283351451306317e-12,19834.683225247365,1898.3754339905047,1825.1088934532736,0
q3_cvar,2025-08-17,54588.64725864829,55595.291252856645,282.1896942224949,2577.6673768617907,1288.833688430895,4.638918937871495e-11,1.06474828953651e-11,6480.611889004026,1825.1088934532736,1774.105869053112,0
q3_cvar,2025-08-18,54140.35464238194,55628.1506062859,9.22500476008281e-12,3196.6903261587163,1598.345163079358,110.54919917543,13.117674182792571,2161.629356632483,1774.105869053112,1952.1706609127525,0
q3_cvar,2025-08-19,53675.09943427054,54606.12264837075,546.8937366734283,2955.833901547352,1477.9169507736758,5.826181359580573e-11,1.4417800286992131e-11,2287.471912609319,1952.1706609127525,1661.2414626804018,0
q3_cvar,2025-08-20,58473.7131740895,60282.83132819287,19.256547190926145,3656.749402588715,1828.3747012943572,8.421174413353328e-11,1.822564321685149e-11,2057.182768051225,1661.2414626804018,1731.6269638025074,0
q3_cvar,2025-08-21,54859.69081148636,56615.45172853882,0.0,3511.5218341050286,1755.7609170525143,5.445357798006256e-11,1.3997691894473974e-11,3344.853386522429,1731.6269638025074,1655.2332676358783,0
q3_cvar,2025-08-22,23512.92942405184,24159.76260637256,82.92715822528594,1459.5206810920915,729.7603405460458,2.9786810906706766e-11,7.594591622250846e-12,15930.844348823424,1655.2332676358783,1303.1314386253189,0
q3_cvar,2025-08-23,22828.6637043539,22256.37913371795,585.0452420044863,25.52134273708197,12.760671368540985,1.3882943239451606e-11,3.9954706210210125e-12,14972.83270867967,1303.1314386253189,1630.740373780276,0
q3_cvar,2025-08-24,56412.05641939948,55543.368844408265,3028.166069795212,4318.956989608049,2159.4784948040246,3.820456528913496e-11,9.944933765382302e-12,2709.6312900825715,1630.740373780276,1916.9843167169383,0
q3_cvar,2025-08-25,62767.973970244806,69120.92761078698,0.0,12705.907281084475,6352.953640542239,5.035582062440369e-11,1.084687895058778e-11,3020.3270357959564,1916.9843167169383,1798.5542044124911,0
q3_cvar,2025-08-26,54562.27815743046,54745.68560726322,952.1806514994604,2271.176202664572,1135.588101332286,5.283545689849234e-11,1.3403722576299517e-11,1802.220894193708,1798.5542044124911,2249.2431724694466,0
q3_cvar,2025-08-27,58642.7571303299,54849.17420304878,5516.223411819592,3445.280969077082,1722.640484538541,5.6393480329930414e-11,1.2063683385576953e-11,3474.764558678352,2249.2431724694466,1716.91429102289,0
q3_cvar,2025-08-28,59580.96248860344,52796.83613735155,7442.422467429809,1316.592232356002,658.296116178001,6.357702475590089e-11,1.3120615705020098e-11,2206.2286502116413,1716.91429102289,1930.7817985113024,0
q3_cvar,2025-08-29,23559.30829961879,23714.196192349937,438.5520784927969,1186.879942447909,593.4399712239543,1.6313505749390723e-11,4.764039857052538e-12,15629.43443075764,1930.7817985113024,1554.8405366456486,0
q3_cvar,2025-08-30,29578.17655245231,35925.91015559583,0.0,12695.467206287109,6347.733603143554,1.8589295269766378e-11,4.444999923691739e-12,19123.66367061277,1554.8405366456486,1409.192657144347,1
q3_cvar,2025-08-31,54413.13446171845,53068.352419118266,2212.964004962776,1736.363924725288,868.181962362644,7.704323073953746e-11,1.6025514248951822e-11,1038.446651842661,1409.192657144347,2165.866058851723,0
q3_cvar,2025-09-01,48590.13558333271,51741.23791706152,195.7955439542013,6693.795755366055,3346.897877683028,3.4294913575649837e-11,9.912071163853398e-12,9005.11981014577,2165.866058851723,5338.819221182172,0
q3_cvar,2025-09-02,45686.8099026178,44599.598660534015,2959.9654620610263,3745.508439954565,1872.7542199772824,3.940733983576194e-11,1.0899711688772127e-11,8600.029150867822,5338.819221182172,4708.648060658784,0
q3_cvar,2025-09-03,46391.3748396732,48919.70816679737,4.5118895286577765e-13,5056.666654248424,2528.333327124212,3.066084452996165e-11,8.86046791492845e-12,5940.965705971987,4708.648060658784,4258.693155238355,0
q3_cvar,2025-09-04,45361.81711084063,48008.86524676823,1.316459474764997e-12,5294.096271855313,2647.0481359276564,5.574297468058376e-11,1.5635492900401005e-11,6405.2394382250495,4258.693155238355,4275.232900604663,0
q3_cvar,2025-09-05,17329.539209176608,18972.48677107443,21.290437591955406,3328.475998979583,1664.2379994897915,1.6691080517716728e-11,5.648814749292797e-12,25209.416147056352,4275.232900604663,2862.437891018866,0
q3_cvar,2025-09-06,16146.047736176575,16650.896150949582,0.0,1009.6968295460406,504.8484147730203,1.954938763648606e-11,5.567935001948854e-12,22241.684764000755,2862.437891018866,3292.339596434233,0
q3_cvar,2025-09-07,43941.7218931898,40285.31771254088,4867.860097647086,2422.9118339964075,1211.4559169982035,3.120248015520133e-11,8.962275366286576e-12,4066.093813242707,3292.339596434233,3383.3018337071667,0
q3_cvar,2025-09-08,45848.811124207015,36498.084593829495,9271.452755917146,447.6087273379947,223.80436366899733,303.07813812939145,145.13277435001717,1101.1601067519125,3383.3018337071667,2781.241404359888,0
q3_cvar,2025-09-09,44629.4745145873,33941.53620845488,8261.559324440888,1079.79937696024,539.89968848012,2966.278670171658,1161.9442000031293,1652.709056496412,2781.241404359888,2105.600663931501,0
q3_cvar,2025-09-10,45809.64975172041,43059.25662210408,2141.2072062018806,957.697112119312,478.848556059656,1088.0344794741015,207.40071123612853,165.14402605928197,2105.600663931501,2056.8337913465552,0
q3_cvar,2025-09-11,42766.746577989856,42666.43067712949,1354.6039048264006,4654.602026852792,2327.301013426396,1073.013009460349,216.18389190070152,1115.560172317261,2056.8337913465552,1680.377556903041,0
q3_cvar,2025-09-12,16767.74419438528,16904.765226164312,615.5441653667907,1505.1303942916736,752.5651971458368,1.8796235234930235e-11,5.6044058283077894e-12,18893.864257926827,1680.377556903041,2162.4857843283307,0
q3_cvar,2025-09-13,16442.57930612749,16780.358241717717,392.2778965103005,1460.113664201098,730.056832100549,2.066527993171974e-11,6.894484982922222e-12,22548.900612406665,2162.4857843283307,2303.189676087041,0
q3_cvar,2025-09-14,46800.33820445777,50594.05462454675,0.0,7587.432840178091,3793.7164200890456,6.758860582323223e-11,1.6764367671839864e-11,1475.983485456578,2303.189676087041,2357.438211199723,0
q3_cvar,2025-09-15,44608.0809942518,44159.55988865215,0.0,4497.043543528916,2248.521771764458,2697.0428773641293,410.2362885560904,898.8328568244364,2357.438211199723,2437.815989064437,0
q3_cvar,2025-09-16,47337.93996960648,50782.54126738889,9.290844126304986,6911.440311654669,3455.7201558273346,1.8280139186358928,0.2716620476565238,2776.668599164905,2437.815989064437,2413.091957578008,0
q3_cvar,2025-09-17,45625.2006037599,48663.9243894752,3.215347987861605e-13,6077.447571430712,3038.723785715356,6.147244269172348e-11,1.581224040592133e-11,520.1728935767316,2413.091957578008,2409.2782656026684,0
q3_cvar,2025-09-18,46499.85468816408,43541.09596057846,4811.440377486521,3705.3632998018966,1852.6816499009483,4.3794003978803176e-11,1.1807166355737309e-11,2962.6725847572347,2409.2782656026684,2589.9442098136783,0
q3_cvar,2025-09-19,16747.482979540775,17549.261040472753,0.0,1603.556121863999,801.7780609319993,2.02698968720938e-11,6.117772954894463e-12,14663.204744586634,2589.9442098136783,2632.1065253328293,0
q3_cvar,2025-09-20,16432.002897835206,16991.17309006794,617.4834531543629,2353.3072907742408,1176.6536453871204,2.600361204141421e-11,8.432143872028064e-12,15036.208331596355,2632.1065253328293,1909.5014785228527,0
q3_cvar,2025-09-21,46665.659821912144,49137.29785370445,93.600349759038,5130.476763102786,2565.238381551393,6.350574166535949e-11,1.619659961704656e-11,2909.4536842475104,1909.5014785228527,3340.2414049370614,0
q3_cvar,2025-09-22,47971.25750435079,51700.42871876359,28.923209060234463,7516.188846946144,3758.094423473072,6.279317799062767e-11,1.63007385367564e-11,302.67842737618747,3340.2414049370614,3238.707958668855,0
q3_cvar,2025-09-23,48125.64582864632,51089.40011124505,0.0,5927.508565197589,2963.7542825987944,5.904739275308657e-11,1.499489421519229e-11,780.9832973256819,3238.707958668855,2911.083378854638,0
q3_cvar,2025-09-24,45670.56581467552,44041.68310209819,2527.233811004833,1796.7021968550998,898.3510984275499,7.014563685459052e-11,1.864552956476473e-11,625.3610347950871,2911.083378854638,3109.008331042363,0
q3_cvar,2025-09-25,46862.32447201536,48350.77376257652,582.9564375209258,4365.016744664334,2182.508372332167,111.10264425007507,16.51470000001976,2414.134576196069,3109.008331042363,3076.8401175409813,0
q3_cvar,2025-09-26,16313.155437064475,17878.52690177218,0.0,3130.742929415449,1565.3714647077247,2.583054481419822e-11,7.644107569149128e-12,13256.74735382848,3076.8401175409813,2308.5207669037154,0
q3_cvar,2025-09-27,17467.683972057996,17811.897921173182,469.1564857265913,1626.7408696836178,813.3704348418089,2.7639107003096795e-11,7.744915819785092e-12,14622.42864523592,2308.5207669037154,1462.2507454395009,0
q3_cvar,2025-09-28,50366.92254806763,50271.2342820222,2388.070959999281,4584.76538790783,2292.382693953915,6.223512527547825e-11,1.4623191546547787e-11,1333.798732118369,1462.2507454395009,3086.666174036734,0
q3_cvar,2025-09-29,48619.62622798271,52415.19127204302,0.0,7747.380498186882,3873.690249093441,78.12520503312481,15.127351153674244,289.2892032373111,3086.666174036734,2788.3570836845884,0
q3_cvar,2025-09-30,50104.100448216624,52164.72647130119,0.0,4121.252046169225,2060.6260230846124,5.3763645202487004e-11,1.5677015241521982e-11,905.215281719028,2788.3570836845884,2798.5672333323687,0
q3_cvar,2025-10-01,42383.914222785024,45799.27951142591,0.0,6830.73057728188,3415.36528864094,3.672595205728157e-11,1.0027534358414414e-11,6621.778205827377,2798.5672333323687,4348.187404966195,0
q3_cvar,2025-10-02,44439.20423407827,49651.91417261091,0.6371317556158729,10426.694140576526,5213.347070288263,2.989799119390568e-11,8.75943761968756e-12,5796.216528776628,4348.187404966195,4668.6061148773015,0
q3_cvar,2025-10-03,13836.198112039474,14430.521311747643,257.6140633892891,1703.8745261949616,851.9372630974808,2.6072178638258943e-11,7.838174553853605e-12,20166.575813615054,4668.6061148773015,4209.0892300201085,0
q3_cvar,2025-10-04,15728.180369229827,17020.30091182561,0.0,2584.2410851915847,1292.1205425957924,1.510776748148146e-11,4.899192163065891e-12,17367.93137069935,4209.0892300201085,3888.321473992145,0
q3_cvar,2025-10-05,44536.49961853208,49998.41420034514,0.0,10923.829163626213,5461.9145818131055,3.995862496442016e-11,1.0190293053824462e-11,2327.652593312325,3888.321473992145,3988.770960108148,0
q3_cvar,2025-10-06,43903.924799627945,44016.000987983054,1909.647110247336,4043.44659720502,2021.72329860251,6.41994003514057e-11,1.5969225941603327e-11,900.4517866847191,3988.770960108148,4293.522818141011,0
q3_cvar,2025-10-07,43904.41771633791,46138.78770153966,0.0,4468.739970403628,2234.369985201814,6.51641460791552e-11,1.6539658531655732e-11,2030.2445980427096,4293.522818141011,4275.515132180985,0
q3_cvar,2025-10-08,39310.996873439966,40263.54710376042,3.0579485610360275e-12,1905.100460641,952.5502303205,5.3894844143087537e-11,1.3797407660831595e-11,1455.816571977592,4275.515132180985,2261.687238492282,0
q3_cvar,2025-10-09,43128.57613602655,45597.38344473617,441.5336511068604,7911.604644832203,3955.8023224161016,1045.4613625996517,187.9143230364995,1201.6534355944011,2261.687238492282,1312.108432287075,0
q3_cvar,2025-10-10,13223.192945858324,12223.25789824329,878.5508202860256,0.0,0.0,121.3842273290165,72.85025457067107,18454.212006958416,1312.108432287075,1200.0,0
q3_cvar,2025-10-11,13901.572243673314,13150.407688305995,680.6948430047917,0.0,0.0,70.46971236253218,57.15305138889883,14629.422328686567,1200.0,1629.8609218784463,0
q3_cvar,2025-10-12,42151.95217733617,43081.88707198759,728.15993416738,3412.3447544907126,1706.1723772453563,48.077548426553406,9.572433733513895,1546.8837285966558,1629.8609218784463,1329.6832869603454,0
q3_cvar,2025-10-13,42731.01244125375,45319.1477559301,2.4922573409780093,5181.255144034748,2590.627572017374,5.85110347534057e-11,1.579750219526943e-11,177.49434455766425,1329.6832869603454,2133.086834382164,0
q3_cvar,2025-10-14,45863.68675666768,46997.68961639373,2134.930755706054,6537.8672308643145,3268.933615432157,4.79198152270044e-11,1.3432477352637306e-11,217.4543692857809,2133.086834382164,1623.9007684262915,0
q3_cvar,2025-10-15,46444.63219804746,49954.04703338253,54.359003964521946,7127.547678599311,3563.7738392996557,7.871501897516176e-11,2.2123497478432338e-11,175.6318401665415,1623.9007684262915,2586.4058141272862,0
q3_cvar,2025-10-16,45724.73422182812,47694.32975124414,0.0,3939.191058832165,1969.5955294160824,7.55700006044302e-11,1.9915277760240716e-11,209.67709590705124,2586.4058141272862,1959.1300866918427,0
q3_cvar,2025-10-17,13682.879204195851,13307.38876574554,731.1077542912377,726.9886290096746,363.4943145048373,7.876998663912374,5.525131944451459,12235.52616917215,1959.1300866918427,1434.9289884133843,0
q3_cvar,2025-10-18,14418.438639930222,14638.426912890243,136.41669537091678,729.0062706619228,364.5031353309614,8.098167000023258,6.427116666674445,12473.368497025109,1434.9289884133843,2275.733463844173,0
q3_cvar,2025-10-19,47610.56479208951,49936.77676369391,6.469699694999905,4665.363342598927,2332.6816712994632,7.22919308859815e-11,1.8047896510609007e-11,712.464196615131,2275.733463844173,2102.21209803213,0
q3_cvar,2025-10-20,49358.15827546285,53343.14519216325,0.0,7969.973833400933,3984.9869167004663,6.092921767120175e-11,1.588507103633674e-11,1189.2160340730022,2102.21209803213,2226.575060513023,0
q3_cvar,2025-10-21,49750.33624723371,52542.88014917397,11.453120068551792,5607.994044017662,2803.997022008831,5.5829931566719896e-11,1.4216627874930056e-11,986.1235517960978,2226.575060513023,2165.1455530104827,0
q3_cvar,2025-10-22,48654.85068761477,49902.32922317679,786.6316790168999,4068.22042915788,2034.11021457894,4.927692920375648e-11,1.3552714506204213e-11,532.5349527230562,2165.1455530104827,1899.0592621121104,0
q3_cvar,2025-10-23,51380.40671003686,57622.839935657714,138.05644533358657,12760.979341909033,6380.489670954516,6.417838083194738e-11,1.6603385333269216e-11,264.1771696330728,1899.0592621121104,2233.8564234521177,0
q3_cvar,2025-10-24,14304.381395261296,14035.218055027626,344.4308211428556,150.53496181841763,75.26748090920881,2.1670173114274327e-11,7.376349531185156e-12,11119.264841476355,2233.8564234521177,2142.889719629212,0
q3_cvar,2025-10-25,14287.963799953108,14381.522718444532,146.9191618042866,480.95616059147767,240.47808029573883,3.1750701512400776e-11,1.0164535879653158e-11,10406.029225020617,2142.889719629212,1848.0362039482327,0
q3_cvar,2025-10-26,48956.49144893536,51469.26303091034,433.5240204850933,5892.591204920206,2946.295602460103,4.702964850888946e-11,1.2946754779363799e-11,391.5306694923631,1848.0362039482327,2679.8558395380933,0
q3_cvar,2025-10-27,49050.69949416427,46282.29440046187,4096.42876931772,2670.0946449807084,1335.0473224903542,7.023646875049264,1.3378375000134903,2566.4025372164256,2679.8558395380933,2176.47423246035,0
q3_cvar,2025-10-28,49546.513865352055,46503.36737514132,3788.535541245476,1490.7781020696189,745.3890510348094,8.512052246389955e-11,2.3424540085414947e-11,801.2706175483256,2176.47423246035,2779.924589678183,0
q3_cvar,2025-10-29,51101.8538875313,52304.25982685696,153.56859292316636,2711.9490644977395,1355.9745322488698,7.622048747712995e-11,1.9436341425205228e-11,1156.4367616630057,2779.924589678183,1996.7683527910808,0
q3_cvar,2025-10-30,48005.67458664608,46409.7809423092,2111.212891046552,1030.6384934194343,515.3192467097172,6.120168616341459e-11,1.5999201963268206e-11,668.2215349626233,1996.7683527910808,1964.7681485837195,0
q3_cvar,2025-10-31,15248.163323953046,15758.795286076873,0.0,1021.2639242477036,510.6319621238517,2.520286190854648e-11,7.608802476966048e-12,6920.533804736041,1964.7681485837195,1954.7896712233496,0
q3_cvar,2025-11-01,14675.825151023835,14660.1498047662,120.6921123037627,383.7674866131673,191.88374330658365,86.86697726046187,57.89202083334524,7425.175338438285,1954.7896712233496,2491.423546068848,0
q3_cvar,2025-11-02,51796.83044756379,50510.396293302925,3511.4311407280256,4449.993972934435,2224.996986467217,8.094340375741638e-11,2.031680379488421e-11,724.7944030580378,2491.423546068848,1599.492285236887,0
q3_cvar,2025-11-03,53217.72627766863,55251.35983169502,38.18228220073718,4143.63167245433,2071.815836227165,6.01579317749401e-11,1.4006434900792895e-11,1181.4542597367176,1599.492285236887,2378.5334503277227,0
q3_cvar,2025-11-04,50607.64810627108,49624.067790730216,2158.921468007404,2350.682304933182,1175.341152466591,6.93825916719959e-11,1.6481038755955524e-11,968.9295171534204,2378.5334503277227,1924.2403538249243,0
q3_cvar,2025-11-05,61581.233343085376,63133.557041773616,41.94515047857074,5182.54117796477,2591.270588982385,997.001739815578,450.9042112242429,9.481082585693912e-12,1924.2403538249243,2435.749458377119,1
q3_cvar,2025-11-06,53962.800678674095,52147.3164465896,2467.58397350749,1304.1994828461443,652.0997414230721,7.568810588692854e-11,1.7110660111008258e-11,1201.857436515971,2435.749458377119,2063.3923531815767,0
q3_cvar,2025-11-07,14875.912643029344,14657.023867970602,218.8887750587013,0.0,0.0,4.53486228568778e-11,1.4326928532426564e-11,7642.826863768875,2063.3923531815767,2413.145351823041,0
q3_cvar,2025-11-08,14850.746246093024,14937.427387055815,1.2961298625090285,175.9545416506708,87.9772708253354,3.010000915182332e-11,9.657163957399462e-12,7384.022528171994,2413.145351823041,2046.7242650428495,0
q3_cvar,2025-11-09,53118.14762440152,54477.70301607858,9.187869498520936,2737.486522351248,1368.743261175624,6.869409331644593e-11,1.594216425537809e-11,577.7968793923711,2046.7242650428495,1797.0073116002302,0
q3_cvar,2025-11-10,57388.78161227786,56208.79077777731,2991.496242944996,3633.1687174098383,1816.5843587049192,5.078950260481072,2.6894097222377447,742.3642473113999,1797.0073116002302,2168.4290731702995,0
q3_cvar,2025-11-11,54347.90953097491,56820.6167290295,12.00395545308512,4969.422307015549,2484.7111535077747,8.300564091623384e-11,1.981148578522607e-11,949.7475000027896,2168.4290731702995,1501.2230730637634,0
q3_cvar,2025-11-12,55053.02646531685,54450.55453718711,2691.328465551292,4177.713074843241,2088.8565374216205,6.76461828774677e-11,1.5886625348571215e-11,1124.2067744714425,1501.2230730637634,1690.5820573071985,0
q3_cvar,2025-11-13,54686.47239190378,53505.08138567158,1443.693205105326,524.6043977464844,262.3021988732422,8.587647759572548e-11,2.022726430794819e-11,278.6252628819426,1690.5820573071985,2186.5590409831093,0
q3_cvar,2025-11-14,15109.99961926374,15176.168365100748,75.85479855491684,447.0174407239205,223.50872036196023,81.48517597003543,50.06769644854835,3782.458338430992,2186.5590409831093,1774.0855594539971,0
q3_cvar,2025-11-15,15911.024017683309,16465.44702379286,0.0,1108.8460122191682,554.4230061095841,3.5743304316326886e-11,1.088129586435116e-11,4159.78477844454,1774.0855594539971,1512.6749890093397,0
q3_cvar,2025-11-16,57026.454327570114,55096.380936903006,3009.608145750521,2159.069510166953,1079.5347550834765,7.804108292930322e-11,1.964206575166827e-11,344.81687668006543,1512.6749890093397,1597.9844605148696,0
q3_cvar,2025-11-17,58134.30537907124,52524.03578224839,7257.23380594668,3304.71074324776,1652.3553716238798,5.391162500053714,2.758333333346036,1401.6264833845275,1597.9844605148696,1855.9727100160756,0
q3_cvar,2025-11-18,55528.39931343404,55420.3399095728,299.04462853141644,669.212482340539,334.6062411702695,143.62101650007884,70.81904166668556,65.56894675928041,1855.9727100160756,1659.7409217983532,0
q3_cvar,2025-11-19,61039.196869486965,55704.60826073692,7263.405300257653,3857.633383015349,1928.8166915076747,7.861786690665366e-11,1.79039890552124e-11,968.279867822958,1659.7409217983532,1487.9369436530703,0
q3_cvar,2025-11-20,55669.37572330528,54566.22012340428,1425.36450731979,644.4178148376584,322.2089074188292,4.7733929253723765e-11,1.1286083179129491e-11,494.82603954460905,1487.9369436530703,1553.5905595926397,0
q3_cvar,2025-11-21,16668.42375555829,15731.97568986041,1098.7768329852738,324.6575345748517,162.32876728742585,3.5269868581266905e-11,1.167577146077292e-11,4366.841515640389,1553.5905595926397,1853.0359375658904,0
q3_cvar,2025-11-22,16703.818204267594,17014.74241701764,122.65055406295976,867.1495336260725,433.57476681303626,3.384821711804875e-11,1.0412115614144568e-11,4393.540697089085,1853.0359375658904,1479.6234787631636,0
q3_cvar,2025-11-23,58575.19621713037,55918.9059326844,4159.972898625048,3007.365228358322,1503.682614179161,8.289975304137665e-11,1.7936860330358684e-11,334.78863681359724,1479.6234787631636,1553.365037442032,0
q3_cvar,2025-11-24,55380.2446440739,54922.88031920797,899.6648110694482,1349.7862429488273,674.8931214744136,232.592635270903,106.2223166666834,223.9366564140176,1553.365037442032,1273.2611120621475,0
q3_cvar,2025-11-25,60347.08579336553,64276.828047573305,0.0,8077.557219357348,4038.778609678674,109.03635547090684,51.08559166668254,432.73421510828217,1273.2611120621475,1520.2345079925317,0
q3_cvar,2025-11-26,59625.10102115159,60329.87831931658,1079.535084138693,3669.6170497343273,1834.808524867164,50.49614256351004,23.796485656679643,437.7797036166024,1520.2345079925317,1794.620645907329,0
q3_cvar,2025-11-27,58951.81627958207,58813.0370113766,1499.769647681096,2738.5796885514314,1369.2898442757155,8.299464800087947,4.1229333333516,721.2921713851426,1794.620645907329,2450.59322360012,0
q3_cvar,2025-11-28,15968.089642155715,15225.175022184812,921.9550712556028,391.02797190281126,195.51398595140563,16.47353466670508,11.13076666667794,3054.5159887462983,2450.59322360012,1610.0960688563282,0
q3_cvar,2025-11-29,19094.511554935045,19952.63821295624,35.61865642355628,2914.91204844332,1457.4560242216598,563.7107097769153,343.45513375001235,2533.841110516146,1610.0960688563282,1451.7312297389192,0
q3_cvar,2025-11-30,62508.9404752213,61309.25483237958,2382.859892238107,2409.602971086295,1204.8014855431477,21.627236146752363,11.34097333335488,368.9429252951933,1451.7312297389192,2011.349415965108,0
q3_cvar,2025-12-01,82999.50151357472,67991.71061868062,504.8871499469477,1637.2986176819195,818.6493088409597,15321.553053788077,3160.656360249112,53.23912937181117,2011.349415965108,1200.0,0
q3_cvar,2025-12-02,93603.80830788516,79120.26031411946,5174.403598381228,2975.924221582836,1487.9621107914177,10797.106506175898,3131.37714186862,3.5764724515274797e-12,1200.0,1205.10975,1
q3_cvar,2025-12-03,75911.48635559525,63394.95398435519,11828.971051130284,367.8879648674749,183.94398243373743,871.5053025434872,376.57998350779246,358.69259010433024,1205.10975,1502.950572866827,0
q3_cvar,2025-12-04,75549.79481186389,70940.72107195579,1791.8049089829317,2396.5538904215045,1198.2769452107525,4015.545776135896,618.0878530071361,150.44856165410013,1502.950572866827,1413.0452774696023,0
q3_cvar,2025-12-05,22302.35267594225,20535.118870649712,2261.6979563541777,988.9283021234376,494.4641510617188,7.577833005534274e-11,2.2396529075763283e-11,497.3363865872337,1413.0452774696023,1354.6653024330867,0
q3_cvar,2025-12-06,35777.45288585882,30939.028261195832,3096.1343458283745,5943.626349005837,2971.813174502918,4714.103453337538,2290.105633333342,6.930678253525002e-12,1354.6653024330867,1216.0360864493057,1
q3_cvar,2025-12-07,87751.62913787796,79460.32707637112,3225.7280881658144,1856.4346378299224,928.2173189149612,5993.791292256031,2319.2799874025777,5.09553510497085e-12,1216.0360864493057,1202.886,1
q3_cvar,2025-12-08,89787.15868114006,79257.64231893749,8615.058276660244,6850.991262132209,3425.4956310661046,5339.953716608367,2033.2783416666723,288.6788716204072,1202.886,1689.2971476163525,1
q3_cvar,2025-12-09,86032.42506967613,78602.12168001971,3650.759443220041,1935.9510386022728,967.9755193011366,4747.519465737529,1864.1729000000057,4.267697306659102e-12,1689.2971476163525,1423.478790537636,1
q3_cvar,2025-12-10,90565.06735341762,75480.9216514336,12156.004875971274,3926.507107808013,1963.2535539040064,4891.394379916702,1910.4823916666733,6.153966225497243e-12,1423.478790537636,1483.4959821817947,1
q3_cvar,2025-12-11,81483.03290633757,85513.61394116153,81.01059848625097,8595.790821641323,4297.895410820662,186.3037775104721,82.19428888890052,1.1253664666810435e-11,1483.4959821817947,1861.4607064882264,1
q3_cvar,2025-12-12,25741.72448603987,26198.66980496681,129.36064821192957,1172.611934277869,586.3059671389345,6.408042674266311e-11,1.6322942997248898e-11,5409.916465312198,1861.4607064882264,1794.684345766156,0
q3_cvar,2025-12-13,31825.5133674434,34418.519761227646,419.5164308178117,6924.54429389857,3462.272146949285,449.7493223472556,225.6710250000087,5.124604996287745,1794.684345766156,1784.8070559942837,1
q3_cvar,2025-12-14,85440.7104557237,80083.92818622403,5971.269371650104,2207.2289158800645,1103.6144579400325,489.1273557896212,203.02936805556308,6.334710533906218e-12,1784.8070559942837,1841.059776592416,1
q3_cvar,2025-12-15,85379.30300099212,78415.70740353208,7029.63020332495,1145.0048209770623,572.5024104885312,506.4678046236391,220.7951555555612,53.18271272711942,1841.059776592416,1632.4468629057194,1
q3_cvar,2025-12-16,85138.96740500459,84291.53678538915,1122.635229165404,2067.499351952809,1033.7496759764044,758.5450664264147,290.9004333333387,6.2234661868387775e-12,1632.4468629057194,1624.35838599383,1
q3_cvar,2025-12-17,83672.87206264301,83961.07935516778,97.12202063634112,3356.727394009816,1678.363697004908,1293.0343838437743,500.82227222222735,6.517286710305825e-12,1624.35838599383,1530.9140037768898,1
q3_cvar,2025-12-18,85124.49380297805,80160.4415332811,4649.68909999462,3496.2909405537807,1748.1454702768904,2062.5086399792017,805.9438597222293,8.060663247988487e-12,1530.9140037768898,1652.8101375927183,1
q3_cvar,2025-12-19,23748.929669098176,24489.6550818492,232.14078541656653,1945.7323963353124,972.8661981676562,7.764816067901135e-11,2.0150325852341663e-11,2364.641690784969,1652.8101375927183,1417.6801292663156,0
q3_cvar,2025-12-20,24746.82328279889,26479.28745926347,11.627735377796588,3488.1838236848357,1744.0919118424176,4.9047721439876566e-11,1.3393730569077889e-11,2627.986443803979,1417.6801292663156,1597.2053540510465,0
q3_cvar,2025-12-21,84483.98856651073,82738.32753429904,1082.3571439318152,1673.336436475801,836.6682182379005,1499.9721065177876,583.0438337012843,9.62066984477488,1597.2053540510465,1670.5134984103663,1
q3_cvar,2025-12-22,85907.24828958182,81789.21852043888,2365.601961774716,606.395618254253,303.1978091271265,2055.6256164953093,748.6925660523854,4.1268100048341686e-12,1670.5134984103663,1443.2154299727945,1
q3_cvar,2025-12-23,83438.9156139867,83382.64135888877,1131.4256781822987,3423.5490843580783,1711.7745421790391,636.6231190947044,254.13762120116843,5.910320843849348e-12,1443.2154299727945,1666.4414256893642,1
q3_cvar,2025-12-24,82965.51690156896,82518.91042495292,203.0456510852088,1161.6388807982685,580.8194403991342,824.3802659299005,343.84886250000795,5.261485691576695e-12,1666.4414256893642,1473.3978052436112,1
q3_cvar,2025-12-25,83397.79175088511,78480.4648788725,4093.994588330189,708.0782409337903,354.0391204668952,1177.3714041493254,472.1088888888928,36.57908905000353,1473.3978052436112,1591.7925033371494,1
q3_cvar,2025-12-26,24218.238368842343,25016.52378339253,1.1155407264595852e-12,1596.570829100459,798.2854145502295,4.6812464682410847e-11,1.1299072788517606e-11,2116.303179485425,1591.7925033371494,2260.139675532544,0
q3_cvar,2025-12-27,23562.373178493093,24656.706729725687,5.4360333413164295,2199.5391691479044,1099.7695845739522,5.109331357999736e-11,1.3004708421249234e-11,2778.3892018430524,2260.139675532544,1983.3172082373685,0
q3_cvar,2025-12-28,82093.58631601151,81240.46465447458,483.86234205280056,1838.1340288249187,919.0670144124592,1288.326333896554,558.2569138888946,6.919697453922069e-12,1983.3172082373685,1897.515151172652,1
q3_cvar,2025-12-29,82078.2156456305,79510.69519068126,3455.0606729286137,3136.674862739406,1568.337431369703,680.7972133903158,281.7145027777852,26.966414890794592,1897.515151172652,1636.920076324427,1
q3_cvar,2025-12-30,82097.65805564854,79887.8644588179,3086.968702603405,4449.959350642865,2224.9796753214323,1347.8045695486471,549.388165277785,7.046585537295869e-12,1636.920076324427,1512.970636161664,1
q3_cvar,2025-12-31,83468.9472924025,82436.30587090335,390.9189244575509,1462.7806936766956,731.3903468383478,1373.1128438799667,598.9894427433444,6.383338302384799e-12,1512.970636161664,1200.0,1
