date,interval,load_kwh,pv_kwh,price,price_forecast_0,q0,q,charged_units,charge_kwh,discharge_kwh,emergency_kwh,unused_kwh,soc_start_kwh,soc_end_kwh
2025-03-20,0,549.8448166666667,0.0,0.4487,0.4376,614.7978972222222,614.7978972222222,614.7978972222222,64.95308055555546,0.0,0.0,5.684341886080803e-14,2121.012150906004,2179.4699234060035
2025-03-20,1,570.3135,0.0,0.4373,0.4576,596.8295805555556,596.8295805555556,596.8295805555556,26.516080555555465,0.0,0.0,1.5276668818842157e-13,2179.4699234060035,2203.3343959060035
2025-03-20,2,613.8516666666667,0.0,0.4311,0.4673,58.25852322221965,58.25852322221965,58.25852322221965,0.0,555.5931434444469,1.1368683772161605e-13,0.0,2203.3343959060035,1586.008680967729
2025-03-20,3,579.4561666666667,0.0,0.4344,0.4657,602.2047138888888,602.2047138888888,602.2047138888888,22.74854722222219,0.0,8.881784197001252e-14,0.0,1586.008680967729,1606.482373467729
2025-03-20,4,550.4449166666667,0.0,0.4238,0.4651,599.9660166666667,599.9660166666667,599.9660166666667,49.52109999999998,0.0,0.0,6.394884621840903e-14,1606.482373467729,1651.051363467729
2025-03-20,5,571.1566666666666,0.0,0.4296,0.452,580.3804333333334,580.3804333333334,580.3804333333334,9.22376666666676,0.0,2.4868995751603507e-14,0.0,1651.051363467729,1659.3527534677291
2025-03-20,6,601.5890499999999,0.0,0.4989,0.4051,1383.3654027777775,1383.3654027777775,1383.3654027777775,781.7763527777778,0.0,0.0,0.0,1659.3527534677291,2362.951470967729
2025-03-20,7,611.48375,0.0,0.5083,0.3862,1383.101136111111,1383.101136111111,1383.101136111111,771.617386111111,0.0,1.1368683772161605e-13,0.0,2362.951470967729,3057.407118467729
2025-03-20,8,598.2166666666667,0.0,0.4468,0.406,1370.542961111111,1370.542961111111,1370.542961111111,772.3262944444443,0.0,0.0,0.0,3057.407118467729,3752.500783467729
2025-03-20,9,583.9359499999999,0.0,0.4284,0.4177,1350.8168499999997,1350.8168499999997,1350.8168499999997,766.8808999999995,0.0,0.0,2.273736754432321e-13,3752.500783467729,4442.6935934677285
2025-03-20,10,590.99505,0.0,0.4436,0.4309,566.3764333333334,566.3764333333334,566.3764333333334,0.0,24.61861666666655,8.881784197001252e-14,0.0,4442.6935934677285,4415.33957494921
2025-03-20,11,598.4433333333333,0.0,0.454,0.4209,1396.5182694444445,1396.5182694444445,1396.5182694444445,798.0749361111106,0.0,0.0,4.547473508864641e-13,4415.33957494921,5133.60701744921
2025-03-20,12,565.9836166666666,0.0,0.4404,0.3604,1399.6253472222222,1399.6253472222222,1399.6253472222222,833.3333333333333,0.0,0.0,0.308397222222311,5133.60701744921,5883.60701744921
2025-03-20,13,546.1207666666667,0.0,0.4405,0.3984,1388.0094583333334,1388.0094583333334,1388.0094583333334,833.3333333333333,0.0,0.0,8.555358333333515,5883.60701744921,6633.60701744921
2025-03-20,14,565.7133333333334,0.0,0.4545,0.4933,581.2137250000001,581.2137250000001,581.2137250000001,15.500391666666676,0.0,0.0,2.4868995751603507e-14,6633.60701744921,6647.55736994921
2025-03-20,15,597.9265666666666,0.0,0.4389,0.4528,609.432525,609.432525,609.432525,11.505958333333789,0.0,3.783640067922534e-13,0.0,6647.55736994921,6657.91273244921
2025-03-20,16,600.9544666666667,0.0,0.3868,0.4151,1428.7328875,1428.7328875,1428.7328875,827.7784208333337,0.0,3.410605131648481e-13,0.0,6657.91273244921,7402.91331119921
2025-03-20,17,587.1316666666667,0.0,0.3634,0.4276,628.2710472222223,628.2710472222223,628.2710472222223,41.13938055555587,0.0,2.771116669464391e-13,0.0,7402.91331119921,7439.938753699211
2025-03-20,18,605.2103000000001,0.0,0.4416,0.4057,1409.8675875,1409.8675875,1409.8675875,804.6572874999997,0.0,0.0,1.1368683772161605e-13,7439.938753699211,8164.130312449211
2025-03-20,19,621.8923833333333,0.0,0.4839,0.4354,603.6932819444444,603.6932819444444,603.6932819444444,0.0,18.199101388888906,4.618527782440651e-14,0.0,8164.130312449211,8143.909088683778
2025-03-20,20,620.1683333333334,0.0,0.4574,0.4987,0.0,0.0,0.0,0.0,620.1683333333332,2.273736754432321e-13,0.0,8143.909088683778,7454.833162757853
2025-03-20,21,616.6230833333333,0.0,0.4575,0.4766,597.8377513888888,597.8377513888888,597.8377513888888,0.0,18.78533194444481,0.0,3.410605131648481e-13,7454.833162757853,7433.96057170847
2025-03-20,22,612.46375,0.0,0.4629,0.4358,614.8459486111111,614.8459486111111,614.8459486111111,2.382198611111461,0.0,3.534950110406499e-13,0.0,7433.96057170847,7436.10455045847
2025-03-20,23,603.93,0.0,0.4426,0.4425,573.3247319444445,573.3247319444445,573.3247319444445,0.0,30.60526805555528,2.0250467969162853e-13,0.0,7436.10455045847,7402.098697063408
2025-03-20,24,589.79495,0.0003166666666666,0.4023,0.4889,574.7467986111111,574.7467986111111,574.7467986111111,0.0,15.047834722221795,4.085620730620576e-13,0.0,7402.098697063408,7385.378880705384
2025-03-20,25,581.4640499999999,0.0,0.4075,0.4731,631.3280833333333,631.3280833333333,631.3280833333333,49.86403333333328,0.0,0.0,1.1368683772161605e-13,7385.378880705384,7430.256510705384
2025-03-20,26,585.585,0.0,0.452,0.4194,1420.2676652777775,1420.2676652777775,1420.2676652777775,833.3333333333333,0.0,0.0,1.3493319444444296,7430.256510705384,8180.256510705384
2025-03-20,27,599.72965,0.0045166666666666,0.4646,0.4455,843.8149139281713,843.8149139281713,843.8149139281713,244.0897805948377,0.0,0.0,3.1263880373444413e-13,8180.256510705384,8399.937313240738
2025-03-20,28,616.7393166666667,0.0,0.4561,0.4488,607.7979333333333,607.7979333333333,607.7979333333333,0.0,8.94138333333376,0.0,3.410605131648481e-13,8399.937313240738,8390.002442870367
2025-03-20,29,625.595,0.0,0.4379,0.4042,1449.0366666666666,1449.0366666666666,1449.0366666666666,823.4416666666665,0.0,0.0,1.1368683772161605e-13,8390.002442870367,9131.099942870367
2025-03-20,30,619.49685,0.0629333333333333,0.4177,0.4009,1406.4420333333333,1406.4420333333333,1406.4420333333333,787.008116666667,0.0,3.410605131648481e-13,0.0,9131.099942870367,9839.407247870367
2025-03-20,31,617.8444000000001,0.0,0.464,0.4472,644.1668027777777,644.1668027777777,644.1668027777777,26.32240277777681,0.0,0.0,7.851497230149107e-13,9839.407247870367,9863.097410370368
2025-03-20,32,607.115,0.0,0.4802,0.471,644.3273374999999,644.3273374999999,644.3273374999999,37.21233750000061,0.0,7.318590178329032e-13,0.0,9863.097410370368,9896.588514120367
2025-03-20,33,576.3066333333334,0.8765666666666667,0.352,0.4341,625.4399305555555,625.4399305555555,625.4399305555555,50.00986388888931,0.0,4.689582056016661e-13,0.0,9896.588514120367,9941.597391620367
2025-03-20,34,671.4631166666667,0.0,0.5794,0.6459,683.4790166666667,683.4790166666667,683.4790166666667,12.01589999999972,0.0,0.0,2.664535259100376e-13,9941.597391620367,9952.411701620367
2025-03-20,35,827.015,0.0,1.0185,0.9879,48.68459166666662,48.68459166666662,48.68459166666662,0.0,778.3304083333327,6.821210263296962e-13,0.0,9952.411701620367,9087.600136805551
2025-03-20,36,817.5199666666667,25.57003333333333,0.995,1.0059,22.47372361111138,20.9580920791052,21.71590784510829,0.0,770.9918412542278,4.547473508864641e-13,0.0,9087.600136805551,8230.942535411967
2025-03-20,37,776.8039833333333,66.84066666666666,0.8932,0.9513,0.0,0.0,0.0,0.0,709.9633166666666,1.1368683772161605e-13,0.0,8230.942535411967,7442.094405782337
2025-03-20,38,783.9583333333334,112.5875,0.9281,0.9586,0.0,0.0,0.0,0.0,671.3708333333337,0.0,3.410605131648481e-13,7442.094405782337,6696.126813189744
2025-03-20,39,787.8168000000001,158.77193333333335,0.9231,0.9084,0.0,0.0,0.0,0.0,629.0448666666671,0.0,3.410605131648481e-13,6696.126813189744,5997.188072449003
2025-03-20,40,803.24555,217.08963333333332,0.902,0.8617,509.2111138888889,121.7071637475508,315.45913881821986,0.0,464.44875291911575,5.684341886080803e-14,0.0,5997.188072449003,5481.133902538874
2025-03-20,41,813.3883333333333,282.20625,0.8707,0.8496,109.9745142371602,109.9745142371602,109.9745142371602,0.0,421.2075690961729,2.842170943040401e-13,0.0,5481.133902538874,5013.125492432016
2025-03-20,42,781.5626833333334,334.98718333333335,0.7992,0.8373,435.5467833333334,435.5467833333334,435.5467833333334,0.0,11.028716666666517,1.8118839761882557e-13,0.0,5013.125492432016,5000.871362802386
2025-03-20,43,785.5607666666666,384.31915,0.7957,0.8344,378.70083333333326,378.70083333333326,378.70083333333326,0.0,22.540783333333003,2.486899575160351e-13,0.0,5000.871362802386,4975.826047987572
2025-03-20,44,804.5333333333333,434.95625,0.8046,0.7859,341.4300971517322,341.4300971517322,341.4300971517322,0.0,28.146986181600823,2.273736754432321e-13,0.0,4975.826047987572,4944.551618896904
2025-03-20,45,763.026,482.3358,0.7001,0.669,1128.666498611111,1106.305261891891,1117.485880251501,825.6150618918915,0.0,4.547473508864641e-13,0.0,4944.551618896904,5687.605174599607
2025-03-20,46,864.5061333333333,529.9280666666667,0.8467,0.8694,0.0,0.0,0.0,0.0,334.57806666666664,0.0,5.684341886080803e-14,5687.605174599607,5315.851767192199
2025-03-20,47,1067.5983333333334,579.4187499999999,1.1788,1.2449,0.0,0.0,0.0,0.0,488.1795833333336,0.0,1.1368683772161605e-13,5315.851767192199,4773.43000793294
2025-03-20,48,1109.6747666666668,626.8709166666666,1.2356,1.2351,0.0,0.0,0.0,0.0,482.8038500000002,0.0,5.684341886080803e-14,4773.43000793294,4236.981285710717
2025-03-20,49,1101.1000166666663,662.7286166666667,1.1876,1.1203,0.0,0.0,0.0,0.0,438.3713999999998,5.684341886080803e-14,0.0,4236.981285710717,3749.901952377384
2025-03-20,50,1114.545,703.3874999999999,1.1569,1.1042,0.0,0.0,0.0,0.0,411.1575,1.1368683772161605e-13,0.0,3749.901952377384,3293.0602857107174
2025-03-20,51,1108.296,775.6238166666667,1.0869,1.1076,0.0,0.0,0.0,0.0,332.6721833333335,0.0,1.7053025658242404e-13,3293.0602857107174,2923.424526451458
2025-03-20,52,1117.5889166666666,839.5837833333334,1.0527,1.0956,0.0,0.0,0.0,0.0,278.00513333333305,1.7053025658242404e-13,0.0,2923.424526451458,2614.5299338588657
2025-03-20,53,1126.3016666666667,863.4812499999999,1.068,1.0759,0.0,0.0,0.0,0.0,262.8204166666668,0.0,0.0,2614.5299338588657,2322.5072486736804
2025-03-20,54,1082.3667333333333,861.0829666666667,1.0672,1.0742,0.0,0.0,0.0,0.0,221.2837666666668,0.0,1.9895196601282805e-13,2322.5072486736804,2076.6363968218284
2025-03-20,55,1072.7398666666666,922.2215,1.0563,1.0739,0.0,0.0,0.0,0.0,150.51836666666665,0.0,8.526512829121202e-14,2076.6363968218284,1909.3937671921988
2025-03-20,56,1095.1416666666669,1017.95625,1.0344,1.0653,0.0,0.0,0.0,0.0,77.18541666666651,7.105427357601003e-14,0.0,1909.3937671921988,1823.6321931181249
2025-03-20,57,1066.5605833333334,1030.4658333333334,0.9937,1.0611,0.0,0.0,0.0,0.0,36.094749999999934,4.263256414560601e-14,0.0,1823.6321931181249,1783.5269153403472
2025-03-20,58,1074.321683333333,1033.0643333333337,0.9971,1.0887,0.0,0.0,0.0,0.0,41.2573499999998,6.394884621840903e-14,0.0,1783.5269153403472,1737.6854153403474
2025-03-20,59,1116.2383333333337,1071.03125,1.0131,1.1262,0.0,0.0,0.0,0.0,45.207083333333394,6.394884621840903e-14,0.0,1737.6854153403474,1687.4553227477547
2025-03-20,60,1096.3326,1112.54135,0.948,1.1163,0.0,0.0,0.0,16.208749999999934,0.0,0.0,7.460698725481053e-14,1687.4553227477547,1702.043197747755
2025-03-20,61,1074.2128666666667,1129.0006666666666,0.9058,1.0706,0.0,0.0,0.0,54.78779999999991,0.0,7.105427357601003e-14,0.0,1702.043197747755,1751.3522177477546
2025-03-20,62,1078.935,1146.5125,0.9279,1.0455,0.0,0.0,0.0,67.57750000000013,0.0,2.8421709430404014e-14,0.0,1751.3522177477546,1812.1719677477547
2025-03-20,63,1075.7058833333333,1211.41895,0.927,1.0575,0.0,0.0,0.0,135.71306666666663,0.0,0.0,5.684341886080803e-14,1812.1719677477547,1934.313727747755
2025-03-20,64,1058.7226666666668,1242.5592333333334,0.7628,0.8752,0.0,0.0,0.0,183.8365666666664,0.0,0.0,2.273736754432321e-13,1934.313727747755,2099.7666377477544
2025-03-20,65,1046.65,1210.5,0.544,0.6182,679.7738499999998,643.1375051650455,661.4556775825226,806.9875051650454,0.0,0.0,2.273736754432321e-13,2099.7666377477544,2826.0553923962952
2025-03-20,66,1060.3406,1170.2779833333334,0.5346,0.6517,643.0893264916696,588.8663996860998,615.9778630888848,698.8037830194334,0.0,1.1368683772161605e-13,0.0,2826.0553923962952,3454.9787971137853
2025-03-20,67,1065.63955,1175.4807,0.5872,0.6906,0.0,0.0,0.0,109.84115,0.0,2.8421709430404014e-14,0.0,3454.9787971137853,3553.8358321137853
2025-03-20,68,1060.0166666666669,1219.59375,0.577,0.6264,626.0579833333331,540.829886609614,583.4439349714736,700.4069699429475,0.0,1.1368683772161605e-13,0.0,3553.8358321137853,4184.202105062438
2025-03-20,69,1070.6712666666667,1250.9388833333337,0.5241,0.6302,0.0,0.0,0.0,180.26761666666667,0.0,0.0,8.526512829121202e-14,4184.202105062438,4346.442960062438
2025-03-20,70,1063.2702666666669,1272.5053833333334,0.5111,0.617,283.0334302469118,283.0334302469118,283.0334302469118,492.26854691357806,0.0,0.0,5.115907697472721e-13,4346.442960062438,4789.484652284658
2025-03-20,71,1028.0533333333333,1303.075,0.5158,0.5693,675.6858666666667,520.40711038966,598.0464885281633,795.4287770563274,0.0,4.547473508864641e-13,0.0,4789.484652284658,5505.370551635353
2025-03-20,72,993.1352666666668,1347.1565833333334,0.4519,0.5736,715.5919291666664,481.6017524030896,628.3242096703958,833.3333333333333,0.0,0.0,2.2897357364229265,5505.370551635353,6255.370551635353
2025-03-20,73,975.87165,1348.42845,0.4435,0.5913,729.5950680555552,536.6951944849569,749.9605855665627,833.3333333333333,0.0,0.0,75.91866115162361,6255.370551635353,7005.370551635353
2025-03-20,74,980.61,1284.89375,0.4915,0.5669,706.6272569444445,557.4500710982949,763.1333357737064,833.3333333333333,0.0,0.0,28.400487764961667,7005.370551635353,7755.370551635353
2025-03-20,75,1001.0465666666668,1200.876,0.4972,0.5229,757.4684791666666,562.3672607176418,741.8156686777534,762.196694050975,0.0,0.0,0.0,7755.370551635353,8441.34757628123
2025-03-20,76,1028.0591333333334,1201.1573666666666,0.6604,0.7128,8.240297222222807,226.71477939007215,344.1923176962197,399.8130127234051,0.0,0.0,2.273736754432321e-13,8441.34757628123,8801.179287732295
2025-03-20,77,1058.5633333333333,1254.3,0.9001,1.0018,0.0,0.0,0.0,195.7366666666672,0.0,5.115907697472721e-13,0.0,8801.179287732295,8977.342287732296
2025-03-20,78,1085.1036,1223.1791666666666,0.9125,0.9837,0.0,0.0,0.0,138.07556666666642,0.0,0.0,0.0,8977.342287732296,9101.610297732295
2025-03-20,79,1059.80525,1150.1056333333331,0.919,0.9339,0.0,0.0,0.0,90.30038333333424,0.0,1.0089706847793425e-12,0.0,9101.610297732295,9182.880642732296
2025-03-20,80,1006.55,1101.66875,0.9817,0.9852,0.0,0.0,0.0,95.11874999999944,0.0,0.0,5.400124791776761e-13,9182.880642732296,9268.487517732296
2025-03-20,81,1004.8308,1107.0299166666666,0.9361,0.9918,0.0,0.0,0.0,102.19911666666626,0.0,0.0,2.9842794901924213e-13,9268.487517732296,9360.466722732295
2025-03-20,82,1029.630216666667,1134.42295,0.8829,0.9685,0.0,0.0,0.0,104.79273333333266,0.0,0.0,5.542233338928781e-13,9360.466722732295,9454.780182732296
2025-03-20,83,1046.67,1133.325,0.8924,0.9668,0.0,0.0,0.0,86.65499999999965,0.0,0.0,3.2684965844964614e-13,9454.780182732296,9532.769682732294
2025-03-20,84,1047.24705,1075.6022833333334,0.9351,1.0039,0.0,0.0,0.0,28.355233333333874,0.0,4.298783551348606e-13,0.0,9532.769682732294,9558.289392732297
2025-03-20,85,1052.4853333333333,1033.9314333333334,0.9817,0.994,0.0,0.0,0.0,0.0,18.55389999999934,5.435651928564766e-13,0.0,9558.289392732297,9537.673948287853
2025-03-20,86,1058.7983333333334,1019.28125,1.0267,0.9803,0.0,0.0,0.0,0.0,39.51708333333372,0.0,3.1974423109204513e-13,9537.673948287853,9493.76607791748
2025-03-20,87,1043.2368833333333,972.9436,1.0547,1.0568,0.0,0.0,0.0,0.0,70.29328333333306,1.2789769243681806e-13,0.0,9493.76607791748,9415.662429769332
2025-03-20,88,1031.6857666666667,905.32725,0.9267,0.9218,359.3162722222222,0.0,179.6581361111111,0.0,126.35851666666731,0.0,5.258016244624741e-13,9415.662429769332,9275.26407791748
2025-03-20,89,1026.1066666666668,845.4625,0.7137,0.668,1256.912272222222,1029.860306430865,2044.1960686215248,833.3333333333333,0.0,0.0,15.882806430865005,9275.26407791748,10025.26407791748
2025-03-20,90,1006.5609833333332,809.2424166666666,0.6525,0.7085,1266.7274333333332,309.75278055555555,847.5310999999997,112.43421388888842,0.0,0.0,3.1263880373444413e-13,10025.26407791748,10126.45487041748
2025-03-20,91,1009.11315,760.3063833333334,0.6799,0.775,511.3507472222223,315.1234958333333,413.2371215277778,66.31672916666705,0.0,3.1263880373444413e-13,0.0,10126.45487041748,10186.13992666748
2025-03-20,92,1031.28,691.1374999999999,0.7301,0.7636,596.1047777777778,369.48510750290177,482.7949426403398,29.34260750290074,0.0,0.0,9.876544027065393e-13,10186.13992666748,10212.54827342009
2025-03-20,93,1032.5620166666663,629.77975,0.805,0.8314,581.3412513888892,399.0527749999999,490.1970131944445,0.0,3.729491666666764,0.0,4.5741188614556456e-14,10212.54827342009,10208.40439379046
2025-03-20,94,1031.0229333333334,578.5704833333333,0.8788,0.8272,585.8778125000001,474.981698611111,530.4297555555556,22.529248611111445,0.0,5.293543381412746e-13,0.0,10208.40439379046,10228.68071754046
2025-03-20,95,1033.361666666667,526.0375,0.9089,0.7665,1270.131488219136,523.8966958333331,897.0140920262346,16.572529166666452,0.0,1.5276668818842157e-13,0.0,10228.68071754046,10243.59599379046
2025-03-20,96,1025.5623833333334,463.3008333333333,0.8767,0.8333,681.6765302465723,577.3833555555556,629.5299429010639,15.121805555554602,0.0,0.0,9.094947017729282e-13,10243.59599379046,10257.20561879046
2025-03-20,97,1016.9598666666668,417.89265,0.8888,0.9029,720.1507152777781,617.5164916666665,668.8336034722223,18.44927500000065,0.0,8.206768598029157e-13,0.0,10257.20561879046,10273.80996629046
2025-03-20,98,1019.825,389.06875,0.9441,0.9329,736.6500731666677,640.2845624999999,688.4673178333337,9.528312499999933,0.0,0.0,3.7303493627405266e-14,10273.80996629046,10282.38544754046
2025-03-20,99,1034.9158166666666,346.1802666666667,0.946,1.0017,732.6887930555554,662.6501684108009,697.6694807331781,0.0,26.08538158919855,4.085620730620576e-13,0.0,10282.38544754046,10253.401690219129
2025-03-20,100,1031.6998333333331,288.97555,0.9677,1.0284,760.7977597222222,734.9258606554404,747.8618101888312,0.0,7.798422677893541,0.0,5.684341886080801e-13,10253.401690219129,10244.73677613258
2025-03-20,101,1017.0316666666666,229.61875,1.0139,1.0246,827.5849261145421,771.3166570685357,799.450791591539,0.0,16.09625959813111,0.0,1.8118839761882557e-13,10244.73677613258,10226.852043245768
2025-03-20,102,1023.8828166666668,180.65036666666663,1.0152,1.0836,893.6216458333334,871.0600833333333,882.3408645833333,27.82763333333302,0.0,0.0,3.0553337637684313e-13,10226.852043245768,10251.896913245768
2025-03-20,103,1012.5022333333332,138.64705,1.0487,1.0967,892.5192680555556,892.5192680555556,892.5192680555556,18.66408472222247,0.0,1.1368683772161605e-13,0.0,10251.896913245768,10268.694589495768
2025-03-20,104,1004.28,99.55625,1.0879,1.0571,906.2789402777776,906.2789402777776,906.2789402777776,1.555190277777001,0.0,0.0,5.684341886080801e-13,10268.694589495768,10270.094260745767
2025-03-20,105,1035.5736,62.482850000000006,1.0391,1.0788,1039.1593847222225,1021.9484420644516,1030.553913393337,48.857692064452245,0.0,4.050093593832571e-13,0.0,10270.094260745767,10314.066183603774
2025-03-20,106,899.02445,26.021266666666666,1.0932,1.1433,931.7543430555554,931.7543430555554,931.7543430555554,58.75115972222274,0.0,6.963318810448982e-13,0.0,10314.066183603774,10366.942227353777
2025-03-20,107,682.3533333333334,0.0,1.2488,1.2202,704.1720013888889,704.1720013888889,704.1720013888889,21.81866805555627,0.0,6.927791673660977e-13,0.0,10366.942227353777,10386.579028603775
2025-03-20,108,697.9972833333333,0.0,1.2993,1.2895,0.0,0.0,0.0,0.0,697.997283333334,0.0,7.958078640513122e-13,10386.579028603775,9611.026491566738
2025-03-20,109,740.2377833333334,0.9295666666666668,1.2761,1.2853,0.0,0.0,0.0,0.0,739.3082166666666,1.1368683772161605e-13,0.0,9611.026491566738,8789.572917492664
2025-03-20,110,709.2416666666667,0.0,1.2567,1.2484,677.8655680555555,677.8655680555555,677.8655680555555,0.0,31.376098611111413,0.0,2.522426711948356e-13,8789.572917492664,8754.71058570254
2025-03-20,111,714.4228166666667,0.0,1.2773,1.2881,0.0,0.0,0.0,0.0,714.4228166666666,1.1368683772161605e-13,0.0,8754.71058570254,7960.9074560729105
2025-03-20,112,745.0410666666667,0.0667333333333333,1.2813,1.3195,0.0,0.0,0.0,0.0,744.974333333333,3.410605131648481e-13,0.0,7960.9074560729105,7133.158196813652
2025-03-20,113,763.2066666666666,0.0,1.2693,1.3074,0.0,0.0,0.0,0.0,763.2066666666666,0.0,0.0,7133.158196813652,6285.150789406244
2025-03-20,114,746.7180333333334,0.0,1.2899,1.3017,0.0,0.0,0.0,0.0,746.7180333333333,1.1368683772161605e-13,0.0,6285.150789406244,5455.464085702541
2025-03-20,115,714.2603,0.0048,1.2669,1.2918,695.1273013888891,695.1273013888891,695.1273013888891,0.0,19.12819861111084,2.131628207280301e-14,0.0,5455.464085702541,5434.210531690195
2025-03-20,116,699.4633333333333,0.0,1.2323,1.2868,253.67012427777604,253.67012427777604,253.67012427777604,0.0,445.7932090555572,5.684341886080803e-14,0.0,5434.210531690195,4938.884743850687
2025-03-20,117,721.8114,0.0,1.2902,1.3144,0.0,0.0,0.0,0.0,721.8113999999999,1.1368683772161605e-13,0.0,4938.884743850687,4136.872077184021
2025-03-20,118,728.4913499999999,0.00035,1.2824,1.3317,0.0,0.0,0.0,0.0,728.4909999999998,1.1368683772161605e-13,0.0,4136.872077184021,3327.4376327395767
2025-03-20,119,726.3683333333333,0.0,1.2233,1.3127,0.0,0.0,0.0,0.0,726.3683333333332,1.1368683772161605e-13,0.0,3327.4376327395767,2520.361706813651
2025-03-20,120,764.3365166666667,0.0,1.2789,1.2726,719.2551833333332,719.2551833333332,719.2551833333332,0.0,45.081333333333625,0.0,9.237055564881302e-14,2520.361706813651,2470.27133644328
2025-03-20,121,753.9438166666667,0.0,1.2779,1.2521,696.8875499999999,696.8875499999999,696.8875499999999,0.0,57.05626666666685,0.0,2.131628207280301e-14,2470.27133644328,2406.875484591428
2025-03-20,122,702.5616666666666,0.0,1.2388,1.2695,657.0283902777778,657.0283902777778,657.0283902777778,0.0,45.53327638888877,2.131628207280301e-14,0.0,2406.875484591428,2356.2829552704407
2025-03-20,123,709.3744833333334,0.0,1.3228,1.2862,0.0,0.0,0.0,0.0,709.3744833333334,0.0,0.0,2356.2829552704407,1568.0890849000702
2025-03-20,124,719.8359833333334,0.0,1.1769,1.1604,717.8102902777778,717.8102902777778,717.8102902777778,0.0,2.025693055555576,4.5297099404706393e-14,0.0,1568.0890849000702,1565.8383148383418
2025-03-20,125,709.5416666666666,0.0,0.8862,0.9507,739.5500000000001,739.5500000000001,739.5500000000001,30.008333333333518,0.0,7.460698725481053e-14,0.0,1565.8383148383418,1592.845814838342
2025-03-20,126,715.0446833333334,0.0,0.917,0.8725,718.6603527777776,718.0929263888888,718.3766395833331,3.0482430555553544,0.0,0.0,6.306066779870889e-14,1592.845814838342,1595.5892335883418
2025-03-20,127,736.4506,0.0,0.9999,0.8714,719.919682236111,702.5226027777778,711.2211425069445,0.0,33.92799722222226,0.0,7.105427357601003e-14,1595.5892335883418,1557.8914588969835
2025-03-20,128,758.9333333333334,0.0,0.9964,0.913,742.6185527777776,711.7564458333334,732.5919339709974,0.0,47.17688749999998,4.263256414560601e-14,0.0,1557.8914588969835,1505.472695008095
2025-03-20,129,754.3754666666667,0.0,1.0003,0.9772,703.2170194444444,691.4636625000002,697.3403409722223,0.0,62.91180416666662,0.0,4.973799150320701e-14,1505.472695008095,1435.570690378465
2025-03-20,130,666.9375333333334,0.0,0.7708,0.7619,638.6920194444444,638.6920194444444,638.6920194444444,0.0,28.24551388888899,0.0,6.750155989720953e-14,1435.570690378465,1404.1867860574775
2025-03-20,131,553.1566666666666,0.0,0.419,0.4153,578.1763291666666,578.1763291666666,578.1763291666666,25.019662499999967,0.0,0.0,1.4210854715202004e-14,1404.1867860574775,1426.7044823074775
2025-03-20,132,538.9014666666667,0.0,0.3484,0.4105,592.2403111111112,592.2403111111112,592.2403111111112,53.338844444444426,0.0,0.0,4.973799150320701e-14,1426.7044823074775,1474.7094423074775
2025-03-20,133,553.3285,0.0,0.3833,0.449,578.4183152777778,597.2319402777777,606.6387527777777,43.90344027777777,0.0,7.815970093361102e-14,0.0,1474.7094423074775,1514.2225385574775
2025-03-20,134,542.64,0.0,0.3903,0.3939,562.3769569444445,586.7951702370135,599.004276883298,44.15517023701341,0.0,0.0,1.1368683772161605e-13,1514.2225385574775,1553.9621917707896
2025-03-20,135,524.0221,0.0,0.4126,0.4077,589.3189611111111,590.3823042599722,590.9139758344028,66.3602042599723,0.0,1.1368683772161605e-13,0.0,1553.9621917707896,1613.6863756047646
2025-03-20,136,526.9695666666667,0.0,0.4343,0.4156,565.8581542350829,565.8581542350829,565.8581542350829,38.88858756841627,0.0,1.4210854715202004e-14,0.0,1613.6863756047646,1648.6861044163393
2025-03-20,137,549.4,0.0,0.4428,0.4004,524.9139266390274,524.9139266390274,524.9139266390274,0.0,24.4860733609725,6.750155989720953e-14,0.0,1648.6861044163393,1621.479356237481
2025-03-20,138,559.40135,0.0,0.4397,0.4324,578.7948611111112,578.7948611111112,578.7948611111112,19.39351111111137,0.0,1.1368683772161605e-13,0.0,1621.479356237481,1638.9335162374812
2025-03-20,139,543.6279333333333,0.0,0.4049,0.4533,574.4315805555556,574.4315805555556,574.4315805555556,30.803647222222327,0.0,7.460698725481053e-14,0.0,1638.9335162374812,1666.6567987374813
2025-03-20,140,544.6216666666667,0.0,0.3814,0.4439,556.6977055555556,556.6977055555556,556.6977055555556,12.07603888888899,0.0,1.0125233984581429e-13,0.0,1666.6567987374813,1677.5252337374814
2025-03-20,141,600.6793333333334,0.0,0.4248,0.4386,577.763246263889,577.763246263889,577.763246263889,0.0,22.916087069444508,0.0,9.237055564881302e-14,1677.5252337374814,1652.062914771432
2025-03-20,142,540.9781833333333,0.0,0.3795,0.3972,521.3397444444442,521.3397444444442,521.3397444444442,0.0,19.638438888889027,0.0,0.0,1652.062914771432,1630.2424271171108
2025-03-20,143,400.1666666666667,0.0,0.2794,0.3312,446.9923305555556,446.9923305555556,446.9923305555556,46.82566388888896,0.0,9.237055564881302e-14,0.0,1630.2424271171108,1672.3855246171108
2025-06-21,0,514.6639666666666,0.0,0.3564,0.3927,649.5017152777777,649.5017152777777,649.5017152777777,134.83774861111112,0.0,0.0,0.0,3173.807252681333,3295.161226431333
2025-06-21,1,533.34865,0.0,0.3908,0.4256,0.0,0.0,0.0,0.0,533.3486499999999,1.1368683772161605e-13,0.0,3295.161226431333,2702.5516153202225
2025-06-21,2,566.91,0.0,0.4598,0.4336,0.0,0.0,0.0,0.0,566.9100000000001,0.0,1.1368683772161605e-13,2702.5516153202225,2072.6516153202224
2025-06-21,3,510.58768333333336,0.0,0.409,0.3729,617.055423611111,617.055423611111,617.055423611111,106.4677402777776,0.0,0.0,2.8421709430404014e-14,2072.6516153202224,2168.4725815702222
2025-06-21,4,470.0428666666666,0.0,0.3618,0.3393,1442.222831944445,1442.222831944445,1442.222831944445,833.3333333333333,0.0,0.0,138.8466319444451,2168.4725815702222,2918.4725815702222
2025-06-21,5,480.5633333333333,0.0,0.3786,0.3622,632.5120569444443,632.5120569444443,632.5120569444443,151.94872361111115,0.0,1.4210854715202006e-13,0.0,2918.4725815702222,3055.2264328202223
2025-06-21,6,478.3299333333334,0.0,0.3988,0.38,587.1340777777777,587.1340777777777,587.1340777777777,108.80414444444442,0.0,4.263256414560601e-14,0.0,3055.2264328202223,3153.1501628202222
2025-06-21,7,497.6381166666667,0.0,0.4164,0.3731,587.113286111111,587.113286111111,587.113286111111,89.47516944444436,0.0,0.0,0.0,3153.1501628202222,3233.677815320222
2025-06-21,8,527.3633333333333,0.0,0.4254,0.3581,540.3234194444439,540.3234194444439,540.3234194444439,12.960086111110687,0.0,1.758593271006248e-13,0.0,3233.677815320222,3245.341892820222
2025-06-21,9,510.80761666666666,0.0,0.4165,0.3623,576.1234861111111,576.1234861111111,576.1234861111111,65.3158694444442,0.0,0.0,2.415845301584341e-13,3245.341892820222,3304.1261753202216
2025-06-21,10,492.3409833333333,0.0,0.4295,0.363,566.4133194444452,566.4133194444452,566.4133194444452,74.07233611111172,0.0,0.0,1.1368683772161605e-13,3304.1261753202216,3370.791277820222
2025-06-21,11,499.1033333333333,0.0,0.4451,0.3815,533.9775861111111,533.9775861111111,533.9775861111111,34.874252777777755,0.0,0.0,7.105427357601003e-14,3370.791277820222,3402.178105320222
2025-06-21,12,512.0669,0.0,0.405,0.4507,0.0,0.0,0.0,0.0,512.0668999999999,1.1368683772161605e-13,0.0,3402.178105320222,2833.214883098
2025-06-21,13,502.1835833333334,0.0,0.3784,0.4334,15.604656364577725,15.604656364577725,15.604656364577725,0.0,486.5789269687557,0.0,0.0,2833.214883098,2292.5716309104937
2025-06-21,14,473.125,0.0,0.3917,0.3501,517.1338310277772,517.1338310277772,517.1338310277772,44.00883102777698,0.0,0.0,2.273736754432321e-13,2292.5716309104937,2332.179578835493
2025-06-21,15,458.3199833333333,0.0,0.3964,0.3548,468.1342069444445,468.1342069444445,468.1342069444445,9.814223611111224,0.0,4.973799150320701e-14,0.0,2332.179578835493,2341.012380085493
2025-06-21,16,470.09745,0.0,0.3495,0.339,516.406423611111,516.406423611111,516.406423611111,46.30897361111087,0.0,0.0,1.4921397450962106e-13,2341.012380085493,2382.690456335493
2025-06-21,17,489.3733333333333,0.0,0.3048,0.3062,1283.9562879801117,1283.9562879801117,1283.9562879801117,794.5829546467787,0.0,2.273736754432321e-13,0.0,2382.690456335493,3097.8151155175938
2025-06-21,18,486.69823333333335,0.0001999999999999,0.3585,0.3749,503.9579,503.9579,503.9579,17.259866666666614,0.0,1.7763568394002505e-14,0.0,3097.8151155175938,3113.3489955175937
2025-06-21,19,491.8388,0.0,0.4058,0.4107,0.0,0.0,0.0,0.0,491.8388,5.684341886080803e-14,0.0,3113.3489955175937,2566.8614399620383
2025-06-21,20,496.2516666666667,0.0,0.4053,0.3685,502.2842666666666,502.2842666666666,502.2842666666666,6.032599999999649,0.0,0.0,2.398081733190338e-13,2566.8614399620383,2572.290779962038
2025-06-21,21,463.383,0.0026999999999999,0.4087,0.3403,332.8097840202772,332.8097840202772,332.8097840202772,0.0,130.57051597972273,8.526512829121202e-14,0.0,2572.290779962038,2427.212428873457
2025-06-21,22,454.71765,0.0,0.3866,0.3482,510.1358000000001,510.1358000000001,510.1358000000001,55.41814999999992,0.0,0.0,1.6342482922482304e-13,2427.212428873457,2477.088763873457
2025-06-21,23,477.0316666666667,0.0,0.3566,0.3631,519.0500999999999,519.0500999999999,519.0500999999999,42.01843333333323,0.0,0.0,7.105427357601002e-15,2477.088763873457,2514.905353873457
2025-06-21,24,474.3197,0.0377166666666666,0.3708,0.3454,481.63980277777785,481.63980277777785,481.63980277777785,7.357819444444734,0.0,2.460254222569347e-13,0.0,2514.905353873457,2521.527391373457
2025-06-21,25,458.1585,0.0,0.3532,0.3401,805.643190329216,805.643190329216,805.643190329216,347.484690329216,0.0,0.0,5.684341886080803e-14,2521.527391373457,2834.263612669752
2025-06-21,26,446.2183333333333,0.0,0.3096,0.3651,467.23749722222215,467.23749722222215,467.23749722222215,21.01916388888892,0.0,8.171241461241152e-14,0.0,2834.263612669752,2853.180860169752
2025-06-21,27,443.47855,0.5252666666666667,0.3237,0.3877,437.9888111111112,437.9888111111112,437.9888111111112,0.0,4.96447222222223,0.0,1.021405182655144e-13,2853.180860169752,2847.664779922838
2025-06-21,28,450.38675,0.0,0.3321,0.3697,449.2397,449.2397,449.2397,0.0,1.14704999999999,0.0,1.1324274851176595e-14,2847.664779922838,2846.390279922838
2025-06-21,29,455.3866666666667,1.2125,0.3143,0.3313,461.5962055555555,461.5962055555555,461.5962055555555,7.422038888888791,0.0,1.2434497875801752e-14,0.0,2846.390279922838,2853.070114922838
2025-06-21,30,444.1196333333333,19.460916666666662,0.3191,0.3311,405.8620041666668,405.8620041666668,405.8620041666668,0.0,18.796712499999696,1.4566126083082056e-13,0.0,2853.070114922838,2832.1848788117272
2025-06-21,31,434.4785,43.99505,0.3488,0.3418,450.0647680555556,450.0647680555556,450.0647680555556,59.58131805555543,0.0,0.0,1.5631940186722204e-13,2832.1848788117272,2885.808065061727
2025-06-21,32,440.35833333333335,69.5125,0.3395,0.3206,1259.0272902777776,1259.0272902777776,1259.0272902777776,833.3333333333333,0.0,0.0,54.84812361111108,2885.808065061727,3635.808065061727
2025-06-21,33,457.51068333333336,97.93268333333332,0.2621,0.2836,1234.8050097222222,1234.8050097222222,1234.8050097222222,833.3333333333328,0.0,0.0,41.89367638888939,3635.808065061727,4385.808065061727
2025-06-21,34,459.6736666666666,122.63875,0.4169,0.443,0.0,0.0,0.0,0.0,337.0349166666667,0.0,5.684341886080803e-14,4385.808065061727,4011.324824320986
2025-06-21,35,456.94,148.45000000000002,0.7087,0.7178,0.0,0.0,0.0,0.0,308.4900000000002,0.0,1.7053025658242404e-13,4011.324824320986,3668.558157654319
2025-06-21,36,481.45506666666665,189.49256666666668,0.7158,0.7798,0.0,0.0,0.0,0.0,291.96250000000003,0.0,5.684341886080803e-14,3668.558157654319,3344.155379876541
2025-06-21,37,488.7051666666667,242.2338,0.6144,0.6862,0.0,0.0,0.0,0.0,246.47136666666685,0.0,1.7053025658242404e-13,3344.155379876541,3070.298305802467
2025-06-21,38,460.67,294.31875,0.5732,0.5853,0.0,0.0,0.0,0.0,166.35125000000014,0.0,8.526512829121202e-14,3070.298305802467,2885.4635835802446
2025-06-21,39,434.43561666666665,337.05043333333333,0.586,0.5782,0.0,0.0,0.0,0.0,97.38518333333325,8.526512829121202e-14,0.0,2885.4635835802446,2777.257824320985
2025-06-21,40,477.9608166666667,391.74871666666667,0.6004,0.6113,0.0,0.0,0.0,0.0,86.21209999999992,9.947598300641405e-14,0.0,2777.257824320985,2681.466602098764
2025-06-21,41,550.7116666666667,449.875,0.5991,0.6275,0.0,0.0,0.0,0.0,100.83666666666656,1.5631940186722204e-13,0.0,2681.466602098764,2569.4258613580228
2025-06-21,42,542.3861499999999,479.10385,0.598,0.6147,0.0,0.0,0.0,0.0,63.28229999999981,1.5631940186722204e-13,0.0,2569.4258613580228,2499.1121946913563
2025-06-21,43,522.9324666666666,501.0047833333333,0.5678,0.5999,0.0,0.0,0.0,0.0,21.9276833333332,1.3500311979441906e-13,0.0,2499.1121946913563,2474.748102098764
2025-06-21,44,529.1416666666667,537.4812499999999,0.5032,0.5856,0.0,0.0,0.0,0.0,0.0,0.0,8.33958333333328,2474.748102098764,2474.748102098764
2025-06-21,45,526.62105,589.5878333333334,0.4634,0.5668,0.0,0.0,0.0,0.0,0.0,0.0,62.96678333333341,2474.748102098764,2474.748102098764
2025-06-21,46,514.59605,630.8997666666667,0.6087,0.6381,0.0,0.0,0.0,0.0,0.0,0.0,116.30371666666667,2474.748102098764,2474.748102098764
2025-06-21,47,510.3933333333334,667.2375000000001,0.8359,0.7683,0.0,0.0,0.0,0.0,0.0,0.0,156.8441666666667,2474.748102098764,2474.748102098764
2025-06-21,48,527.0032833333333,722.4553999999999,0.8537,0.8108,0.0,0.0,0.0,0.0,0.0,0.0,195.4521166666666,2474.748102098764,2474.748102098764
2025-06-21,49,526.8320333333334,740.3005833333333,0.7708,0.7652,0.0,0.0,0.0,0.0,0.0,0.0,213.46854999999996,2474.748102098764,2474.748102098764
2025-06-21,50,506.265,726.4499999999999,0.7264,0.7141,0.0,0.0,0.0,0.0,0.0,0.0,220.1849999999999,2474.748102098764,2474.748102098764
2025-06-21,51,505.16623333333337,746.6491666666667,0.7632,0.7457,0.0,0.0,0.0,0.0,0.0,0.0,241.4829333333333,2474.748102098764,2474.748102098764
2025-06-21,52,548.3231666666667,778.0861,0.8305,0.7914,0.0,0.0,0.0,0.0,0.0,0.0,229.7629333333333,2474.748102098764,2474.748102098764
2025-06-21,53,608.4366666666666,791.0124999999999,0.8764,0.7776,0.0,0.0,0.0,0.0,0.0,0.0,182.5758333333333,2474.748102098764,2474.748102098764
2025-06-21,54,630.9835166666667,791.1589,0.8731,0.7065,0.0,0.0,0.0,0.0,0.0,0.0,160.17538333333334,2474.748102098764,2474.748102098764
2025-06-21,55,641.60305,856.5730166666667,0.8073,0.7355,0.0,0.0,0.0,0.0,0.0,0.0,214.96996666666664,2474.748102098764,2474.748102098764
2025-06-21,56,637.4333333333333,965.71875,0.7234,0.8227,0.0,0.0,0.0,0.0,0.0,0.0,328.2854166666667,2474.748102098764,2474.748102098764
2025-06-21,57,597.0597666666666,1018.178,0.6977,0.77,0.0,0.0,0.0,0.0,0.0,0.0,421.11823333333336,2474.748102098764,2474.748102098764
2025-06-21,58,614.65745,1064.183633333333,0.7164,0.6999,0.0,0.0,0.0,0.0,0.0,0.0,449.5261833333333,2474.748102098764,2474.748102098764
2025-06-21,59,666.6899999999999,1107.25625,0.7212,0.712,0.0,0.0,0.0,0.0,0.0,0.0,440.5662500000002,2474.748102098764,2474.748102098764
2025-06-21,60,637.6840166666667,1098.3148833333332,0.6702,0.7722,0.0,0.0,0.0,0.0,0.0,0.0,460.6308666666665,2474.748102098764,2474.748102098764
2025-06-21,61,626.9162666666667,1115.9334,0.6649,0.7449,0.0,0.0,0.0,0.0,0.0,0.0,489.0171333333334,2474.748102098764,2474.748102098764
2025-06-21,62,650.3183333333333,1166.83125,0.7152,0.6707,0.0,0.0,0.0,0.0,0.0,0.0,516.5129166666667,2474.748102098764,2474.748102098764
2025-06-21,63,621.1255833333333,1182.3068166666667,0.7053,0.6941,0.0,0.0,0.0,0.0,0.0,0.0,561.1812333333334,2474.748102098764,2474.748102098764
2025-06-21,64,594.26015,1207.1864666666668,0.5367,0.5907,0.0,0.0,0.0,361.39099766804014,0.0,0.0,251.53531899862668,2474.748102098764,2800.0
2025-06-21,65,613.2016666666667,1233.35,0.3314,0.3851,0.0,0.0,0.0,555.5555555555555,0.0,0.0,64.59277777777788,2800.0,3300.0
2025-06-21,66,657.6027666666666,1217.7636,0.3161,0.3485,0.0,0.0,0.0,555.5555555555555,0.0,0.0,4.605277777777815,3300.0,3800.0
2025-06-21,67,650.1067166666667,1297.1492333333333,0.2901,0.3707,0.0,0.0,0.0,555.5555555555555,0.0,0.0,91.4869611111111,3800.0,4300.0
2025-06-21,68,607.6266666666667,1415.0375,0.2072,0.3699,0.0,0.0,0.0,555.5555555555555,0.0,0.0,251.85527777777796,4300.0,4800.0
2025-06-21,69,617.5237833333333,1363.4527333333333,0.2258,0.3802,0.0,0.0,0.0,555.5555555555555,0.0,0.0,190.37339444444444,4800.0,5300.0
2025-06-21,70,620.7188833333333,1279.6117666666669,0.2711,0.3883,0.0,0.0,0.0,444.44444444444446,0.0,0.0,214.4484388888889,5300.0,5700.0
2025-06-21,71,605.18,1277.51875,0.2744,0.3877,0.0,0.0,0.0,555.5555555555555,0.0,0.0,116.78319444444446,5700.0,6200.0
2025-06-21,72,622.59025,1340.7105166666668,0.2473,0.3872,0.0,0.0,0.0,222.22222222222223,0.0,0.0,495.89804444444457,6200.0,6400.0
2025-06-21,73,642.0392,1383.4959166666667,0.2497,0.3754,0.0,0.0,0.0,555.5555555555555,0.0,0.0,185.90116111111115,6400.0,6900.0
2025-06-21,74,654.76,1397.16875,0.2484,0.3255,0.0,0.0,0.0,555.5555555555555,0.0,0.0,186.8531944444445,6900.0,7400.0
2025-06-21,75,676.6507333333333,1434.29795,0.1828,0.2585,0.0,0.0,0.0,444.44444444444446,0.0,0.0,313.2027722222224,7400.0,7800.0
2025-06-21,76,652.0988,1423.7868166666667,0.2868,0.4119,0.0,0.0,0.0,555.5555555555555,0.0,0.0,216.1324611111112,7800.0,8300.0
2025-06-21,77,614.6683333333334,1341.6,0.5464,0.6948,0.0,0.0,0.0,555.5555555555555,0.0,0.0,171.3761111111112,8300.0,8800.0
2025-06-21,78,651.7447166666667,1248.9027,0.681,0.7571,0.0,0.0,0.0,555.5555555555555,0.0,0.0,41.60242777777762,8800.0,9300.0
2025-06-21,79,643.7692333333333,1225.820516666667,0.6383,0.7343,0.0,0.0,0.0,333.3333333333333,0.0,0.0,248.71795000000003,9300.0,9600.0
2025-06-21,80,598.215,1223.48125,0.5716,0.7449,0.0,0.0,0.0,333.3333333333333,0.0,0.0,291.9329166666667,9600.0,9900.0
2025-06-21,81,641.5370166666667,1119.12415,0.6829,0.7632,0.0,0.0,0.0,222.22222222222223,0.0,0.0,255.36491111111096,9900.0,10100.0
2025-06-21,82,663.0396999999999,1021.2925,0.797,0.7605,0.0,0.0,0.0,222.22222222222223,0.0,0.0,136.03057777777786,10100.0,10300.0
2025-06-21,83,643.6416666666667,992.7,0.8133,0.7589,0.0,0.0,0.0,111.11111111111111,0.0,0.0,237.94722222222217,10300.0,10400.0
2025-06-21,84,674.6484166666667,990.2996333333334,0.7993,0.797,0.0,0.0,0.0,111.11111111111111,0.0,0.0,204.54010555555564,10400.0,10500.0
2025-06-21,85,682.5380166666666,971.2156666666666,0.8114,0.7902,0.0,0.0,0.0,111.11111111111111,0.0,0.0,177.56653888888886,10500.0,10600.0
2025-06-21,86,667.8983333333333,956.35625,0.8574,0.7831,0.0,0.0,0.0,111.11111111111111,0.0,0.0,177.3468055555555,10600.0,10700.0
2025-06-21,87,704.50855,994.04345,0.8672,0.8748,0.0,0.0,0.0,111.11111111111111,0.0,0.0,178.42378888888888,10700.0,10800.0
2025-06-21,88,697.0747666666666,996.54085,0.6527,0.7603,0.0,0.0,0.0,0.0,0.0,0.0,299.46608333333336,10800.0,10800.0
2025-06-21,89,646.6133333333333,946.74375,0.3818,0.5113,0.0,0.0,0.0,0.0,0.0,0.0,300.13041666666663,10800.0,10800.0
2025-06-21,90,652.7055833333333,909.52565,0.4347,0.5197,0.0,0.0,0.0,0.0,0.0,0.0,256.8200666666668,10800.0,10800.0
2025-06-21,91,654.0566333333334,858.8448,0.5156,0.5555,0.0,0.0,0.0,0.0,0.0,0.0,204.7881666666666,10800.0,10800.0
2025-06-21,92,645.9166666666666,801.85,0.4952,0.5315,0.0,0.0,0.0,0.0,0.0,0.0,155.9333333333334,10800.0,10800.0
2025-06-21,93,689.5025833333334,780.1588666666667,0.5311,0.598,51.77344136041445,51.77344136041445,51.77344136041445,0.0,0.0,0.0,142.42972469374774,10800.0,10800.0
2025-06-21,94,719.5433666666667,746.87235,0.5692,0.6453,40.3079944444446,40.3079944444446,40.3079944444446,0.0,0.0,0.0,67.63697777777793,10800.0,10800.0
2025-06-21,95,702.9050000000001,675.9,0.5723,0.6525,153.5966583333335,153.5966583333335,153.5966583333335,0.0,0.0,0.0,126.59165833333338,10800.0,10800.0
2025-06-21,96,672.3809666666667,593.8094166666666,0.5744,0.7111,274.725438888889,274.725438888889,274.725438888889,0.0,0.0,0.0,196.1538888888889,10800.0,10800.0
2025-06-21,97,663.4524333333333,560.2481333333334,0.599,0.7376,264.91229444444446,264.91229444444446,264.91229444444446,0.0,0.0,0.0,161.70799444444458,10800.0,10800.0
2025-06-21,98,673.67,567.7624999999999,0.6284,0.715,210.97178412208552,210.97178412208552,210.97178412208552,0.0,0.0,0.0,105.0642841220855,10800.0,10800.0
2025-06-21,99,663.9623333333333,548.5383,0.6239,0.7132,286.7268555555557,286.42746835844906,286.5771619570024,0.0,0.0,0.0,171.0034350251159,10800.0,10800.0
2025-06-21,100,603.6488499999999,494.0291666666667,0.6144,0.7008,361.4899694444447,325.11341212324663,343.30169078384563,0.0,0.0,0.0,215.49372878991343,10800.0,10800.0
2025-06-21,101,540.0500000000001,437.26875,0.6289,0.6782,348.60411111111114,317.5994484073392,333.1017797592252,0.0,0.0,0.0,214.81819840733908,10800.0,10800.0
2025-06-21,102,555.8345333333333,413.2071,0.6705,0.6904,379.7292930555556,367.162109911441,373.4457014834983,0.0,0.0,0.0,224.53467657810768,10800.0,10800.0
2025-06-21,103,577.1041333333334,364.30913333333336,0.7075,0.7296,410.3762291666669,410.3762291666669,410.3762291666669,0.0,0.0,0.0,197.58122916666696,10800.0,10800.0
2025-06-21,104,580.7116666666667,291.74375000000003,0.7038,0.7357,410.6603651388895,410.6603651388895,410.6603651388895,0.0,0.0,0.0,121.69244847222284,10800.0,10800.0
2025-06-21,105,608.2013499999999,254.7311833333333,0.6796,0.6876,462.6915347222224,451.0672863561782,456.8794105392003,0.0,0.0,0.0,97.5971196895116,10800.0,10800.0
2025-06-21,106,600.7254833333333,218.40456666666668,0.8445,0.8538,479.6315458333333,479.6315458333333,479.6315458333333,0.0,0.0,0.0,97.31062916666669,10800.0,10800.0
2025-06-21,107,558.2516666666667,172.35,1.1012,1.145,361.72652361111096,361.72652361111096,361.72652361111096,0.0,24.175143055555782,0.0,4.618527782440651e-14,10800.0,10773.138729938271
2025-06-21,108,545.7471333333334,143.3881,1.1314,1.1825,134.90391111110955,134.90391111110955,134.90391111110955,0.0,267.45512222222334,5.115907697472721e-13,0.0,10773.138729938271,10475.96637191358
2025-06-21,109,549.5005333333334,112.87578333333332,1.1374,1.1453,525.8279027777779,458.8008340560806,492.31436841692926,22.17608405607987,0.0,0.0,6.572520305780928e-13,10475.96637191358,10495.92484756405
2025-06-21,110,557.1316666666667,75.45,1.1803,1.1592,523.1721,485.0742450582086,504.1231725291043,3.3925783915421763,0.0,2.0206059048177852e-13,0.0,10495.92484756405,10498.97816811644
2025-06-21,111,576.1385666666666,46.0094,1.1266,1.1651,540.3792999999998,128.23235841789034,334.30582920894506,0.0,401.8968082487763,0.0,0.0,10498.97816811644,10052.426158951132
2025-06-21,112,605.7608,20.306116666666664,1.153,1.1574,573.2294666666667,528.7583203104816,550.9938934885741,0.0,56.69636302285198,0.0,2.273736754432321e-13,10052.426158951132,9989.430200036852
2025-06-21,113,642.12,1.29375,1.2618,1.1686,533.8632055555554,0.0,266.9316027777777,0.0,640.8262500000004,0.0,4.547473508864641e-13,9989.430200036852,9277.401033370184
2025-06-21,114,667.4907,0.0,1.2633,1.2236,0.0,0.0,0.0,0.0,667.4906999999993,6.821210263296962e-13,0.0,9277.401033370184,8535.744700036852
2025-06-21,115,617.7905666666667,0.54365,1.2161,1.2334,0.0,0.0,0.0,0.0,617.2469166666668,0.0,1.1368683772161605e-13,8535.744700036852,7849.914792629444
2025-06-21,116,548.9133333333333,0.0,1.1876,1.2017,0.0,0.0,0.0,0.0,548.913333333333,3.410605131648481e-13,0.0,7849.914792629444,7240.011088925741
2025-06-21,117,582.0875666666667,0.0,1.1812,1.2174,0.0,0.0,0.0,0.0,582.0875666666667,0.0,0.0,7240.011088925741,6593.247125962778
2025-06-21,118,581.7777833333333,0.0390333333333333,1.1704,1.2254,0.0,0.0,0.0,0.0,581.73875,0.0,0.0,6593.247125962778,5946.870737073889
2025-06-21,119,531.6033333333334,0.0,1.1558,1.2162,0.0,0.0,0.0,0.0,531.6033333333336,0.0,2.273736754432321e-13,5946.870737073889,5356.200366703519
2025-06-21,120,558.0394333333334,0.0,1.1611,1.238,0.0,0.0,0.0,0.0,558.0394333333336,0.0,2.273736754432321e-13,5356.200366703519,4736.156551888704
2025-06-21,121,620.8675333333333,0.0028,1.1692,1.2377,0.0,0.0,0.0,0.0,620.8647333333333,0.0,0.0,4736.156551888704,4046.306848185
2025-06-21,122,660.0216666666666,0.0,1.198,1.2212,0.0,0.0,0.0,0.0,660.0216666666665,1.1368683772161605e-13,0.0,4046.306848185,3312.949440777593
2025-06-21,123,646.9707500000001,0.0,1.2507,1.2347,0.0,0.0,0.0,0.0,646.9707500000001,0.0,0.0,3312.949440777593,2594.093051888704
2025-06-21,124,585.61215,0.0001999999999999,1.1066,1.1528,670.7398902777777,0.0,335.36994513888885,0.0,585.6119500000001,0.0,0.0,2594.093051888704,1943.4131074442596
2025-06-21,125,526.72,0.0,0.857,0.9836,721.9703736111111,649.7198517804447,685.8451126957779,122.99985178044456,0.0,0.0,1.5631940186722204e-13,1943.4131074442596,2054.1129740466595
2025-06-21,126,535.7850999999999,0.0,0.8345,0.8804,639.0169847222221,638.9156675485161,662.9626122646921,103.1305675485161,0.0,0.0,8.526512829121202e-14,2054.1129740466595,2146.930484840324
2025-06-21,127,581.51715,0.0,0.871,0.8677,615.2486430555555,583.2126887523261,599.2306659039408,1.6955387523259762,0.0,0.0,1.389999226830696e-13,2146.930484840324,2148.4564697174173
2025-06-21,128,618.915,0.0,0.8848,0.911,652.8610597222221,548.292035293309,600.5765475077656,0.0,70.62296470669094,0.0,0.0,2148.4564697174173,2069.986508932205
2025-06-21,129,619.2412833333334,0.0,0.9243,0.924,661.0066680555555,572.4649598873813,616.7358139714684,0.0,46.77632344595213,0.0,0.0,2069.986508932205,2018.0128162144808
2025-06-21,130,576.7794666666667,0.0,0.7155,0.7237,667.1536763888888,602.6345860506879,641.8579445503381,25.855119384021037,0.0,0.0,8.881784197001252e-14,2018.0128162144808,2041.2824236600995
2025-06-21,131,528.28,0.0,0.3942,0.4294,670.7968930555555,670.7968930555555,670.7968930555555,142.51689305555576,0.0,1.9895196601282805e-13,0.0,2041.2824236600995,2169.5476274101
2025-06-21,132,526.8737333333333,0.0,0.4048,0.3675,1335.3313930555555,1334.234721981782,1334.7830575186688,807.3609886484488,0.0,1.1368683772161605e-13,0.0,2169.5476274101,2896.172517193704
2025-06-21,133,544.7410833333333,0.0,0.4701,0.396,1301.4774166666666,1301.4774166666666,1301.4774166666666,756.7363333333333,0.0,0.0,0.0,2896.172517193704,3577.235217193704
2025-06-21,134,552.865,0.0,0.4227,0.4115,599.9509888888889,599.9509888888889,599.9509888888889,47.085988888889005,0.0,1.1368683772161605e-13,0.0,3577.235217193704,3619.612607193704
2025-06-21,135,546.83985,0.0,0.374,0.451,606.381,606.381,606.381,59.541150000000016,0.0,0.0,0.0,3619.612607193704,3673.199642193704
2025-06-21,136,541.7929,0.0,0.3646,0.4804,0.0,0.0,0.0,0.0,541.7929,0.0,0.0,3673.199642193704,3071.2075310825926
2025-06-21,137,531.7316666666667,0.0,0.3809,0.4684,563.9051555555557,563.9051555555557,563.9051555555557,32.173488888889146,0.0,1.6342482922482304e-13,0.0,3071.2075310825926,3100.163671082593
2025-06-21,138,499.8227166666666,0.0,0.3872,0.4179,610.0925250000003,610.0925250000003,610.0925250000003,110.26980833333356,0.0,0.0,7.105427357601003e-14,3100.163671082593,3199.406498582593
2025-06-21,139,486.82905,0.0,0.3936,0.3747,1279.1535916666664,1264.287134975698,1271.720363321182,777.4580849756977,0.0,0.0,1.1368683772161605e-13,3199.406498582593,3899.118775060721
2025-06-21,140,498.2166666666667,0.0,0.3844,0.376,1276.5856097222222,1276.5856097222222,1276.5856097222222,778.3689430555553,0.0,0.0,2.273736754432321e-13,3899.118775060721,4599.650823810721
2025-06-21,141,504.0951666666666,0.0,0.3399,0.4275,654.8357416666666,654.8357416666666,654.8357416666666,150.7405749999998,0.0,0.0,1.7053025658242404e-13,4599.650823810721,4735.317341310721
2025-06-21,142,532.2190166666667,0.0,0.3684,0.4875,202.9955609444445,202.9955609444445,202.9955609444445,0.0,329.22345572222224,0.0,5.684341886080803e-14,4735.317341310721,4369.513501619363
2025-06-21,143,606.0233333333333,0.0,0.4712,0.5036,0.0,0.0,0.0,0.0,606.0233333333335,0.0,2.273736754432321e-13,4369.513501619363,3696.154242360103
2025-09-23,0,570.1843333333334,0.0,0.4059,0.5097,0.0,0.0,0.0,0.0,570.1843333333334,0.0,0.0,3238.707958668855,2605.169810520707
2025-09-23,1,560.3181833333333,0.0,0.4324,0.5116,0.0,0.0,0.0,0.0,560.3181833333333,0.0,0.0,2605.169810520707,1982.594051261448
2025-09-23,2,564.7666666666667,0.0,0.4539,0.4667,677.2934277777778,677.2934277777778,677.2934277777778,112.52676111111089,0.0,0.0,2.415845301584341e-13,1982.594051261448,2083.8681362614475
2025-09-23,3,598.5089166666667,0.0,0.4117,0.4065,1412.6452166666668,1412.6452166666668,1412.6452166666668,814.1363000000001,0.0,0.0,0.0,2083.8681362614475,2816.590806261448
2025-09-23,4,606.51065,0.0,0.4114,0.3877,1406.7776111111111,1406.7776111111111,1406.7776111111111,800.266961111111,0.0,0.0,1.1368683772161605e-13,2816.590806261448,3536.8310712614475
2025-09-23,5,589.77,0.0,0.4549,0.4064,1432.1334277777776,1432.1334277777776,1432.1334277777776,833.3333333333333,0.0,0.0,9.03009444444433,3536.8310712614475,4286.831071261448
2025-09-23,6,597.35335,0.0,0.4413,0.4056,1457.9833499999995,1457.9833499999995,1457.9833499999995,833.3333333333333,0.0,0.0,27.29666666666651,4286.831071261448,5036.831071261448
2025-09-23,7,579.9716666666667,0.0,0.4365,0.3825,1430.3063166666666,1430.3063166666666,1430.3063166666666,833.3333333333333,0.0,0.0,17.00131666666664,5036.831071261448,5786.831071261448
2025-09-23,8,552.68,0.0,0.4529,0.3741,1386.7399166666664,1386.7399166666664,1386.7399166666664,833.3333333333333,0.0,0.0,0.7265833333332239,5786.831071261448,6536.831071261448
2025-09-23,9,584.05335,0.0,0.4318,0.4163,1425.564884722222,1425.564884722222,1425.564884722222,833.3333333333333,0.0,0.0,8.178201388888851,6536.831071261448,7286.831071261447
2025-09-23,10,601.8616166666667,0.0,0.418,0.4448,634.3896347222222,634.3896347222222,634.3896347222222,32.52801805555565,0.0,9.947598300641405e-14,0.0,7286.831071261447,7316.106287511448
2025-09-23,11,590.6066666666667,0.0,0.4413,0.4326,705.7564486111112,705.7564486111112,705.7564486111112,115.14978194444464,0.0,1.4210854715202006e-13,0.0,7316.106287511448,7419.741091261448
2025-09-23,12,604.56305,0.0,0.4794,0.4137,1418.8748208333332,1418.8748208333332,1418.8748208333332,814.3117708333334,0.0,2.273736754432321e-13,0.0,7419.741091261448,8152.621685011448
2025-09-23,13,607.7995500000001,0.0,0.4675,0.4162,1411.635559722222,1411.635559722222,1411.635559722222,803.8360097222226,0.0,5.684341886080801e-13,0.0,8152.621685011448,8876.074093761448
2025-09-23,14,594.9866666666667,0.0,0.4225,0.4404,674.0244055555556,674.0244055555556,674.0244055555556,79.03773888888989,0.0,9.379164112033322e-13,0.0,8876.074093761448,8947.20805876145
2025-09-23,15,598.5124,0.0,0.4268,0.461,673.6892874999999,673.6892874999999,673.6892874999999,75.1768874999996,0.0,0.0,3.1263880373444413e-13,8947.20805876145,9014.867257511449
2025-09-23,16,587.2797666666667,0.0,0.4588,0.4537,654.9581041666667,654.9581041666667,654.9581041666667,67.67833749999934,0.0,0.0,6.536993168992923e-13,9014.867257511449,9075.777761261448
2025-09-23,17,567.005,0.0,0.4777,0.4452,660.8227388888888,660.8227388888888,660.8227388888888,93.81773888888954,0.0,7.247535904753022e-13,0.0,9075.777761261448,9160.213726261449
2025-09-23,18,578.4799333333334,0.0,0.4584,0.4756,615.2600208333332,615.2600208333332,615.2600208333332,36.78008750000016,0.0,3.552713678800501e-13,0.0,9160.213726261449,9193.315805011449
2025-09-23,19,591.0519666666667,0.0,0.4106,0.4445,605.0008541666666,605.0008541666666,605.0008541666666,13.948887499999628,0.0,0.0,3.286260152890464e-13,9193.315805011449,9205.869803761449
2025-09-23,20,586.85,0.0,0.3812,0.3782,1412.4661541666665,1412.4661541666665,1412.4661541666665,825.6161541666672,0.0,7.958078640513122e-13,0.0,9205.869803761449,9948.92434251145
2025-09-23,21,582.1735833333333,0.0,0.4192,0.4082,1079.0839084577883,1079.0839084577883,1079.0839084577883,496.9103251244552,0.0,2.273736754432321e-13,0.0,9948.92434251145,10396.14363512346
2025-09-23,22,602.7533333333333,0.0,0.4681,0.4405,635.4470263888888,635.4470263888888,635.4470263888888,32.69369305555503,0.0,0.0,4.831690603168681e-13,10396.14363512346,10425.567958873458
2025-09-23,23,623.1283333333333,0.0,0.4666,0.4389,667.5514763888889,667.5514763888889,667.5514763888889,44.42314305555556,0.0,0.0,0.0,10425.567958873458,10465.548787623458
2025-09-23,24,595.523,0.0003166666666666,0.4048,0.4575,652.8171527777777,652.8171527777777,652.8171527777777,38.27912486282407,0.0,0.0,19.015344581620237,10465.548787623458,10500.0
2025-09-23,25,591.4709333333334,0.0,0.3873,0.4505,637.9008361111111,637.9008361111111,637.9008361111111,0.0,0.0,0.0,46.42990277777767,10500.0,10500.0
2025-09-23,26,616.0716666666666,0.0,0.4222,0.4374,641.7266861111109,641.7266861111109,641.7266861111109,0.0,0.0,0.0,25.65501944444429,10500.0,10500.0
2025-09-23,27,604.9007666666666,0.0044666666666666,0.4225,0.4811,640.9965638888889,640.9965638888889,640.9965638888889,0.0,0.0,0.0,36.10026388888889,10500.0,10500.0
2025-09-23,28,600.4158166666667,0.0,0.4173,0.4603,632.7244861111112,632.7244861111112,632.7244861111112,0.0,0.0,0.0,32.30866944444449,10500.0,10500.0
2025-09-23,29,618.1233333333333,0.0,0.4256,0.4072,1420.7161708333333,1420.7161708333333,1420.7161708333333,333.3333333333333,0.0,0.0,469.25950416666666,10500.0,10800.0
2025-09-23,30,625.22745,0.0621833333333333,0.433,0.477,568.1988222083339,568.1988222083339,568.1988222083339,0.0,56.96644445833336,0.0,6.394884621840903e-13,10800.0,10736.703950601852
2025-09-23,31,614.9081333333334,0.0,0.4518,0.5218,0.0,0.0,0.0,0.0,614.908133333333,3.410605131648481e-13,0.0,10736.703950601852,10053.472691342591
2025-09-23,32,592.9466666666666,0.0,0.4325,0.4527,638.2600625,638.2600625,638.2600625,45.31339583333344,0.0,3.5527136788005016e-14,0.0,10053.472691342591,10094.254747592591
2025-09-23,33,584.8440666666667,0.8660166666666668,0.3613,0.3778,1394.0687888888888,1394.0687888888888,1394.0687888888888,784.1613915637855,0.0,0.0,25.92934732510321,10094.254747592591,10800.0
2025-09-23,34,666.9134333333333,0.0,0.6152,0.6221,622.8150819444445,622.8150819444445,622.8150819444445,0.0,44.098351388889206,0.0,4.334310688136611e-13,10800.0,10751.001831790123
2025-09-23,35,790.6233333333333,0.0,1.0325,1.012,0.0,0.0,0.0,0.0,790.6233333333338,0.0,4.547473508864641e-13,10751.001831790123,9872.531461419752
2025-09-23,36,818.5693,24.797216666666667,1.0391,1.0241,0.0,0.0,0.0,0.0,793.772083333333,3.410605131648481e-13,0.0,9872.531461419752,8990.562479938271
2025-09-23,37,805.3289166666667,62.66909999999999,0.9449,0.9268,0.0,0.0,0.0,0.0,742.6598166666666,1.1368683772161605e-13,0.0,8990.562479938271,8165.384905864197
2025-09-23,38,798.6999999999999,108.23125,0.9432,0.9155,0.0,0.0,0.0,0.0,690.46875,0.0,1.1368683772161605e-13,8165.384905864197,7398.197405864197
2025-09-23,39,792.88475,162.30073333333334,0.9146,0.9143,0.0,0.0,0.0,0.0,630.5840166666663,3.410605131648481e-13,0.0,7398.197405864197,6697.54849845679
2025-09-23,40,792.5254333333334,207.64328333333333,0.8673,0.8761,218.53484561341423,218.53484561341423,218.53484561341423,0.0,366.3473043865859,0.0,1.7053025658242404e-13,6697.54849845679,6290.49593802725
2025-09-23,41,798.1750000000001,251.9625,0.8271,0.8264,518.6160916666668,518.6160916666668,518.6160916666668,0.0,27.59640833333351,0.0,1.8118839761882557e-13,6290.49593802725,6259.833262101324
2025-09-23,42,802.7136666666667,317.99083333333334,0.8061,0.8241,481.1883361111112,481.1883361111112,481.1883361111112,0.0,3.534497222222035,2.2648549702353197e-14,0.0,6259.833262101324,6255.906042965522
2025-09-23,43,797.7029833333332,372.3946333333333,0.8269,0.8109,466.99469166666665,456.6663658743968,461.8305287705317,31.35801587439649,0.0,0.0,3.801403636316536e-13,6255.906042965522,6284.128257252479
2025-09-23,44,776.7516666666667,415.43125,0.8096,0.7524,454.8228333333334,411.5795005141965,433.20116692376496,50.25908384752963,0.0,0.0,3.1974423109204513e-13,6284.128257252479,6329.361432715255
2025-09-23,45,767.8137,482.34543333333335,0.6878,0.7089,437.6946231788636,401.8711309942423,419.78287708655296,116.40286432757522,0.0,0.0,3.552713678800501e-13,6329.361432715255,6434.124010610073
2025-09-23,46,914.9736166666668,557.2434,0.8469,0.8871,346.1760250000003,131.3909292191918,238.78347710959605,0.0,226.3392874474752,0.0,2.557953848736361e-13,6434.124010610073,6182.635913446212
2025-09-23,47,1116.8433333333337,625.5187500000001,1.1849,1.1561,0.0,0.0,0.0,0.0,491.3245833333336,0.0,2.273736754432321e-13,6182.635913446212,5636.719709742508
2025-09-23,48,1110.83115,686.60415,1.1921,1.1574,0.0,0.0,0.0,0.0,424.2270000000003,0.0,3.410605131648481e-13,5636.719709742508,5165.356376409174
2025-09-23,49,1078.2838,737.9841500000001,1.1184,1.1053,0.0,0.0,0.0,0.0,340.2996499999996,2.273736754432321e-13,0.0,5165.356376409174,4787.245654186952
2025-09-23,50,1105.995,783.1062499999999,1.1227,1.1084,0.0,0.0,0.0,0.0,322.88875000000064,0.0,4.547473508864641e-13,4787.245654186952,4428.480376409174
2025-09-23,51,1100.0135833333334,832.8488333333333,1.0962,1.0608,0.0,0.0,0.0,0.0,267.16475,0.0,0.0,4428.480376409174,4131.630654186952
2025-09-23,52,1077.07055,900.0535666666666,1.0174,1.0071,0.0,0.0,0.0,0.0,177.01698333333349,5.684341886080803e-14,0.0,4131.630654186952,3934.9451171499145
2025-09-23,53,1071.2616666666663,967.975,0.9516,0.9827,0.0,0.0,0.0,0.0,103.2866666666665,1.4210854715202004e-14,0.0,3934.9451171499145,3820.182154186952
2025-09-23,54,1091.9557166666666,1003.4251833333332,0.9817,0.976,0.0,0.0,0.0,0.0,88.53053333333337,0.0,4.263256414560601e-14,3820.182154186952,3721.814894927693
2025-09-23,55,1101.9716166666667,1026.5778833333334,1.0171,0.9831,0.0,0.0,0.0,0.0,75.39373333333343,0.0,9.947598300641405e-14,3721.814894927693,3638.0440801128775
2025-09-23,56,1097.4033333333334,1051.04375,1.0072,0.9729,0.0,0.0,0.0,0.0,46.3595833333332,1.7763568394002505e-13,0.0,3638.0440801128775,3586.533431964729
2025-09-23,57,1104.6482166666667,1070.56755,0.9839,0.9145,0.0,0.0,0.0,0.0,34.08066666666669,4.263256414560601e-14,0.0,3586.533431964729,3548.666024557322
2025-09-23,58,1094.529266666667,1080.5508333333337,0.9725,0.8914,0.0,0.0,0.0,0.0,13.978433333333214,0.0,0.0,3548.666024557322,3533.1344319647296
2025-09-23,59,1075.993333333333,1081.29375,0.9784,0.9098,0.0,0.0,0.0,5.300416666666731,0.0,2.4868995751603507e-14,0.0,3533.1344319647296,3537.9048069647297
2025-09-23,60,1087.8485333333333,1084.459566666667,0.9839,0.8912,0.0,0.0,0.0,0.0,3.388966666666693,0.0,4.5741188614556456e-14,3537.9048069647297,3534.139288446211
2025-09-23,61,1081.408316666667,1127.3218833333333,0.9513,0.8456,133.24166805555615,1.425711511068812,67.33368978331248,47.33927817773544,0.0,2.131628207280301e-14,0.0,3534.139288446211,3576.744638806173
2025-09-23,62,1056.0183333333332,1189.95,0.9073,0.8373,114.91762361111114,0.0,57.45881180555557,133.9316666666668,0.0,0.0,5.684341886080803e-14,3576.744638806173,3697.283138806173
2025-09-23,63,1062.8238666666666,1209.6129166666667,0.8981,0.8851,0.0,0.0,0.0,146.78905000000012,0.0,2.8421709430404014e-14,0.0,3697.283138806173,3829.393283806173
2025-09-23,64,1078.949116666667,1206.7621833333333,0.7781,0.723,3.3505472222225308,3.3505472222225308,3.3505472222225308,131.1636138888889,0.0,0.0,2.273736754432321e-13,3829.393283806173,3947.440536306173
2025-09-23,65,1078.4266666666667,1226.6125,0.5639,0.4574,867.5722902777775,691.0809996883452,779.3266449830613,833.3333333333333,0.0,0.0,5.933499688345137,3947.440536306173,4697.440536306173
2025-09-23,66,1059.5224333333333,1297.46415,0.4409,0.477,0.0,0.0,0.0,237.94171666666645,0.0,0.0,2.557953848736361e-13,4697.440536306173,4911.588081306173
2025-09-23,67,1051.7829166666668,1368.281433333333,0.4252,0.5364,0.0,0.0,0.0,316.4985166666661,0.0,0.0,3.979039320256561e-13,4911.588081306173,5196.436746306173
2025-09-23,68,1071.92,1399.95625,0.4696,0.497,563.4159668417092,563.4159668417092,563.4159668417092,833.3333333333333,0.0,0.0,58.1188835083758,5196.436746306173,5946.436746306173
2025-09-23,69,1100.6726166666667,1396.6131666666668,0.5048,0.4697,0.0,0.0,0.0,295.94054999999975,0.0,0.0,2.842170943040401e-13,5946.436746306173,6212.783241306172
2025-09-23,70,1061.9253666666666,1405.9018166666667,0.4546,0.4799,0.0,0.0,0.0,343.9764500000001,0.0,0.0,0.0,6212.783241306172,6522.3620463061725
2025-09-23,71,982.2816666666666,1435.59375,0.3613,0.4849,0.0,0.0,0.0,453.31208333333353,0.0,1.7053025658242404e-13,0.0,6522.3620463061725,6930.342921306173
2025-09-23,72,969.2598833333332,1448.3985833333334,0.3481,0.4354,0.0,0.0,0.0,479.1387000000001,0.0,0.0,0.0,6930.342921306173,7361.567751306173
2025-09-23,73,988.3075333333333,1430.2115666666666,0.3859,0.4273,401.4056097222219,288.6766794611257,345.0411445916738,730.5807127944586,0.0,0.0,3.410605131648481e-13,7361.567751306173,8019.090392821186
2025-09-23,74,993.0716666666668,1414.08125,0.387,0.4537,472.44512638888887,0.0,236.22256319444443,421.00958333333233,0.0,0.0,9.094947017729282e-13,8019.090392821186,8397.999017821185
2025-09-23,75,980.4257666666668,1440.8882833333334,0.3271,0.4406,525.4305430555555,0.0,262.71527152777776,460.4625166666665,0.0,0.0,2.273736754432321e-13,8397.999017821185,8812.415282821185
2025-09-23,76,1015.2652,1424.4440000000002,0.4936,0.5886,0.0,0.0,0.0,409.1788000000007,0.0,4.547473508864641e-13,0.0,8812.415282821185,9180.676202821183
2025-09-23,77,1068.0883333333334,1355.85625,0.8213,0.8303,0.0,0.0,0.0,287.7679166666672,0.0,5.115907697472721e-13,0.0,9180.676202821183,9439.667327821186
2025-09-23,78,1042.2472166666666,1314.1581333333334,0.9285,0.8731,0.0,0.0,0.0,271.9109166666668,0.0,1.1368683772161605e-13,0.0,9439.667327821186,9684.387152821186
2025-09-23,79,1013.4041833333334,1292.3498,0.8854,0.8669,0.0,0.0,0.0,278.9456166666666,0.0,5.684341886080803e-14,0.0,9684.387152821186,9935.438207821186
2025-09-23,80,1019.2716666666666,1267.88125,0.8377,0.8883,0.0,0.0,0.0,248.60958333333352,0.0,2.8421709430404014e-14,0.0,9935.438207821186,10159.186832821186
2025-09-23,81,1026.9902333333332,1232.426416666667,0.8574,0.8634,0.0,0.0,0.0,205.43618333333345,0.0,0.0,2.8421709430404014e-14,10159.186832821186,10344.079397821186
2025-09-23,82,1048.6416333333334,1204.69615,0.8948,0.8652,50.30928705485852,0.0,25.154643527429258,156.05451666666744,0.0,8.526512829121202e-13,0.0,10344.079397821186,10484.528462821188
2025-09-23,83,1068.255,1182.49375,0.9188,0.9035,0.0,0.0,0.0,114.23875000000002,0.0,4.263256414560601e-14,0.0,10484.528462821188,10587.343337821188
2025-09-23,84,1049.77675,1139.6694666666667,0.9422,0.911,0.0,0.0,0.0,89.89271666666657,0.0,0.0,1.5631940186722204e-13,10587.343337821188,10668.246782821188
2025-09-23,85,1035.4709833333334,1065.57745,0.9638,0.9163,0.0,0.0,0.0,30.10646666666717,0.0,5.542233338928781e-13,0.0,10668.246782821188,10695.342602821189
2025-09-23,86,1039.4333333333334,975.675,1.0143,0.9703,0.0,0.0,0.0,0.0,63.75833333333376,0.0,4.334310688136611e-13,10695.342602821189,10624.500010228594
2025-09-23,87,1036.1879,898.9024333333333,1.099,1.0575,0.0,0.0,0.0,0.0,137.28546666666753,0.0,7.105427357601002e-13,10624.500010228594,10471.960602821186
2025-09-23,88,1034.3812666666663,831.80015,0.9913,0.9262,280.79846944444444,0.0,140.39923472222222,0.0,202.5811166666659,5.968558980384843e-13,0.0,10471.960602821186,10246.870473191557
2025-09-23,89,1043.78,793.6062499999999,0.7708,0.6846,1202.0029763888888,270.5827505749313,736.29286348191,20.409000574931675,0.0,4.050093593832571e-13,0.0,10246.870473191557,10265.238573708995
2025-09-23,90,1062.897516666667,807.0136666666667,0.7575,0.7043,1147.3250073902614,244.27528638261683,695.800146886439,0.0,11.60856361738388,0.0,6.821210263296962e-13,10265.238573708995,10252.34016968968
2025-09-23,91,1076.8336166666666,789.0494166666667,0.7846,0.7503,559.7911374999999,331.43449931160853,445.6128184058042,43.650299311607846,0.0,0.0,8.597567102697212e-13,10252.34016968968,10291.625439070129
2025-09-23,92,1063.7416666666666,736.2062500000001,0.7548,0.7367,690.0925472222224,436.93447423948845,563.5135107308554,109.39905757282152,0.0,0.0,3.836930773104541e-13,10291.625439070129,10390.084590885666
2025-09-23,93,1020.0329333333334,717.7256666666667,0.7536,0.8127,575.4146819444446,410.1120572211607,492.7633695828026,107.8047905544938,0.0,0.0,2.557953848736361e-13,10390.084590885666,10487.10890238471
2025-09-23,94,1025.60495,672.6557666666666,0.8148,0.8523,535.5836138888886,388.919944088911,462.2517789888998,35.970760755578034,0.0,6.039613253960853e-13,0.0,10487.10890238471,10519.482587064733
2025-09-23,95,1084.195,590.6125000000001,0.8978,0.8366,578.5446888888887,442.1428019004432,510.3437453946659,0.0,51.439698099556885,0.0,4.973799150320701e-14,10519.482587064733,10462.327366954112
2025-09-23,96,1117.4952,528.06255,0.9325,0.8804,703.2829541666667,523.7248904475149,613.5039223070908,0.0,65.70775955248446,7.247535904753022e-13,0.0,10462.327366954112,10389.31874522913
2025-09-23,97,1108.5640166666667,472.75036666666665,0.9637,0.92,672.2234344027784,570.6929042032243,621.4581693030013,0.0,65.12074579677555,1.8474111129762605e-13,0.0,10389.31874522913,10316.96236101049
2025-09-23,98,1085.4916666666666,417.25625,0.9927,0.9152,683.2819694444444,581.1834042177849,632.2326868311146,0.0,87.05201244888086,8.100187187665142e-13,0.0,10316.96236101049,10220.237902733956
2025-09-23,99,1086.1258833333334,369.77835,0.9735,0.9005,852.4644875000001,687.5392219980963,770.0018547490482,0.0,28.80831133523625,7.709388682997087e-13,0.0,10220.237902733956,10188.228667917028
2025-09-23,100,1075.4214333333332,310.59875,0.9613,0.9281,864.898725381781,766.9451654995257,815.9219454406534,2.122482166192236,0.0,0.0,1.7674750552032495e-13,10188.228667917028,10190.1389018666
2025-09-23,101,1058.285,244.23125,1.0104,0.9928,885.8504198611112,837.4974197604806,861.673919810796,23.44366976048049,0.0,0.0,1.0302869668521453e-13,10190.1389018666,10211.238204651032
2025-09-23,102,1073.5455166666668,196.4585333333333,1.1132,1.0407,864.3991652777775,855.8937958873332,860.1464805825553,0.0,21.19318744600023,1.3500311979441906e-13,0.0,10211.238204651032,10187.69021859992
2025-09-23,103,1066.3225166666666,152.9859,1.1301,1.0656,901.6179744166668,880.1783963895432,890.8981854031051,0.0,33.158220277123654,0.0,1.3500311979441906e-13,10187.69021859992,10150.84775162534
2025-09-23,104,1061.415,105.03125,1.0787,1.0681,971.918809722222,959.3584817312446,965.6386457267332,2.9747317312446997,0.0,2.5313084961453572e-14,0.0,10150.84775162534,10153.52501018346
2025-09-23,105,1111.272333333333,59.40966666666667,1.1143,1.0679,1046.9063472222222,1021.2409041123084,1034.073625667265,0.0,30.62176255435843,0.0,4.618527782440651e-14,10153.52501018346,10119.500829567503
2025-09-23,106,981.0726333333332,21.90731666666667,1.1899,1.1769,918.4117680555554,888.5876517361115,903.4997098958336,0.0,70.57766493055588,0.0,7.815970093361102e-13,10119.500829567503,10041.081201866888
2025-09-23,107,752.645,0.0,1.26,1.3248,102.50607638888904,68.00288454134761,85.25448046511832,0.0,684.6421154586517,6.821210263296962e-13,0.0,10041.081201866888,9280.367740246164
2025-09-23,108,764.32985,0.0,1.3273,1.3204,0.1648263888890824,0.0,0.0824131944445412,0.0,764.32985,0.0,0.0,9280.367740246164,8431.112351357275
2025-09-23,109,830.9645,0.7372333333333333,1.3739,1.302,49.35069305555567,0.2067169523426173,24.778705003949145,0.0,830.0205497143241,0.0,0.0,8431.112351357275,7508.867296119137
2025-09-23,110,834.4166666666666,0.0,1.3863,1.3348,83.0776625000002,65.0905415028285,74.08410200141435,0.0,769.3261251638379,2.273736754432321e-13,0.0,7508.867296119137,6654.060490381539
2025-09-23,111,836.15965,0.0,1.3617,1.3458,89.19567916666688,43.60890894546674,66.40229405606681,0.0,792.5507410545337,0.0,3.410605131648481e-13,6654.060490381539,5773.448555876502
2025-09-23,112,810.4176333333334,0.0529333333333333,1.2989,1.342,40.63379999999995,27.38123445000417,34.00751722500206,0.0,782.9834655499957,1.1368683772161605e-13,0.0,5773.448555876502,4903.466927487618
2025-09-23,113,777.4266666666667,0.0,1.242,1.3489,614.8901138888889,0.0,307.44505694444445,0.0,777.4266666666667,0.0,0.0,4903.466927487618,4039.6595200802094
2025-09-23,114,799.0988833333334,0.0,1.2579,1.3713,47.742983333333314,36.25510814038989,41.9990457368616,0.0,762.8437751929436,0.0,0.0,4039.6595200802094,3192.055325421384
2025-09-23,115,825.5996666666666,0.0038,1.3209,1.3479,719.3889875000001,595.0434761521497,657.2162318260748,0.0,230.5523905145169,1.1368683772161605e-13,0.0,3192.055325421384,2935.8860026274765
2025-09-23,116,817.8166666666666,0.0,1.3658,1.2973,829.7116000000001,788.8640567068196,809.2878283534099,0.0,28.952609959846907,8.881784197001252e-14,0.0,2935.8860026274765,2903.7164360054244
2025-09-23,117,786.83635,0.0,1.3425,1.3023,770.1612500000001,770.1612500000001,770.1612500000001,0.0,16.67509999999993,0.0,0.0,2903.7164360054244,2885.188547116536
2025-09-23,118,784.2191666666666,0.0002666666666666,1.3213,1.316,750.1830041666667,750.1830041666667,750.1830041666667,0.0,34.03589583333314,1.1368683772161605e-13,0.0,2885.188547116536,2847.3708850794987
2025-09-23,119,811.9116666666667,0.0,1.3115,1.3178,764.0499333333335,748.7638461736191,756.4068897534762,0.0,63.14782049304763,4.263256414560601e-14,0.0,2847.3708850794987,2777.206640087224
2025-09-23,120,827.1781166666666,0.0,1.2687,1.3307,700.9747305555555,700.9747305555555,700.9747305555555,0.0,126.20338611111124,0.0,1.8474111129762605e-13,2777.206640087224,2636.980655519322
2025-09-23,121,843.5677000000001,0.0,1.2951,1.32,743.2609472222222,714.9237217405306,729.0923344813764,0.0,128.64397825946966,0.0,1.9895196601282805e-13,2636.980655519322,2494.0429018976893
2025-09-23,122,839.7083333333334,0.0,1.3829,1.3141,759.2413930555557,746.6504253472225,752.9459092013891,0.0,93.05790798611083,4.263256414560601e-14,0.0,2494.0429018976893,2390.645226357566
2025-09-23,123,784.8952833333333,0.0,1.3866,1.3525,321.975185341924,298.52392212220246,310.2495537320632,0.0,486.3713612111309,0.0,1.1368683772161605e-13,2390.645226357566,1850.232602789643
2025-09-23,124,801.6618,0.0,1.2125,1.2229,785.524423611111,781.5893788375454,783.5569012243282,0.0,20.072421162454614,0.0,2.4868995751603507e-14,1850.232602789643,1827.9299126091375
2025-09-23,125,869.2166666666667,0.0,0.9884,0.993,891.0710398129823,810.225740191865,850.6483900024236,0.0,58.99092647480168,0.0,2.131628207280301e-14,1827.9299126091375,1762.384438748247
2025-09-23,126,842.5243833333334,0.0,0.9549,0.9633,896.6869347222222,846.6242515513443,871.6555931367832,4.099868218010871,0.0,0.0,2.5757174171303632e-14,1762.384438748247,1766.0743201444568
2025-09-23,127,804.5951833333334,0.0,0.9828,0.9991,888.3347569444445,804.041803507536,846.1882802259902,0.0,0.5533798257973104,6.816769371198461e-14,0.0,1766.0743201444568,1765.459453671349
2025-09-23,128,813.3816666666667,0.0,1.0059,1.0389,853.7313847222223,762.4722594295447,808.1018220758835,0.0,50.90940723712206,0.0,9.237055564881302e-14,1765.459453671349,1708.893445630102
2025-09-23,129,829.8691333333333,0.0,1.0449,1.1088,831.8661944444443,799.1520216700183,815.5091080572313,0.0,30.717111663314903,8.881784197001252e-14,0.0,1708.893445630102,1674.763321559752
2025-09-23,130,768.1864999999999,0.0,0.8538,0.8678,821.4345402777777,769.0535663015866,795.2440532896821,0.8670663015866213,0.0,0.0,2.5313084961453572e-14,1674.763321559752,1675.54368123118
2025-09-23,131,639.2433333333333,0.0,0.5154,0.4674,733.707973611111,733.707973611111,733.707973611111,94.46464027777766,0.0,0.0,1.4210854715202004e-14,1675.54368123118,1760.56185748118
2025-09-23,132,553.4415666666666,0.0,0.3997,0.4348,685.6611164437589,685.6611164437589,685.6611164437589,132.21954977709223,0.0,0.0,5.684341886080803e-14,1760.56185748118,1879.559452280563
2025-09-23,133,582.6785666666666,0.0,0.4421,0.4709,617.6029444444445,617.6029444444445,617.6029444444445,34.92437777777796,0.0,9.947598300641405e-14,0.0,1879.559452280563,1910.991392280563
2025-09-23,134,647.2066666666666,0.0,0.4839,0.4254,1221.2197230795618,1221.2197230795618,1221.2197230795618,574.0130564128953,0.0,0.0,0.0,1910.991392280563,2427.603143052169
2025-09-23,135,596.69985,0.0,0.4396,0.4529,645.44095,645.44095,645.44095,48.74109999999998,0.0,0.0,9.237055564881302e-14,2427.603143052169,2471.470133052169
2025-09-23,136,555.3522833333333,0.0,0.4292,0.4843,552.2975805555554,552.2975805555554,552.2975805555554,0.0,3.054702777777948,0.0,1.1368683772161605e-13,2471.470133052169,2468.076018854638
2025-09-23,137,569.35,0.0,0.4608,0.4709,603.1075097222223,603.1075097222223,603.1075097222223,33.757509722222494,0.0,2.273736754432321e-13,0.0,2468.076018854638,2498.457777604638
2025-09-23,138,564.6558666666666,0.0,0.4279,0.4436,634.2298013888889,634.2298013888889,634.2298013888889,69.57393472222218,0.0,0.0,7.105427357601003e-14,2498.457777604638,2561.074318854638
2025-09-23,139,576.5015666666667,0.0,0.4124,0.4301,659.3057361111111,659.3057361111111,659.3057361111111,82.80416944444418,0.0,0.0,1.8474111129762605e-13,2561.074318854638,2635.598071354638
2025-09-23,140,610.3249999999999,0.0,0.4355,0.4358,733.0489513888889,733.0489513888889,733.0489513888889,122.72395138888896,0.0,0.0,0.0,2635.598071354638,2746.049627604638
2025-09-23,141,617.0673,0.0,0.4312,0.4482,639.6468375000001,639.6468375000001,639.6468375000001,22.579537500000196,0.0,1.7763568394002505e-13,0.0,2746.049627604638,2766.371211354638
2025-09-23,142,568.2980833333334,0.0,0.4204,0.4624,616.3726375000001,616.3726375000001,616.3726375000001,48.07455416666673,0.0,0.0,2.8421709430404014e-14,2766.371211354638,2809.638310104638
2025-09-23,143,524.6016666666667,0.0,0.4259,0.4693,637.3184097222222,637.3184097222222,637.3184097222222,112.71674305555533,0.0,0.0,1.9895196601282805e-13,2809.638310104638,2911.083378854638
2025-12-21,0,596.0177166666666,0.0,0.4264,0.4011,588.3141291666667,588.3141291666667,588.3141291666667,0.0,0.0,7.703587499999912,0.0,1597.2053540510465,1597.2053540510465
2025-12-21,1,589.6451666666667,0.0,0.4293,0.3949,556.8667958333334,556.8667958333334,556.8667958333334,0.0,0.0,32.77837083333327,0.0,1597.2053540510465,1597.2053540510465
2025-12-21,2,578.6833333333333,0.0,0.4388,0.4375,567.1712291666666,567.1712291666666,567.1712291666666,0.0,0.0,11.512104166666631,0.0,1597.2053540510465,1597.2053540510465
2025-12-21,3,564.7100333333334,0.0,0.4138,0.4356,608.3540625,608.3540625,608.3540625,43.64402916666677,0.0,1.1368683772161605e-13,0.0,1597.2053540510465,1636.4849803010466
2025-12-21,4,549.9038833333333,0.0,0.41,0.4318,621.8986625,621.8986625,621.8986625,71.99477916666663,0.0,0.0,8.526512829121202e-14,1636.4849803010466,1701.2802815510463
2025-12-21,5,558.21,0.0,0.4471,0.459,604.0845625000001,604.0845625000001,604.0845625000001,45.87456250000009,0.0,6.394884621840903e-14,0.0,1701.2802815510463,1742.5673878010466
2025-12-21,6,610.3485166666667,0.0,0.4797,0.4935,605.7556222222222,605.7556222222222,605.7556222222222,0.0,0.0,4.592894444444482,0.0,1742.5673878010466,1742.5673878010466
2025-12-21,7,633.23595,0.0,0.4466,0.4731,604.8034722222221,604.8034722222221,604.8034722222221,0.0,0.0,28.43247777777788,0.0,1742.5673878010466,1742.5673878010466
2025-12-21,8,622.6966666666666,0.0,0.3961,0.4223,598.5642055555556,598.5642055555556,598.5642055555556,0.0,0.0,24.13246111111096,0.0,1742.5673878010466,1742.5673878010466
2025-12-21,9,637.4892666666666,0.0,0.4368,0.4271,600.0973055555555,600.0973055555555,600.0973055555555,0.0,0.0,37.39196111111107,0.0,1742.5673878010466,1742.5673878010466
2025-12-21,10,622.368,0.0,0.475,0.4385,609.4762555555556,609.4762555555556,609.4762555555556,0.0,0.0,12.891744444444498,0.0,1742.5673878010466,1742.5673878010466
2025-12-21,11,597.8583333333333,0.0,0.4651,0.4278,618.4958722222223,618.4958722222223,618.4958722222223,20.637538888888937,0.0,2.4868995751603507e-14,0.0,1742.5673878010466,1761.1411728010469
2025-12-21,12,642.7462333333334,0.0,0.455,0.4202,620.983,620.983,620.983,0.0,0.0,21.76323333333346,0.0,1761.1411728010469,1761.1411728010469
2025-12-21,13,653.8691166666666,0.0,0.4629,0.4345,634.8205166666667,634.8205166666667,634.8205166666667,0.0,0.0,19.048599999999965,0.0,1761.1411728010469,1761.1411728010469
2025-12-21,14,621.75,0.0,0.4713,0.4615,658.2717,658.2717,658.2717,36.52169999999993,0.0,0.0,7.815970093361102e-14,1761.1411728010469,1794.0107028010466
2025-12-21,15,636.6433333333333,0.0,0.4513,0.4725,668.1108333333334,668.1108333333334,668.1108333333334,31.467500000000097,0.0,1.0658141036401504e-14,0.0,1794.0107028010466,1822.331452801047
2025-12-21,16,631.9107333333333,0.0,0.4352,0.461,663.41755,663.41755,663.41755,31.50681666666666,0.0,0.0,7.815970093361102e-14,1822.331452801047,1850.687587801047
2025-12-21,17,625.2883333333333,0.0,0.4577,0.4486,650.3933666666667,650.3933666666667,650.3933666666667,25.105033333333417,0.0,3.5527136788005016e-14,0.0,1850.687587801047,1873.2821178010468
2025-12-21,18,696.7576833333333,0.0,0.5147,0.4661,640.6128222222223,640.6128222222223,640.6128222222223,0.0,0.0,56.14486111111091,0.0,1873.2821178010468,1873.2821178010468
2025-12-21,19,685.8887833333333,0.0,0.5083,0.491,656.8114722222222,656.8114722222222,656.8114722222222,0.0,0.0,29.07731111111116,0.0,1873.2821178010468,1873.2821178010468
2025-12-21,20,624.79,0.0,0.4686,0.4795,673.8358388888889,673.8358388888889,673.8358388888889,49.04583888888889,0.0,0.0,7.815970093361102e-14,1873.2821178010468,1917.4233728010468
2025-12-21,21,703.4143,0.0,0.5119,0.4168,643.6671222222221,643.6671222222221,643.6671222222221,0.0,0.0,59.74717777777789,0.0,1917.4233728010468,1917.4233728010468
2025-12-21,22,737.3209499999999,0.0,0.5023,0.4289,634.0176722222222,634.0176722222222,634.0176722222222,0.0,0.0,103.30327777777768,0.0,1917.4233728010468,1917.4233728010468
2025-12-21,23,679.8583333333333,0.0,0.4324,0.5035,658.2275055555556,658.2275055555556,658.2275055555556,0.0,0.0,21.630827777777768,0.0,1917.4233728010468,1917.4233728010468
2025-12-21,24,673.1570666666667,0.0,0.4412,0.5068,668.4379250000001,668.4379250000001,668.4379250000001,0.0,0.0,4.719141666666587,0.0,1917.4233728010468,1917.4233728010468
2025-12-21,25,680.3992333333333,0.0,0.4805,0.5047,678.415575,678.415575,678.415575,0.0,0.0,1.983658333333324,0.0,1917.4233728010468,1917.4233728010468
2025-12-21,26,677.4783333333334,0.0,0.5015,0.5212,705.820825,705.820825,705.820825,28.342491666666724,0.0,6.394884621840903e-14,0.0,1917.4233728010468,1942.9316153010468
2025-12-21,27,686.9797333333332,0.0,0.5024,0.5129,731.3926083333333,731.3926083333333,731.3926083333333,44.41287500000018,0.0,8.526512829121202e-14,0.0,1942.9316153010468,1982.903202801047
2025-12-21,28,680.6025666666667,0.0,0.4798,0.5383,716.4540416666666,716.4540416666666,716.4540416666666,35.851474999999986,0.0,4.973799150320701e-14,0.0,1982.903202801047,2015.169530301047
2025-12-21,29,672.0516666666666,0.0,0.4753,0.5822,681.8774916666666,681.8774916666666,681.8774916666666,9.825825000000098,0.0,8.881784197001252e-14,0.0,2015.169530301047,2024.012772801047
2025-12-21,30,702.9903666666668,0.0003833333333333,0.535,0.5628,679.4696944444445,679.4696944444445,679.4696944444445,0.0,0.0,23.5202888888889,0.0,2024.012772801047,2024.012772801047
2025-12-21,31,708.8747333333334,0.0,0.5436,0.5308,683.2535611111113,683.2535611111113,683.2535611111113,0.0,0.0,25.621172222222185,0.0,2024.012772801047,2024.012772801047
2025-12-21,32,677.7633333333333,0.0,0.468,0.4909,670.4399777777778,670.4399777777778,670.4399777777778,0.0,0.0,7.323355555555507,0.0,2024.012772801047,2024.012772801047
2025-12-21,33,679.6296833333333,0.0052666666666666,0.4338,0.4435,680.4554111111112,680.4554111111112,680.4554111111112,0.8309944444444126,0.0,0.0,1.0103029524088925e-13,2024.012772801047,2024.760667801047
2025-12-21,34,786.2857666666667,0.0,0.6915,0.6694,761.2591944444446,761.2591944444446,761.2591944444446,0.0,0.0,25.02657222222217,0.0,2024.760667801047,2024.760667801047
2025-12-21,35,915.1083333333332,0.0,1.0594,1.0362,868.1249777777779,868.1249777777779,868.1249777777779,0.0,22.28460102094232,24.698754534613045,0.0,2024.760667801047,2000.0
2025-12-21,36,906.553,0.0734333333333333,1.081,1.0928,899.9805791666666,899.9805791666666,899.9805791666666,0.0,6.498987499999953,4.5297099404706393e-14,0.0,2000.0,1992.7789027777776
2025-12-21,37,901.3054166666668,0.0,1.0359,1.0406,887.2224291666666,885.0308602987404,886.1266447327035,0.0,16.27455636792629,0.0,2.4868995751603507e-14,1992.7789027777776,1974.6960623689708
2025-12-21,38,931.175,0.0,1.0597,1.0412,878.5327958333332,878.5327958333332,878.5327958333332,0.0,52.64220416666683,0.0,0.0,1974.6960623689708,1916.204724406008
2025-12-21,39,891.8811000000001,1.0227666666666666,1.0176,1.0564,888.3482625,888.3482625,888.3482625,0.0,2.5100708333333386,0.0,2.2648549702353197e-14,1916.204724406008,1913.415756813415
2025-12-21,40,872.2081666666667,0.0,1.0168,1.0822,907.7915458333332,907.7915458333332,907.7915458333332,35.58337916666662,0.0,8.526512829121202e-14,0.0,1913.415756813415,1945.440798063415
2025-12-21,41,895.6999999999999,0.0,1.0595,1.0953,912.4794625,912.4794625,912.4794625,16.779462500000033,0.0,1.0658141036401504e-14,0.0,1945.440798063415,1960.542314313415
2025-12-21,42,893.4640166666667,28.780483333333333,1.0282,1.0616,840.2486944444444,840.2486944444444,840.2486944444444,0.0,24.434838888889043,0.0,6.750155989720953e-14,1960.542314313415,1933.3924933257608
2025-12-21,43,886.8849333333333,70.00593333333333,0.9987,1.0199,783.8890833333335,783.8890833333335,783.8890833333335,0.0,32.98991666666643,0.0,0.0,1933.3924933257608,1896.737030362798
2025-12-21,44,871.9533333333334,115.1125,0.9724,0.9526,744.8497722222222,744.8497722222222,744.8497722222222,0.0,11.991061111111298,0.0,9.059419880941277e-14,1896.737030362798,1883.4136291282296
2025-12-21,45,844.3141166666666,166.12295,0.9109,0.8551,699.5445777777777,699.5445777777777,699.5445777777777,21.353411111111,0.0,0.0,8.881784197001252e-14,1883.4136291282296,1902.6316991282297
2025-12-21,46,981.5207666666666,212.7854166666667,1.0903,1.0542,756.79175,756.79175,756.79175,0.0,11.943599999999902,4.440892098500626e-14,0.0,1902.6316991282297,1889.3610324615631
2025-12-21,47,1196.7983333333334,256.64375,1.4063,1.4291,876.9604055555556,876.9604055555556,876.9604055555556,0.0,63.19417777777792,0.0,2.131628207280301e-14,1889.3610324615631,1819.1452793751432
2025-12-21,48,1209.0585,310.02568333333335,1.4458,1.4903,890.5979819444447,890.5979819444447,890.5979819444447,0.0,8.434834722222012,0.0,9.059419880941277e-14,1819.1452793751432,1809.7732407948963
2025-12-21,49,1192.14925,368.6034333333334,1.3908,1.3909,840.796984722222,840.796984722222,840.796984722222,17.251168055555453,0.0,9.947598300641405e-14,0.0,1809.7732407948963,1825.2992920448964
2025-12-21,50,1227.835,429.9375,1.3742,1.3327,789.7145708333334,789.7145708333334,789.7145708333334,0.0,8.182929166666828,0.0,4.618527782440651e-14,1825.2992920448964,1816.2071485263775
2025-12-21,51,1222.1887666666669,492.19645,1.345,1.3594,753.0797236111113,753.0797236111113,753.0797236111113,23.087406944444712,0.0,7.460698725481053e-14,0.0,1816.2071485263775,1836.985814776378
2025-12-21,52,1212.6767166666666,532.6005833333334,1.3284,1.358,714.427959722222,714.427959722222,714.427959722222,34.351826388888945,0.0,7.815970093361102e-14,0.0,1836.985814776378,1867.902458526378
2025-12-21,53,1209.275,556.93125,1.3231,1.2951,663.9376791666667,663.9376791666667,663.9376791666667,11.593929166666738,0.0,0.0,1.0125233984581429e-13,1867.902458526378,1878.336994776378
2025-12-21,54,1179.4681,595.46445,1.2929,1.2431,615.5098263888892,615.5098263888892,615.5098263888892,31.506176388889397,0.0,4.973799150320701e-14,0.0,1878.336994776378,1906.6925535263783
2025-12-21,55,1169.02805,641.3426833333333,1.2522,1.2292,585.7074041666667,585.7074041666667,585.7074041666667,58.0220374999999,0.0,0.0,0.0,1906.6925535263783,1958.9123872763785
2025-12-21,56,1191.765,686.1,1.2211,1.2377,559.8706319444444,559.8706319444444,559.8706319444444,54.20563194444437,0.0,2.131628207280301e-14,0.0,1958.9123872763785,2007.6974560263784
2025-12-21,57,1209.90835,728.4494833333333,1.2184,1.2424,505.1020763888892,505.1020763888892,505.1020763888892,23.64320972222256,0.0,2.4868995751603507e-14,0.0,2007.6974560263784,2028.9763447763787
2025-12-21,58,1190.447,763.8465500000001,1.2822,1.2925,443.6821708333332,443.6821708333332,443.6821708333332,17.081720833333392,0.0,0.0,1.2789769243681806e-13,2028.9763447763787,2044.3498935263788
2025-12-21,59,1152.0383333333332,791.7312499999999,1.3753,1.3832,401.2223319444446,401.2223319444446,401.2223319444446,40.91524861111136,0.0,2.131628207280301e-14,0.0,2044.3498935263788,2081.173617276379
2025-12-21,60,1145.5621333333331,814.3685166666668,1.4027,1.4377,410.9182152777778,410.9182152777778,410.9182152777778,79.7245986111112,0.0,9.947598300641405e-14,0.0,2081.173617276379,2152.925756026379
2025-12-21,61,1152.1980833333334,826.1046500000001,1.3591,1.391,408.9776986111111,408.9776986111111,408.9776986111111,82.88426527777776,0.0,0.0,2.8421709430404014e-14,2152.925756026379,2227.521594776379
2025-12-21,62,1158.5783333333334,826.7937499999999,1.3321,1.3346,375.69319861111103,375.69319861111103,375.69319861111103,43.90861527777765,0.0,0.0,4.973799150320701e-14,2227.521594776379,2267.039348526379
2025-12-21,63,1173.44865,824.36915,1.3769,1.3911,321.79768194444443,321.79768194444443,321.79768194444443,0.0,27.281818055555824,0.0,9.237055564881302e-14,2267.039348526379,2236.726217353539
2025-12-21,64,1199.1954,828.13465,1.1651,1.2198,330.92414861111115,330.92414861111115,330.92414861111115,0.0,40.136601388888906,4.263256414560601e-14,0.0,2236.726217353539,2192.129993588107
2025-12-21,65,1211.1033333333332,829.86875,0.8057,0.8645,362.6121486111112,362.6121486111112,362.6121486111112,0.0,18.622434722222216,0.0,9.237055564881302e-14,2192.129993588107,2171.438399452305
2025-12-21,66,1180.0967333333333,817.9991,0.7611,0.7364,290.60950138888904,290.60950138888904,290.60950138888904,0.0,71.48813194444452,0.0,1.4210854715202006e-13,2171.438399452305,2092.007141736255
2025-12-21,67,1158.1015666666667,835.8504166666667,0.7807,0.7162,221.3688319444444,221.3688319444444,221.3688319444444,0.0,100.8823180555555,1.4210854715202004e-14,0.0,2092.007141736255,1979.9156772300823
2025-12-21,68,1159.0266666666666,876.05625,0.7378,0.6995,217.1850958333333,217.1850958333333,217.1850958333333,0.0,65.78532083333334,0.0,0.0,1979.9156772300823,1906.8208763041564
2025-12-21,69,1143.3451,891.3363666666668,0.7527,0.7193,236.20267638888905,236.20267638888905,236.20267638888905,0.0,15.806056944444254,0.0,4.618527782440651e-14,1906.8208763041564,1889.2585908103292
2025-12-21,70,1094.3222833333332,929.6148666666668,0.7117,0.7467,213.6484736111112,213.6484736111112,213.6484736111112,48.941056944444576,0.0,0.0,7.815970093361102e-14,1889.2585908103292,1933.3055420603296
2025-12-21,71,1055.15,981.8,0.6418,0.7288,148.8762875000001,137.12301006219514,142.99964878109762,63.77301006219543,0.0,0.0,2.8421709430404014e-14,1933.3055420603296,1990.7012511163052
2025-12-21,72,1083.6438333333333,984.1491333333332,0.6936,0.6481,107.90293888888893,111.91839063243413,113.92611650420672,12.423690632434347,0.0,7.460698725481053e-14,0.0,1990.7012511163052,2001.8825726854964
2025-12-21,73,1086.7224,978.0274166666668,0.7105,0.6457,110.90978611111098,138.01686946530674,151.57041114240462,29.32188613197341,0.0,0.0,1.2789769243681806e-13,2001.8825726854964,2028.2722702042724
2025-12-21,74,1045.5516666666667,977.45,0.6294,0.6767,112.60773333333329,133.64136855129664,144.15818616027832,65.53970188462952,0.0,0.0,1.9895196601282805e-13,2028.2722702042724,2087.258001900439
2025-12-21,75,1039.1261166666666,953.79435,0.5829,0.5991,63.55876388888885,928.28576984477,1360.6492728227104,833.3333333333333,0.0,0.0,9.620669844769964,2087.258001900439,2837.258001900439
2025-12-21,76,1085.4605,924.9784,0.7799,0.76,81.54517777777767,122.02127669562584,142.2593261545499,0.0,38.46082330437412,0.0,0.0,2837.258001900439,2794.523753784468
2025-12-21,77,1139.4066666666663,898.40625,1.0833,1.0778,158.1953749999998,158.1953749999998,158.1953749999998,0.0,82.80504166666692,0.0,1.8474111129762605e-13,2794.523753784468,2702.518151932616
2025-12-21,78,1132.8891,868.5766166666667,1.1248,1.1025,189.86939583333333,189.86939583333333,189.86939583333333,0.0,74.44308750000005,0.0,0.0,2702.518151932616,2619.803610265949
2025-12-21,79,1092.3976,867.0114333333332,1.0564,1.1048,194.2076097222225,194.2076097222225,194.2076097222225,0.0,31.178556944444427,0.0,4.618527782440651e-14,2619.803610265949,2585.160769216566
2025-12-21,80,1058.3466666666666,881.3249999999999,1.0304,1.1633,209.97989027777797,209.97989027777797,209.97989027777797,32.95822361111126,0.0,7.815970093361102e-14,0.0,2585.160769216566,2614.8231704665664
2025-12-21,81,1055.568,863.0583,1.0675,1.0922,221.18737083333315,221.18737083333315,221.18737083333315,28.677670833333448,0.0,2.522426711948356e-13,0.0,2614.8231704665664,2640.6330742165665
2025-12-21,82,1085.9077333333332,832.2836166666666,1.1926,1.1474,227.77811805555564,227.77811805555564,227.77811805555564,0.0,25.845998611110964,0.0,9.237055564881302e-14,2640.6330742165665,2611.9152979819987
2025-12-21,83,1109.8016666666667,807.9187499999999,1.3352,1.344,240.8783819444444,240.8783819444444,240.8783819444444,0.0,61.004534722222296,9.237055564881302e-14,0.0,2611.9152979819987,2544.132481623974
2025-12-21,84,1079.1305666666667,784.2339833333334,1.3689,1.4151,297.3267722222222,297.3267722222222,297.3267722222222,2.430188888889057,0.0,5.0626169922907145e-14,0.0,2544.132481623974,2546.319651623974
2025-12-21,85,1051.8516166666666,734.1358666666666,1.3382,1.3903,368.1162194444448,368.1162194444448,368.1162194444448,50.40046944444485,0.0,0.0,1.2789769243681806e-13,2546.319651623974,2591.6800741239745
2025-12-21,86,1048.9283333333333,664.7312499999999,1.3596,1.3993,420.99051666666674,420.99051666666674,420.99051666666674,36.79343333333337,0.0,9.947598300641405e-14,0.0,2591.6800741239745,2624.7941641239745
2025-12-21,87,1040.18125,609.7969166666667,1.4656,1.4851,424.5145805555554,424.5145805555554,424.5145805555554,0.0,5.869752777778058,0.0,1.820765760385257e-13,2624.7941641239745,2618.27221659311
2025-12-21,88,1044.6055,553.5727499999999,1.2648,1.2822,460.73252777777793,460.73252777777793,460.73252777777793,0.0,30.300222222222057,0.0,2.4868995751603507e-14,2618.27221659311,2584.6053030128637
2025-12-21,89,1051.4716666666666,492.93125,0.8874,0.9065,535.8912416666667,574.1548112104855,593.2865959823948,15.61439454381899,0.0,1.0125233984581429e-13,0.0,2584.6053030128637,2598.6582581023004
2025-12-21,90,1030.7194166666666,444.2658333333333,0.882,0.8663,588.5025152777774,658.0214687443284,692.780945477604,71.56788541099507,0.0,0.0,5.684341886080803e-14,2598.6582581023004,2663.069354972196
2025-12-21,91,1041.5735,400.7674166666666,0.9712,0.916,613.9409791666668,613.9409791666668,613.9409791666668,0.0,26.86510416666638,8.881784197001252e-14,0.0,2663.069354972196,2633.2192392314555
2025-12-21,92,1068.8316666666667,361.14375,0.9596,0.9176,661.0066763888888,661.0066763888888,661.0066763888888,0.0,46.68124027777781,1.7763568394002505e-13,0.0,2633.2192392314555,2581.351194478369
2025-12-21,93,1038.2059166666666,329.51135,0.9392,0.9832,751.1518236111108,751.1518236111108,751.1518236111108,42.45725694444445,0.0,2.273736754432321e-13,0.0,2581.351194478369,2619.562725728369
2025-12-21,94,1023.3541333333332,286.50898333333333,0.9693,1.0203,801.2975375000001,801.2975375000001,801.2975375000001,64.45238750000044,0.0,2.273736754432321e-13,0.0,2619.562725728369,2677.569874478369
2025-12-21,95,1031.736666666667,235.80625,1.0104,0.9973,801.5247680555555,801.5247680555555,801.5247680555555,5.594351388888551,0.0,0.0,2.0250467969162853e-13,2677.569874478369,2682.604790728369
2025-12-21,96,1001.224,199.8421333333333,0.98,0.9917,801.2162805555557,801.2162805555557,801.2162805555557,0.0,0.1655861111109061,9.095502129241596e-14,0.0,2682.604790728369,2682.420806160468
2025-12-21,97,1003.6383666666668,160.99521666666666,0.9673,1.0495,839.1314916666663,839.1314916666663,839.1314916666663,0.0,3.511658333333571,1.1368683772161605e-13,0.0,2682.420806160468,2678.5189635678757
2025-12-21,98,1038.5466666666666,113.4375,1.0182,1.1255,902.1482194444444,902.1482194444444,902.1482194444444,0.0,22.96094722222233,0.0,0.0,2678.5189635678757,2653.0067999876283
2025-12-21,99,1029.6313666666667,69.83856666666667,1.0861,1.1304,982.1433972222228,982.1433972222228,982.1433972222228,22.35059722222256,0.0,0.0,7.460698725481053e-14,2653.0067999876283,2673.122337487629
2025-12-21,100,1021.8329333333332,28.96875,1.1066,1.1246,1009.8326916666664,1009.8326916666664,1009.8326916666664,16.968508333333272,0.0,1.0658141036401504e-14,0.0,2673.122337487629,2688.3939949876285
2025-12-21,101,1028.7966666666666,0.0,1.0879,1.1304,1009.5260194444444,1009.5260194444444,1009.5260194444444,0.0,19.27064722222235,0.0,1.1368683772161605e-13,2688.3939949876285,2666.982164740715
2025-12-21,102,1018.6957,0.0,1.0972,1.1168,1039.0722652777777,1039.0722652777777,1039.0722652777777,20.376565277777747,0.0,1.8829382497642652e-13,0.0,2666.982164740715,2685.3210734907148
2025-12-21,103,1026.7837833333333,1.0334833333333333,1.1283,1.1414,1054.0557986111112,1054.0557986111112,1054.0557986111112,28.30549861111144,0.0,1.7763568394002505e-13,0.0,2685.3210734907148,2710.796022240715
2025-12-21,104,1056.4616666666668,0.0,1.1382,1.171,1048.8699652777775,1048.8699652777775,1048.8699652777775,0.0,7.59170138888926,0.0,1.820765760385257e-13,2710.796022240715,2702.3607984752825
2025-12-21,105,1048.3491333333334,0.0,1.103,1.126,1059.058148611111,1059.058148611111,1059.058148611111,10.709015277777528,0.0,0.0,2.4868995751603507e-14,2702.3607984752825,2711.9989122252823
2025-12-21,106,898.8176333333334,0.0742,1.1407,1.1828,920.5661319444446,920.5661319444446,920.5661319444446,21.82269861111106,0.0,0.0,8.881784197001252e-14,2711.9989122252823,2731.6393409752823
2025-12-21,107,712.6333333333333,0.0,1.2479,1.3157,718.4966319444445,718.4966319444445,718.4966319444445,5.863298611111026,0.0,0.0,1.6431300764452317e-13,2731.6393409752823,2736.916309725282
2025-12-21,108,715.4144500000001,0.0,1.2957,1.3124,719.2475986111111,719.2475986111111,719.2475986111111,3.833148611111028,0.0,0.0,0.0,2736.916309725282,2740.366143475282
2025-12-21,109,748.2732666666667,0.0053333333333333,1.2826,1.277,743.1024819444445,743.1024819444445,743.1024819444445,0.0,5.16545138888896,0.0,9.14823772291129e-14,2740.366143475282,2734.6267530431837
2025-12-21,110,730.0083333333333,0.0,1.238,1.2714,698.7626652777778,698.7626652777778,698.7626652777778,0.0,31.245668055555324,1.5987211554602254e-13,0.0,2734.6267530431837,2699.9093440925662
2025-12-21,111,734.3443833333334,0.0,1.2107,1.2694,685.9209652777779,685.9209652777779,685.9209652777779,0.0,48.42341805555534,2.0605739337042905e-13,0.0,2699.9093440925662,2646.1055462530603
2025-12-21,112,750.0835999999999,0.0003833333333333,1.3293,1.3793,701.3519319444445,701.3519319444445,701.3519319444445,0.0,48.73128472222188,2.0605739337042905e-13,0.0,2646.1055462530603,2591.9596743394804
2025-12-21,113,748.46,0.0,1.5214,1.5267,720.3643319444444,701.5253911917965,710.9448615681205,0.0,46.9346088082033,2.0605739337042905e-13,0.0,2591.9596743394804,2539.8101089970323
2025-12-21,114,722.4832333333334,0.0,1.5659,1.5127,730.3964680555555,705.7519780226817,718.0742230391186,0.0,16.731255310651523,1.8118839761882557e-13,0.0,2539.8101089970323,2521.21982531853
2025-12-21,115,726.1655166666666,0.0,1.5266,1.5058,740.4609180555555,707.4036013888888,723.9322597222222,0.0,18.761915277777828,0.0,2.4868995751603507e-14,2521.21982531853,2500.3732527876664
2025-12-21,116,744.4316666666667,0.0,1.4847,1.561,741.7065013888888,706.2882450809731,723.9973732349309,0.0,38.14342158569352,1.3500311979441906e-13,0.0,2500.3732527876664,2457.991673248007
2025-12-21,117,716.9286999999999,0.0,1.4671,1.563,718.2395180555555,592.3494126869012,655.2944653712284,0.0,124.57928731309876,0.0,7.105427357601003e-14,2457.991673248007,2319.5702429001194
2025-12-21,118,733.1194999999999,0.0,1.5039,1.5391,715.1405180555556,684.6066108999671,699.8735644777614,0.0,48.51288910003273,6.394884621840903e-14,0.0,2319.5702429001194,2265.667032788972
2025-12-21,119,780.2683333333333,0.0,1.5483,1.5267,743.4198347222223,718.5699691261547,730.9949019241885,0.0,61.69836420717871,0.0,4.973799150320701e-14,2265.667032788972,2197.113294780996
2025-12-21,120,747.5859,0.0,1.5137,1.5268,762.7097972222223,742.6090625000002,752.6594298611112,0.0,4.976837500000011,0.0,1.3677947663381929e-13,2197.113294780996,2191.583475336551
2025-12-21,121,692.8171000000001,0.0,1.4654,1.5137,742.4933805555556,721.7539888888888,732.1236847222222,28.93688888888846,0.0,0.0,2.273736754432321e-13,2191.583475336551,2217.6266753365508
2025-12-21,122,681.7516666666667,0.0,1.488,1.5229,703.2123138888888,659.2630975723134,681.2377057306012,0.0,22.48856909435317,6.750155989720953e-14,0.0,2217.6266753365508,2192.639376342825
2025-12-21,123,720.3711,0.0,1.5616,1.5687,703.0718472222223,0.0,351.53592361111123,0.0,720.3711,0.0,0.0,2192.639376342825,1392.2270430094918
2025-12-21,124,722.8001666666668,0.0,1.3465,1.3356,720.4661638888889,720.4661638888889,720.4661638888889,0.0,2.3340027777777776,9.103828801926285e-14,0.0,1392.2270430094918,1389.6337065897387
2025-12-21,125,690.7433333333333,0.0,0.9601,0.9663,729.1056472222223,729.1056472222223,729.1056472222223,38.36231388888892,0.0,0.0,1.4210854715202004e-14,1389.6337065897387,1424.1597890897388
2025-12-21,126,704.5435000000001,0.0,0.8829,0.9413,729.7286680555554,729.7286680555554,729.7286680555554,25.1851680555554,0.0,7.460698725481053e-14,0.0,1424.1597890897388,1446.8264403397386
2025-12-21,127,721.1607166666666,0.0,0.9151,0.9456,727.3365847222221,727.3365847222221,727.3365847222221,6.175868055555485,0.0,0.0,1.2434497875801752e-14,1446.8264403397386,1452.3847215897383
2025-12-21,128,726.305,0.0,0.9345,0.898,740.7541847222221,740.7541847222221,740.7541847222221,14.449184722222222,0.0,3.7303493627405266e-14,0.0,1452.3847215897383,1465.3889878397383
2025-12-21,129,739.5190333333334,0.0,0.9815,0.9931,755.2562680555554,755.2562680555554,755.2562680555554,15.73723472222203,0.0,0.0,3.907985046680551e-14,1465.3889878397383,1479.5524990897384
2025-12-21,130,678.4992333333333,0.0,0.7546,0.802,685.0260347222221,685.0260347222221,685.0260347222221,6.526801388888796,0.0,2.4868995751603507e-14,0.0,1479.5524990897384,1485.4266203397383
2025-12-21,131,572.4,0.0,0.4001,0.4237,572.3241847222222,589.7632121487264,598.4827258619787,17.363212148726333,0.0,0.0,1.2789769243681806e-13,1485.4266203397383,1501.053511273592
2025-12-21,132,545.0923166666666,0.0,0.4032,0.421,553.9614986111111,553.9614986111111,553.9614986111111,8.869181944444335,0.0,0.0,1.1368683772161605e-13,1501.053511273592,1509.035775023592
2025-12-21,133,550.8361333333334,0.0,0.4747,0.476,570.8650652777777,570.8650652777777,570.8650652777777,20.02893194444444,0.0,7.460698725481053e-14,0.0,1509.035775023592,1527.061813773592
2025-12-21,134,542.6,0.0,0.4323,0.4089,567.0045486111111,583.635,591.9502256944444,41.034999999999904,0.0,0.0,6.394884621840903e-14,1527.061813773592,1563.9933137735918
2025-12-21,135,525.919,0.0,0.3905,0.3769,549.4007819444444,572.6714782499673,584.3068264027288,46.752478249967325,0.0,0.0,1.4210854715202004e-14,1563.9933137735918,1606.0705441985624
2025-12-21,136,543.3939166666667,0.0,0.4205,0.4193,544.3377152777776,544.3377152777776,544.3377152777776,0.9437986111109036,0.0,0.0,8.848477506262499e-14,1606.0705441985624,1606.9199629485622
2025-12-21,137,584.8283333333333,0.0,0.4738,0.4598,559.3678819444443,559.3678819444443,559.3678819444443,0.0,25.46045138888892,2.131628207280301e-14,0.0,1606.9199629485622,1578.6305725164634
2025-12-21,138,592.4525666666667,0.0,0.4471,0.4052,580.794225,603.3767419103749,614.6680003655624,10.924175243708303,0.0,1.1368683772161605e-13,0.0,1578.6305725164634,1588.462330235801
2025-12-21,139,565.9438,0.0,0.4314,0.4093,590.6079083333334,618.015654900205,631.7195281836409,52.071854900204926,0.0,0.0,1.1368683772161605e-13,1588.462330235801,1635.326999645985
2025-12-21,140,550.9316666666667,0.0,0.4502,0.4645,580.9429083333333,580.9429083333333,580.9429083333333,30.01124166666664,0.0,4.973799150320701e-14,0.0,1635.326999645985,1662.3371171459853
2025-12-21,141,589.9602166666667,0.0,0.4334,0.4151,559.746925,575.932123260324,584.024722390486,0.0,14.028093406342736,0.0,4.618527782440651e-14,1662.3371171459853,1646.7503466944934
2025-12-21,142,595.3318333333333,0.0,0.406,0.4025,580.5595416666666,588.4702641276192,592.4256253580954,0.0,6.8615692057140905,0.0,0.0,1646.7503466944934,1639.1263809103666
2025-12-21,143,577.4,0.0,0.4032,0.4518,612.274575,612.274575,612.274575,34.87457499999992,0.0,0.0,1.2789769243681806e-13,1639.1263809103666,1670.5134984103663
