date,start,end,intervals,emergency_kwh,cost_yuan
2025-02-01,05:40,05:50,1,531.1811666666666,1515.9910496666666
2025-02-01,07:30,07:40,1,377.65374999999995,1302.7166106249997
2025-02-01,15:10,15:40,3,58.80829761904761,214.91491937083327
2025-02-03,00:20,00:30,1,1.822499999999991,3.8901262499999807
2025-02-03,10:40,10:50,1,7.160136904761885,28.604746934523728
2025-02-04,00:20,00:30,1,10.947500000000105,23.367438750000225
2025-02-04,10:10,10:30,2,288.428007142859,1379.0651706178655
2025-02-04,14:40,14:50,1,187.33746547619185,878.2380381523874
2025-02-05,00:00,00:10,1,1.6382750000000215,3.4796961000000457
2025-02-05,02:20,02:30,1,13.854999999999905,30.252392499999793
2025-02-05,07:10,07:20,1,4.324986273808486,17.239395287400626
2025-02-05,10:10,10:30,2,390.44309404761816,1867.1221166142814
2025-02-06,00:50,01:00,1,2.5191666666665924,5.397314583333174
2025-02-06,08:00,08:10,1,12.609090476191227,73.65600201667105
2025-02-07,05:40,05:50,1,510.8942666666667,1458.0922370666667
2025-02-08,00:20,00:30,1,1.3700000000000045,2.92426500000001
2025-02-08,05:40,05:50,1,513.8281666666667,1466.4655876666668
2025-02-09,00:50,01:00,1,6.822499999999991,14.617206249999981
2025-02-09,10:20,10:30,1,38.50612619047644,183.84749949642975
2025-02-09,10:40,10:50,1,82.82137500000022,330.87139312500085
2025-02-13,00:30,00:50,2,59.81387222222213,127.74853869027758
2025-02-13,01:00,02:40,10,208.50855000000013,450.06727858333363
2025-02-13,03:00,03:50,5,119.13363611111129,259.9007730694448
2025-02-13,04:20,04:30,1,19.97834279166557,43.59274397141427
2025-02-13,05:00,05:10,1,11.787973496032894,25.538644579155267
2025-02-13,05:40,05:50,1,42.43821805555547,121.11867433055531
2025-02-13,20:30,21:00,3,133.16232648809603,840.4823784504024
2025-02-14,07:40,07:50,1,51.58926663888943,221.83384654722454
2025-02-14,08:10,08:30,2,68.80943333333349,374.7061895500008
2025-02-14,20:40,20:50,1,166.71796480555548,1019.1469188563606
2025-02-15,20:40,21:50,7,330.5223342499959,1706.0818180223087
2025-02-16,00:30,00:50,2,29.23987222222229,62.44627880694459
2025-02-16,01:30,01:50,2,22.35144722222219,48.32840480902772
2025-02-16,02:20,02:50,3,31.49818333333326,68.4003146666665
2025-02-16,03:30,03:50,2,41.76200555555556,90.94887435972223
2025-02-16,04:20,04:30,1,57.108451375002986,124.61064090025651
2025-02-16,05:50,06:10,2,32.322768055556594,147.31173096181035
2025-02-16,06:20,07:00,4,176.8903694444441,763.1335896569428
2025-02-16,09:20,10:50,9,1538.7389672222223,7352.633559948613
2025-02-16,16:10,16:50,4,141.2681555555556,634.3634212798613
2025-02-16,20:30,20:40,1,164.7221961111104,1149.102040071106
2025-02-17,00:30,01:00,3,92.42849166666701,197.68784549166742
2025-02-17,01:30,02:20,5,129.8214638888893,280.21285227222313
2025-02-17,03:00,03:30,3,78.26684166666655,170.91781142083306
2025-02-17,04:20,04:30,1,4.025294444444512,8.783192477777925
2025-02-17,06:00,06:10,1,0.6110138888896017,2.8619890555588947
2025-02-17,06:40,07:10,3,55.90035416666683,232.92777703611182
2025-02-17,15:40,15:50,1,11.862975000000006,46.402026712500025
2025-02-17,20:20,20:40,2,175.29644080555443,1222.6152870797284
2025-02-18,00:40,01:30,5,131.11787500000037,281.13901670000075
2025-02-18,01:50,02:00,1,12.250991666666778,26.40701253750024
2025-02-18,03:50,04:10,2,33.525132722222565,73.67749574838963
2025-02-18,04:20,04:30,1,0.9763156111104309,2.13032066344296
2025-02-18,05:20,05:30,1,22.7321361250009,48.885458736814435
2025-02-18,05:40,06:00,2,38.93040694444517,169.10478475278086
2025-02-18,09:40,09:50,1,1.8386049444434747,8.796805356689804
2025-02-18,20:30,20:40,1,77.66233162500032,541.7724254160022
2025-02-19,00:40,03:10,15,400.8400333333327,866.4414611999986
2025-02-19,03:20,03:40,2,19.600649999999973,42.684652412499936
2025-02-19,05:50,06:00,1,27.000000000000682,122.83650000000311
2025-02-19,06:20,06:30,1,43.42800833333308,190.19296249583223
2025-02-19,07:00,07:20,2,49.515769444444345,199.4486455888885
2025-02-19,09:10,10:40,9,1199.7741806527765,5798.364441760091
2025-02-19,15:10,15:40,3,190.6237291666664,691.5600071090269
2025-02-19,15:50,16:10,2,45.043654166666556,184.65166295624954
2025-02-19,20:30,21:30,6,140.97511666666583,840.6364532666611
2025-02-19,21:40,21:50,1,6.252798388888913,24.27336334566676
2025-02-20,00:50,01:10,2,49.21279444444451,105.62547400833347
2025-02-20,06:00,06:20,2,48.666222222222245,225.606474902778
2025-02-20,07:10,07:30,2,49.951575000000275,193.61936096666776
2025-02-20,09:10,09:50,4,661.5487273611096,3183.8103845384653
2025-02-20,10:00,10:50,5,596.6530166666668,2854.903295975
2025-02-20,20:30,21:20,5,91.9379006388906,506.9590757485681
2025-02-22,20:40,20:50,1,121.45045902777491,742.426656036788
2025-02-23,01:10,01:30,2,34.654486111111055,74.39210592986099
2025-02-23,01:50,02:30,4,33.68403055555564,72.65265639791684
2025-02-23,03:00,03:20,2,83.83777916666864,183.2832897937543
2025-02-23,05:10,05:30,2,62.53202998611361,137.09606937917917
2025-02-23,06:00,06:20,2,16.432516666667198,76.13281438611368
2025-02-23,06:30,06:40,1,39.51884583333259,169.9507965062468
2025-02-23,07:20,07:30,1,13.768965277777852,52.62498529166695
2025-02-23,09:30,10:40,7,966.1208705000007,4652.26746578092
2025-02-23,15:10,15:50,4,146.24051666666685,545.7484844402785
2025-02-23,20:30,20:50,2,53.298980611113734,371.13696130007395
2025-02-23,21:00,21:30,3,48.62864479166692,225.46650133958454
2025-02-23,21:40,21:50,1,0.04957973611128619,0.19246853558401297
2025-02-24,00:30,00:50,2,35.451941666666585,75.72334744374983
2025-02-24,01:10,01:30,2,65.1768361111109,139.8011907798607
2025-02-24,06:00,06:20,2,58.09052916666701,264.1069448666683
2025-02-24,06:30,06:50,2,101.18263194444506,434.67122620833595
2025-02-24,20:30,21:00,3,268.43452793055894,1745.054878408857
2025-02-25,00:30,00:50,2,11.153475000000071,23.820261435416818
2025-02-25,01:00,01:20,2,52.432519444444324,112.94115234374974
2025-02-25,02:00,02:30,3,75.49704166666686,162.9208164166671
2025-02-25,02:40,03:40,6,134.20072777777784,292.3290699569446
2025-02-25,05:40,06:00,2,54.757155555556096,185.71205945139153
2025-02-25,06:10,06:40,3,162.07697638888862,700.059135947221
2025-02-25,06:50,07:20,3,93.07549040277782,380.59631178337514
2025-02-25,20:50,21:50,6,87.04669583333298,400.05880843124834
2025-02-26,00:30,00:40,1,4.439129166666703,9.481979900000079
2025-02-26,01:30,01:40,1,34.84166111111108,75.11862135555549
2025-02-26,02:10,02:40,3,24.35353749999979,52.731277160416205
2025-02-26,03:10,03:20,1,34.378823444440854,75.13491863782548
2025-02-26,04:20,04:40,2,57.25911920833325,124.9452971757776
2025-02-26,05:40,05:50,1,17.09942500000011,48.80175895000032
2025-02-26,06:40,06:50,1,21.447080555555544,90.52812702499996
2025-02-26,09:00,10:00,6,500.2181308055581,2452.274806416999
2025-02-26,14:40,15:00,2,94.52826805555728,369.29133458195236
2025-02-26,15:10,16:30,8,262.05996527777756,1052.331871709027
2025-02-26,16:50,17:00,1,23.467665277777883,108.70222556666714
2025-02-26,20:10,20:30,2,224.18508155555367,1509.5368130888762
2025-02-27,00:40,00:50,1,0.42251249999992524,0.9022754437498404
2025-02-27,01:10,02:00,5,52.712979166666514,113.41303598124968
2025-02-27,02:20,02:30,1,13.006297222222315,28.399249984722424
2025-02-27,03:20,03:40,2,80.36114700000061,174.99534663891802
2025-02-27,06:10,06:20,1,1.4424583333332066,6.316525041666113
2025-02-27,06:40,06:50,1,19.44147777777755,82.06247769999904
2025-02-27,07:30,07:50,2,458.3812458611121,1950.781099252782
2025-02-27,08:40,10:20,10,2080.0000833333334,10366.753513275
2025-02-27,15:20,15:30,1,0.8940013888886824,3.2666810749992456
2025-02-27,20:30,20:50,2,170.2539865694439,1176.039002982052
2025-02-27,21:20,21:40,2,15.59338158333312,75.67667725592953
2025-02-28,21:00,21:10,1,8.466006944444416,38.384875486110985
2025-02-28,21:30,21:50,2,150.20254711111198,712.3713058925878
2025-03-01,20:40,21:20,4,204.21624331944844,1081.5201241180384
2025-03-02,00:40,01:10,3,45.89847638888887,98.37983461874995
2025-03-02,02:30,02:50,2,32.08008611111086,69.64271407152722
2025-03-02,06:30,06:40,1,257.2300333333374,1106.2177583500174
2025-03-02,10:30,10:40,1,5.63681391666846,27.73030606305049
2025-03-02,12:50,15:00,13,2666.203716666666,12714.596858708333
2025-03-02,15:10,16:00,5,188.69099999999935,716.6931331305531
2025-03-02,16:30,16:50,2,55.56220540277841,251.7143047391417
2025-03-02,17:10,17:50,4,113.78659498610963,583.3321481259511
2025-03-02,20:10,20:20,1,48.30984583333418,323.675967083339
2025-03-02,20:30,21:00,3,239.98540000000003,1532.1661878583336
2025-03-02,21:20,21:40,2,48.6706733333333,232.92437948666648
2025-03-03,01:30,02:10,4,117.58695972222233,254.0062283868058
2025-03-03,02:30,02:50,2,32.84463611111096,71.30374802986077
2025-03-03,03:20,03:40,2,38.64491944444433,84.1555530729164
2025-03-03,09:30,10:40,7,916.1327295138908,4430.959351481607
2025-03-03,14:40,14:50,1,214.62818333333144,1006.1769234666577
2025-03-03,15:10,16:40,9,693.132009722222,2724.7132729708323
2025-03-03,17:00,17:10,1,2.29906666666659,10.876884399999637
2025-03-03,20:30,21:30,6,192.35455397222358,1000.4395771477313
2025-03-04,00:20,00:40,2,53.71193055555568,114.66675488125027
2025-03-04,00:50,01:00,1,1.9841902777777705,4.251127670138874
2025-03-04,01:30,02:00,3,157.82567500000005,340.89658618888905
2025-03-04,15:30,15:50,2,19.122472222222086,72.91549058055504
2025-03-04,17:00,17:20,2,34.99421388888857,169.62248060277625
2025-03-04,20:50,21:00,1,11.226663888889357,52.38361370555774
2025-03-05,00:30,01:00,3,52.05888750000008,111.3238349333335
2025-03-05,01:50,02:10,2,12.246530555555296,26.38555304999944
2025-03-05,05:40,06:10,3,20.244208333334768,69.44640291667312
2025-03-05,17:10,17:20,1,5.447427777777648,26.534420705554922
2025-03-05,17:30,17:40,1,6.786838888888951,33.11977377777808
2025-03-05,20:30,20:50,2,121.4704777777797,837.8327132264023
2025-03-05,21:10,21:20,1,15.931569763888932,74.6473701287016
2025-03-06,01:50,02:20,3,59.25065694444447,127.32496412569452
2025-03-06,02:30,02:50,2,79.87937777777768,173.3555097236109
2025-03-06,05:40,05:50,1,5.112580555555496,14.591304905555386
2025-03-06,15:50,16:20,3,48.20546527777765,199.99970778402718
2025-03-06,16:40,17:00,2,39.631083333333436,182.3068748694449
2025-03-06,17:20,17:40,2,36.78467777777814,180.22863270555735
2025-03-08,01:50,02:20,3,72.34688766666812,155.57351778147537
2025-03-08,02:30,05:30,18,674.5463316250001,1474.1422756937227
2025-03-08,07:10,08:00,5,441.75639190277525,1695.1791752494619
2025-03-09,00:30,00:50,2,12.092111111111194,25.824116788889068
2025-03-09,01:20,02:20,6,183.99734166666667,396.58379731458336
2025-03-09,02:50,04:00,7,215.77907916666675,470.81422635208355
2025-03-09,04:20,05:20,6,184.11823333333336,404.2286049236112
2025-03-09,06:40,07:10,3,564.0479875000019,2361.249966837508
2025-03-09,07:30,07:50,2,125.15568388888892,504.85647790972234
2025-03-09,09:00,10:10,7,741.2891666666665,3636.509836741666
2025-03-09,16:20,16:30,1,14.431030555555708,63.431594806945114
2025-03-09,16:50,17:00,1,8.153947222222314,37.769083533333756
2025-03-09,20:30,20:40,1,76.50869166666723,533.7246330666707
2025-03-09,20:50,21:00,1,8.959562722222245,41.805319661888994
2025-03-10,00:40,01:10,3,141.74984444444488,304.1636433333342
2025-03-10,02:10,02:40,3,83.12843750000013,180.69768810763918
2025-03-10,03:20,03:30,1,4.2980666666667275,9.361189200000132
2025-03-10,04:10,05:30,8,307.90937083333336,674.2805019979166
2025-03-10,05:40,05:50,1,33.64648472222234,96.02706739722257
2025-03-10,06:40,07:00,2,389.1879763888878,1625.8860141124956
2025-03-10,07:10,07:50,4,123.90102186111136,479.6813236208344
2025-03-10,08:40,10:20,10,1607.9509500000001,7989.999626874999
2025-03-10,14:00,14:50,5,413.50975000000005,2062.2059411416667
2025-03-10,16:40,17:30,5,74.89936944444412,352.9067715659707
2025-03-10,20:10,20:40,3,596.0716229861076,4002.573473640255
2025-03-11,00:20,00:40,2,12.31194999999991,26.298206287499813
2025-03-11,01:10,01:40,3,57.9692083333332,124.41799500694417
2025-03-11,02:10,02:30,2,41.20738333333327,89.57310513333319
2025-03-11,02:50,03:10,2,16.116116666666585,35.22926051666649
2025-03-11,06:40,07:30,5,895.0259722222207,3750.7848288194386
2025-03-11,07:40,07:50,1,348.5297215833346,1498.6778028083388
2025-03-11,09:10,09:30,2,75.20834999999988,371.4687380999995
2025-03-11,14:40,15:00,2,298.467686111111,1318.0934066138884
2025-03-11,15:10,17:10,12,616.2092263888892,2532.2980952527796
2025-03-11,17:30,17:50,2,55.4011861111112,286.7853723041672
2025-03-11,20:10,20:20,1,59.21195676388891,396.7201103180557
2025-03-12,00:20,00:40,2,52.9567777777778,113.06863715000006
2025-03-12,01:30,02:30,6,181.86794166666687,392.7897154361116
2025-03-12,02:50,03:10,2,85.09636250000005,185.73548946250014
2025-03-12,03:30,04:00,3,95.32934983333351,207.76473811225037
2025-03-12,04:40,05:10,3,33.0099084999996,72.47680752266577
2025-03-12,05:40,05:50,1,10.584380555555413,30.20782210555515
2025-03-12,06:40,07:00,2,697.2985749999992,2940.957238724997
2025-03-12,09:10,09:20,1,92.5426000000001,459.10383860000053
2025-03-12,15:40,17:00,8,217.08639166666603,946.7528232361084
2025-03-12,20:20,20:30,1,171.6636709444441,1157.7856286848034
2025-03-12,21:00,21:10,1,10.142574597222119,45.98643322380509
2025-03-13,00:30,00:50,2,36.87116944444449,78.74828774097233
2025-03-13,01:40,02:00,2,38.605155555555484,83.3739165805554
2025-03-13,02:20,02:30,1,24.8375069444445,54.23269641319456
2025-03-13,02:50,03:20,3,88.038398611111,192.12524995138864
2025-03-13,04:20,05:10,5,29.94357499999967,65.4589704208326
2025-03-13,05:40,05:50,1,7.223352777777791,20.615448827777815
2025-03-13,06:40,07:00,2,1129.1759833333333,4737.31680315
2025-03-13,07:20,07:30,1,41.42638611111113,158.33164771666674
2025-03-13,07:40,07:50,1,7.9634267500003375,34.24273502500145
2025-03-13,09:00,10:50,11,1602.1013166666662,7748.446289899997
2025-03-13,13:00,13:40,4,140.2864833333333,599.2321813583333
2025-03-13,14:40,14:50,1,121.70750575000704,570.564786956033
2025-03-13,16:50,17:20,3,102.03645833333326,486.9089348638885
2025-03-13,20:20,20:50,3,329.16443750000064,2253.8345226458378
2025-03-14,07:10,07:50,4,263.3793924722198,1001.1602106859348
2025-03-14,20:40,20:50,1,2.4464361111095627,14.955063947212755
2025-03-14,21:30,21:40,1,64.67606654166485,319.20872641638687
2025-03-15,01:00,01:20,2,43.654430027779156,93.96855119987796
2025-03-15,07:20,07:50,3,244.00748415277792,907.9223950985839
2025-03-15,20:40,21:50,7,296.4493833333326,1542.5204072708295
2025-03-16,00:30,01:30,6,88.96145416666661,191.2007050749999
2025-03-16,02:30,02:50,2,44.921538888888904,97.54287516388892
2025-03-16,03:00,03:20,2,40.53493055555555,88.63166373958332
2025-03-16,03:40,03:50,1,4.429856944444396,9.657088138888783
2025-03-16,04:10,04:40,3,43.51939166666659,95.2848346916665
2025-03-16,05:40,06:00,2,28.525129166667284,84.19133864166956
2025-03-16,06:40,07:40,6,1171.2880458333334,4830.129815994444
2025-03-16,14:40,15:00,2,20.850449611111756,95.61024963939204
2025-03-16,15:10,15:40,3,80.06801527777782,292.6084796104168
2025-03-16,15:50,16:10,2,36.11921527777781,147.58783923125014
2025-03-16,16:40,17:00,2,26.113061111110937,119.67021497361033
2025-03-16,17:20,17:40,2,49.3226916666664,242.04792747083206
2025-03-17,00:20,00:30,1,17.417209722222196,37.17703415208328
2025-03-17,01:50,02:10,2,12.45764794444542,26.839993244252103
2025-03-17,02:50,03:10,2,17.262490444443415,37.67989378391442
2025-03-17,03:50,04:10,2,67.64421287499947,148.3704900778183
2025-03-17,06:40,07:10,3,867.380020833332,3621.151500541661
2025-03-17,21:00,21:10,1,6.323999638889654,28.673014362725695
2025-03-18,00:20,00:30,1,20.326401388888826,43.3867037645832
2025-03-18,00:50,01:00,1,0.9114013888889758,1.9526774756946308
2025-03-18,01:30,01:40,1,8.477866666666614,18.27828053333322
2025-03-18,02:10,02:20,1,7.763027777777779,16.783666055555557
2025-03-18,03:10,03:30,2,52.246022638890466,113.84524598771176
2025-03-18,03:50,04:10,2,32.66988013888901,71.58625846847251
2025-03-18,04:20,04:50,3,108.40813033333423,238.2186963373353
2025-03-18,06:40,07:20,4,1094.479605749998,4498.488925519491
2025-03-18,08:40,10:00,8,1389.9892833333333,7056.974855774999
2025-03-18,14:40,14:50,1,90.78001666666562,425.57671813332837
2025-03-18,16:30,16:50,2,41.855938888888886,189.40239817916662
2025-03-18,17:10,17:20,1,13.20683750000012,64.33050546250058
2025-03-18,20:30,20:50,2,25.23034166666889,161.67454781668212
2025-03-19,00:40,01:30,5,61.14385555555566,131.08759413333357
2025-03-19,01:50,02:10,2,47.16807777777785,101.55657465000016
2025-03-19,02:30,02:50,2,21.012938888888925,45.635235255555635
2025-03-19,03:20,03:40,2,5.951242916669319,12.95870644333911
2025-03-19,04:10,04:30,2,10.945647888889447,23.983399569945668
2025-03-19,06:40,07:10,3,1357.3923458333363,5636.646065825013
2025-03-19,08:50,09:40,5,779.9133974583333,3900.6766134424993
2025-03-19,14:40,14:50,1,119.81838333333296,561.7085810666649
2025-03-19,15:10,15:30,2,50.19062222222237,183.21266443472274
2025-03-20,00:20,00:30,1,32.63851111111103,69.66690196666649
2025-03-20,00:50,01:50,6,200.99191111111077,431.93692376388816
2025-03-20,02:30,02:40,1,2.292536111111076,4.983973505555479
2025-03-20,03:10,04:00,5,131.34763558333336,286.63207240140287
2025-03-20,05:10,05:30,2,10.246663000000627,22.558518361834714
2025-03-20,06:40,07:10,3,1322.5968958333347,5491.712549291673
2025-03-20,08:50,10:00,7,623.523917791667,3105.9495870775017
2025-03-20,15:30,17:00,9,500.2854194999989,2078.8818678231623
2025-03-20,20:30,20:40,1,51.9223241111107,362.2101329991082
2025-03-20,21:20,21:50,3,68.30137425000032,310.3534926087931
2025-03-21,00:00,00:50,5,109.15646398611094,232.77270605441632
2025-03-21,01:10,01:40,3,79.7532200694444,171.10974245965267
2025-03-21,02:20,02:50,3,75.2835636527773,163.52093863792257
2025-03-21,03:30,04:00,3,82.84919965277794,180.51569347204898
2025-03-21,07:20,07:40,2,41.10737779166688,151.13759725308415
2025-03-21,20:40,20:50,1,50.02841666666808,305.82371108334195
2025-03-21,21:00,21:50,5,212.19179768055426,1008.5296099683547
2025-03-23,00:30,00:50,2,40.36671666666655,86.21403817083308
2025-03-23,01:20,01:50,3,8.072891666666578,17.399217741666476
2025-03-23,02:20,02:50,3,55.663816666667,121.13574097500073
2025-03-23,03:20,03:40,2,56.11404344444486,122.20367026366758
2025-03-23,04:00,04:20,2,41.69386916666758,91.54014910125203
2025-03-23,04:40,05:30,5,161.5063789444456,353.8891762600581
2025-03-23,06:40,07:10,3,1218.2419124999997,5056.817374224999
2025-03-23,07:30,07:50,2,143.41308174999983,615.5246426312492
2025-03-23,09:20,10:00,4,385.5638999999997,1852.4710909166652
2025-03-23,20:20,21:20,6,350.324510597222,2308.1766938917135
2025-03-23,21:40,21:50,1,7.560785250000071,29.350968340500273
2025-03-24,00:40,01:00,2,26.891566666666563,57.44964167499978
2025-03-24,01:20,01:50,3,13.309691666666595,28.65322960833318
2025-03-24,02:20,02:30,1,12.127150000000029,26.47963202500006
2025-03-24,03:20,03:40,2,28.706076805556016,62.48245929916767
2025-03-24,05:10,05:20,1,32.78742747222002,72.77169527459233
2025-03-24,05:40,05:50,1,35.978233333333264,102.68187793333314
2025-03-24,06:40,07:20,4,1086.8449611111128,4472.747658238896
2025-03-24,07:40,07:50,1,129.84239874999972,558.3223146249987
2025-03-24,09:00,09:40,4,442.43033333333415,2199.0948186666706
2025-03-24,14:40,15:00,2,264.66665833333366,1065.4732956916685
2025-03-24,15:10,15:40,3,161.39308888888866,588.9501347499992
2025-03-24,15:50,16:00,1,22.428850000000125,90.3321933750005
2025-03-24,20:10,20:20,1,19.11039006944361,128.0396134652722
2025-03-24,20:30,20:50,2,7.050418055555497,45.45981262361069
2025-03-24,21:20,21:30,1,0.01388729166632885,0.06506890510258383
2025-03-25,00:40,01:00,2,93.06340833333343,199.16756643333355
2025-03-25,01:20,02:10,5,93.45147222222226,201.08034956458343
2025-03-25,02:30,03:20,5,121.31548333333376,264.3033812000009
2025-03-25,03:30,04:10,4,93.86030833333359,205.18747387916721
2025-03-25,05:40,05:50,1,46.27524444444441,132.06954764444436
2025-03-25,06:40,07:30,5,1423.2393458333333,5874.688004291666
2025-03-25,09:00,10:40,10,855.5637807916664,4187.794625438185
2025-03-25,14:50,15:00,1,4.231508333334364,14.162858391670117
2025-03-25,15:10,15:20,1,14.497334722222377,52.313632345139446
2025-03-25,15:30,17:00,9,283.47557638888986,1253.2791270500043
2025-03-25,20:30,20:40,1,162.9846274444435,1136.9807610524379
2025-03-25,20:50,21:30,4,128.00901241666605,593.6319089861638
2025-03-26,00:30,00:40,1,25.600611111111107,54.68290533333333
2025-03-26,01:00,01:20,2,40.213783333333254,86.60919389999984
2025-03-26,01:30,01:50,2,53.53301666666664,115.64456913333328
2025-03-26,02:20,02:30,1,22.003816666666694,48.04533369166673
2025-03-26,03:00,03:20,2,6.766916666666702,14.795654750000079
2025-03-26,03:40,04:40,6,78.76556277778077,172.31969044514543
2025-03-26,05:10,05:30,2,28.315684472222188,61.880348886097146
2025-03-26,05:40,05:50,1,16.133216666666726,46.044200366666836
2025-03-26,06:40,07:50,7,1681.8602694444437,6917.593735052081
2025-03-26,08:50,09:30,4,230.85108333333275,1171.8384206666635
2025-03-26,16:00,16:20,2,10.976777777777443,46.18051014444302
2025-03-26,20:30,20:40,1,154.90580269444217,1080.6228795964287
2025-03-27,00:30,00:50,2,22.900030555555418,48.90305457569415
2025-03-27,01:20,01:30,1,8.722766666666644,18.662359283333284
2025-03-27,02:00,03:00,6,270.54494166666655,586.6368008083331
2025-03-27,04:20,05:00,4,88.8489384305556,195.13612927908346
2025-03-27,06:50,07:20,3,1128.1821986111104,4601.414890313886
2025-03-27,07:40,07:50,1,27.581602999999802,118.60089289999914
2025-03-27,09:00,09:40,4,335.810016666667,1661.5699203916681
2025-03-27,16:10,17:30,8,221.19490833333472,997.0628919659782
2025-03-27,21:30,21:50,2,39.84238273610813,156.45620836489508
2025-03-29,20:40,21:20,4,138.09378924999805,780.9490092546826
2025-03-29,21:30,21:40,1,236.6537789722223,1168.0047261174034
2025-03-30,01:30,02:20,5,145.71260000000018,314.40266052916706
2025-03-30,02:50,03:10,2,30.24999933333397,66.1092929060014
2025-03-30,03:40,04:10,3,38.636739388887825,84.46625971916436
2025-03-30,05:20,05:30,1,6.368053444442944,13.694498932274552
2025-03-30,06:50,07:30,4,1410.015922222221,5703.836371066662
2025-03-30,08:50,09:30,4,299.64210649999984,1516.5676630449993
2025-03-30,14:40,15:20,4,153.52218055555437,578.9606058291613
2025-03-31,00:20,01:10,5,145.72500833333356,311.6464990125005
2025-03-31,01:30,02:20,5,72.14901111111101,155.64133015624978
2025-03-31,02:30,02:50,2,26.142469444444487,56.74068409652787
2025-03-31,04:00,04:10,1,11.291430555555621,24.846792937500144
2025-03-31,04:40,05:00,2,59.85721247222464,132.00538178858866
2025-03-31,05:40,05:50,1,13.504838888888912,38.54281018888896
2025-03-31,06:50,07:30,4,1230.4119097222208,4913.905857041661
2025-03-31,14:00,14:20,2,41.26890000000003,206.08760250000014
2025-03-31,14:40,16:00,8,678.0878832647463,2637.5594403063014
2025-03-31,16:20,17:10,5,205.6614708333342,937.6502396222261
2025-03-31,20:30,20:40,1,102.61037674999648,715.8099882079754
2025-03-31,20:50,21:10,2,26.97638415277781,125.70416552352795
2025-03-31,21:20,21:50,3,31.596812500000077,146.50859033541713
2025-04-01,00:30,00:50,2,39.25378333333356,83.83746369583382
2025-04-01,01:00,01:30,3,82.22348750000003,176.70574308888897
2025-04-01,01:50,03:00,7,167.3464069444442,363.8337607909717
2025-04-01,03:20,03:40,2,78.42812777777772,170.78024115416653
2025-04-01,04:30,05:30,6,176.07069106944633,385.889197137511
2025-04-01,05:40,05:50,1,9.574541666666619,27.32574191666653
2025-04-01,06:50,07:40,5,1384.1646833333343,5456.07952676667
2025-04-01,09:30,10:00,3,100.20164999999956,490.656395699998
2025-04-01,14:30,15:00,3,204.32083333333367,994.8949756666683
2025-04-01,15:10,16:00,5,185.52538749999974,684.9181882465268
2025-04-01,16:10,16:30,2,26.81776388888875,116.27538851805497
2025-04-01,17:00,17:20,2,25.413097222222063,121.24561693055477
2025-04-01,17:30,18:10,4,100.98970833333362,578.5087618930571
2025-04-01,18:40,18:50,1,588.3219055555547,3789.0872327305506
2025-04-01,20:10,20:50,4,870.2446286250034,5870.754139893078
2025-04-02,00:40,01:00,2,15.472033333333343,33.08090790833335
2025-04-02,01:20,01:30,1,7.174209722222145,15.349221700694278
2025-04-02,02:00,02:20,2,51.01631111111112,109.73739523611113
2025-04-02,02:30,02:50,2,83.91302777777776,182.09320791111105
2025-04-02,03:10,04:20,7,87.31739444444474,191.06768803333395
2025-04-02,04:30,05:30,6,178.87630555555552,391.6932356402777
2025-04-02,06:50,07:50,6,1946.0801666666673,7672.964776741668
2025-04-02,08:20,10:20,12,2245.485683333334,11414.360274525003
2025-04-02,20:30,21:00,3,140.6764388888921,973.2742025778001
2025-04-02,21:40,21:50,1,1.083373888889037,4.2056574366672415
2025-04-03,00:40,01:00,2,22.344349999999963,47.84725942499992
2025-04-03,01:30,02:20,5,35.85629999999969,77.12047673333268
2025-04-03,03:00,03:20,2,69.97751666666659,152.98613002499982
2025-04-03,03:30,03:50,2,14.83773333333329,32.3295787749999
2025-04-03,04:00,04:30,3,32.50757222222194,71.23491424166605
2025-04-03,05:10,05:30,2,93.2487228888901,203.3196954518916
2025-04-03,06:50,07:40,5,1717.7247833333336,6746.311434200001
2025-04-03,08:30,09:30,6,814.3337666666677,4179.150719141671
2025-04-03,15:10,16:30,8,169.5750833333335,675.7092964861118
2025-04-03,20:30,20:40,1,120.9686011666638,843.8769617386466
2025-04-04,05:00,05:20,2,37.625245722221834,82.45931782941584
2025-04-04,07:20,07:30,1,0.3002166666666639,1.1474280999999895
2025-04-05,03:50,04:10,2,40.64789249999827,89.15177168249622
2025-04-05,04:20,04:40,2,13.902722666666545,30.445789333666404
2025-04-05,21:30,21:50,2,154.01195455555836,742.1902344422916
2025-04-06,01:00,01:20,2,12.026891666666756,25.906607400000198
2025-04-06,01:30,02:10,4,63.994400000000155,138.24550247083366
2025-04-06,02:30,02:50,2,38.655358333333425,83.9385976625002
2025-04-06,04:20,05:00,4,77.47822223809335,169.79211895566254
2025-04-06,06:50,07:50,6,1835.9602166666677,7254.491795116672
2025-04-06,14:40,15:00,2,74.62894761904784,334.1022398309532
2025-04-06,15:10,16:00,5,134.89482261904766,504.09385742619065
2025-04-06,17:20,17:30,1,8.280357142856928,40.830441071427515
2025-04-06,20:30,20:40,1,77.2721833333328,539.0507509333296
2025-04-06,20:50,21:00,1,10.886061083333288,50.79436101483313
2025-04-06,21:30,21:50,2,25.46113933333322,122.50248788383277
2025-04-07,01:00,01:20,2,51.047508333333326,109.93153559999999
2025-04-07,01:40,01:50,1,6.584141666666596,14.26454292083318
2025-04-07,02:30,03:20,5,90.55939999999998,197.19545920416664
2025-04-07,03:30,04:40,7,142.55122023809497,312.30757659940423
2025-04-07,05:00,05:20,2,21.615786214285663,47.84769922610703
2025-04-07,06:50,07:40,5,1538.429400000001,6067.809326616671
2025-04-07,14:30,15:00,3,150.91359285714282,692.7499822428572
2025-04-07,15:10,15:20,1,0.734066666666422,2.6488795666657836
2025-04-08,00:40,01:00,2,19.671200000000113,42.14413760000024
2025-04-08,01:20,01:30,1,5.422500000000014,11.601438750000028
2025-04-08,01:40,02:00,2,20.3047416666667,43.802819487500074
2025-04-08,02:30,02:50,2,34.158250000000066,74.20380280833348
2025-04-08,03:10,03:40,3,23.692874999999844,51.64461313749966
2025-04-08,04:20,04:50,3,36.50750332142768,80.03572723902185
2025-04-08,05:40,05:50,1,5.301191666666682,15.129601016666712
2025-04-08,06:50,07:50,6,1862.7333999999996,7350.329618958331
2025-04-08,08:50,09:40,5,221.41785000000053,1113.5316035750027
2025-04-08,15:30,16:10,4,66.39841428571458,260.8175400875012
2025-04-08,16:30,17:00,3,124.2812202380951,568.0063114749994
2025-04-08,20:20,20:50,3,247.74811666666562,1709.0448428249929
2025-04-08,21:00,21:40,4,44.61514166666641,207.89319138749883
2025-04-09,00:30,00:40,1,5.57247499999994,11.902806599999874
2025-04-09,01:00,01:30,3,62.58328333333327,134.27874366666651
2025-04-09,01:50,02:00,1,4.88583333333338,10.531413750000102
2025-04-09,02:20,02:40,2,15.686341666666635,34.12742428333326
2025-04-09,02:50,03:00,1,10.112500000000068,22.030081250000144
2025-04-09,03:40,04:50,7,111.34690119047582,244.15017808333252
2025-04-09,06:50,07:50,6,1677.824550000002,6608.397427275009
2025-04-09,09:10,09:40,3,155.43161666666674,763.5538582000004
2025-04-09,14:10,16:30,14,780.5425870811291,3194.661690611178
2025-04-09,20:10,21:00,5,440.50343898809,2956.4413301618697
2025-04-10,00:30,01:00,3,65.32723333333342,139.69472747916686
2025-04-10,01:30,01:50,2,36.38385000000005,78.59380077500012
2025-04-10,02:00,02:10,1,4.1508666666667295,8.909835300000136
2025-04-10,03:00,03:50,5,84.46853690476178,184.21947475238065
2025-04-10,04:10,05:30,8,91.83298452380905,201.35932676428465
2025-04-10,06:50,07:40,5,1381.7356833333333,5406.914408283334
2025-04-10,09:10,09:50,4,373.2633999999996,1804.7628009416646
2025-04-10,14:50,15:00,1,4.0541071428572195,13.569096607143114
2025-04-10,16:10,17:30,8,157.64146190476205,697.6339426690482
2025-04-10,20:30,21:10,4,183.17597033333402,1225.8124513120051
2025-04-10,21:30,21:50,2,53.04542433333313,213.36400596383243
2025-04-11,01:10,01:30,2,52.23338716666644,111.79831662883284
2025-04-11,05:20,05:30,1,0.4141639642845347,0.890659605193892
2025-04-12,00:20,00:50,3,48.32046666666673,103.20095750416681
2025-04-13,00:50,01:00,1,10.490000000000123,22.474825000000262
2025-04-13,01:30,01:50,2,7.337016666666727,15.875681295833466
2025-04-13,02:20,02:40,2,64.99879999999996,141.6961311999999
2025-04-13,06:40,07:40,6,1707.6686166666673,6802.4275466666695
2025-04-13,08:30,09:50,8,577.2427833333347,2934.735634125007
2025-04-13,15:40,15:50,1,0.5139857142858091,2.0104551214289423
2025-04-13,16:00,17:30,9,226.069021428572,1040.8688593738118
2025-04-13,20:50,21:20,3,70.59440833333315,325.57731890833253
2025-04-14,00:20,00:50,3,97.27610833333335,207.7563151958334
2025-04-14,01:00,01:40,4,72.92751666666675,156.95544004166686
2025-04-14,02:00,03:10,7,126.80319166666675,275.3193310416668
2025-04-14,03:30,04:20,5,69.23105119047625,151.60506394047633
2025-04-14,04:30,05:10,4,96.92093571428575,212.44064380119053
2025-04-14,05:40,05:50,1,18.600004761904756,53.084413590476174
2025-04-14,06:50,07:40,5,1656.7522000000001,6550.940140708334
2025-04-14,09:00,09:30,3,225.6397666666669,1130.8075636833344
2025-04-14,20:30,20:40,1,152.91140554762273,1066.709965100216
2025-04-14,21:40,21:50,1,8.346394583333426,32.40070377250036
2025-04-15,01:10,01:30,2,36.06023333333337,77.2740752333334
2025-04-15,01:50,02:00,1,0.9758333333334122,2.10340875000017
2025-04-15,02:20,02:30,1,9.160925833335568,20.002881557088212
2025-04-15,06:50,07:50,6,1418.0159833333328,5618.090929716665
2025-04-15,14:50,15:50,6,181.14012380952386,658.4249379928572
2025-04-15,16:00,16:10,1,6.720586904761831,27.79298714464255
2025-04-15,20:30,21:10,4,88.58670476190275,520.4708548190339
2025-04-15,21:40,21:50,1,31.03120375000003,120.46313295750011
2025-04-16,00:30,02:00,9,197.88559166666664,425.56781446249994
2025-04-16,02:20,02:40,2,35.15470000000005,76.6795878000001
2025-04-16,03:40,04:10,3,72.61991547619027,158.97805828452337
2025-04-16,04:50,05:30,4,31.486765547618802,68.99260814327326
2025-04-16,05:40,05:50,1,167.10554170237998,476.91921601859246
2025-04-16,06:50,07:50,6,1490.8405500000022,5871.492787641677
2025-04-16,08:30,09:50,8,501.93883333333264,2592.8628823416625
2025-04-16,14:40,15:50,7,291.68221604938344,1113.2439178528464
2025-04-16,16:00,16:20,2,33.31766666666658,139.4298068523806
2025-04-16,21:00,21:20,2,45.018978011905986,207.20256716848175
2025-04-16,21:30,21:50,2,7.932658333333415,31.039799333333637
2025-04-17,00:40,01:10,3,51.751033333333226,111.01456684999977
2025-04-17,01:30,01:50,2,23.368816666666703,50.48536435833341
2025-04-17,02:20,02:30,1,11.606666666666683,25.343156666666705
2025-04-17,02:50,03:00,1,30.77666666666653,67.04696833333303
2025-04-17,03:20,03:30,1,9.220833333333417,20.082975000000182
2025-04-17,03:50,04:00,1,17.292500000000132,37.85328250000029
2025-04-17,05:40,05:50,1,408.90241516666583,1167.0074928856643
2025-04-17,07:00,07:50,5,1227.9102333333349,4800.7752013583395
2025-04-17,08:20,09:10,5,386.81801666666604,2032.4735374249967
2025-04-17,15:50,16:40,5,96.18290238095233,414.948614148214
2025-04-17,20:20,20:40,2,89.24332188095377,605.1233930760927
2025-04-17,21:20,21:30,1,3.275585416666445,15.347755469790629
2025-04-18,00:00,00:20,2,25.491191666666566,54.12887346249979
2025-04-18,00:30,00:40,1,2.17823333333331,4.65270639999995
2025-04-18,00:50,01:10,2,14.455983333333393,31.12423040833346
2025-04-18,01:40,02:10,3,37.369233333333284,80.49943118333323
2025-04-18,02:20,03:00,4,128.7206999999999,279.90293244583313
2025-04-18,03:20,03:40,2,12.697475404761963,27.65479086371441
2025-04-18,03:50,05:00,7,62.36636197619062,137.09159446528602
2025-04-19,00:00,00:20,2,58.87089166666675,124.99986455000018
2025-04-19,00:50,01:00,1,12.243333333333396,26.231341666666804
2025-04-19,02:00,02:30,3,64.7970807857129,140.3904907815327
2025-04-19,03:50,04:10,2,20.62317089285699,45.26663710113061
2025-04-20,00:30,00:50,2,24.647341666666648,52.64292509583329
2025-04-20,01:00,01:30,3,24.54029999999989,52.79288356249977
2025-04-20,02:10,02:30,2,38.38888333333341,83.38751035000017
2025-04-20,02:50,03:00,1,1.516374583331094,3.3034220297867876
2025-04-20,03:40,04:10,3,14.716466380952852,32.175756628929605
2025-04-20,04:50,05:00,1,39.694266999998966,87.22815173249772
2025-04-20,05:40,05:50,1,499.21900432142604,1424.77103833335
2025-04-20,07:00,07:50,5,1114.1112833333327,4321.441099074997
2025-04-20,08:30,09:30,6,792.1339000000005,4092.6125322000025
2025-04-20,14:20,14:30,1,2.0062500000001364,10.3030968750007
2025-04-20,15:40,16:00,2,6.174595238095208,24.67377046428558
2025-04-20,16:10,16:50,4,111.44813095238112,496.91016867500076
2025-04-20,17:00,17:20,2,31.191922619047773,149.39516807738167
2025-04-21,00:20,01:00,4,86.95242499999995,185.85380107916654
2025-04-21,01:10,01:40,3,51.946716666666475,111.38051042499958
2025-04-21,02:30,02:50,2,39.75350000000003,86.3182068833334
2025-04-21,03:00,03:40,4,92.76060476190469,202.55227371428555
2025-04-21,04:00,04:20,2,48.740590476190505,107.0761048428572
2025-04-21,04:30,05:30,6,116.01057976190486,253.8700726839288
2025-04-21,05:40,05:50,1,600.57545,1714.0423343000002
2025-04-21,06:50,07:40,5,969.3524499999983,3809.638985799992
2025-04-21,15:30,15:40,1,1.6980428571425819,6.396527442856105
2025-04-21,20:30,20:50,2,81.1494893809529,559.7002538715275
2025-04-21,21:00,21:40,4,58.97527500000024,274.93589179166776
2025-04-22,00:30,00:50,2,57.683200000000056,123.20060804166678
2025-04-22,01:00,01:20,2,11.096383333333279,23.91760983749988
2025-04-22,01:30,01:50,2,16.038049999999885,34.68010332499975
2025-04-22,02:00,02:20,2,7.814866666666603,16.818743933333195
2025-04-22,02:40,03:00,2,18.67431666666664,40.61248637499994
2025-04-22,03:20,04:30,7,115.16789642857134,251.09002762261883
2025-04-22,04:50,05:20,3,82.36020714285712,180.04428719999996
2025-04-22,05:40,05:50,1,603.3687166666666,1722.0143173666665
2025-04-22,07:00,07:40,4,1099.72145,4264.87124945
2025-04-22,09:00,09:20,2,23.933216666665608,120.72387788332794
2025-04-22,14:50,15:40,5,232.88223403880158,835.4480977744737
2025-04-23,00:30,01:10,4,127.82706666666672,273.9500004958334
2025-04-23,01:40,02:20,4,73.91517499999986,159.43709751249972
2025-04-23,02:50,03:50,6,53.31561309523772,116.10839294761823
2025-04-23,04:10,04:20,1,10.293550000000096,22.58919547500021
2025-04-23,04:50,05:30,4,38.17018690476186,83.46021791249991
2025-04-23,05:40,05:50,1,634.9720166666666,1812.2101355666666
2025-04-23,07:00,07:50,5,812.3686000000007,3130.6005538333357
2025-04-23,08:50,09:00,1,35.15541666666661,182.10505833333303
2025-04-23,14:40,15:00,2,24.673697619047516,89.07395408095182
2025-04-24,00:30,00:50,2,39.14737500000001,83.60943135000002
2025-04-24,01:00,01:20,2,40.00260833333334,86.09586341250002
2025-04-24,01:40,02:30,5,48.61096666666663,104.95522740416658
2025-04-24,02:50,03:00,1,11.057500000000005,24.088763750000005
2025-04-24,03:20,03:40,2,35.72973333333334,77.78236335000003
2025-04-24,05:40,05:50,1,600.9582666666666,1715.1348930666666
2025-04-24,06:50,07:50,6,1098.8389166666652,4345.047873449995
2025-04-24,21:20,21:40,2,38.36012522619219,186.3924459139902
2025-04-26,00:30,01:20,5,107.84792852380872,231.3046955518554
2025-04-26,01:50,02:00,1,10.48843266666662,22.607816612999898
2025-04-26,20:50,21:00,1,30.170000000000016,140.7732200000001
2025-04-26,21:30,21:50,2,145.46459155952164,706.5942000711857
2025-04-27,00:20,00:50,3,125.32299166666667,267.60386317083334
2025-04-27,01:00,01:20,2,32.05362500000001,69.02882572500002
2025-04-27,02:10,02:20,1,3.1508333333333667,6.812101666666739
2025-04-27,02:40,02:50,1,1.9974999999999454,4.329581249999881
2025-04-27,03:20,04:00,4,101.79340357142871,221.80564106071458
2025-04-27,04:20,04:30,1,2.42999999999995,5.30225999999989
2025-04-27,05:40,05:50,1,575.52825,1642.5576254999999
2025-04-27,07:10,07:50,4,585.151567619043,2205.5409311711724
2025-04-27,08:20,09:10,5,577.5155833333333,3044.336836225
2025-04-27,14:50,17:30,16,973.1222511904765,4055.6164315785727
2025-04-27,20:20,20:30,1,69.97060380952064,471.91673739331196
2025-04-28,00:00,00:10,1,14.488989109346676,30.77461286825234
2025-04-28,00:20,01:20,6,88.07050000000004,188.89549587916676
2025-04-28,01:40,02:00,2,84.12583333333339,181.79442708333346
2025-04-28,02:20,02:30,1,2.11749999999995,4.623561249999891
2025-04-28,02:50,03:00,1,16.290000000000077,35.48776500000016
2025-04-28,03:10,03:30,2,22.833658333333346,49.772029037500026
2025-04-28,03:50,04:00,1,13.584166666666647,29.735740833333292
2025-04-28,04:20,04:40,2,29.438496428571284,64.26121573869015
2025-04-28,05:40,05:50,1,586.1188666666667,1672.7832454666668
2025-04-28,07:20,07:40,2,286.68743698809317,1053.737479418492
2025-04-28,08:30,09:50,8,1190.3437,6052.6178515249985
2025-04-28,14:20,17:10,17,1029.398416666667,4173.311498191669
2025-04-28,17:20,18:10,5,92.91661190476214,541.2081060059538
2025-04-28,18:20,19:00,4,1149.8599090000014,7527.031545670819
2025-04-28,19:10,19:20,1,690.37525,4641.047618125001
2025-04-28,19:40,19:50,1,491.12625,3308.471983125
2025-04-28,20:10,20:30,2,1032.8511333333336,6934.37745389167
2025-04-28,20:40,21:10,3,80.72884166666672,414.9336262833337
2025-04-28,21:30,21:50,2,8.34835650000009,36.18019916825048
2025-04-29,00:20,00:40,2,29.95696321281457,63.976798077752704
2025-04-29,01:00,01:20,2,14.848349999999868,31.96316538749972
2025-04-29,02:00,02:10,1,5.085983333333388,10.917063225000119
2025-04-29,02:40,02:50,1,6.980691666666644,15.13064918749995
2025-04-29,03:40,04:10,3,53.29280000000017,116.54789702916705
2025-04-29,04:20,04:30,1,0.10333333333323935,0.22547333333312827
2025-04-29,04:40,04:50,1,0.3372142857143672,0.7455807857144657
2025-04-29,05:40,05:50,1,574.6158666666666,1639.9536834666667
2025-04-29,07:10,07:40,3,351.1170590833343,1359.4629422561707
2025-04-29,14:40,17:10,15,1005.4396202380947,3989.6207640315456
2025-04-29,20:20,20:40,2,33.029231547618565,224.43477103124678
2025-04-30,00:30,00:40,1,3.411408333333384,7.286768200000108
2025-04-30,01:00,01:40,4,39.59368333333339,85.2251193291668
2025-04-30,02:10,02:50,4,98.2100999999999,213.6942456083331
2025-04-30,03:40,04:00,2,9.908147619047554,21.632806809523668
2025-04-30,05:40,05:50,1,572.0074166666667,1632.5091671666669
2025-04-30,07:10,07:50,4,540.0162230833342,2057.8160774768367
2025-04-30,20:50,21:30,4,99.12217499999952,457.08840207499776
2025-05-01,00:00,00:10,1,34.92316666666659,74.17680599999984
2025-05-01,00:20,00:40,2,30.034841666666694,64.13690680000006
2025-05-01,01:00,01:10,1,4.509216666666703,9.719616525000077
2025-05-01,02:10,02:40,3,35.11008333333325,76.21796229999981
2025-05-01,03:00,04:10,7,134.14839404761892,293.16731751130925
2025-05-01,04:20,04:40,2,50.34634166666672,110.36483197083345
2025-05-01,05:10,05:20,1,17.37683214285721,38.56787894107158
2025-05-01,05:40,05:50,1,540.8045999999999,1543.4563283999998
2025-05-01,07:00,07:50,5,1122.2877514761929,4401.671976272676
2025-05-01,08:20,09:10,5,538.1724833333327,2828.83330935833
2025-05-01,14:50,15:00,1,33.569583333333526,112.35739541666732
2025-05-01,15:20,15:30,1,47.20160714285714,172.4746725
2025-05-01,16:40,17:50,7,373.0673857142856,1840.019097924404
2025-05-01,18:00,18:40,4,276.0272226190473,1726.5388461351167
2025-05-01,20:10,22:00,11,1664.673691666666,10008.631863470826
2025-05-02,06:40,07:30,5,428.4564585952373,1770.7146664804964
2025-05-02,19:50,20:00,1,66.56340952380958,448.70394360000046
2025-05-02,20:10,22:00,11,2492.8967416666665,14456.468134191666
2025-05-03,00:00,00:10,1,15.314633333333347,32.52828120000003
2025-05-03,00:30,00:40,1,11.375841666666702,24.298797800000077
2025-05-03,01:10,02:00,5,175.3640636904762,376.9180382607143
2025-05-03,20:10,21:50,10,1965.8390226190477,10875.783016076786
2025-05-04,00:30,00:40,1,52.100766666666686,111.28723760000005
2025-05-04,00:50,01:20,3,91.96920833333331,197.7982323458333
2025-05-04,01:40,02:00,2,17.24884166666675,37.251530470833515
2025-05-04,02:40,03:30,5,82.73968333333335,180.62265596250003
2025-05-04,04:00,04:20,2,50.84820238095233,111.74420143214275
2025-05-04,05:00,05:20,2,46.03365952380943,101.12845064404743
2025-05-04,05:40,05:50,1,570.8163833333334,1629.1099580333337
2025-05-04,06:40,07:40,6,942.1658333333339,3800.929427066669
2025-05-04,16:30,17:50,8,171.86638095238106,839.465116578572
2025-05-04,18:40,18:50,1,5.996950000000652,38.6233564750042
2025-05-04,20:10,21:50,10,1703.9387904761913,10392.973075337512
2025-05-05,00:50,01:00,1,33.50166666666678,71.77732083333358
2025-05-05,01:30,01:40,1,8.290441666666652,17.874192233333304
2025-05-05,02:00,02:20,2,117.97449166666672,254.2037158375001
2025-05-05,03:50,04:00,1,5.104633166667986,11.174042001836222
2025-05-05,05:40,05:50,1,563.2926666666666,1607.6372706666666
2025-05-05,06:30,07:50,8,2981.6478,12129.475119191668
2025-05-05,08:20,09:30,7,755.4517333333333,3956.265091566667
2025-05-05,16:20,17:50,9,648.1778238095238,3112.8021898815477
2025-05-05,20:10,21:50,10,1453.4952928571424,9008.422969913683
2025-05-06,00:30,01:30,6,212.93398333333323,455.6379474624998
2025-05-06,02:00,02:40,4,98.3613499999999,213.49245453333313
2025-05-06,03:00,05:30,15,296.9093619047617,650.3306776535709
2025-05-06,05:40,05:50,1,556.0094666666668,1586.851017866667
2025-05-06,06:40,07:50,7,1777.8463287142854,7099.907501436332
2025-05-06,08:20,09:50,9,852.2376500000008,4417.939240350005
2025-05-06,15:40,15:50,1,21.069915476190545,82.41497438511932
2025-05-06,16:30,17:40,7,260.28747142857105,1233.5603160702362
2025-05-06,20:10,21:50,10,1559.1520023809512,9571.639797049993
2025-05-07,00:30,00:40,1,66.43740000000003,141.91028640000007
2025-05-07,00:50,01:10,2,22.628124999999955,48.54523510416657
2025-05-07,01:40,01:50,1,0.6114333333332524,1.3246703166664915
2025-05-07,02:20,03:10,5,52.36514999999997,114.19378674999992
2025-05-07,03:30,03:40,1,11.370133333333342,24.747095200000018
2025-05-07,04:10,04:20,1,4.274529761904773,9.380455562500025
2025-05-07,05:00,05:30,3,70.11735119047603,153.86732634107108
2025-05-07,05:40,05:50,1,570.9931499999999,1629.6144500999997
2025-05-07,06:40,07:50,7,1815.896766666668,7297.301031608338
2025-05-07,08:30,09:20,5,434.3324166666664,2240.314011191665
2025-05-07,14:40,17:40,18,1246.4894678571434,5295.094539901193
2025-05-07,18:00,18:50,5,317.97297976190544,2002.8760279434566
2025-05-07,20:10,21:50,10,1476.068391666668,9116.449126012509
2025-05-08,00:30,00:40,1,6.311991666666586,13.482414199999829
2025-05-08,00:50,01:20,3,21.43074999999999,46.057344891666645
2025-05-08,02:20,02:50,3,37.308716666666555,81.08213896666642
2025-05-08,03:00,03:20,2,30.041766666666604,65.67625713749986
2025-05-08,04:50,05:20,3,88.71029969047531,193.7200583245814
2025-05-08,05:40,05:50,1,550.2864166666667,1570.5174331666667
2025-05-08,06:50,07:50,6,1254.2479499999995,4971.5672201749985
2025-05-08,09:10,09:30,2,67.24323333333314,332.0041605666657
2025-05-08,14:40,16:10,9,467.1090285714283,1782.2486214571416
2025-05-08,20:00,22:00,12,1596.9529213333321,9468.284114320822
2025-05-09,00:00,00:10,1,29.61880000000002,62.91033120000005
2025-05-09,00:30,01:20,5,193.0588583333332,413.37369674166644
2025-05-09,01:30,01:40,1,10.451750000000004,22.53397300000001
2025-05-09,01:50,02:00,1,12.695833333333326,27.365868749999983
2025-05-09,03:00,03:10,1,18.9032281190474,41.34135989635667
2025-05-09,20:20,22:00,10,1751.1065583333336,9664.483523626193
2025-05-10,00:30,00:40,1,5.115033333333258,10.92571119999984
2025-05-10,01:10,01:30,2,37.97471666666661,81.52406263333322
2025-05-10,01:50,02:00,1,8.700833333333321,18.754646249999972
2025-05-10,02:20,02:40,2,23.006308333333322,50.200837649999976
2025-05-10,02:50,03:20,3,55.35481071428569,120.95998820357138
2025-05-10,04:10,04:20,1,10.481483964286657,23.00161655962707
2025-05-10,20:20,21:50,9,1824.5214503095212,10023.316754048286
2025-05-11,00:40,02:20,10,218.0649666666667,468.68088280833337
2025-05-11,02:30,02:50,2,60.718358333333185,131.85613907499967
2025-05-11,03:10,03:30,2,35.01602976190463,76.40960804464257
2025-05-11,03:50,05:20,9,146.30204880952397,320.83376057797653
2025-05-11,05:40,05:50,1,522.6743833333334,1491.7126900333335
2025-05-11,06:40,07:40,6,1397.520033333332,5592.347306574995
2025-05-11,09:30,09:50,2,40.589883333333454,192.66194628333392
2025-05-11,14:10,16:00,11,511.47896190476206,2152.736192801787
2025-05-11,17:00,17:20,2,52.2624154761902,250.76145261785584
2025-05-11,17:30,18:00,3,88.87409880952396,472.18875502381036
2025-05-11,18:40,18:50,1,18.33555000000058,118.09010977500374
2025-05-11,19:10,19:30,2,41.180716666666285,277.36103945833077
2025-05-11,20:10,21:50,10,1622.7979011904729,10260.068761212482
2025-05-12,00:50,01:10,2,42.20270833333336,90.65000114583339
2025-05-12,01:20,02:00,4,110.05689166666662,237.6442264874999
2025-05-12,02:20,02:40,2,23.217391666666686,50.68604781666671
2025-05-12,02:50,03:20,3,74.20685952380961,162.10558766011923
2025-05-12,04:00,04:30,3,33.864883333333296,74.01788370833326
2025-05-12,05:40,05:50,1,187.5377321071411,535.2326874337807
2025-05-12,06:40,07:40,6,951.4217666666653,3868.843802416661
2025-05-12,15:50,17:20,9,487.7165130952386,2226.3382867732166
2025-05-12,18:20,18:40,2,130.29721190476195,816.630692514286
2025-05-12,20:10,21:50,10,1275.1164285714276,7989.73920718273
2025-05-13,00:40,01:10,3,88.37587500000006,189.5519783958335
2025-05-13,01:40,02:00,2,17.94186666666667,38.753821633333345
2025-05-13,02:30,02:40,1,12.451358333333246,27.069253016666476
2025-05-13,04:10,04:30,2,49.717144904757646,108.723607826824
2025-05-13,05:40,05:50,1,553.6250833333334,1580.0459878333334
2025-05-13,06:40,07:40,6,1460.3940499999999,5865.501260508334
2025-05-13,08:50,09:20,3,128.7368999999986,652.7076621499926
2025-05-13,20:10,21:50,10,1400.2234941785723,8702.675342850602
2025-05-14,02:00,02:20,2,10.008141666666802,21.51117717916696
2025-05-14,03:20,04:10,5,114.50686783333501,249.90749003981318
2025-05-14,04:40,05:00,2,29.127783738095946,64.09450609493013
2025-05-14,05:40,05:50,1,553.3068166666667,1579.1376547666669
2025-05-14,06:40,07:50,7,1519.797583333333,6112.897187691665
2025-05-14,16:00,16:20,2,6.3788333333336595,27.099852821429938
2025-05-14,17:00,17:50,5,369.01943214285654,1824.3122885440446
2025-05-14,18:10,18:50,4,100.65580833333092,634.2586657297464
2025-05-14,20:10,21:50,10,1189.098491666667,7390.285134112504
2025-05-15,01:40,02:10,3,70.04242499999998,150.89314009583327
2025-05-15,02:30,03:20,5,83.21619642857138,180.9123081363094
2025-05-15,04:30,04:50,2,37.21558358333459,81.98521326103253
2025-05-15,05:40,05:50,1,514.7828166666666,1469.1901587666664
2025-05-15,06:50,07:50,6,1781.4966333333336,7081.953635625001
2025-05-15,15:50,17:00,7,589.6912785126405,2559.8966443263257
2025-05-15,17:10,17:40,3,117.89549654761808,579.3107519263049
2025-05-15,18:40,18:50,1,6.109044202379039,39.3452991854222
2025-05-15,20:10,22:00,11,861.7936083333335,4887.7235935875
2025-05-16,00:20,01:00,4,40.15254238095258,85.79092957880997
2025-05-16,01:30,02:10,4,29.79788291666665,64.17806644749996
2025-05-16,16:30,16:40,1,9.241895238095367,41.699431314286294
2025-05-16,20:40,22:00,8,893.7690023809489,4446.790088332721
2025-05-17,00:20,00:30,1,9.768801535714204,20.85150687798197
2025-05-17,01:30,01:50,2,17.4927645000001,37.80890227450021
2025-05-17,02:10,02:20,1,34.0585,73.634477
2025-05-17,02:40,03:00,2,12.080753833333311,26.22370810041662
2025-05-17,03:20,04:30,7,117.39838709523788,256.08345236842814
2025-05-17,04:40,05:20,4,58.615895523809385,128.15561404242825
2025-05-17,16:20,17:10,5,397.2798821428572,1830.7395550595243
2025-05-17,20:20,21:50,9,1085.9854571428557,6431.407962210702
2025-05-18,00:30,01:00,3,29.504458333333332,63.07061510833333
2025-05-18,01:20,03:10,11,278.9872833333334,604.0367075750002
2025-05-18,03:20,05:00,10,165.05076547619035,360.86373888035683
2025-05-18,05:20,05:30,1,10.51232142857134,22.606747232142666
2025-05-18,05:40,05:50,1,541.7853833333332,1546.2554840333332
2025-05-18,06:40,07:50,7,1946.4346084404735,7877.328076277239
2025-05-18,08:20,09:00,4,509.71763333333325,2708.046739191666
2025-05-18,20:10,21:50,10,785.3108821428533,4744.575436711284
2025-05-19,00:30,00:40,1,6.735158333333288,14.386298199999905
2025-05-19,01:30,02:30,6,75.44034166666665,162.80416331249995
2025-05-19,03:00,03:20,2,24.45920357142859,53.47408113035718
2025-05-19,03:40,03:50,1,0.38053690476192514,0.8295704523809969
2025-05-19,05:40,05:50,1,529.2161833333333,1510.3829872333333
2025-05-19,06:30,07:50,8,1730.4494166666668,7071.621539750001
2025-05-19,09:00,09:10,1,7.785750000000007,39.501002625000034
2025-05-19,20:10,20:50,4,691.4241652738087,4664.505744284518
2025-05-19,21:10,21:40,3,179.48483458333305,850.2517736902071
2025-05-20,00:20,00:40,2,9.51711759259706,20.320433676398423
2025-05-20,00:50,01:10,2,12.187425000000076,26.208547920833496
2025-05-20,02:10,02:40,3,40.1551833333333,87.46643306666658
2025-05-20,02:50,03:00,1,9.479166666666629,20.650364583333246
2025-05-20,03:30,03:40,1,10.236392857142846,22.279509053571402
2025-05-20,05:40,05:50,1,539.2676833333333,1539.0699682333332
2025-05-20,06:50,07:50,6,1279.909088261907,5093.948419067868
2025-05-20,15:30,16:40,7,238.64238690476162,948.0285470047612
2025-05-20,18:10,18:20,1,43.62811190476202,271.5195544392864
2025-05-20,18:40,18:50,1,125.58973690476171,808.8607005351178
2025-05-20,20:10,21:00,5,1005.6110333333346,6629.932056850009
2025-05-20,21:30,21:50,2,89.30501424999984,393.916103997541
2025-05-21,00:30,00:50,2,42.75260833333334,91.30813745000002
2025-05-21,01:10,01:20,1,7.2277666666665255,15.546926099999698
2025-05-21,01:50,02:00,1,7.580833333333317,16.340486249999962
2025-05-21,02:30,03:10,4,105.15656666666655,228.63180627499972
2025-05-21,03:50,04:00,1,5.857499999999959,12.82206749999991
2025-05-21,04:30,04:50,2,48.2658940476191,106.49623854107155
2025-05-21,05:40,05:50,1,525.79035,1500.6056589
2025-05-21,06:40,07:40,6,989.157533333333,4011.5426911083327
2025-05-21,15:00,15:30,3,304.2464797619049,1090.2567810053579
2025-05-21,15:40,17:20,10,484.91581547618966,2061.7680868559487
2025-05-21,17:40,18:40,6,221.9783715833337,1385.2894978163472
2025-05-21,20:10,21:50,10,1018.1567178571429,6340.578086751191
2025-05-22,00:50,01:50,6,60.75079166666637,130.79539014999938
2025-05-22,02:00,02:20,2,5.776383333333342,12.463583054166685
2025-05-22,03:00,03:20,2,14.07652500000006,30.779522587500132
2025-05-22,03:40,04:20,4,64.36274761904758,141.2328599619047
2025-05-22,04:30,04:50,2,30.36771666666675,66.85769272500019
2025-05-22,05:40,05:50,1,537.3344833333334,1533.5526154333336
2025-05-22,06:40,07:40,6,1178.4474261785642,4709.814264466388
2025-05-22,08:40,09:00,2,151.41300000000018,787.2373658333344
2025-05-22,20:10,20:40,3,610.7059390952365,4116.972755471418
2025-05-22,20:50,21:00,1,4.151648083333248,19.371589956832935
2025-05-23,03:20,03:40,2,49.54735565476108,107.88766419642677
2025-05-23,06:30,07:00,3,107.74615864285792,451.9501454936105
2025-05-23,16:20,17:10,5,75.12368809523826,340.5337529363103
2025-05-23,17:40,17:50,1,138.33818571428696,743.0143954714354
2025-05-23,20:40,21:10,3,195.71698333333092,1147.9113523333185
2025-05-24,00:00,01:10,7,132.97262897765978,284.09356049532096
2025-05-24,02:00,02:50,5,137.8845279999997,299.13709302283274
2025-05-24,03:00,03:10,1,1.0501000000001115,2.296568700000244
2025-05-24,03:50,04:10,2,29.16868448809523,64.09296389563093
2025-05-24,04:40,04:50,1,29.2552283333333,64.68330984499993
2025-05-24,17:20,17:30,1,2.2530952380953977,11.110012619048407
2025-05-24,20:40,21:40,6,204.75556666666597,1080.5208403791628
2025-05-25,01:10,01:30,2,24.28671666666662,52.14107046666658
2025-05-25,02:30,02:50,2,32.371099999999956,70.27838652916657
2025-05-25,04:00,04:20,2,19.69126666666682,43.32634045000034
2025-05-25,04:30,04:50,2,31.480857142857076,69.46945191428557
2025-05-25,05:40,05:50,1,535.2158333333333,1527.5059883333333
2025-05-25,06:30,07:50,8,1561.8798793928565,6445.960080278979
2025-05-25,20:10,21:10,6,437.80291454761914,2679.066488460715
2025-05-25,21:30,21:50,2,41.73594716666664,170.90892122441645
2025-05-26,00:20,00:30,1,4.11749999999995,8.788803749999893
2025-05-26,01:20,01:40,2,67.3394166666667,144.34940483333338
2025-05-26,01:50,02:10,2,34.87452499999995,74.92440041249989
2025-05-26,02:40,02:50,1,9.052708333333385,19.62174531250011
2025-05-26,04:20,05:20,6,133.64038095238107,293.05287682261934
2025-05-26,05:40,05:50,1,513.6599166666666,1465.9854021666665
2025-05-26,06:40,07:50,7,1846.6620043571397,7421.39504312482
2025-05-26,08:20,09:10,5,638.2853833333338,3378.321212316669
2025-05-26,20:10,20:50,4,643.3027045714266,4326.761934720225
2025-05-26,21:10,21:50,4,149.07029999999997,670.9198854499998
2025-05-27,01:20,01:40,2,32.6925500000001,70.29938905000022
2025-05-27,02:10,04:00,11,225.61050000000023,491.50203044583384
2025-05-27,04:20,05:00,4,47.37545595238089,104.05128197023798
2025-05-27,05:40,05:50,1,488.0557166666666,1392.9110153666666
2025-05-27,06:50,07:40,5,920.2522721071416,3616.6642839454594
2025-05-27,08:30,08:50,2,150.0799500000013,791.6076937500069
2025-05-27,20:10,20:50,4,252.97669642857147,1718.6077653630957
2025-05-27,21:00,21:40,4,36.090525,173.3603979416667
2025-05-28,00:20,01:30,7,173.0255000000002,370.44441274583374
2025-05-28,02:00,02:20,2,19.36364166666681,41.61297070416697
2025-05-28,02:50,03:50,6,126.35853571428595,275.4602662404767
2025-05-28,04:10,04:20,1,2.346791666666718,5.150034312500113
2025-05-28,04:30,04:50,2,2.498595238095163,5.498981077976027
2025-05-28,05:10,05:20,1,7.562377380952512,16.7846965970241
2025-05-28,05:40,05:50,1,518.6705,1480.2856069999998
2025-05-28,06:40,07:50,7,1691.9189021428597,6823.742087761677
2025-05-28,08:30,09:20,5,344.4645999999998,1793.427372258332
2025-05-28,09:30,09:50,2,9.004733333333661,43.00074333333488
2025-05-28,20:10,21:10,6,299.61623977381043,2022.2518250678634
2025-05-29,00:20,01:00,4,75.38879999999995,161.13468701249988
2025-05-29,01:10,01:30,2,35.99633333333327,77.16542424999986
2025-05-29,02:30,03:00,3,86.02325833333327,187.02310557499987
2025-05-29,03:20,03:30,1,6.069166666666661,13.218644999999986
2025-05-29,03:50,05:10,8,137.42542738095267,300.9545193327387
2025-05-29,05:20,05:30,1,8.812678571428705,18.951665267857432
2025-05-29,05:40,05:50,1,516.3014666666667,1473.5243858666668
2025-05-29,06:30,07:50,8,2150.3975076666666,8718.4972097705
2025-05-29,08:30,09:20,5,441.12435000000005,2294.0175741333337
2025-05-29,19:10,19:20,1,17.81743333333327,119.77769558333291
2025-05-29,20:10,20:40,3,601.3434612142831,4047.710076702364
2025-05-29,21:00,21:10,1,8.687504666666792,39.38914615866724
2025-05-30,16:10,17:40,9,555.6380023809525,2586.2703845851192
2025-05-31,00:00,00:10,1,12.723174999999912,27.024023699999816
2025-05-31,00:30,01:00,3,98.38800833333335,210.42080093333337
2025-05-31,01:20,01:40,2,10.402158333333261,22.401987116666515
2025-05-31,02:30,03:40,7,165.79754880952382,360.8870825875
2025-05-31,03:50,05:20,9,177.5810396428571,389.2231241008332
2025-05-31,07:00,07:20,2,15.66925055952425,63.315144763835114
2025-05-31,17:00,17:10,1,1.3232583333333423,6.260335175000042
2025-05-31,20:40,20:50,1,30.87358214285706,188.7302076392852
2025-06-01,00:30,04:00,21,1171.7544690476188,2528.329268848809
2025-06-01,04:10,04:50,4,49.43263928571446,108.21953496190515
2025-06-01,05:20,05:30,1,10.029404761904743,21.568234940476152
2025-06-01,05:40,05:50,1,529.0291166666666,1509.8490989666666
2025-06-01,06:40,07:50,7,1787.318090285712,7234.976700286895
2025-06-01,08:40,11:40,18,2782.6146999999996,12321.152385566667
2025-06-01,11:50,12:00,1,21.992083333333312,48.73445666666662
2025-06-01,12:40,13:10,3,86.55149999999958,323.9313049583318
2025-06-01,13:20,21:50,51,9584.530258071421,54579.34512849519
2025-06-02,00:30,00:40,1,86.87812499999995,185.5716749999999
2025-06-02,00:50,03:50,18,1036.7720809523807,2239.8755741011896
2025-06-02,04:10,04:50,4,170.15039761904757,373.5475060285713
2025-06-02,05:10,05:30,2,40.59830833333331,88.753196060119
2025-06-02,05:40,05:50,1,524.14275,1495.9034085
2025-06-02,06:30,07:50,8,2256.474923904764,9153.057461369104
2025-06-02,08:30,09:30,6,918.5089333333327,4708.21978778333
2025-06-02,14:00,21:50,47,7708.531277785715,38794.3273586897
2025-06-03,00:30,00:40,1,74.46228333333329,159.05143719999992
2025-06-03,00:50,03:50,18,1028.3076821428567,2223.077202533927
2025-06-03,04:00,04:20,2,31.981571428571442,70.36259107857146
2025-06-03,04:30,04:50,2,31.238134523809435,68.93368983988076
2025-06-03,05:00,05:30,3,120.432470238095,263.02019151726137
2025-06-03,05:40,05:50,1,152.40361126191067,434.95990654149307
2025-06-03,06:30,07:50,8,2768.425783333333,11307.621177991667
2025-06-03,08:40,10:20,10,1573.6868431547605,7848.766858277077
2025-06-03,14:40,18:00,20,2471.540777702382,10905.991591980674
2025-06-03,18:10,20:00,11,1012.2480023809529,6643.025783783932
2025-06-03,20:10,21:50,10,1851.8817809523796,11151.423200349398
2025-06-04,00:30,00:40,1,113.16771666666659,241.72624279999985
2025-06-04,00:50,02:30,10,1003.4910583333332,2161.806235629166
2025-06-04,02:50,05:30,16,639.446525,1398.5747744555556
2025-06-04,06:50,07:50,6,1498.079619166668,6017.750996500839
2025-06-04,13:30,13:50,2,137.80898333333243,620.9103267083294
2025-06-04,14:20,15:00,4,483.78869999999915,2321.634833558329
2025-06-04,15:10,16:10,6,326.1984055555556,1232.9061763458335
2025-06-04,16:50,19:20,15,999.6468123333282,5733.497215890476
2025-06-04,19:30,21:50,14,2214.9892722222207,13767.731405440269
2025-06-05,00:30,00:40,1,94.70764999999994,202.29554039999988
2025-06-05,00:50,04:30,22,1361.3310472222217,2948.4732505291668
2025-06-05,04:40,05:30,5,171.74734444444448,376.04567166666675
2025-06-05,05:40,05:50,1,10.45822499999997,29.847774149999918
2025-06-05,06:40,07:50,7,2176.5114348055536,8710.86129765459
2025-06-05,09:10,10:00,5,292.37618333333273,1431.8239798999973
2025-06-05,14:40,15:00,2,419.81969999999916,1662.3075260999963
2025-06-05,15:10,22:00,41,4807.126367388887,26565.70445590553
2025-06-05,23:30,24:00,3,266.20085055555586,568.6917408777783
2025-06-06,00:20,02:20,12,1073.5316333333335,2305.2944674333335
2025-06-06,02:40,05:30,17,382.71575277777805,835.792305305556
2025-06-06,06:50,07:40,5,411.29912072222254,1655.5803681078348
2025-06-06,15:10,17:40,15,2762.7604611111105,12065.983664174999
2025-06-06,18:10,18:20,1,353.78586111111076,2201.786306624998
2025-06-06,18:30,18:40,1,245.58483333333385,1537.6066415000032
2025-06-06,20:10,22:00,11,2069.243827777778,12002.017854697224
2025-06-06,23:40,24:00,2,66.70737430555535,142.61333741284676
2025-06-07,00:20,03:50,21,1190.7269,2564.2907006333335
2025-06-07,04:00,04:50,5,69.37224166666641,152.338878293055
2025-06-07,05:00,05:30,3,43.765705555555655,95.178603252778
2025-06-07,06:50,07:40,5,345.69096844444385,1349.6417365829977
2025-06-07,15:20,17:50,15,1383.6191055555555,6370.960297091667
2025-06-07,18:30,18:50,2,140.51926666666543,897.9849195166589
2025-06-07,20:10,21:50,10,2083.116444444444,12979.254955530554
2025-06-08,00:30,00:40,1,73.8715166666666,157.78955959999985
2025-06-08,00:50,02:00,7,328.42549999999983,707.2120713749996
2025-06-08,02:20,03:40,8,246.69331666666676,537.5444906541668
2025-06-08,04:00,04:20,2,76.28743333333352,167.65482895000042
2025-06-08,05:20,05:30,1,23.00750000000005,49.47762875000011
2025-06-08,06:40,07:10,3,894.9529655277722,3748.6043548975044
2025-06-08,18:50,21:50,18,2459.571141666669,15314.631297662514
2025-06-09,00:30,00:40,1,100.29637500000001,214.23305700000003
2025-06-09,00:50,02:20,9,545.2245333333334,1172.7572305500003
2025-06-09,02:30,03:00,3,112.7510749999999,245.07983109166645
2025-06-09,03:10,04:10,6,354.32338333333325,774.2301355791666
2025-06-09,04:20,04:50,3,111.83642222222193,245.86448726944383
2025-06-09,05:10,05:30,2,10.611499999999978,23.350169249999954
2025-06-09,05:40,05:50,1,14.480224999999905,41.32656214999973
2025-06-09,07:10,07:40,3,473.72185888888987,1817.3457238338926
2025-06-09,08:50,09:40,5,255.178733333333,1291.904984291665
2025-06-09,16:20,21:50,33,3971.850486361106,23399.801674669685
2025-06-10,01:00,01:10,1,2.3198583333334,5.000454637500144
2025-06-10,07:20,07:30,1,65.66748333333467,250.98112130000513
2025-06-10,09:10,09:50,4,611.203633333333,2967.7512241166646
2025-06-10,19:10,19:20,1,0.7716138888886235,5.187174368053771
2025-06-11,07:00,07:50,5,1608.9207000000001,6280.903043475001
2025-06-11,09:00,10:50,11,2335.5438999999997,11395.89922585
2025-06-11,12:40,13:50,7,870.937274930553,3643.080059953947
2025-06-11,14:40,14:50,1,148.06504999999962,694.1289543999982
2025-06-11,15:10,15:50,4,221.07122777777772,830.8973077444442
2025-06-11,19:20,19:30,1,9.108170833333247,61.402733672916085
2025-06-11,20:30,20:40,1,52.66423329166798,367.38569144267586
2025-06-12,00:20,00:50,3,96.14813333333336,205.33406037777786
2025-06-12,01:00,01:10,1,19.01630138888879,40.98963764374979
2025-06-12,06:50,07:30,4,710.3297320416674,2892.8654429347525
2025-06-12,14:40,14:50,1,37.77123425000059,177.07154616400274
2025-06-12,19:20,19:30,1,2.19078472222202,14.769175204859748
2025-06-12,20:10,20:40,3,205.6886897498297,1402.5998854224702
2025-06-12,20:50,21:30,4,83.9059200277782,387.69884062877975
2025-06-13,01:20,01:50,3,46.020591666666746,99.04944248333351
2025-06-13,02:20,02:50,3,67.98365416666667,147.92609482916666
2025-06-13,03:00,03:20,2,25.038708333333204,54.74115996874971
2025-06-13,03:40,04:00,2,15.826874999999973,34.52041638749994
2025-06-13,04:20,04:40,2,37.42340000000007,81.83890088611128
2025-06-13,04:50,05:10,2,14.569183333333342,31.77606684722224
2025-06-13,05:40,05:50,1,342.41838333333334,977.2620660333333
2025-06-13,06:10,07:40,9,1125.2407109861106,4711.720882766513
2025-06-13,15:50,16:30,4,60.658654166666906,257.71052568958436
2025-06-13,17:10,17:40,3,75.88703055555561,371.5527447444447
2025-06-14,00:00,00:20,2,49.84323333333327,105.85570446249989
2025-06-14,00:30,01:40,7,70.72708055555557,151.85711584722227
2025-06-14,02:10,03:00,5,96.61452361111094,209.6756426243052
2025-06-14,03:20,03:30,1,5.216020833333403,11.36049337500015
2025-06-14,03:40,04:00,2,30.438325000000077,66.54977768750018
2025-06-14,04:20,04:30,1,21.891902777777773,47.7681318611111
2025-06-14,05:20,05:30,1,1.581438888888897,3.400884330555573
2025-06-14,05:40,05:50,1,311.5639166666666,889.2034181666666
2025-06-14,06:50,07:30,4,286.6527993888895,1160.095843320169
2025-06-14,15:40,15:50,1,19.60415972222222,76.68167075347222
2025-06-14,16:30,16:50,2,70.50277222222246,320.2047925569455
2025-06-15,01:30,01:50,2,24.846096166664097,53.57801858324446
2025-06-15,02:00,02:20,2,39.14481006944472,84.4191549689242
2025-06-15,07:00,07:20,2,450.9668381250008,1815.0478737662531
2025-06-15,10:40,10:50,1,70.03503333333333,279.7899581666667
2025-06-15,19:30,19:50,2,31.364511111110573,211.41403548610748
2025-06-15,20:20,20:40,2,60.646402777777894,413.4461899895841
2025-06-16,00:20,00:40,2,63.1081333333334,134.70899691250014
2025-06-16,01:00,01:30,3,36.15317083333332,77.65758606944442
2025-06-16,01:50,02:40,5,145.37574027777782,314.8938338798612
2025-06-16,03:00,03:10,1,6.196533333333491,13.551818400000347
2025-06-16,05:40,05:50,1,76.87957500000005,219.41430705000013
2025-06-16,06:50,07:20,3,872.305177847225,3539.978203949039
2025-06-16,07:30,07:40,1,19.308076388888708,66.60320950347159
2025-06-16,19:10,19:30,2,33.28538055555498,223.9021875194406
2025-06-16,19:50,20:50,6,389.325997527778,2627.3285614847237
2025-06-16,21:00,21:30,3,152.4808047916668,708.312093892084
2025-06-17,00:20,01:00,4,133.97969999999987,286.499334945833
2025-06-17,01:20,01:30,1,23.9583513888889,51.2588927965278
2025-06-17,05:40,05:50,1,11.01081944444445,31.424878694444462
2025-06-17,07:10,07:30,2,489.48231666666777,1905.9531442333378
2025-06-17,10:40,10:50,1,42.197266666666565,168.57808033333293
2025-06-17,12:50,13:40,5,1046.3683559444444,4467.261332475083
2025-06-17,14:20,14:50,3,547.7945499999983,2734.867836816658
2025-06-17,15:10,15:30,2,135.08206111111122,490.84459995277814
2025-06-17,18:00,18:40,4,134.5877224166648,841.3284160698078
2025-06-17,18:50,19:00,1,7.380352777778171,49.69191525278043
2025-06-17,19:20,20:50,9,1202.625856694442,8128.719048958917
2025-06-17,21:20,21:40,2,61.96996983333361,291.84714955686246
2025-06-18,07:00,07:40,4,595.6270865694427,2381.0780830401045
2025-06-18,19:50,20:10,2,73.47444999999936,495.6456988673569
2025-06-18,20:20,20:40,2,181.16669356944954,1238.1078198798468
2025-06-19,00:40,01:10,3,53.57695416666684,114.79850971875037
2025-06-19,01:20,01:40,2,27.9967972222222,59.90816557152773
2025-06-19,01:50,02:20,3,98.44935972222197,211.87746197361056
2025-06-19,02:30,02:50,2,71.05596944444426,154.2283724423607
2025-06-19,05:40,05:50,1,14.33500416666675,40.91210189166691
2025-06-19,07:20,07:30,1,16.883989000000838,64.5306059580032
2025-06-19,09:20,09:50,3,217.1891333333333,1041.4741646749999
2025-06-19,19:00,19:40,4,183.8600944444447,1238.4304207930572
2025-06-19,19:50,20:00,1,6.272336111110917,42.281817724998696
2025-06-19,20:20,20:40,2,20.947086111110934,142.34386336874883
2025-06-19,20:50,21:10,2,40.533798972222485,187.22761708772344
2025-06-20,00:00,00:10,1,48.7078430555556,103.4554586500001
2025-06-20,00:30,00:50,2,30.63490277777771,65.43013075347208
2025-06-20,01:00,01:40,4,178.18376111111098,383.22489503611087
2025-06-20,02:10,02:20,1,15.015222222222235,32.46291044444447
2025-06-20,03:20,03:40,2,22.25853611111097,48.472233772916354
2025-06-20,03:50,04:20,3,48.31199027777768,106.09147643194422
2025-06-20,05:20,05:30,1,7.957076388888936,17.111692774305656
2025-06-20,05:40,05:50,1,279.1946833333334,796.8216262333335
2025-06-20,06:50,07:10,2,149.15291259722372,616.7314121426313
2025-06-21,00:20,00:30,1,46.141276388888855,98.48855445208326
2025-06-21,01:10,02:10,6,163.5670291666666,351.6918205145832
2025-06-21,02:20,02:30,1,11.55725972222217,25.23527660347211
2025-06-21,02:50,03:30,4,120.06010416666663,261.93641149652774
2025-06-21,04:00,04:20,2,76.51091111111111,168.17803003333336
2025-06-21,04:40,05:20,4,75.06076686110926,164.40224318269034
2025-06-22,00:20,01:30,7,315.3110041666663,676.909766752777
2025-06-22,02:00,02:10,1,24.479426388888783,52.54508874374977
2025-06-22,02:30,03:10,4,187.54869027777772,407.3724910805554
2025-06-22,04:00,04:10,1,4.867444444444459,10.710811500000032
2025-06-22,07:20,07:40,2,318.89948333333325,1167.085386508333
2025-06-22,14:30,15:00,3,688.9811611111114,3221.9028991888904
2025-06-22,15:10,15:40,3,78.20519861111097,289.84022826597175
2025-06-22,18:50,20:10,8,165.90437916666667,1118.110180504861
2025-06-22,20:30,21:10,4,142.7762927638875,795.4539316100887
2025-06-23,07:00,07:40,4,747.738483333333,2865.4691517166652
2025-06-23,14:40,14:50,1,34.77051666666492,163.00418213332512
2025-06-23,15:10,15:20,1,19.342812500000036,69.79853890625013
2025-06-23,19:10,19:20,1,7.195269361104238,48.37019828002324
2025-06-23,19:30,20:00,3,491.8335166666668,3313.907299144445
2025-06-23,20:10,21:00,5,682.1929138888889,4590.451750161111
2025-06-24,01:00,02:10,7,398.0997597222222,857.3689331604166
2025-06-24,05:40,05:50,1,16.955948611111126,48.39227733611116
2025-06-24,06:50,07:40,5,1382.890133333333,5363.450888366666
2025-06-24,08:50,11:00,13,3058.96555,14657.962685749999
2025-06-24,11:10,11:20,1,1.250261848422042,3.1300305375245827
2025-06-24,13:00,14:50,11,2022.219516666667,9684.788464141668
2025-06-24,15:10,16:50,10,797.8108972222225,3167.7368736423623
2025-06-24,17:00,18:10,7,369.45278888888936,1916.364866429864
2025-06-24,18:50,19:20,3,390.27756844444565,2625.1805761094524
2025-06-24,19:40,20:00,2,295.81246111111045,1992.8895391937456
2025-06-24,20:10,21:20,7,693.1357361111108,4502.05078210347
2025-06-25,00:30,01:00,3,130.33059166666658,278.6313558166665
2025-06-25,01:30,01:40,1,32.26628194444436,69.56610387222204
2025-06-25,02:10,02:20,1,16.226654166666663,35.082026308333326
2025-06-25,02:50,03:30,4,120.73445294444669,263.5558760505882
2025-06-25,03:50,04:30,4,81.96652800000102,179.72800675033557
2025-06-25,07:00,07:30,3,805.1435666666658,3179.451588399997
2025-06-25,09:30,09:50,2,215.81043362499855,1023.1134372038055
2025-06-25,10:10,10:50,4,409.8052666666666,1860.8739522249998
2025-06-25,12:50,13:00,1,34.43374999999992,142.53850812499965
2025-06-25,18:50,19:10,2,49.07182500000124,330.6394441125084
2025-06-25,20:00,20:10,1,17.72164999999984,119.73632822499893
2025-06-25,20:30,21:10,4,38.8792194444419,201.16456401387342
2025-06-26,01:00,01:20,2,15.131130555555501,32.60661376874988
2025-06-26,01:30,01:50,2,106.60424722222217,230.39169382152767
2025-06-26,06:50,07:20,3,468.41107680555353,1912.888012188603
2025-06-26,09:30,09:40,1,158.43778358333435,746.4003984610882
2025-06-26,10:10,10:30,2,111.24619999999982,532.531747799999
2025-06-26,18:50,19:10,2,65.36044583333444,441.3583963770908
2025-06-26,19:30,19:50,2,85.77412499999957,578.057099968747
2025-06-26,20:30,20:40,1,3.126709722222131,21.811927022221585
2025-06-27,00:00,00:10,1,24.11371666666662,51.2175341999999
2025-06-27,00:20,00:30,1,54.383133333333376,116.0807981000001
2025-06-27,00:50,01:00,1,6.746466666666663,14.454304833333326
2025-06-27,01:50,03:10,8,159.58321250000006,345.54305983680564
2025-06-27,03:50,04:00,1,1.5582333333333054,3.4109727666666054
2025-06-27,04:20,05:20,6,143.80566666666653,315.42067999722195
2025-06-27,05:40,05:50,1,318.6768166666666,909.5036347666664
2025-06-27,07:00,07:20,2,109.26615926388936,439.5896573816964
2025-06-27,16:10,16:30,2,31.695947222222458,135.85242964861214
2025-06-27,17:00,17:20,2,16.159186111111126,77.17575246388897
2025-06-27,17:40,17:50,1,40.839795833333255,219.35054342083293
2025-06-27,20:20,20:40,2,194.90775972221962,1330.203450463177
2025-06-28,00:40,01:00,2,75.6034198333339,161.877073286029
2025-06-28,20:10,21:20,7,439.1090293670667,2523.1733785263114
2025-06-29,00:30,00:50,2,31.288580555555654,66.83028417986132
2025-06-29,01:20,01:30,1,13.593079166666712,29.08239287708343
2025-06-29,01:40,02:10,3,137.7813013888889,297.22847039375
2025-06-29,02:20,02:40,2,83.88053611111127,182.992373297917
2025-06-29,04:10,04:50,4,176.38164878769913,386.6978782110344
2025-06-29,05:00,05:10,1,1.1351581785720328,2.459320193876309
2025-06-29,05:40,05:50,1,3.316340476190362,9.464835719047294
2025-06-29,07:00,07:40,4,756.606669841271,2922.517361342465
2025-06-29,09:30,09:40,1,208.1853666666667,980.761262366667
2025-06-29,18:50,19:10,2,40.153737103175786,271.0922591115159
2025-06-29,19:50,20:40,5,254.8437024662664,1735.2614944934294
2025-06-29,21:20,21:50,3,51.865654001984055,225.51082333671297
2025-06-30,00:40,01:10,3,104.94188472222231,224.56380365208355
2025-06-30,01:20,02:20,6,218.08035277777776,469.6081572236111
2025-06-30,02:50,03:00,1,18.571609722222206,40.45825177986107
2025-06-30,05:40,05:50,1,17.36315297619035,49.554438594047255
2025-06-30,06:40,07:50,7,2241.619729144841,9182.17051829952
2025-06-30,18:50,19:10,2,82.72276666666801,557.4277899416758
2025-06-30,19:20,19:40,2,62.7108027777773,422.92520507708014
2025-06-30,20:30,20:40,1,43.11349361309226,300.7597314449316
2025-07-01,00:30,05:30,30,2950.914460714285,6420.210249851288
2025-07-01,05:40,05:50,1,57.86556607142859,165.1483255678572
2025-07-01,06:40,07:40,6,916.5971281785685,3754.114952331619
2025-07-01,09:40,09:50,1,11.78771666666671,56.398330391666875
2025-07-01,17:40,17:50,1,19.05911145634714,102.36648763204049
2025-07-01,18:10,21:50,22,3552.5897486111103,22345.314294101285
2025-07-02,00:30,00:40,1,83.76781388888878,178.92805046666643
2025-07-02,00:50,05:30,28,3258.894324007936,7085.4200447979165
2025-07-02,05:40,05:50,1,88.0776994047618,251.3737541011902
2025-07-02,06:50,07:30,4,952.305754682542,3774.8249503340267
2025-07-02,17:50,21:50,24,3750.050175,23937.80338845814
2025-07-03,00:30,00:40,1,130.8745472222223,279.54803286666686
2025-07-03,00:50,05:30,28,3119.3984329365076,6780.962471249403
2025-07-03,05:40,05:50,1,122.05841904761917,348.3547279619051
2025-07-03,07:00,07:40,4,1172.3553978174605,4589.2324765296635
2025-07-03,09:20,10:30,7,545.705771357145,2629.8257964488193
2025-07-03,13:30,13:50,2,127.01960618650924,568.6360729231346
2025-07-03,14:10,15:00,5,629.2137021825409,2948.7461727632995
2025-07-03,15:10,22:00,41,5575.998645152777,31988.647408419933
2025-07-03,23:30,24:00,3,167.61746735317507,357.44327335887
2025-07-04,00:20,05:30,31,3647.4781904761894,7907.552181815476
2025-07-04,06:20,07:20,6,728.847090857143,3042.812687967192
2025-07-04,17:00,17:10,1,38.27654761904701,181.08634678571138
2025-07-04,17:20,17:40,2,230.67225714285723,1131.4878297928576
2025-07-04,18:10,18:50,4,999.2065476190489,6285.706504623819
2025-07-04,19:40,20:00,2,330.8373500000007,2229.762245775005
2025-07-04,20:10,22:00,11,2550.955638095238,14760.960334426194
2025-07-04,23:10,24:00,5,543.7167546666665,1155.1580422849995
2025-07-05,00:20,05:30,31,3196.676433333333,6936.376068216665
2025-07-05,05:40,05:50,1,81.80714085714294,233.47758000628596
2025-07-05,06:10,07:30,8,936.4350166666667,3941.3278197833342
2025-07-05,15:40,15:50,1,38.527000000000044,150.69836050000018
2025-07-05,16:10,16:20,1,81.68802142857074,347.95012727499704
2025-07-05,16:30,16:50,2,188.39334761904692,857.5712066488063
2025-07-05,17:00,17:20,2,337.26706904761977,1624.7143276642892
2025-07-05,17:30,17:40,1,121.42822619047615,592.5697438095236
2025-07-05,18:10,18:50,4,1520.8481619047611,9537.110318797613
2025-07-05,19:40,20:00,2,20.797266666667497,140.12497440000558
2025-07-05,20:10,21:50,10,2231.946628571429,13554.77450360714
2025-07-06,00:30,00:40,1,97.47028333333333,208.1965252
2025-07-06,00:50,05:30,28,2844.21760952381,6184.570826403571
2025-07-06,05:40,05:50,1,95.98998333333338,273.9554124333335
2025-07-06,06:50,07:50,6,1575.6559410714287,6255.995123673811
2025-07-06,09:00,09:40,4,455.7883666666659,2260.4950207833294
2025-07-06,09:50,10:10,2,195.78462166666685,973.8856397675011
2025-07-06,12:50,13:00,1,57.08041666666668,236.28438479166672
2025-07-06,13:10,15:00,11,2012.8247700714273,9542.801135553826
2025-07-06,15:10,21:50,40,6737.785961999998,37518.76859947676
2025-07-07,00:50,03:50,18,1487.9805843253966,3220.376316750198
2025-07-07,04:00,05:30,9,475.86354702380925,1042.2503248874002
2025-07-07,05:40,05:50,1,34.207776388888874,97.62899381388885
2025-07-07,06:50,07:40,5,1125.451796833334,4419.051762012836
2025-07-07,18:50,19:20,3,186.15679960317482,1255.176733853176
2025-07-07,19:30,21:50,14,1732.4551327341287,10858.51037272021
2025-07-08,00:30,00:50,2,23.759680555555633,50.74752630069461
2025-07-08,01:00,01:20,2,7.2218777777776495,15.555924712499724
2025-07-08,07:00,07:20,2,640.5676401329356,2576.0394145698815
2025-07-08,07:30,07:40,1,2.0450968253967403,7.054561499206055
2025-07-08,18:50,19:00,1,28.346978769841826,190.86020805734503
2025-07-09,07:00,07:30,3,543.1030052341315,2140.0318594715177
2025-07-09,19:30,19:40,1,6.461895833333074,43.585487395831585
2025-07-10,19:20,19:30,1,0.6666847222219303,4.494455054859143
2025-07-12,03:20,03:40,2,29.11685672817775,63.38278863641162
2025-07-12,05:30,05:40,1,4.351013095238159,8.077655811309642
2025-07-12,15:30,15:50,2,91.94529126984116,352.9444136186504
2025-07-12,16:00,16:10,1,35.67519821428573,147.5347822151786
2025-07-13,01:20,01:30,1,10.07285416666673,21.550871489583468
2025-07-13,01:50,02:00,1,32.65785416666665,70.39400465624996
2025-07-13,19:00,19:30,3,114.32111785714312,769.5131586113114
2025-07-13,19:50,20:00,1,60.01635833333319,404.57027152499904
2025-07-14,01:10,01:20,1,5.62555138888888,12.100561037499983
2025-07-14,18:50,19:00,1,46.252087500000584,311.41530513750394
2025-07-14,19:20,19:40,2,44.30451666666647,298.71547349583204
2025-07-14,19:50,21:20,9,404.41836068650684,2577.568979702572
2025-07-15,00:40,00:50,1,37.50835277777776,80.09908735694441
2025-07-15,02:10,02:40,3,153.407745555556,334.3090952834732
2025-07-15,03:20,03:40,2,48.59420743254072,105.79787127944273
2025-07-15,04:00,04:40,4,104.49193436111094,229.4771678803746
2025-07-15,07:30,07:40,1,95.91939999999988,330.87397029999954
2025-07-15,19:00,19:40,4,63.042711111110975,424.7092259659713
2025-07-16,02:10,02:40,3,64.3145977916678,140.02858058461354
2025-07-16,04:30,05:30,6,106.33296572619095,233.04104009287602
2025-07-16,05:40,05:50,1,34.860203373015906,99.4910204265874
2025-07-16,07:10,07:40,3,615.1237833333325,2271.222580541664
2025-07-16,18:50,19:10,2,65.34760277777877,440.6334191882012
2025-07-16,20:00,20:40,4,462.19428987301524,3120.1868895575353
2025-07-17,00:40,01:40,6,334.5860250000002,717.1019252888893
2025-07-17,01:50,02:00,1,19.427526388888964,41.87603313125016
2025-07-17,02:20,02:30,1,16.056868347223553,35.060172036162626
2025-07-17,04:00,04:10,1,35.35727686309585,77.80368773724241
2025-07-17,04:50,05:00,1,47.09581372023917,103.49305065022557
2025-07-17,07:20,07:40,2,387.2091333333324,1410.622229641663
2025-07-17,09:00,09:40,4,599.4108833333332,2974.9815018
2025-07-17,20:00,20:50,5,521.2985306884937,3526.954084437907
2025-07-17,21:10,21:20,1,39.57310286111108,185.419773455736
2025-07-18,00:20,00:50,3,36.207708333333244,77.32419147777759
2025-07-18,01:00,01:20,2,28.42928055555558,61.19043433125006
2025-07-18,02:20,02:30,1,29.37727638888896,64.14528299513904
2025-07-18,02:50,03:00,1,35.09894305555565,76.46304744652798
2025-07-18,15:40,16:10,3,160.90346249999993,641.1063859687498
2025-07-18,16:50,17:50,6,207.53026507936522,1026.4656298587308
2025-07-19,00:10,00:20,1,0.4508541666666588,0.9569379687499833
2025-07-19,01:00,01:20,2,78.83647777777776,169.69171575
2025-07-19,02:50,03:00,1,41.19677384126953,89.74717181320567
2025-07-19,03:40,05:30,11,293.3743484761906,641.8774475756154
2025-07-19,16:00,17:00,6,235.69880000000012,1058.2313112265879
2025-07-19,20:30,20:50,2,168.23474339484255,1161.0306142198422
2025-07-19,21:00,21:20,2,54.88985506944452,253.03399290152817
2025-07-20,00:40,01:10,3,47.44990000000007,101.90913421250015
2025-07-20,01:30,01:50,2,45.44910000000016,98.33942291250034
2025-07-20,02:30,03:10,4,129.4881837599206,281.58649814009914
2025-07-20,04:30,04:40,1,47.67863144047558,104.72611395900462
2025-07-20,05:10,05:30,2,17.5807281785713,38.63926333341043
2025-07-20,07:00,07:40,4,1180.1573166666667,4580.890706091666
2025-07-20,20:20,20:40,2,40.69726388888864,279.052527197915
2025-07-21,01:10,01:30,2,81.62071944444438,175.05494430486098
2025-07-21,02:00,02:50,5,117.02831013888812,253.49349584645665
2025-07-21,05:40,05:50,1,28.956001785714307,82.64042909642863
2025-07-21,07:10,07:40,3,690.5050666666682,2600.5174973416724
2025-07-21,09:00,09:40,4,468.80988333333323,2305.679162466666
2025-07-21,19:00,19:20,2,28.474962301587766,191.73701347659045
2025-07-21,20:30,20:40,1,34.42539305555567,240.15154195555638
2025-07-22,00:20,01:20,6,259.3042444444445,555.8389739541668
2025-07-22,01:40,01:50,1,42.98049444444439,93.11724121388878
2025-07-22,04:10,04:20,1,9.631044091272088,21.135326258296598
2025-07-22,04:50,05:30,4,110.42460133333276,240.52143143714162
2025-07-22,05:40,05:50,1,46.342468452380785,132.26140496309478
2025-07-22,07:00,07:40,4,813.5634500000017,3095.5341786916733
2025-07-22,19:20,20:10,5,203.58016964285537,1373.0891550463175
2025-07-22,20:20,20:50,3,202.21730598611737,1383.8020610729716
2025-07-23,00:30,01:40,7,189.1475916666667,406.3558929000001
2025-07-23,03:00,03:20,2,122.40535102777605,267.56937246857956
2025-07-23,07:20,07:40,2,524.49395,1922.792918025
2025-07-23,08:40,09:20,4,492.9965499999996,2528.1141098249973
2025-07-23,19:00,19:50,5,180.70394265872937,1217.966569371225
2025-07-23,20:20,21:20,6,393.3538331765908,2325.516628063683
2025-07-24,00:20,00:40,2,60.13064374142516,128.37324412440535
2025-07-24,01:30,01:40,1,2.5423222222223103,5.481246711111301
2025-07-24,02:00,02:20,2,66.79693611111111,143.94729047569444
2025-07-24,02:30,03:30,6,163.8817583333331,357.4112530451383
2025-07-24,05:40,05:50,1,34.15117559523799,97.46745514880922
2025-07-24,07:20,07:40,2,169.8465666666671,602.5096430916682
2025-07-24,16:00,16:10,1,14.786320881636307,61.14883000600694
2025-07-24,16:20,17:20,6,159.23734897618982,736.307775115914
2025-07-24,18:50,19:10,2,40.29363611111114,271.36274780069465
2025-07-24,19:20,20:00,4,234.08043756348843,1577.2190680714398
2025-07-24,20:10,20:40,3,742.4290269841277,5013.085270558933
2025-07-25,00:00,00:30,3,82.64326666666693,175.9082648500006
2025-07-25,03:30,03:50,2,46.68063879166784,101.7212053293706
2025-07-25,04:00,04:20,2,28.765335831349123,63.206164113550415
2025-07-25,04:40,05:20,4,110.49614064682544,242.85265883382152
2025-07-25,20:20,20:40,2,172.22486214683124,1191.12913551597
2025-07-25,21:20,22:00,4,75.82307319444405,339.40652761367863
2025-07-26,00:50,01:10,2,66.4655737599201,142.87954577507327
2025-07-26,02:00,02:10,1,27.948620611110776,59.991714141749284
2025-07-26,02:40,02:50,1,14.961750611111434,32.42959444958403
2025-07-26,03:10,03:20,1,8.52748080555566,18.636809300541895
2025-07-26,15:50,16:00,1,5.572390476190435,22.442802642856975
2025-07-27,00:20,00:30,1,17.450016666666556,37.247060574999765
2025-07-27,00:40,01:00,2,32.486049999999864,69.54174989166637
2025-07-27,01:10,01:40,3,255.4495833333333,548.0749235944444
2025-07-27,02:00,02:20,2,51.76272777777763,111.62244431111078
2025-07-27,04:40,05:30,5,167.82042527777824,365.9284868744851
2025-07-27,05:40,05:50,1,62.63469960317457,178.75943266746023
2025-07-27,07:00,07:40,4,1257.1222500000008,4824.499811425004
2025-07-27,08:30,09:30,6,1218.7604333333338,6268.152212558336
2025-07-27,18:50,19:00,1,44.008427777778365,296.30874422778174
2025-07-27,19:20,19:50,3,50.00795059523762,337.1207934553539
2025-07-27,20:20,20:40,2,16.317225992062845,111.63707700535258
2025-07-28,00:40,01:00,2,17.883858333333137,38.30767352499958
2025-07-28,01:30,01:50,2,101.79443888888864,220.00761051111056
2025-07-28,02:50,03:20,3,99.96215780555846,218.51413623079802
2025-07-28,07:00,07:40,4,689.8388999999993,2613.366471149997
2025-07-28,08:40,10:30,11,1313.3610999999994,6574.766085516663
2025-07-28,13:10,13:30,2,7.800583333333634,33.35384216666795
2025-07-28,13:50,15:00,7,713.483716067457,3536.228169819981
2025-07-28,15:20,17:10,11,878.6075301587296,3767.808429109124
2025-07-28,19:40,20:40,6,941.0818430277766,6348.751961097688
2025-07-28,20:50,21:40,5,167.29582088888873,780.553532639777
2025-07-29,02:00,02:20,2,33.36149716666518,71.89875173074681
2025-07-29,02:30,02:50,2,101.1605290833331,219.53422885633282
2025-07-29,05:40,05:50,1,10.816599404761973,30.870574701190673
2025-07-29,07:20,07:40,2,228.35143333333275,800.5806106166644
2025-07-29,09:00,10:50,11,959.2851333333342,4660.768964966672
2025-07-29,13:40,14:50,7,477.92573961309176,2312.4019788663663
2025-07-29,18:50,19:30,4,148.9436494047626,1004.052580326989
2025-07-29,20:20,20:40,2,52.66977777777777,363.1258282624999
2025-07-30,00:40,01:00,2,104.03444999999999,222.59596192499998
2025-07-30,01:50,02:20,3,75.54606388888874,162.73485569236078
2025-07-30,02:50,03:40,5,121.32941433730011,264.5422903111893
2025-07-30,03:50,04:50,6,121.96327969047577,268.05285192251097
2025-07-30,05:10,05:20,1,11.184937660715013,24.824969137956973
2025-07-30,05:40,05:50,1,1.4393113095237595,4.10779447738081
2025-07-30,07:00,07:40,4,1111.5405500000004,4243.515977925002
2025-07-30,08:50,10:00,7,500.5982666666665,2495.4202055916653
2025-07-30,19:50,20:00,1,2.1074208333330944,14.20612383749839
2025-07-30,20:10,21:00,5,290.1531669206337,1901.2621417501905
2025-07-31,02:20,02:30,1,32.02345416666444,69.92321217291182
2025-07-31,07:10,07:30,2,261.29096666666743,1003.2117248000031
2025-07-31,09:00,10:00,6,574.328062083333,2799.8423156964564
2025-07-31,19:00,19:20,2,29.248984523809327,196.78300364166535
2025-07-31,19:30,21:10,10,1051.1476853710326,7024.914579643329
2025-08-01,00:00,00:20,2,5.208516666666583,11.058324574999823
2025-08-01,00:50,01:00,1,21.269849999999906,45.5706536249998
2025-08-01,01:20,02:10,5,163.84575555555512,352.7382097333324
2025-08-01,02:50,03:30,4,86.55521082341131,189.07099957880155
2025-08-01,03:50,04:00,1,26.383077428571504,57.752556491143025
2025-08-01,04:20,04:40,2,56.2945318174602,123.17470503145213
2025-08-01,04:50,05:30,4,164.41430069444448,359.3046047379465
2025-08-01,20:30,20:50,2,109.30355371825362,751.0493925565929
2025-08-02,00:00,00:30,3,59.53709583333364,126.64861821250065
2025-08-02,15:40,15:50,1,35.227666666666664,137.79301816666666
2025-08-02,20:20,20:30,1,52.552857781746184,354.4427493089872
2025-08-02,20:50,21:00,1,24.697108333333674,115.23670748333492
2025-08-03,00:30,00:50,2,31.580516666666767,67.44676746666688
2025-08-03,05:40,05:50,1,44.189959523809534,126.11814448095241
2025-08-03,07:20,07:40,2,348.76588333333336,1275.7051041416667
2025-08-03,18:50,20:10,8,308.06085238095204,2077.0759483345214
2025-08-03,20:30,21:50,8,138.48190714285658,670.7928657369013
2025-08-04,00:30,00:50,2,47.72888333333333,101.94108519166666
2025-08-04,04:20,04:40,2,68.32445576190212,149.2565823141371
2025-08-04,05:40,05:50,1,8.589938095237926,24.515683323809043
2025-08-04,07:00,07:40,4,644.1055666666664,2474.5984440583325
2025-08-04,18:50,19:00,1,65.56000000000051,441.41548000000347
2025-08-04,19:50,20:10,2,41.44343095238048,279.69804622975875
2025-08-05,00:30,01:20,5,164.80601666666632,354.145859116666
2025-08-05,05:40,05:50,1,19.187916666666524,54.762314166666265
2025-08-05,07:00,07:40,4,527.8801333333327,2030.183331291664
2025-08-05,19:40,20:10,3,49.47764047618966,333.69510087737547
2025-08-06,00:20,00:40,2,56.41736666666668,120.46038520000005
2025-08-06,01:10,01:30,2,38.76778333333334,83.34194945000002
2025-08-06,02:30,02:40,1,39.23923333333323,85.30609326666644
2025-08-06,05:40,05:50,1,626.1604333333333,1787.0618767333335
2025-08-06,07:30,07:40,1,107.5562666666666,371.0153418666664
2025-08-06,08:30,08:50,2,116.89159999999734,610.5519634999858
2025-08-06,15:20,16:30,7,867.3271016460919,3446.0940076953757
2025-08-06,17:40,18:00,2,65.67221894444545,380.7468912839498
2025-08-06,18:20,18:40,2,63.1782836666682,396.10937110473185
2025-08-06,19:10,19:20,1,29.381079777776563,197.51430880610295
2025-08-06,19:40,20:40,6,933.3130333333327,6303.798229808329
2025-08-06,21:10,21:50,4,103.53975366666648,467.15776313016585
2025-08-07,00:30,00:40,1,3.4354500000001735,7.338121200000371
2025-08-07,00:50,01:10,2,101.42926666666654,217.5493792999997
2025-08-07,01:30,02:10,4,82.92821666666691,178.99010040000053
2025-08-07,02:30,02:50,2,37.15084999999999,80.61367434999998
2025-08-07,03:00,03:20,2,35.199077777777916,76.94457778333364
2025-08-07,04:00,04:20,2,41.96768205555295,92.16738542991094
2025-08-07,05:40,05:50,1,599.15035,1709.9750989000001
2025-08-07,07:10,07:50,4,745.5910333333327,2848.587721008331
2025-08-07,18:50,19:00,1,5.630000000000564,37.9067900000038
2025-08-07,19:30,19:40,1,4.424727777777434,29.844788861108796
2025-08-07,20:00,20:10,1,27.342383333333146,184.7388129916654
2025-08-09,00:40,01:10,3,72.01348299999886,154.24920127983088
2025-08-09,21:40,21:50,1,15.226217444448864,59.10817611935048
2025-08-10,00:20,00:30,1,49.946666666666715,106.61116000000011
2025-08-10,00:50,01:00,1,7.0316666666667516,15.065345833333515
2025-08-10,01:20,01:30,1,64.78166666666675,138.60037583333352
2025-08-10,01:50,02:00,1,10.261666666666656,22.11902249999998
2025-08-10,02:30,02:50,2,81.83365000000015,177.630228816667
2025-08-10,03:00,03:10,1,9.943200000000047,21.745778400000106
2025-08-10,03:50,04:00,1,25.740000000000123,56.34486000000027
2025-08-10,04:30,04:40,1,0.49796666666668443,1.0937837833333726
2025-08-10,05:00,05:20,2,10.416861111111075,22.6657129027777
2025-08-10,05:40,05:50,1,633.1878333333334,1807.1180763333336
2025-08-10,20:20,20:40,2,39.748183333333145,271.42984943333204
2025-08-11,00:20,00:40,2,47.26717969821607,100.91295366584221
2025-08-11,00:50,01:20,3,159.34214999999983,342.778723958333
2025-08-11,01:30,01:40,1,0.15746666666655074,0.33949813333308343
2025-08-11,02:10,02:30,2,9.693750000000136,21.164430833333633
2025-08-11,02:50,03:20,3,111.45713333333333,243.66928891666666
2025-08-11,05:40,05:50,1,564.1867666666666,1610.1890320666664
2025-08-11,07:10,07:40,3,512.0096500000014,1873.6577550750058
2025-08-11,08:40,09:30,5,427.3761166666683,2171.1820087333417
2025-08-11,18:50,19:40,5,197.339127777778,1330.119608544446
2025-08-11,20:00,20:10,1,23.9462388888885,161.79276305277517
2025-08-11,20:20,20:40,2,11.366283333333513,79.0079908666679
2025-08-12,00:50,01:00,1,1.1916666666667197,2.553145833333447
2025-08-12,05:40,05:50,1,617.9929666666667,1763.7519268666667
2025-08-12,07:30,07:40,1,107.70546666666655,371.53000726666625
2025-08-12,16:20,16:40,2,81.27868427777807,360.7473703485291
2025-08-12,17:30,17:50,2,34.13256547222254,183.2744056377792
2025-08-12,19:00,19:20,2,28.22138611111052,190.1687052402738
2025-08-12,19:40,20:00,2,382.2066597222241,2575.2748557187624
2025-08-12,20:10,20:40,3,562.4000694444447,3802.3781166805575
2025-08-12,20:50,21:00,1,8.169806750000044,38.120318295500205
2025-08-13,00:40,01:00,2,104.96951666666678,224.79039617500024
2025-08-13,01:20,01:30,1,39.134166666666715,83.72754958333344
2025-08-13,05:40,05:50,1,606.92005,1732.1498227
2025-08-13,07:10,07:40,3,549.287083333335,2084.365563716673
2025-08-13,19:10,19:30,2,47.36243333333266,318.6620797499955
2025-08-13,20:30,20:40,1,28.889066666666622,201.53012906666635
2025-08-14,00:20,00:50,3,24.79242499999998,52.94700486249995
2025-08-14,01:00,01:10,1,1.4821833333331824,3.194846174999675
2025-08-14,05:40,05:50,1,620.4287241944472,1770.7035788509525
2025-08-14,07:00,07:40,4,1058.3730666666665,4093.1437839166665
2025-08-14,08:30,09:10,4,639.0485500000013,3340.0661109583407
2025-08-14,18:50,19:10,2,53.266383333334375,359.02910590834034
2025-08-14,20:30,20:40,1,31.509400000000028,219.8095744000002
2025-08-14,20:50,21:20,3,86.6319348611107,397.92432992444265
2025-08-15,00:30,00:50,2,45.590699999999856,97.36749771666635
2025-08-15,01:10,01:30,2,21.603091666666728,46.2226005916668
2025-08-15,16:10,16:40,3,61.729305555555584,268.3142274305557
2025-08-17,00:20,00:30,1,12.583333333333371,26.85912500000008
2025-08-17,01:20,01:30,1,1.9160918055536058,4.099478417981939
2025-08-17,02:20,02:30,1,6.231321499999172,13.606090495248193
2025-08-17,03:10,03:20,1,23.534595666665656,51.434858829497784
2025-08-17,05:40,05:50,1,630.0025999999999,1798.0274203999998
2025-08-17,07:10,07:40,3,709.9892499999999,2704.690465949999
2025-08-17,19:00,19:50,5,141.15926944444402,951.1473498972194
2025-08-17,20:20,20:30,1,2.483333333333121,16.748841666665236
2025-08-18,00:00,00:10,1,8.313168312756147,17.657169496294056
2025-08-18,01:20,01:40,2,103.67139999999995,222.7311421499999
2025-08-18,02:00,02:20,2,49.73009166666657,107.25560868333312
2025-08-18,02:50,03:00,1,6.3883333333332075,13.91698416666639
2025-08-18,03:50,04:00,1,44.17416666666668,96.69725083333336
2025-08-18,04:20,04:50,3,13.701247222222264,30.113177376388983
2025-08-18,05:40,05:50,1,288.3728166666667,823.0160187666669
2025-08-18,08:40,09:10,3,327.53568333333294,1691.228581883331
2025-08-18,19:00,19:20,2,66.45054444444474,448.28121355277983
2025-08-18,19:50,20:00,1,31.441666666666492,211.94827499999883
2025-08-18,20:20,20:40,2,86.89610833333359,593.1339313166684
2025-08-19,00:40,01:00,2,52.389366666666774,112.02670918333357
2025-08-19,01:40,02:10,3,75.63396666666654,162.98292644999972
2025-08-19,02:20,03:00,4,99.22768333333306,215.96863468333277
2025-08-19,04:20,04:50,3,52.5533916666667,115.62270001250009
2025-08-19,05:20,05:30,1,0.4687500000001137,1.0080468750002445
2025-08-19,05:40,05:50,1,265.95608333333325,759.0386618333331
2025-08-19,19:20,19:40,2,84.59325833333276,570.4371116249961
2025-08-19,19:50,20:10,2,40.16693333333285,271.2156283999967
2025-08-20,00:20,00:40,2,45.54900833333329,97.23210179999991
2025-08-20,01:20,01:30,1,3.2875575833357056,7.033729449546742
2025-08-20,05:40,05:50,1,652.33255,1861.7570977
2025-08-20,07:10,07:50,4,953.8017166666655,3665.554973641662
2025-08-20,08:20,09:30,7,1457.351266666666,7557.647212799997
2025-08-20,14:10,15:00,5,378.9258500000003,1794.3111111583348
2025-08-20,15:20,15:40,2,11.717536111111485,43.202388113890265
2025-08-20,16:20,16:40,2,43.084249999999656,190.15733204166514
2025-08-20,17:10,17:30,2,24.028682777775384,118.28933881054391
2025-08-20,17:50,18:00,1,23.901942833334715,147.1523110534252
2025-08-20,19:00,20:40,10,1106.0911930277757,7457.751486441334
2025-08-20,20:50,21:00,1,48.526815666666536,226.4261219006661
2025-08-21,00:50,01:10,2,3.9462000000002035,8.475906600000439
2025-08-21,03:00,03:20,2,24.6348044999997,53.86930304149935
2025-08-21,07:10,07:40,3,438.0859166666671,1659.5886064500019
2025-08-21,19:10,19:20,1,1.0097805555554942,6.78824978472181
2025-08-21,19:30,19:50,2,3.656736111110604,24.643203916663246
2025-08-21,20:20,20:30,1,23.37249999999983,157.63582624999887
2025-08-22,20:20,20:40,2,405.56189691666657,2780.871614387791
2025-08-22,20:50,21:20,3,67.33716441666643,311.08696453066557
2025-08-23,15:50,16:00,1,14.918333333333294,60.08358749999984
2025-08-24,00:30,00:40,1,1.452566666666712,3.102682400000097
2025-08-24,01:00,01:20,2,17.363616666666644,37.40692593749995
2025-08-24,01:50,02:30,4,54.990275000000224,118.74901612083383
2025-08-24,05:40,05:50,1,504.16341822222074,1438.882395606218
2025-08-24,07:00,07:50,5,902.0524333333344,3475.065526475004
2025-08-24,08:40,09:10,3,327.56753333333336,1697.0347811333334
2025-08-24,19:40,19:50,1,6.969719444444195,46.95151503749832
2025-08-24,20:30,20:40,1,27.330046972220316,190.6544076782089
2025-08-24,21:20,21:40,2,19.88520716666717,93.89897776275234
2025-08-25,00:50,01:10,2,1.6920083333332059,3.6268872958330594
2025-08-25,05:40,05:50,1,648.41405,1850.5736987
2025-08-25,07:10,07:40,3,767.5621833333324,2907.07396860833
2025-08-25,14:40,15:00,2,266.8738833333334,1170.1988825666667
2025-08-25,15:10,17:00,11,639.3144472222223,2559.2537356805556
2025-08-25,19:10,20:00,5,395.41465038888805,2664.450860544744
2025-08-25,20:10,20:40,3,623.6875777777778,4218.777615415279
2025-08-26,01:00,01:20,2,50.51794258333352,108.75095886337542
2025-08-26,07:20,07:40,2,491.478,1806.1511578749999
2025-08-26,08:40,09:20,4,179.69363333333166,927.4729631999913
2025-08-26,19:50,20:00,1,9.344999999999914,62.99464499999942
2025-08-26,20:30,20:40,1,7.538399999999797,52.58787839999858
2025-08-27,05:40,05:50,1,423.76167244444304,1209.4158131564404
2025-08-27,08:50,09:30,4,359.33591666666644,1816.489723758332
2025-08-27,18:50,19:00,1,24.548333333333744,165.28392833333612
2025-08-27,19:10,19:40,3,34.158733333332634,230.29265714582863
2025-08-27,19:50,20:00,1,5.111666666666451,34.45774499999855
2025-08-28,07:30,07:40,1,210.7764166666667,727.0732492916667
2025-08-28,09:00,11:00,12,713.850766666668,3356.40823008334
2025-08-28,14:20,15:00,4,214.61941666666667,1025.1508868333333
2025-08-28,18:50,19:00,1,40.48666666666713,272.59672666666984
2025-08-28,19:50,20:10,2,61.725833333332844,416.3399954166634
2025-08-28,20:30,20:40,1,54.95713519444348,383.3809751164377
2025-08-28,21:40,21:50,1,1.2966829166666223,5.033723082499828
2025-08-30,00:50,01:10,2,49.29987019444341,105.83210045826166
2025-08-30,01:30,01:50,2,37.64727708333355,81.37291927916715
2025-08-30,02:00,02:30,3,27.387708333333013,59.23922837083264
2025-08-30,15:50,16:00,1,2.6220833333333076,10.560440624999895
2025-08-31,05:40,05:50,1,22.876219444444473,65.28873029444453
2025-08-31,07:10,07:40,3,915.4741000000014,3453.850933166672
2025-08-31,20:00,20:10,1,25.228199999999674,170.45433329999778
2025-08-31,20:30,20:40,1,12.830208333333417,89.50353333333392
2025-09-01,05:40,05:50,1,297.58708391666556,849.3135374981636
2025-09-02,07:10,07:40,3,710.7339333333343,2694.4988498416706
2025-09-02,08:40,09:20,4,363.19883333333365,1873.5266874000017
2025-09-03,07:20,07:40,2,210.78616666666846,764.2006802500068
2025-09-04,07:30,07:40,1,163.10275000000001,562.622936125
2025-09-04,08:40,08:50,1,4.577650000002151,23.87244475001122
2025-09-07,05:40,05:50,1,283.93444999999997,810.3489202999999
2025-09-07,07:30,07:40,1,20.53455000000028,70.83393022500096
2025-09-07,08:50,09:10,2,106.43563333333273,545.4062506416635
2025-09-08,00:00,05:50,35,2121.1577960880873,5063.991313842893
2025-09-08,07:10,07:40,3,674.5128,2583.898199058334
2025-09-08,08:30,09:20,5,388.0485405059502,2020.9412748757325
2025-09-08,14:10,18:50,28,4399.659413888889,20865.905791630554
2025-09-08,19:10,19:20,1,282.52521650000153,1899.2757679212602
2025-09-08,19:40,20:00,2,206.8462333333332,1393.651108349999
2025-09-08,20:10,21:50,10,1946.1600083333337,11912.784069868056
2025-09-09,00:30,05:00,27,1255.6088880952389,2725.1668828353186
2025-09-09,05:10,05:30,2,70.47636507936477,152.25206320198345
2025-09-09,05:40,05:50,1,631.7571,1803.0347634000002
2025-09-09,07:00,07:50,5,1017.6272640873021,3920.248446130558
2025-09-09,15:00,15:10,1,40.592897222222355,133.95656083333378
2025-09-09,15:20,17:10,11,1248.7374970238102,5312.9264182379
2025-09-09,17:30,17:50,2,147.39257698412666,780.976526222816
2025-09-09,18:00,18:50,5,448.1500232142861,2825.1445340386927
2025-09-09,19:30,19:40,1,2.3526166666664494,15.868399416665202
2025-09-09,20:10,21:50,10,1752.012697222222,10835.523205545833
2025-09-10,00:20,03:50,21,1222.897057738096,2638.040466582938
2025-09-10,04:00,04:50,5,157.395259920635,345.79567473869065
2025-09-10,05:10,05:20,1,8.508657539682645,18.88496540932563
2025-09-10,05:40,05:50,1,672.1273666666667,1918.2515044666668
2025-09-10,07:00,07:50,5,1463.3231095932533,5707.745981889301
2025-09-10,08:20,09:40,8,1417.556116666667,7377.914246700002
2025-09-10,13:50,18:10,26,1726.5364113095234,7650.576737604659
2025-09-10,18:20,18:50,3,613.413610714285,3942.876322474698
2025-09-10,19:10,19:20,1,781.5087,5253.69223575
2025-09-10,19:40,20:00,2,671.6874887916647,4525.77924324505
2025-09-10,20:10,20:40,3,1437.0697833333334,9669.063358033334
2025-09-10,20:50,21:50,6,387.0912196944447,1764.4109797651122
2025-09-11,00:30,05:30,30,1064.6222940476193,2304.346346534524
2025-09-11,05:40,05:50,1,670.0419166666667,1912.2996301666667
2025-09-11,07:00,07:50,5,1000.2332509206387,3880.4002439082374
2025-09-11,08:20,09:20,6,863.8046500000008,4565.799487758338
2025-09-11,16:20,17:00,4,402.47471674999656,1831.1387841787764
2025-09-11,17:20,17:50,3,160.91266984127043,792.1408660714314
2025-09-11,18:00,18:40,4,301.86261031746005,1888.9673181891849
2025-09-11,19:50,20:00,1,6.0716666666666015,40.929104999999566
2025-09-11,20:10,22:00,11,1740.6639043650803,10293.642545023811
2025-09-12,00:20,01:00,4,105.09418888888882,224.56119901041654
2025-09-12,02:40,03:00,2,14.723106867063553,32.00928753852692
2025-09-12,03:40,04:10,3,83.65125523611127,182.95240355291702
2025-09-12,04:20,05:30,7,147.10608575992075,322.2018036235836
2025-09-12,06:40,07:40,6,704.7412550000001,2821.5068862300013
2025-09-12,16:10,16:20,1,21.66071309523818,92.26380742916703
2025-09-12,20:20,20:40,2,314.07101851984186,2169.927950715407
2025-09-12,21:00,21:50,5,124.37476975000015,568.5349355152507
2025-09-13,00:00,00:10,1,54.6394430555556,116.0541770500001
2025-09-13,01:10,02:20,7,64.58729583333326,139.00237610277762
2025-09-13,05:00,05:30,3,11.22521676190512,24.268520966453156
2025-09-13,07:00,07:30,3,230.08431666666695,915.8424352333346
2025-09-13,20:10,21:00,5,582.7111837896825,3852.953231083929
2025-09-14,00:30,00:50,2,72.26405555555561,154.34441069444458
2025-09-14,02:50,03:10,2,27.450823875001582,59.97841694294095
2025-09-14,03:30,03:50,2,10.75887831547675,23.42189500571848
2025-09-14,04:00,04:20,2,58.029727950396705,127.53325518222891
2025-09-14,04:30,04:50,2,52.18611620039687,115.26447332633442
2025-09-14,05:40,05:50,1,635.99225,1815.1218815000002
2025-09-14,07:20,07:40,2,531.099183333333,1944.2860266583323
2025-09-14,08:30,09:20,5,699.0274666666658,3603.5156850833287
2025-09-14,14:40,14:50,1,7.00573333333341,32.842877866667024
2025-09-14,15:10,16:10,6,214.16081369047572,795.1020413598197
2025-09-14,16:20,17:30,7,373.86120000000017,1759.4161163640879
2025-09-14,17:50,18:40,5,227.3062388888892,1419.8246894681567
2025-09-14,20:10,21:00,5,1148.3741267381017,7569.008911623322
2025-09-15,00:30,00:50,2,107.566161111111,229.72672340138865
2025-09-15,01:20,02:20,6,166.17735277777797,358.3449326854171
2025-09-15,02:40,02:50,1,14.916437500000029,32.33137828125006
2025-09-15,05:40,05:50,1,705.6438000000002,2013.9074052000005
2025-09-15,07:10,07:40,3,678.8717500000012,2494.034100566671
2025-09-15,08:40,09:20,4,318.57741666666664,1650.1211158499998
2025-09-15,19:40,19:50,1,1.1717666666664854,7.893606149998779
2025-09-15,20:20,20:50,3,344.6112718948393,2372.17204081141
2025-09-16,00:20,00:40,2,36.50571388888886,77.92955961874995
2025-09-16,01:00,01:20,2,29.450605555555626,63.41970105000016
2025-09-16,01:40,02:00,2,26.238388888888835,56.70672108888877
2025-09-16,02:30,02:50,2,57.20878611111118,124.2306864381946
2025-09-16,03:00,03:20,2,38.05134166666676,83.1900091812502
2025-09-16,03:30,04:40,7,164.09857876984074,358.60692548690366
2025-09-16,05:00,05:20,2,5.090951190476176,11.18645739642854
2025-09-16,05:40,05:50,1,658.9734333333333,1880.7101787333334
2025-09-16,07:20,07:40,2,337.1174499999995,1193.4199534833313
2025-09-16,08:50,09:20,3,92.34890000000075,465.76763242500385
2025-09-16,14:30,15:00,3,222.43215595238098,1030.4919521726192
2025-09-16,15:10,15:40,3,197.31633452380947,720.3561472494047
2025-09-16,17:00,17:40,4,89.01467498015377,433.88186823110755
2025-09-16,19:10,19:20,1,8.238266666666618,55.38174766666634
2025-09-16,20:10,20:50,4,794.6405678710345,5380.980383045654
2025-09-16,21:00,21:10,1,7.271681208333303,32.9698025985832
2025-09-16,21:40,21:50,1,50.3898440833334,195.61337473150024
2025-09-17,05:40,06:00,2,338.0442277777812,977.713478161122
2025-09-17,07:10,07:40,3,590.4016499999989,2167.3711202499953
2025-09-17,08:30,09:40,7,942.2838000000002,4831.694931508334
2025-09-17,09:50,10:00,1,6.29416666666657,31.398450416666183
2025-09-17,15:20,16:00,4,79.920834920635,314.22326207619085
2025-09-17,20:10,20:40,3,582.7426943392873,3974.4029632065576
2025-09-18,00:30,01:00,3,38.044399999999996,81.27298363333333
2025-09-18,01:30,01:40,1,21.338977777777814,46.00683608888897
2025-09-18,02:00,02:20,2,29.546083333333286,63.74783812916657
2025-09-18,02:40,03:00,2,11.524738000000912,25.072903490001973
2025-09-18,03:30,04:00,3,65.02226691666763,142.04335971079377
2025-09-18,05:20,05:30,1,4.046797107145473,8.702637178916339
2025-09-18,05:40,05:50,1,145.1859559523814,414.3607182880965
2025-09-18,07:00,07:40,4,1134.2813666666652,4351.831705991661
2025-09-18,08:40,09:30,5,719.3996333333336,3655.9163813333344
2025-09-18,15:00,15:10,1,11.422496379580252,37.694238052614836
2025-09-18,20:20,21:00,4,341.55767114682385,2300.493309408087
2025-09-18,21:30,21:50,2,97.6280318333335,420.05997639675064
2025-09-19,01:00,02:00,6,239.2709916845255,516.2216201051614
2025-09-19,07:40,07:50,1,8.276023748017018,35.586902116473176
2025-09-19,15:50,16:30,4,269.3342019841273,1128.677203314882
2025-09-19,16:40,16:50,1,35.27182123015882,161.59784896597264
2025-09-19,17:30,17:40,1,1.7958258849206814,8.763630318412925
2025-09-19,20:30,20:40,1,54.68918055555963,381.51172355558396
2025-09-20,01:10,01:20,1,4.489920162698866,9.657818269965261
2025-09-20,01:30,02:50,8,116.4514854861112,252.3954802823613
2025-09-20,03:00,04:10,7,177.48332129166693,387.58847694404227
2025-09-20,07:10,07:50,4,398.3633801746043,1527.6753687926393
2025-09-20,15:40,16:00,2,41.69414484126992,166.41699534821458
2025-09-20,16:10,16:40,3,156.59403511904725,692.7879074994032
2025-09-20,20:20,21:00,4,225.1468820555566,1537.8920312264793
2025-09-21,00:20,01:00,4,76.77232777777783,164.20985271041678
2025-09-21,01:20,01:40,2,50.80227500000001,108.93955593125003
2025-09-21,01:50,02:00,1,1.3882708333333085,2.992417781249946
2025-09-21,02:10,02:50,4,57.313716666667005,124.76550677500074
2025-09-21,03:00,03:20,2,61.38227777777763,134.19154474166635
2025-09-21,03:50,04:00,1,17.19638888888892,37.642895277777846
2025-09-21,05:40,05:50,1,44.620439880952404,127.34673542023816
2025-09-21,07:00,07:40,4,1265.0746541666645,4928.061955539577
2025-09-21,20:30,20:40,1,205.02290879960174,1430.2398117860216
2025-09-21,21:10,21:20,1,32.39220286111103,151.77366650573575
2025-09-21,21:40,21:50,1,17.005777319444384,66.0164275540831
2025-09-22,00:20,00:50,3,59.01169583333342,126.01294665277798
2025-09-22,01:00,02:00,6,41.526658333333444,89.40866999166691
2025-09-22,02:30,03:20,5,142.36958055555567,309.82489855416696
2025-09-22,03:30,03:50,2,17.7480888888889,38.64708685972225
2025-09-22,04:00,04:20,2,41.74667976190483,91.73881224821443
2025-09-22,05:00,05:30,3,102.16682440476188,223.48618945803565
2025-09-22,07:00,07:30,3,848.0886450396839,3374.599957675006
2025-09-22,09:10,09:20,1,23.628127910712827,117.21914256504634
2025-09-22,17:10,17:50,4,104.66814523809504,513.0984040972213
2025-09-22,19:40,20:00,2,11.893077579364672,80.16679711339012
2025-09-22,20:10,20:40,3,745.435927650792,5025.26462279364
2025-09-22,21:00,21:50,5,189.40617925000063,841.921973944503
2025-09-23,00:30,01:10,4,72.11098194444446,154.2847796458334
2025-09-23,01:30,01:40,1,5.439236111111086,11.726993055555502
2025-09-23,02:00,02:20,2,51.4937000000001,111.06476172083356
2025-09-23,05:40,05:50,1,6.356739880952318,18.142135620237916
2025-09-23,07:00,07:40,4,1319.5383029761897,5155.458711908033
2025-09-23,09:10,09:50,4,169.81241666666665,826.3061251833333
2025-09-23,10:00,10:10,1,3.388966666666647,16.807580183333236
2025-09-23,14:50,15:10,2,184.52854787135095,616.4530126220851
2025-09-23,20:10,20:40,3,914.4804302480165,6158.267001695044
2025-09-23,20:50,21:40,5,129.9801200000003,606.8927753859737
2025-09-24,00:40,00:50,1,2.8228708333332406,6.0282406645831355
2025-09-24,01:20,02:30,7,171.59757499999978,370.86600137708285
2025-09-24,02:50,03:20,3,72.3123305555556,157.9175780250001
2025-09-24,03:30,03:50,2,63.03217222222236,137.27391251805585
2025-09-24,04:00,05:30,9,192.6329716964299,423.0889207300972
2025-09-24,06:50,07:50,6,1548.0534906746025,6175.4763599259895
2025-09-24,08:50,09:40,5,588.755983333333,2982.260173924998
2025-09-24,20:30,20:40,1,181.86693644444154,1268.703748636424
2025-09-24,20:50,21:00,1,1.755016777777905,8.188908285111706
2025-09-25,00:20,01:30,7,221.50082083333314,473.6859583048607
2025-09-25,02:00,02:20,2,48.929700000000025,105.41352986666672
2025-09-25,02:50,03:20,3,103.954188888889,227.09822570000028
2025-09-25,04:30,05:10,4,67.03430316666544,146.77928131302113
2025-09-25,05:40,05:50,1,10.515470833333325,30.01115375833331
2025-09-25,06:50,07:50,6,1326.4769869047605,5305.01348614047
2025-09-25,18:50,19:00,1,15.371666666667238,103.49743166667052
2025-09-25,20:20,20:40,2,273.7185438392844,1863.5766729240538
2025-09-25,20:50,21:30,4,129.24178127777816,597.2096851879462
2025-09-26,00:00,00:10,1,15.454154166666683,32.82462345000004
2025-09-26,00:20,00:50,3,27.657512500000166,59.06845111666703
2025-09-26,16:20,16:50,3,70.84356785714272,320.82181613888827
2025-09-27,00:40,00:50,1,2.0121778075389773,4.297005707999486
2025-09-27,01:10,01:20,1,37.81522186111168,81.34054222325123
2025-09-27,04:30,04:50,2,16.674139071427135,36.850623180806366
2025-09-27,05:10,05:30,2,38.55798161309542,83.76602224859863
2025-09-27,07:00,07:40,4,366.65822541865106,1438.8760690521956
2025-09-27,15:40,16:10,3,222.60656130952395,908.470056707441
2025-09-27,16:20,17:00,4,65.97026150793556,300.93446598511485
2025-09-27,20:20,20:40,2,276.66041406547635,1897.4498216729385
2025-09-27,21:10,21:50,4,230.06280075000006,1051.0097159537088
2025-09-28,00:50,01:10,2,38.30636666666658,82.36703674583313
2025-09-28,01:30,02:20,5,106.89201249999985,230.39961080624968
2025-09-28,02:30,02:50,2,4.958175000000097,10.769591468750209
2025-09-28,03:20,04:20,6,32.647216666666736,71.16472150347238
2025-09-28,04:50,05:10,2,27.688880581347142,60.36388301481193
2025-09-28,06:50,07:50,6,1690.4719478174602,6723.959864979664
2025-09-28,08:40,09:50,7,896.8501999999993,4538.198825658329
2025-09-28,19:20,19:30,1,5.868333333333226,39.56136916666594
2025-09-29,00:50,01:00,1,0.7209083333332273,1.5445461041664397
2025-09-29,01:10,01:30,2,8.199358333333294,17.565752793749915
2025-09-29,02:10,02:30,2,50.233041666666736,109.15479714375016
2025-09-29,03:00,03:20,2,77.1794602361094,168.73666318428792
2025-09-29,04:40,05:00,2,44.01985321626946,97.21562094867177
2025-09-29,05:40,05:50,1,21.783969444444438,62.17144879444443
2025-09-29,06:00,06:10,1,20.394633333334014,95.52846253333652
2025-09-29,06:40,07:20,4,1965.4988501984133,8114.586531557542
2025-09-29,07:30,07:50,2,73.73271638491985,297.02249659265533
2025-09-29,09:30,09:50,2,103.46886666666683,489.06056056666745
2025-09-29,20:30,20:50,2,189.0211047619033,1294.4384026440375
2025-09-30,00:30,01:30,6,85.45226250000007,183.3112420222224
2025-09-30,02:20,02:30,1,15.21096666666665,33.21314571666663
2025-09-30,02:50,03:50,6,172.20854027777762,375.51522796527746
2025-09-30,04:00,04:20,2,46.31855396825404,101.77594417380968
2025-09-30,04:30,05:00,3,113.55068571428569,250.27582700753965
2025-09-30,05:20,05:30,1,8.351305555555655,17.959482597222436
2025-09-30,06:40,07:50,7,2075.321044841268,8537.830309464676
2025-09-30,09:00,09:40,4,550.1024666666665,2722.595525466666
2025-09-30,10:00,10:10,1,3.8029134999998853,18.86054950324943
2025-09-30,14:50,15:00,1,59.45185873015896,198.98537116984204
2025-09-30,15:40,15:50,1,25.646412825399736,100.31594376655107
2025-09-30,20:00,20:50,5,709.4797541507932,4759.379074939481
2025-10-01,00:30,00:50,2,37.98661666666669,81.13689654583338
2025-10-01,01:00,01:10,1,0.7049069444443603,1.5194269187498186
2025-10-01,01:40,02:00,2,26.573363888888935,57.30375932222232
2025-10-01,05:40,05:50,1,29.997618055555563,85.61320193055558
2025-10-01,06:40,07:10,3,1251.4596591269828,5178.1861579111055
2025-10-02,00:00,00:10,1,29.99384166666664,63.70691969999994
2025-10-02,01:40,02:00,2,21.639739555555522,46.71134370683327
2025-10-02,02:10,02:50,4,82.09950913888922,178.89586189161182
2025-10-02,03:50,04:00,1,4.46310012499946,9.76972617362382
2025-10-02,05:40,05:50,1,45.12734444444436,128.79344104444422
2025-10-02,06:50,07:20,3,1170.4774777777784,4769.725204205558
2025-10-03,04:20,04:30,1,27.997410519839704,61.09034975429023
2025-10-03,04:40,04:50,1,57.29210413095228,126.67284223353549
2025-10-03,05:10,05:20,1,24.543147499999407,54.47351587624868
2025-10-04,00:10,00:20,1,4.268383333333304,9.059643624999937
2025-10-04,05:00,05:10,1,15.128707142857138,32.77634402499999
2025-10-04,05:20,05:30,1,6.413333333333355,13.791873333333381
2025-10-04,07:20,07:40,2,110.05385461904652,390.4504144373291
2025-10-05,00:20,01:30,7,161.22823333333326,346.1193205499999
2025-10-05,02:50,03:10,2,30.859839166669822,67.30446214125686
2025-10-05,04:00,04:20,2,11.931892619047993,26.194127922500826
2025-10-05,04:30,05:30,6,65.7917357142862,144.91012078928676
2025-10-05,06:40,07:40,6,1574.3461357142842,6418.666172891661
2025-10-06,02:40,02:50,1,1.3640022142902126,2.956474799474036
2025-10-06,06:50,07:30,4,1461.3547999999996,5940.80024115238
2025-10-06,09:00,09:30,3,116.73107426190485,577.5366558927742
2025-10-07,01:20,02:10,5,99.42442616666744,214.08082467525168
2025-10-07,02:40,03:00,2,38.818699999998486,84.22698224999672
2025-10-07,05:40,05:50,1,28.15698571428561,80.36003722857113
2025-10-07,06:40,07:30,5,2068.780950000001,8469.622761650004
2025-10-07,07:40,07:50,1,7.69112711904728,33.071846611903304
2025-10-07,08:40,09:40,6,727.2156166666668,3697.3211857250003
2025-10-08,00:00,00:20,2,18.175133333333292,38.59703357499991
2025-10-08,00:50,01:00,1,54.933333333333394,117.6946666666668
2025-10-08,01:30,01:40,1,6.934136071431087,14.949997370005425
2025-10-08,02:40,04:00,8,91.20415266666691,198.60569925500056
2025-10-08,06:40,07:50,7,2841.468733333334,11521.660507961911
2025-10-08,09:00,09:20,2,90.66031666666674,459.01898223333365
2025-10-08,15:20,16:10,5,46.28664761904781,178.46320473095315
2025-10-08,20:20,20:50,3,236.2997490000007,1629.2455807388378
2025-10-08,21:10,21:30,2,24.978083333333323,117.03480945833329
2025-10-09,00:20,01:20,6,89.35176111111127,191.163196279167
2025-10-09,02:00,02:10,1,9.67076111111112,20.758288725000018
2025-10-09,03:00,03:20,2,16.198359388887706,35.41720679183075
2025-10-09,03:30,03:50,2,5.970035055555877,13.004096303972922
2025-10-09,04:10,04:30,2,9.605894976190278,21.036029476638454
2025-10-09,04:40,05:00,2,57.90958707539694,127.39862141120261
2025-10-09,06:40,07:50,7,2148.6279853174574,8746.521494048897
2025-10-09,08:40,09:20,4,407.888566666667,2091.788859008335
2025-10-09,15:00,15:30,3,118.21383422741576,419.1892960003728
2025-10-09,19:50,20:00,1,128.85874184325166,868.6367787653595
2025-10-09,20:10,21:50,10,1602.395355555555,10298.076738266664
2025-10-10,00:00,00:10,1,60.91163749999998,129.37631804999998
2025-10-10,00:20,00:30,1,8.560620833333303,18.272645168749936
2025-10-10,00:40,01:20,4,86.10008055555545,184.97538842916646
2025-10-10,01:30,02:30,6,101.63011249999983,219.58592354444409
2025-10-10,03:00,03:20,2,23.100841666666724,50.51174656875013
2025-10-10,03:30,03:50,2,44.53197500000016,96.97375045208368
2025-10-10,04:30,05:10,4,115.77171944444461,253.9377286597226
2025-10-10,07:30,07:40,1,26.516151263889128,91.46746378478554
2025-10-10,20:10,21:50,10,1517.7283097222228,8581.228779862502
2025-10-11,00:00,00:10,1,25.517870833333347,54.19995765000003
2025-10-11,01:10,01:40,3,48.424141666666685,103.98189309027782
2025-10-11,02:00,02:20,2,52.57952222222207,113.26101692222188
2025-10-11,02:40,03:10,3,7.030609722222209,15.284917543055528
2025-10-11,03:20,03:50,3,49.36589583333341,107.50793601041684
2025-10-11,04:00,04:20,2,14.745327777777845,32.44342265833348
2025-10-11,05:10,05:20,1,3.431030555555594,7.615172318055642
2025-10-11,20:10,21:00,5,751.6293819444452,4763.419453186117
2025-10-11,21:10,21:40,3,491.57485795833355,2413.574721870022
2025-10-12,05:40,05:50,1,14.852039880952248,42.387721820237715
2025-10-12,06:00,06:10,1,20.92993333333402,98.03580773333655
2025-10-12,06:30,07:10,4,1924.440485714284,8009.741847608326
2025-10-12,07:30,07:50,2,374.73194841666697,1607.3541515979177
2025-10-12,09:00,09:20,2,127.55383333333448,644.3650252916724
2025-10-12,20:10,20:40,3,421.29620361904176,2872.9109738142465
2025-10-13,00:30,01:00,3,32.61075416666631,69.71638593333257
2025-10-13,01:10,01:30,2,50.14738888888894,107.35876068472234
2025-10-13,01:50,02:10,2,39.69417499999997,85.40898036249993
2025-10-13,02:40,02:50,1,5.10762222222229,11.070771166666812
2025-10-13,04:40,05:00,2,82.44225161111174,181.80767924966804
2025-10-13,05:40,05:50,1,26.226958333333528,74.8517390833339
2025-10-13,06:30,07:20,5,2065.454939484128,8612.913099242069
2025-10-13,07:40,07:50,1,349.0371741190471,1500.8598487119025
2025-10-13,09:00,09:30,3,260.09403333333364,1302.8120949916681
2025-10-13,20:20,20:40,2,246.9741926071439,1709.1119819972155
2025-10-13,20:50,21:10,2,10.970248611110993,49.91315781944389
2025-10-13,21:30,21:50,2,31.465734000000154,122.699485690334
2025-10-14,00:50,01:10,2,18.194406944444495,39.11127572847233
2025-10-14,01:30,01:50,2,12.456300000000056,26.913925500000122
2025-10-14,02:00,02:20,2,84.7040777777778,182.55292761111116
2025-10-14,03:10,04:10,6,106.7174393194446,232.63633921389612
2025-10-14,04:30,05:00,3,84.12934788888887,185.39636369905554
2025-10-14,05:20,05:30,1,0.3774123333338819,0.8116252228345131
2025-10-14,06:30,07:50,8,2890.564904166665,12104.32603726597
2025-10-14,08:40,09:40,6,786.1589499999983,3963.6771791583237
2025-10-14,14:50,16:30,10,515.7023104252388,1996.6390811998158
2025-10-14,20:20,20:40,2,321.9239813611081,2211.5820019983266
2025-10-14,21:40,21:50,1,17.42355677777787,67.63824741133368
2025-10-15,00:30,00:50,2,88.18739722222233,188.345658371528
2025-10-15,01:00,01:30,3,69.18536666666682,148.68565258611147
2025-10-15,01:40,02:00,2,49.32661111111122,106.38828399444468
2025-10-15,02:20,02:40,2,20.975536111111182,45.74796751041682
2025-10-15,02:50,03:10,2,23.2701180555556,50.81115670069454
2025-10-15,04:00,04:20,2,70.5841500833322,155.1031498083725
2025-10-15,04:30,04:50,2,36.595233138888034,80.67571333262313
2025-10-15,05:40,05:50,1,4.866706944444445,13.889581619444447
2025-10-15,06:30,07:50,8,2346.0903027777767,9862.166895022912
2025-10-15,08:40,09:30,5,583.3340999999999,2962.625033216666
2025-10-15,14:40,15:00,2,247.30368611111192,1043.4808718638928
2025-10-15,15:10,15:20,1,12.933523611111127,46.67061995069451
2025-10-15,20:30,20:40,1,57.42531851388924,400.59902195289135
2025-10-15,20:50,21:20,3,70.9313895,326.54761571325
2025-10-15,21:30,21:50,2,20.500254263888973,87.03343362428511
2025-10-16,00:30,02:00,9,93.08218750000026,200.21459290000053
2025-10-16,02:20,02:50,3,83.86162083333352,182.5135984625004
2025-10-16,03:40,04:10,3,29.865330555555488,65.35223277916651
2025-10-16,04:20,04:40,2,6.582227777777916,14.447402208333639
2025-10-16,05:00,05:20,2,130.32010277777783,285.96179915833346
2025-10-16,05:40,05:50,1,8.587251388888717,24.5080154638884
2025-10-16,06:30,07:50,8,2428.682705555554,10266.89132998263
2025-10-16,08:50,09:40,5,601.2896000000001,3048.2767451333334
2025-10-16,14:40,15:00,2,395.970336111111,1613.6564570638884
2025-10-16,15:10,17:00,11,951.4271444444445,3757.5783498777782
2025-10-16,17:20,17:30,1,5.851358333333337,28.853047941666688
2025-10-16,20:10,20:20,1,177.99687361110978,1192.5790531944356
2025-10-16,20:30,20:40,1,175.88641666666683,1226.9836426666677
2025-10-16,21:40,21:50,1,21.39785180555598,83.06646070916831
2025-10-17,00:30,00:40,1,7.289106944444484,15.569532433333418
2025-10-17,01:10,01:20,1,6.61044861111111,14.219074962499999
2025-10-17,01:30,01:50,2,16.50334722222226,35.63774422152786
2025-10-17,02:10,02:30,2,30.691958333333332,66.91427118125
2025-10-17,03:20,03:30,1,20.61723802777764,44.9043444244997
2025-10-17,21:30,21:50,2,72.10818270833386,309.53479153892613
2025-10-18,00:20,01:10,5,209.76653333333314,448.5997153312496
2025-10-18,01:50,02:00,1,35.177083333333314,75.82420312499995
2025-10-18,02:40,03:00,2,54.963302777777756,119.69590404444438
2025-10-18,03:20,03:30,1,31.492616666666663,68.5909191
2025-10-18,03:50,04:00,1,24.642616666666754,53.94268788333353
2025-10-18,04:50,05:10,2,64.15769769444402,140.55764995715185
2025-10-18,05:20,05:30,1,12.479376680555788,26.83689955153522
2025-10-19,00:20,01:30,7,230.1652402777778,493.4582331534723
2025-10-19,02:30,02:40,1,2.454776388888945,5.336683869444566
2025-10-19,03:00,03:30,3,44.133733333333225,96.45375789999976
2025-10-19,03:40,04:00,2,46.97818333333339,102.6915232166668
2025-10-19,04:20,05:00,4,117.0818944444444,256.37498518333325
2025-10-19,05:40,05:50,1,26.91754027777779,76.82265995277781
2025-10-19,06:30,07:00,3,1318.9658874999986,5540.541162631245
2025-10-19,07:10,07:50,4,583.0663277222216,2425.3943036861083
2025-10-19,08:50,09:40,5,535.9495833333328,2696.9504340083304
2025-10-19,14:50,15:00,1,109.19556944444446,365.4775709305556
2025-10-19,15:10,16:10,6,454.5167305555557,1732.9564627777784
2025-10-19,16:20,17:10,5,118.98305595833722,538.470057061399
2025-10-19,20:10,21:00,5,443.1373230138861,2974.4913194888704
2025-10-19,21:20,21:40,2,20.77586749999989,98.97125008791613
2025-10-20,01:00,01:20,2,78.65511666666669,169.40137440000007
2025-10-20,02:10,02:50,4,100.00948647222012,217.76515180710658
2025-10-20,03:20,04:00,4,76.37589043055593,166.6727909355286
2025-10-20,05:40,05:50,1,5.301723611111015,15.131119186110837
2025-10-20,06:30,07:00,3,1607.0495986111096,6782.465927237494
2025-10-20,07:10,07:50,4,540.4660835694442,2285.429629128472
2025-10-20,08:50,10:10,8,1399.7466333333332,6945.970970641665
2025-10-20,20:30,20:50,2,12.546431944444066,78.92130829583057
2025-10-20,21:10,21:30,2,39.18293870833331,183.59165931789573
2025-10-21,00:30,00:50,2,20.39915277777766,43.56710652013864
2025-10-21,01:40,02:00,2,13.929480555555529,30.1139002555555
2025-10-21,02:30,03:00,3,80.1542786805556,174.30481379041674
2025-10-21,05:40,05:50,1,48.747390277777754,139.12505185277772
2025-10-21,06:30,07:30,6,1322.013820833334,5584.309741375003
2025-10-21,07:40,07:50,1,447.3327151249998,1923.5306750374991
2025-10-21,09:10,10:10,6,715.7433999999995,3480.0602261333315
2025-10-21,20:30,21:00,3,105.25059997222615,655.9174993159719
2025-10-22,00:50,01:10,2,11.101474999999823,23.83776383611073
2025-10-22,01:20,01:50,3,99.70954583333332,214.88758472499998
2025-10-22,02:00,02:20,2,37.77884166666661,81.55711785208321
2025-10-22,05:40,05:50,1,16.238305555555485,46.344124055555355
2025-10-22,06:30,06:50,2,924.9012222222198,3946.2458418999895
2025-10-22,07:00,07:50,5,641.4057350972219,2672.359944609721
2025-10-22,09:00,10:20,8,1301.4349500000008,6338.591738583338
2025-10-22,20:10,21:00,5,394.9169473333326,2674.9265446263844
2025-10-23,01:50,02:20,3,67.51469444444565,145.35420274444704
2025-10-23,03:30,03:50,2,22.016668722221446,47.9276064211372
2025-10-23,06:10,07:00,5,1002.772413888889,4321.153660641667
2025-10-23,07:40,07:50,1,209.59182033333295,901.2448274333316
2025-10-23,09:30,09:40,1,88.08546666666666,414.9706334666667
2025-10-23,14:50,15:00,1,7.413077777777858,24.811571322222488
2025-10-23,20:30,20:40,1,135.3384522916674,944.1210431866718
2025-10-24,00:20,01:00,4,13.514244444444557,28.889560043750244
2025-10-24,01:50,02:10,2,40.32511388888878,86.78979078749977
2025-10-24,02:30,03:10,4,97.57375555555558,212.39683406388895
2025-10-24,03:30,03:50,2,35.844296999998086,78.12181927327362
2025-10-24,04:10,04:20,1,3.5012584999999374,7.683511778249863
2025-10-24,07:50,08:10,2,92.76596205555694,539.5045254497024
2025-10-24,20:30,21:20,5,607.971908888891,3599.6767643214034
2025-10-25,01:10,01:50,4,172.37744444444462,370.9801746041671
2025-10-25,02:10,02:40,3,45.78789999999998,99.71278103333329
2025-10-25,20:40,20:50,1,153.13760740277922,936.1301940531894
2025-10-25,21:00,21:20,2,104.80614072222218,482.00760217063873
2025-10-25,21:30,21:50,2,216.54069333333166,1058.060937991103
2025-10-26,00:40,01:00,2,15.460113888888714,33.016838483332954
2025-10-26,01:20,02:30,7,153.6470166666668,331.72863901250025
2025-10-26,02:50,03:00,1,1.3507333333333236,2.942572566666645
2025-10-26,03:20,03:40,2,33.12121944444425,72.13297716041625
2025-10-26,04:00,04:20,2,21.713058333333265,47.74843828749985
2025-10-26,04:30,04:40,1,0.6658680555555065,1.4625791840276703
2025-10-26,06:20,06:50,3,1017.3744305555549,4357.079007499997
2025-10-26,07:20,07:30,1,12.755079166666746,48.74991257500031
2025-10-26,07:40,07:50,1,446.78904674999956,1921.192901024998
2025-10-26,09:20,09:50,3,97.11831666666632,461.44679822499836
2025-10-26,15:10,15:20,1,8.269118055555623,29.839112503472467
2025-10-27,00:20,00:40,2,63.858513888888865,136.31666989374995
2025-10-27,01:20,02:10,5,103.8135097222223,223.59594399791683
2025-10-27,02:20,02:30,1,0.382659722222229,0.835537503472237
2025-10-27,03:00,03:20,2,28.566238333333853,62.44819712875113
2025-10-27,04:00,04:30,3,38.62963458333161,84.78341527353787
2025-10-27,04:50,05:10,2,7.788638486109972,17.092896141282218
2025-10-27,05:20,05:30,1,0.5288997916665039,1.1373990019788167
2025-10-27,06:00,06:10,1,19.74493333333396,92.48526773333627
2025-10-27,06:30,07:10,4,807.2148833333331,3423.9663385180543
2025-10-27,07:30,07:50,2,528.776531916667,2246.980759010418
2025-10-27,09:10,09:40,3,147.968483333334,726.0324554000033
2025-10-27,14:50,15:00,1,39.54321944444482,132.35115548055683
2025-10-27,15:10,15:40,3,151.11911249999991,553.5327409590275
2025-10-27,15:50,16:50,6,194.78614404166433,830.7951758743309
2025-10-27,20:20,20:40,2,356.1236307916628,2442.0803634243694
2025-10-28,00:50,01:40,5,113.88262638888875,244.5577990104164
2025-10-28,01:50,02:00,1,1.5452486111111057,3.3307833812499883
2025-10-28,02:30,04:00,9,105.02037500000017,229.01595042500037
2025-10-28,04:20,04:30,1,17.176145833333294,37.47835020833325
2025-10-28,04:50,05:10,2,13.503461111110937,29.557224018055173
2025-10-28,06:30,07:50,8,1236.1066180555563,5200.551022741669
2025-10-28,08:50,09:40,5,843.2902333333328,4230.201031849997
2025-10-28,20:30,20:50,2,160.53741574999913,1119.4175217858826
2025-10-28,21:00,21:20,2,21.557504083333285,100.01422856383313
2025-10-29,01:50,02:00,1,4.158992472224941,8.964708273880861
2025-10-29,02:30,02:50,2,34.321262583331965,74.43382119158036
2025-10-29,03:10,03:20,1,7.792948236111691,17.0314883700221
2025-10-29,04:20,04:40,2,106.00907163889057,232.07468082230923
2025-10-29,06:30,07:10,4,675.8248597222215,2880.7140205055525
2025-10-29,07:30,07:50,2,475.98790936111095,2031.7499046215266
2025-10-29,09:00,10:30,9,1641.8820000000003,8053.878796433334
2025-10-29,13:40,15:00,8,928.7025194444448,4556.484718480557
2025-10-29,15:10,15:20,1,27.108391666666535,97.82063132916619
2025-10-29,15:50,16:10,2,22.123895833333677,89.62989151875139
2025-10-29,16:30,16:40,1,10.742276388888968,48.46915106666702
2025-10-29,17:10,17:40,3,37.26435972222214,182.20890090277734
2025-10-29,20:20,21:30,7,366.2739884305547,2380.0930962851544
2025-10-30,00:40,01:30,5,138.57844305555534,297.32833388055514
2025-10-30,04:00,04:10,1,10.965680444442818,24.129979817996418
2025-10-30,06:00,06:10,1,3.6418333333339206,17.058347333336084
2025-10-30,06:30,06:50,2,798.7099222222212,3433.884785974995
2025-10-30,07:00,07:30,3,65.2277069444441,258.2465544249987
2025-10-30,07:40,07:50,1,487.33135565277644,2095.5248293069385
2025-10-30,09:20,09:40,2,97.71973333333347,467.5875935166673
2025-10-30,20:30,21:00,3,172.84984733333238,1102.1390161889933
2025-10-30,21:20,21:40,2,73.2528754166664,346.59577901479037
2025-10-31,00:00,00:10,1,6.125045833333331,13.009597349999996
2025-10-31,00:20,00:30,1,21.02609583333333,44.88020155624999
2025-10-31,00:40,01:00,2,19.598241666666695,41.971659416666725
2025-10-31,01:20,01:50,3,70.51311250000015,151.64811915833366
2025-10-31,03:10,03:30,2,10.582288888888854,23.086114908333258
2025-10-31,03:50,04:10,2,28.66545694444443,62.76097257013886
2025-10-31,04:20,04:40,2,49.962297222222276,109.44798840069457
2025-10-31,05:10,05:30,2,60.71709166666659,132.50000731666648
2025-10-31,15:20,16:20,6,190.52182083333344,761.9721608666671
2025-11-01,00:00,00:20,2,15.389949999999999,32.681919199999996
2025-11-01,03:00,03:40,4,187.80868994444108,409.60353780849266
2025-11-01,07:30,07:40,1,51.6820780555563,178.27732825264144
2025-11-02,00:20,01:10,5,40.14801666666676,86.0012580250002
2025-11-02,01:50,02:20,3,43.29583333333335,93.2231165916667
2025-11-02,02:30,03:10,4,92.14175,200.74674905
2025-11-02,04:40,05:20,4,165.3275771666669,361.5734614655005
2025-11-02,05:40,05:50,1,18.961599999999976,54.11640639999993
2025-11-02,06:10,07:30,8,1483.6053888888896,6377.448971611115
2025-11-02,07:40,07:50,1,536.9287166666668,2308.793481666667
2025-11-02,09:20,09:50,3,390.52317783333103,1853.3557131999887
2025-11-02,14:40,14:50,1,195.37225,915.9051079999999
2025-11-02,20:20,21:00,4,366.94597777777597,2484.5723810305435
2025-11-03,00:30,01:50,8,89.82641666666689,192.90324329166714
2025-11-03,02:10,03:30,8,150.09770000000003,326.70026238333344
2025-11-03,03:50,04:10,2,26.549466666666603,58.181195566666524
2025-11-03,04:30,04:50,2,23.109649999999988,50.86366307499998
2025-11-03,05:00,05:20,2,125.54245555555553,275.47260892777774
2025-11-03,06:10,07:20,7,959.4798166666658,4120.3650142694405
2025-11-03,07:40,07:50,1,328.7568777777768,1413.6545744444402
2025-11-03,10:10,10:20,1,20.005750000000035,95.90756550000016
2025-11-03,15:20,15:30,1,53.367500000000064,195.00484500000022
2025-11-03,20:30,21:00,3,72.88971105555311,481.0681739902054
2025-11-04,00:30,00:50,2,79.14996666666673,169.0434305166668
2025-11-04,04:00,04:20,2,13.638396999998758,29.978272898497266
2025-11-04,05:20,05:30,1,3.6837865000009735,7.921982868252094
2025-11-04,05:40,06:50,7,1316.7696333333333,5670.914461891668
2025-11-04,07:40,07:50,1,539.1777833333333,2318.464468333333
2025-11-04,15:50,16:00,1,31.277500000000146,125.97013125000058
2025-11-04,16:20,16:40,2,28.98078888888881,128.56039175833297
2025-11-04,17:00,17:10,1,12.313333333333276,58.25437999999973
2025-11-04,20:10,20:30,2,429.1582666666693,2883.7058425000178
2025-11-04,21:00,21:20,2,39.87165633333352,183.8192250653342
2025-11-05,00:30,00:50,2,53.25531666666666,113.74483929999998
2025-11-05,01:00,01:40,4,104.54894999999999,224.61824214166663
2025-11-05,02:00,02:30,3,69.16384999999991,149.38607511666646
2025-11-05,02:50,03:20,3,59.61948333333328,130.25793254999988
2025-11-05,03:50,04:00,1,17.16666666666663,37.57783333333325
2025-11-05,04:40,05:10,3,113.24727238888643,247.94505609627234
2025-11-05,06:10,07:20,7,1146.3250444444434,4922.146187141661
2025-11-05,07:40,07:50,1,580.0943166666666,2494.4055616666665
2025-11-05,09:30,10:10,4,507.149441333332,2448.36082427466
2025-11-05,14:40,14:50,1,85.2249499999991,399.53456559999574
2025-11-05,15:20,17:20,12,363.63584999999966,1512.5894294416655
2025-11-06,00:20,00:40,2,54.19778333333352,115.71904020000039
2025-11-06,01:30,02:10,4,101.74743333333333,219.89593240000002
2025-11-06,02:20,03:00,4,113.62391666666667,246.8492567
2025-11-06,03:30,03:50,2,52.047199999999975,113.40463464999996
2025-11-06,04:20,04:30,1,9.96445683333602,21.742444810339197
2025-11-06,05:20,05:30,1,39.77656449999959,85.53950195724912
2025-11-06,05:40,05:50,1,28.81397222222222,82.23507672222222
2025-11-06,06:30,07:30,6,930.6669722222223,3972.449130266667
2025-11-06,07:40,07:50,1,611.4265166666667,2629.1340216666667
2025-11-06,08:50,10:40,11,2172.7712725555575,10672.678750954454
2025-11-06,16:30,17:10,4,42.27986666666675,195.20840156666702
2025-11-06,17:30,17:40,1,2.6833388888890113,13.094693777778375
2025-11-06,20:30,21:20,5,134.93236538888812,766.2797489945498
2025-11-06,21:30,21:50,2,43.993133333333596,197.28348809166795
2025-11-07,00:20,00:50,3,28.39185000000009,60.62963002083353
2025-11-07,01:00,03:00,12,197.98455833333315,428.00019863333296
2025-11-07,03:20,04:00,4,36.15916666666669,78.78939156666672
2025-11-07,05:10,05:30,2,23.80894444444442,51.34647969444439
2025-11-07,07:30,08:30,6,430.41877394444447,2207.8918026796946
2025-11-07,20:40,20:50,1,158.63477222222195,969.7343625944427
2025-11-08,00:00,00:10,1,66.60893333333337,141.4773744000001
2025-11-08,00:40,00:50,1,0.489325000000008,1.044953537500017
2025-11-08,01:00,01:40,4,86.42996666666676,185.98021552500023
2025-11-08,02:10,02:30,2,45.94025833333342,99.71929851666684
2025-11-08,02:50,03:20,3,42.50658333333331,92.92008400416663
2025-11-09,00:20,00:40,2,51.79560000000015,110.57736285000033
2025-11-09,01:10,01:40,3,62.98688333333325,135.01920879999983
2025-11-09,02:00,02:20,2,40.95804999999996,88.2126476999999
2025-11-09,02:40,02:50,1,5.060100000000034,10.967766750000074
2025-11-09,03:10,04:20,7,94.43502500000011,206.27699675000025
2025-11-09,05:10,05:20,1,3.6629378333303286,8.129890521076664
2025-11-09,05:40,05:50,1,11.614294444444454,33.147196344444474
2025-11-09,06:10,07:30,8,1089.0322055555548,4710.518829316665
2025-11-09,09:30,09:40,1,86.5432459999998,407.7052319059991
2025-11-09,10:10,10:20,1,46.681466666666665,223.79095119999997
2025-11-09,14:10,15:00,5,710.2572166666672,3287.859570933336
2025-11-09,15:10,17:50,16,564.3277666666665,2231.581788154166
2025-11-09,20:20,21:10,5,364.4370144722194,2351.388808091217
2025-11-10,00:20,00:40,2,60.274073868312826,128.69719952191375
2025-11-10,01:10,01:40,3,82.76656666666668,177.53387385833335
2025-11-10,01:50,02:00,1,3.726666666666574,8.0328299999998
2025-11-10,02:40,03:00,2,15.15981666666653,32.93068679166636
2025-11-10,03:50,05:20,9,102.54429797222444,225.4390798611993
2025-11-10,05:40,05:50,1,3.560677777777755,10.162174377777713
2025-11-10,06:10,07:30,8,1104.921869444443,4755.778152311105
2025-11-10,09:10,10:50,10,1216.4346594166652,5896.1010265244095
2025-11-10,14:20,15:00,4,451.40268566529517,2148.0450996717436
2025-11-10,15:10,17:20,13,650.5069577777773,2632.6792827663867
2025-11-10,17:30,17:50,2,37.108005555555266,190.86223881110976
2025-11-10,20:10,20:20,1,154.61660555555613,1035.9312572222261
2025-11-10,20:30,21:00,3,190.16835833333357,1208.3876464250013
2025-11-10,21:30,21:50,2,36.70142158333317,147.0074846078743
2025-11-11,00:50,01:10,2,10.612166666666667,22.809146083333335
2025-11-11,01:20,02:00,4,42.76002499999993,92.2959844541665
2025-11-11,02:30,02:50,2,1.342824999999948,2.9159869291665537
2025-11-11,03:20,03:50,3,22.77883333333341,49.59125482500016
2025-11-11,06:10,07:30,8,1112.7801666666667,4763.976202819446
2025-11-11,09:20,10:20,6,881.2793095000006,4258.000341708337
2025-11-11,15:20,16:50,9,253.29314444444492,1027.580238786113
2025-11-11,17:00,17:30,3,78.23391944444438,380.99665222499965
2025-11-11,20:30,20:40,1,27.984997222225616,195.2233406222459
2025-11-11,21:40,21:50,1,3.113715750000119,12.08744454150046
2025-11-12,01:00,01:10,1,1.4072083333334149,3.033237562500176
2025-11-12,01:50,02:00,1,2.101666666666688,4.5301425000000455
2025-11-12,02:20,02:30,1,1.1433333333333167,2.496468333333297
2025-11-12,03:00,03:20,2,16.353925000000004,35.763785825000014
2025-11-12,03:40,04:00,2,22.275899999999865,48.66321449999971
2025-11-12,04:20,04:50,3,32.205277694447844,70.88131983484075
2025-11-12,05:20,05:30,1,12.499229861111598,26.87959381632049
2025-11-12,06:10,07:00,5,976.3043277777767,4222.738204783329
2025-11-12,07:20,07:30,1,24.17375000000004,92.39207250000015
2025-11-12,09:20,10:40,8,890.5325070833334,4282.323837493543
2025-11-12,16:00,16:10,1,11.529241666666621,47.67917891249981
2025-11-12,20:30,20:40,1,99.43108408333319,693.6312425653323
2025-11-13,00:20,00:30,1,14.905833333333362,31.816501250000062
2025-11-13,00:50,01:20,3,36.33708333333345,78.19908191250025
2025-11-13,01:50,02:30,4,62.84951666666666,135.30755481666665
2025-11-13,02:40,03:30,5,38.08894166666687,83.01301715833377
2025-11-13,03:50,04:20,3,47.596738999999005,104.54932459599782
2025-11-13,04:50,05:10,2,42.66212933333279,92.8369846599988
2025-11-13,06:00,07:10,7,933.5492638888885,4051.1225152611087
2025-11-13,07:40,07:50,1,12.545316666666395,53.944861666665496
2025-11-13,14:40,14:50,1,334.45495000000005,1567.9248056000001
2025-11-13,15:10,15:30,2,58.48100833333331,211.9431358624999
2025-11-13,16:20,17:40,8,184.43253333333337,878.8975289236113
2025-11-13,20:30,20:40,1,155.07561666666788,1081.8075018666752
2025-11-14,00:10,00:40,3,68.4187583333333,145.80459137499992
2025-11-14,00:50,01:00,1,1.2466666666666697,2.6709833333333397
2025-11-14,01:10,01:30,2,10.369983333333266,22.22348456666652
2025-11-14,01:40,02:10,3,70.25285833333334,151.34574474583334
2025-11-14,02:20,02:30,1,7.373333333333335,16.099673333333335
2025-11-14,02:50,03:10,2,37.59065833333335,82.06059602500004
2025-11-14,04:20,04:30,1,28.107500000000016,61.330565000000036
2025-11-14,05:00,05:30,3,38.04389166666647,83.29348644583291
2025-11-14,20:40,20:50,1,267.90662305555367,1637.7131867385995
2025-11-15,00:00,00:30,3,23.116200000000106,49.096315950000225
2025-11-15,00:40,01:40,6,55.98694999999998,120.19830839999996
2025-11-15,02:00,02:10,1,4.750658333333263,10.19728811249985
2025-11-15,02:40,04:20,10,204.56266666666653,447.52090369999974
2025-11-15,04:30,04:50,2,16.10048888888889,35.483947275000006
2025-11-15,05:00,05:30,3,22.213333333333424,49.04158973333353
2025-11-15,07:30,07:40,1,290.0170403611104,1000.4137807256502
2025-11-15,20:40,20:50,1,10.11673724999963,61.84361480924774
2025-11-15,21:00,21:10,1,6.2069500000001305,28.142311300000596
2025-11-15,21:30,21:50,2,117.68905572222272,575.1969166086969
2025-11-16,00:40,01:00,2,47.985858333333454,102.68284963750025
2025-11-16,01:50,02:00,1,39.58749999999998,85.33085624999995
2025-11-16,06:10,07:00,5,1063.3958713333332,4642.7847139814985
2025-11-16,07:10,07:30,2,17.4625027777779,68.35496773888936
2025-11-16,09:30,09:50,2,462.85871666666674,2196.9323618666667
2025-11-16,10:00,10:50,5,693.6019628333323,3272.763105388578
2025-11-16,14:40,14:50,1,176.61272777777975,827.9604678222314
2025-11-16,15:10,17:10,12,327.1803638888882,1377.4329376819417
2025-11-16,17:20,17:30,1,8.946666666666488,44.116013333332454
2025-11-16,20:30,20:50,2,85.25233852777797,581.2269130281123
2025-11-17,00:40,01:20,4,132.9486833333333,285.7410533749999
2025-11-17,01:40,02:10,3,73.38888333333341,158.2024134083335
2025-11-17,02:50,03:10,2,18.84065508333515,41.16193244071229
2025-11-17,03:30,03:50,2,9.2727184999987,20.20124376524717
2025-11-17,05:10,05:20,1,52.91697205555768,117.44921947731027
2025-11-17,06:10,07:00,5,837.2487576388879,3663.1190874090235
2025-11-17,07:20,07:30,1,8.023333333333312,30.665179999999918
2025-11-17,09:30,09:50,2,322.3566149444462,1521.1289571282864
2025-11-17,10:10,10:30,2,97.53335000000015,466.75384052500067
2025-11-18,00:40,01:30,5,112.5671083333333,241.59427560833325
2025-11-18,02:00,02:10,1,13.779783333333285,29.578304924999898
2025-11-18,02:40,02:50,1,2.47559166666656,5.3658449374997685
2025-11-18,03:10,03:30,2,45.350733333333324,98.97984019999997
2025-11-18,04:10,04:20,1,27.040924166664514,59.341308083745275
2025-11-18,04:30,04:50,2,37.657061111112036,83.00904829583537
2025-11-18,05:00,05:10,1,5.735758333333842,12.42652042916777
2025-11-18,06:10,06:30,2,738.9645737777766,3236.1397548562177
2025-11-18,06:40,06:50,1,5.436194444444482,22.946176750000156
2025-11-18,14:10,14:50,4,746.5725999999986,3689.430143799993
2025-11-18,15:10,15:30,2,85.82908611111111,310.6557849402778
2025-11-18,16:00,17:20,8,236.10534444444477,1053.2423012597235
2025-11-18,20:50,21:10,2,20.39300833333636,93.0285053833475
2025-11-19,00:30,01:10,4,72.45552499999997,154.9544493291666
2025-11-19,01:20,02:30,7,103.07317499999954,222.77444713333233
2025-11-19,03:00,03:30,3,110.55749999999989,241.36597047499976
2025-11-19,03:50,04:00,1,32.6008333333333,71.3632241666666
2025-11-19,04:20,05:10,5,51.132411111111196,111.65672087500019
2025-11-19,05:40,06:00,2,27.501633333334098,80.83792903333666
2025-11-19,06:10,07:30,8,856.1671735000001,3709.020288353723
2025-11-19,07:40,07:50,1,6.479408333333254,27.86145583333299
2025-11-19,09:20,09:50,3,664.8686536666655,3168.0164983166615
2025-11-19,10:00,10:50,5,487.34448611111134,2349.1157282638897
2025-11-19,13:20,13:40,2,35.10518333333346,151.31872085833385
2025-11-19,14:40,14:50,1,284.87938333333346,1335.5145490666673
2025-11-19,15:30,15:50,2,25.165430555555304,97.07081951805458
2025-11-19,16:10,16:30,2,72.21327222222226,313.8440696972224
2025-11-19,20:20,21:10,5,116.06018333333486,610.2618178916769
2025-11-20,00:50,01:10,2,44.45032499999991,95.5512455374998
2025-11-20,01:30,01:50,2,15.178833333333273,32.80044130416654
2025-11-20,02:00,02:20,2,12.257058333333362,26.355376195833394
2025-11-20,02:30,02:50,2,22.603599999999915,49.04033299166648
2025-11-20,03:10,03:50,4,61.48172725000158,133.91361750904514
2025-11-20,04:00,05:00,6,58.12580833333359,127.91619459583389
2025-11-20,05:20,05:30,1,6.319364750000272,13.589793894875585
2025-11-20,05:40,05:50,1,0.6627805555555142,1.8915757055554376
2025-11-20,06:10,06:30,2,730.6998535277763,3200.016354431466
2025-11-20,06:50,07:20,3,32.31472222222203,130.84631786111032
2025-11-20,10:10,10:30,2,50.052316666666684,239.53818610000008
2025-11-20,13:40,14:30,5,424.5240500000009,2119.0311634916707
2025-11-20,14:40,14:50,1,371.7820333333333,1742.9141722666664
2025-11-20,15:10,15:40,3,129.43491111111075,474.45705870694314
2025-11-20,16:10,16:30,2,26.034555555555585,112.04899938888903
2025-11-20,16:40,17:10,3,82.36620833333347,382.1485622347229
2025-11-20,17:20,17:30,1,24.375833333333276,120.19723416666639
2025-11-20,20:30,21:30,6,120.77162355555572,632.4220648277231
2025-11-21,00:10,00:30,2,16.302566666666735,34.63422775000015
2025-11-21,00:40,01:00,2,18.24905000000001,39.06712544166669
2025-11-21,01:30,02:20,5,88.56672499999996,191.12759684166656
2025-11-21,02:30,03:00,3,88.81745000000001,192.948018075
2025-11-21,03:10,04:00,5,196.80630000000008,429.0504475500002
2025-11-21,04:20,04:50,3,41.739466666666544,91.80568877916642
2025-11-21,05:40,05:50,1,476.526,1360.005204
2025-11-21,07:20,07:40,2,513.0840826944424,1837.2803280998255
2025-11-22,00:00,00:20,2,62.1509333333334,131.94825267500013
2025-11-22,00:30,00:50,2,27.678441666666686,59.113769462500045
2025-11-22,02:00,02:30,3,47.81466666666671,103.6862961375001
2025-11-22,02:50,05:30,16,311.1720527777778,681.3365769069447
2025-11-22,05:40,05:50,1,449.6549333333333,1283.3151797333333
2025-11-22,07:20,07:40,2,497.3073273888883,1774.8158853636646
2025-11-22,20:40,21:00,2,138.43056163888957,810.3886566318652
2025-11-22,21:30,21:50,2,66.39689975000002,324.6998714536251
2025-11-23,00:20,00:50,3,89.43168333333324,190.98708049166646
2025-11-23,01:20,01:30,1,8.18333333333328,17.508241666666553
2025-11-23,01:50,02:00,1,6.860833333333289,14.788526249999904
2025-11-23,02:50,03:00,1,28.81166666666661,62.7662158333332
2025-11-23,03:20,03:40,2,39.45510000000013,85.90449765000028
2025-11-23,04:40,05:00,2,56.49032691666698,124.24580156275067
2025-11-23,05:40,05:50,1,17.356497222222174,49.53544307222209
2025-11-23,06:10,06:30,2,563.0172182499978,2465.6705036167405
2025-11-23,06:40,07:30,5,121.01546111111145,484.6477575305569
2025-11-23,07:40,07:50,1,34.814022222222206,149.70029555555547
2025-11-23,09:20,10:50,9,1921.4164289722235,9169.934200106949
2025-11-23,13:40,13:50,1,26.042116666666743,117.52807251666701
2025-11-23,16:00,16:10,1,0.7982888888889192,3.301323700000125
2025-11-23,16:40,17:20,4,55.12644999999998,258.3517397708332
2025-11-23,17:40,17:50,1,8.574375000000032,46.05296812500018
2025-11-23,20:40,21:20,4,96.02940888888887,444.80880957944476
2025-11-24,00:40,01:40,6,93.1124083333334,199.91180800833348
2025-11-24,03:10,03:50,4,39.2030666666667,85.43986599166674
2025-11-24,04:30,04:50,2,14.259916666666527,31.473951058333025
2025-11-24,05:10,05:30,2,46.447011111111124,100.44448616111114
2025-11-24,06:00,06:30,3,570.7773000833351,2505.447830109411
2025-11-24,06:50,07:20,3,39.341355555555424,160.90316807777722
2025-11-24,14:10,14:30,2,126.79945555555648,647.8282898083379
2025-11-24,14:40,14:50,1,337.41265,1581.7905031999999
2025-11-24,15:20,16:20,6,242.25311944444434,952.8913196222218
2025-11-24,16:30,16:50,2,9.525183333333416,43.29795482361149
2025-11-24,17:20,17:40,2,29.060561111111156,142.61551572222243
2025-11-24,20:30,21:00,3,205.12796111111152,1307.5454532694473
2025-11-25,01:30,01:50,2,6.508674999999926,14.08412031249984
2025-11-25,02:00,02:40,4,66.0914416666667,143.65944472500007
2025-11-25,02:50,04:20,9,175.4402333333337,384.34850524166745
2025-11-25,04:30,05:00,3,77.30880833333345,170.35036030833356
2025-11-25,06:10,06:30,2,645.9339292777761,2828.865313291465
2025-11-25,06:40,06:50,1,1.6446777777778152,6.942184900000158
2025-11-25,07:40,07:50,1,1.8474697222195076,7.944119805543882
2025-11-25,09:30,09:50,2,541.2405166666667,2568.1622185916667
2025-11-25,10:00,10:40,4,388.05998333333366,1874.5924658166682
2025-11-25,13:10,13:40,3,195.35055277777826,836.9433882430576
2025-11-25,14:40,14:50,1,225.44641666666567,1056.8928013333286
2025-11-25,15:20,15:50,3,30.771086111111572,115.18135426111287
2025-11-25,16:00,16:50,5,86.27904722222195,384.87149521110996
2025-11-25,17:20,17:50,3,47.310494444444316,235.1611756055549
2025-11-25,21:40,21:50,1,25.387989333333667,98.55617459200128
2025-11-26,00:50,01:10,2,36.815383333333216,78.89956210833309
2025-11-26,02:10,02:50,4,82.94356666666681,180.44981877500032
2025-11-26,06:00,06:30,3,569.6856022500014,2504.966386371937
2025-11-26,07:00,07:20,2,67.58140555555542,270.92889187777723
2025-11-26,09:30,09:50,2,457.7212200000027,2168.182531690013
2025-11-26,10:00,10:50,5,503.9318694444442,2405.8779076555543
2025-11-26,13:00,13:40,4,281.69300277777734,1204.6243248763872
2025-11-26,14:10,14:50,4,588.9213500000004,2890.1673231333352
2025-11-26,15:10,15:30,2,7.378183367629276,26.866803432090247
2025-11-26,15:40,17:00,8,198.5435972222225,830.6230700888901
2025-11-27,00:20,00:40,2,20.34412499999985,43.44840974999968
2025-11-27,01:20,01:50,3,41.74484166666673,90.11100830833348
2025-11-27,02:10,02:40,3,5.2685333333332665,11.468288416666521
2025-11-27,05:00,05:30,3,14.272529444442194,30.933978296939564
2025-11-27,05:40,05:50,1,18.025972222222094,51.44612472222186
2025-11-27,06:20,06:30,1,667.8771249999969,2924.9678689374864
2025-11-27,06:50,07:10,2,38.651825000000144,159.56188686666724
2025-11-27,07:20,07:30,1,14.575000000000045,55.705650000000176
2025-11-27,07:40,07:50,1,22.48078055555561,96.66735638888913
2025-11-27,10:20,10:30,1,84.02145758333316,401.16044923162417
2025-11-27,14:30,14:50,2,503.5071833333333,2448.3381482166665
2025-11-27,15:20,17:00,10,431.6851472222228,1726.0795487347248
2025-11-27,17:30,17:50,2,16.052066666666633,83.09999729166651
2025-11-27,20:30,20:40,1,10.913175388891432,76.13031151290663
2025-11-28,00:10,00:50,4,71.90324166666664,153.27156455416662
2025-11-28,01:00,01:30,3,23.976774999999975,51.47123614166662
2025-11-28,02:20,02:30,1,3.4658333333332507,7.567647083333153
2025-11-28,03:00,03:20,2,11.783916666666585,25.76335904999982
2025-11-28,03:30,04:30,6,152.0392583333333,333.1928672833332
2025-11-28,04:40,05:00,2,59.78931666666659,131.53387164999984
2025-11-28,05:40,05:50,1,467.04328333333336,1332.9415306333335
2025-11-28,07:20,07:40,2,518.0140261666651,1847.0206400923273
2025-11-28,20:40,20:50,1,104.66089077777752,639.792025324554
2025-11-29,00:00,00:10,1,4.66218333333336,9.902477400000057
2025-11-29,01:00,01:10,1,0.5176583333333724,1.1158125375000842
2025-11-29,01:40,02:10,3,45.054800000000114,97.09586470000023
2025-11-29,02:20,02:40,2,23.43626666666671,51.14676123333343
2025-11-29,03:30,04:00,3,70.84112500000009,154.55654725416687
2025-11-29,04:20,04:40,2,72.22204166666666,157.83982160416664
2025-11-29,04:50,05:00,1,1.4208333333332916,3.122281249999908
2025-11-29,05:40,05:50,1,448.21506666666664,1279.2058002666668
2025-11-29,07:10,07:40,3,906.2219960277741,3356.9021834917075
2025-11-29,14:50,15:50,6,280.17550055555375,992.3356705188821
2025-11-29,20:40,21:00,2,430.3825402500023,2618.561441881597
2025-11-29,21:30,21:40,1,89.56189372222185,442.03272646602596
2025-11-30,01:10,01:50,4,61.860724999999775,133.21632499583285
2025-11-30,02:20,02:30,1,9.514999999999986,20.77600249999997
2025-11-30,03:50,04:00,1,17.048669749995838,37.31953808274089
2025-11-30,04:20,04:30,1,14.155908000000112,30.888191256000244
2025-11-30,05:40,07:10,9,442.0197944444445,1912.6990565708338
2025-11-30,07:40,07:50,1,4.189397222222169,18.014408055555325
2025-11-30,09:20,09:50,3,803.1391196666651,3832.0113949416595
2025-11-30,10:10,10:50,4,486.0692222222218,2316.9174317611087
2025-11-30,13:20,13:30,1,16.872472222221358,72.70348280555183
2025-11-30,14:10,14:50,4,654.0330493333333,3168.2381548073326
2025-11-30,15:20,15:40,2,38.1636500000003,140.3413474666678
2025-11-30,15:50,16:20,3,84.26686666666717,347.5049511555576
2025-11-30,16:50,17:00,1,9.532083333333276,44.15260999999973
2025-11-30,20:30,20:40,1,48.341383333332715,337.229490133329
2025-12-01,00:20,05:30,31,1992.2444583333327,4339.512441929166
2025-12-01,05:40,07:30,11,1816.730827666665,7743.77197690977
2025-12-01,07:40,08:10,3,187.06395833333477,976.6379313166749
2025-12-01,09:20,10:50,9,2687.2392826666664,12916.270733420166
2025-12-01,13:00,13:40,4,445.6310555555544,1906.9129925319394
2025-12-01,14:10,14:20,1,176.26899722222174,879.4060271416643
2025-12-01,14:40,14:50,1,444.73395000000016,2084.9127576000005
2025-12-01,15:20,15:50,3,215.66054444444467,810.0706628486121
2025-12-01,16:10,17:00,5,113.06994444444433,504.78730911388834
2025-12-01,20:30,20:40,1,100.53605788888831,701.3395398328848
2025-12-01,21:30,21:50,2,20.778960166666526,96.56168803591596
2025-12-02,00:30,05:30,30,1963.459508333333,4275.147194516665
2025-12-02,05:40,07:30,11,1591.771230333333,6796.086031830668
2025-12-02,07:40,08:20,4,327.5137000000004,1714.1648103250022
2025-12-02,09:20,09:50,3,1497.4820333333337,7164.349004650001
2025-12-02,10:00,10:50,5,1629.0970396666662,7778.132480285165
2025-12-02,13:00,13:50,5,155.51617541666843,680.9168582977854
2025-12-02,14:10,14:50,4,801.3028833333341,3911.4762124250037
2025-12-02,15:30,17:30,12,403.2917083333332,1724.0469983055546
2025-12-02,20:20,21:50,9,338.6623472222202,2029.9093359985977
2025-12-03,00:30,05:30,30,1824.7308694444446,3971.4048029138894
2025-12-03,05:40,07:30,11,1992.6775363333318,8678.438407947828
2025-12-03,07:40,08:10,3,235.51737500000115,1210.6768630583401
2025-12-03,09:20,09:50,3,1028.926366666667,4906.017749083335
2025-12-03,10:10,10:30,2,361.7303333333337,1729.9916955000017
2025-12-03,12:50,13:50,6,644.6510805000013,2788.3112109353947
2025-12-03,14:10,14:50,4,716.2252333333331,3480.3054468916653
2025-12-03,15:50,16:50,6,224.56793611111118,965.6371699069447
2025-12-03,17:30,17:50,2,34.18115555555562,179.16427943888922
2025-12-03,21:20,21:50,3,66.97781947222504,299.5201938496104
2025-12-04,00:40,05:30,29,2039.841816666666,4443.478901604166
2025-12-04,05:40,07:30,11,2345.0374715277776,10193.475295569446
2025-12-04,07:40,08:20,4,253.95877777777855,1390.3121361444491
2025-12-04,09:20,09:50,3,1271.4170499999996,6075.108583849998
2025-12-04,10:10,10:50,4,752.0591083333331,3560.7187565333325
2025-12-04,14:40,14:50,1,99.1989194444443,465.04453435555484
2025-12-04,15:30,16:50,8,329.12417777777796,1370.3220497305563
2025-12-04,17:00,17:20,2,81.90239722222236,394.0585398694451
2025-12-04,17:30,17:50,2,40.2278583333333,214.81247269166656
2025-12-04,20:10,20:20,1,105.05815436110902,703.8896342194305
2025-12-04,20:30,20:50,2,122.3081666666667,818.5428492166668
2025-12-05,00:20,00:30,1,44.99166666666673,96.03471250000014
2025-12-05,00:50,01:20,3,115.71711666666664,248.97047194999996
2025-12-05,01:30,05:30,24,1582.7006999999996,3454.3541291708334
2025-12-05,05:40,05:50,1,516.1658833333333,1473.1374310333333
2025-12-05,06:40,07:50,7,3445.5018278888906,13708.425863963896
2025-12-05,08:50,09:30,4,354.4232666666667,1776.608193983333
2025-12-05,15:00,15:10,1,37.478766666666615,123.67992999999984
2025-12-05,20:40,20:50,1,345.592529027778,2112.6071299468067
2025-12-05,21:30,21:50,2,51.11870311111196,200.11621449239306
2025-12-06,00:20,02:20,12,603.7644666666667,1297.7284911416668
2025-12-06,02:30,05:30,18,1338.3395027777774,2926.271030851389
2025-12-06,05:40,05:50,1,537.4051666666667,1533.7543456666667
2025-12-06,06:40,07:50,7,3474.272707972217,13855.541618105533
2025-12-06,09:00,09:50,5,451.3541333333328,2223.414450991664
2025-12-06,15:00,16:10,7,365.0699694444444,1366.4310014166663
2025-12-06,19:50,20:00,1,45.47238805555622,306.5293678825045
2025-12-06,20:10,21:20,7,1314.5590916666665,8375.743275670833
2025-12-06,21:30,21:40,1,32.03370000000077,158.1023263500038
2025-12-07,00:20,05:30,31,1940.474341666666,4219.477788241666
2025-12-07,05:40,07:30,11,1637.3835548611103,7146.369075589371
2025-12-07,07:40,08:10,3,273.5916416666679,1426.9853041750073
2025-12-07,09:30,09:50,2,791.1569333333332,3754.9332538083327
2025-12-07,10:10,10:50,4,680.095863888888,3163.6127803694394
2025-12-07,14:10,14:50,4,889.206997222224,4343.9770906000085
2025-12-07,15:30,16:50,8,308.860388888889,1280.069025756945
2025-12-07,17:10,17:50,4,57.995888888889,290.54417727222267
2025-12-07,20:10,20:40,3,275.3053749999998,1860.941520633332
2025-12-07,20:50,21:00,1,3.5351987499999717,16.49523736749987
2025-12-08,00:30,05:30,30,1725.1900583333336,3756.4482086541657
2025-12-08,05:40,07:30,11,1723.924017416667,7466.795039107446
2025-12-08,07:40,08:10,3,194.8319138888902,1011.2252567305632
2025-12-08,09:20,09:50,3,939.7789666666664,4467.436440416665
2025-12-08,10:10,10:50,4,591.237527777778,2809.014137355556
2025-12-08,13:00,13:40,4,432.26296366666816,1848.5946979973953
2025-12-08,14:10,14:50,4,603.3181555555568,2913.779441375006
2025-12-08,20:30,20:50,2,131.1929907777802,897.1574698907948
2025-12-09,00:30,05:30,30,1563.6236194444446,3404.739860968056
2025-12-09,05:40,07:30,11,1990.0938608055503,8737.470828111807
2025-12-09,07:40,08:20,4,387.47240555555675,2097.1381072805625
2025-12-09,09:20,09:50,3,1242.2359833333333,5942.466609358333
2025-12-09,10:10,10:30,2,421.9330000000001,2018.8276188750006
2025-12-09,14:10,14:30,2,45.47067222222108,232.14604559166096
2025-12-09,14:40,14:50,1,564.2303666666666,2645.1119589333325
2025-12-09,15:30,15:40,1,19.365230555555627,72.94882350277804
2025-12-09,16:10,16:30,2,51.827666666666346,223.6774861666653
2025-12-09,16:50,17:40,5,115.44910277777785,556.9533286222226
2025-12-09,20:20,20:40,2,271.49165555555874,1875.9694942277993
2025-12-09,20:50,21:20,3,61.84489491666663,286.2654882186665
2025-12-10,00:20,00:50,3,111.14779999999996,237.32641026666658
2025-12-10,01:00,02:20,8,310.71023333333346,668.238393716667
2025-12-10,02:30,05:30,18,1199.150138888889,2623.111935636112
2025-12-10,05:40,07:30,11,1854.4688238333315,8166.083709031116
2025-12-10,07:40,08:10,3,195.5949027777791,981.6716675861187
2025-12-10,09:20,09:50,3,1084.8340999999991,5174.67370493333
2025-12-10,10:10,10:50,4,730.1605055555557,3394.914104636112
2025-12-10,12:50,13:50,6,481.1068333333335,2056.9706577416673
2025-12-10,14:40,14:50,1,446.4181879999999,2092.808465343999
2025-12-10,15:30,17:00,9,416.12264166666614,1735.5670386319425
2025-12-10,17:20,17:40,2,22.533041666666463,110.66721083333233
2025-12-11,00:30,00:50,2,23.449258333333432,50.08702374791689
2025-12-11,01:40,01:50,1,4.430284722222154,9.598211850694298
2025-12-11,06:00,06:10,1,128.58457083333337,602.2901297833336
2025-12-11,09:20,09:30,1,202.42614861111102,981.7668207638884
2025-12-11,09:40,09:50,1,175.76565000000164,840.9507524250077
2025-12-11,10:10,10:30,2,280.4478944444444,1344.0138291249996
2025-12-12,00:30,00:50,2,55.721025000000054,119.00264233958345
2025-12-12,01:10,01:40,3,109.13621249999989,234.29456574930532
2025-12-12,02:00,02:20,2,52.18756944444448,112.40683895486119
2025-12-12,05:40,05:50,1,14.580280555555532,41.61212070555549
2025-12-12,07:00,07:40,4,2037.195466666669,7838.894820575009
2025-12-12,21:00,21:20,2,73.32272777777675,338.4979852131898
2025-12-13,00:30,00:50,2,63.40989166666674,135.43035745625014
2025-12-13,01:00,01:50,5,53.00628194444471,114.10961169375058
2025-12-13,02:20,02:40,2,39.683305555555535,86.63401490416662
2025-12-13,02:50,03:00,1,22.162136111111124,48.280213518055575
2025-12-13,05:40,05:50,1,18.160713888888836,51.83067743888874
2025-12-13,07:00,07:40,4,1967.8067833333332,7537.5746233
2025-12-13,09:10,09:50,4,146.36728333333338,710.1099868416669
2025-12-13,14:50,15:00,1,60.24300555555544,201.63333959444407
2025-12-14,01:00,01:10,1,1.7406763888889145,3.752027956250055
2025-12-14,05:40,05:50,1,1.6144472222222248,4.60763237222223
2025-12-14,06:00,06:20,2,190.6013333333334,879.7397422777781
2025-12-14,06:50,07:10,2,17.142171833334192,71.01336208922581
2025-12-14,09:20,09:30,1,94.17870416666585,456.76671520832934
2025-12-14,09:40,09:50,1,382.23005694444635,1828.7797074507034
2025-12-14,10:10,10:50,4,663.5234078333333,3151.7360591214997
2025-12-14,15:50,16:00,1,23.99495694444515,96.63968909375284
2025-12-14,16:20,16:40,2,20.31175241666526,91.10874887314662
2025-12-14,17:00,17:30,3,61.7777283611101,299.1303871819675
2025-12-14,21:40,21:50,1,20.464537722223053,79.44333543766989
2025-12-15,00:20,01:10,5,88.06200972222234,188.26054041875025
2025-12-15,01:50,02:10,2,45.5723958333333,98.18796164374993
2025-12-15,02:30,03:10,4,37.07800138888888,80.71854683194442
2025-12-15,03:30,03:50,2,27.004786111111116,58.79483969652779
2025-12-15,04:10,04:20,1,9.833362500000021,21.579314006250048
2025-12-15,06:00,06:30,3,187.09980559722158,853.9706630034971
2025-12-15,07:10,07:30,2,47.10412638888849,180.09596317499845
2025-12-15,07:40,08:00,2,18.547766666667144,99.74895090972502
2025-12-15,09:20,09:50,3,782.6168597222244,3770.680365892371
2025-12-15,10:10,10:20,1,419.1261166666667,2009.2906033
2025-12-15,10:30,10:40,1,118.4283938750001,582.6084836680631
2025-12-15,20:10,20:40,3,134.0494189722226,903.2862217138915
2025-12-16,00:30,00:40,1,6.0470041666667385,12.916400900000154
2025-12-16,01:10,01:40,3,47.395479166666746,101.46932818819462
2025-12-16,01:50,02:30,4,101.79600694444457,219.89434708958362
2025-12-16,02:50,03:00,1,10.763802777777869,23.448944351389084
2025-12-16,03:50,04:40,5,94.12357638888875,206.01789205069417
2025-12-16,05:40,06:30,5,95.95455786111222,416.9784511013108
2025-12-16,07:00,07:20,2,9.55663938888965,38.1249158841142
2025-12-16,07:40,07:50,1,9.048979166666754,38.91061041666704
2025-12-16,08:10,08:20,1,0.2538166666665802,1.3904076999995263
2025-12-16,09:20,09:50,3,834.4036555555593,4024.9636107764068
2025-12-16,10:10,10:20,1,340.35991666666666,1631.6854405
2025-12-16,10:30,10:50,2,192.66345304166546,901.9941685725013
2025-12-17,00:40,01:10,3,66.29480277777782,142.12240224583343
2025-12-17,01:30,02:00,3,87.52634166666667,189.1396277027778
2025-12-17,02:20,02:30,1,17.21317222222217,37.58496154722211
2025-12-17,02:50,03:10,2,23.75633888888899,51.909639519444674
2025-12-17,03:30,04:00,3,65.02993333333336,141.90878764166672
2025-12-17,05:00,05:30,3,83.55666818055741,183.21805844512207
2025-12-17,05:40,06:10,3,70.54294509722547,232.06700537220982
2025-12-17,06:40,07:10,3,107.48894122222396,445.8672639226184
2025-12-17,08:00,08:20,2,27.111361111111478,157.48246441389102
2025-12-17,09:20,09:30,1,395.8682124999988,1919.9608306249938
2025-12-17,09:40,09:50,1,168.17823333333422,804.6487573833375
2025-12-17,10:10,10:20,1,298.64970000000005,1431.7266618
2025-12-17,12:50,13:30,4,42.61172222222331,180.1726840000046
2025-12-17,15:50,16:10,2,29.319836111111044,118.77290003749971
2025-12-17,16:40,17:00,2,17.81966666666642,82.3017121847211
2025-12-17,20:30,20:50,2,107.58296250000046,733.1368836333364
2025-12-17,21:20,21:40,2,45.004242374999734,214.88346202306127
2025-12-18,00:20,00:50,3,57.20511675239777,122.16405129063193
2025-12-18,01:20,01:30,1,12.743526388888881,27.264774709027762
2025-12-18,01:40,02:10,3,119.17112499999996,256.85655174444435
2025-12-18,02:30,03:20,5,220.33725000000038,480.9560178805564
2025-12-18,03:50,04:50,6,254.30733438889257,557.5739832439526
2025-12-18,05:00,05:10,1,0.8317463888894503,1.801978551528994
2025-12-18,05:40,05:50,1,50.99294861111116,145.53387533611127
2025-12-18,06:00,06:10,1,99.205825,464.68008430000003
2025-12-18,07:10,07:30,2,113.89398866666595,440.00221822533047
2025-12-18,08:00,08:20,2,34.534104166667134,194.6570474479194
2025-12-18,09:20,09:30,1,566.3549999999999,2746.821749999999
2025-12-18,09:40,09:50,1,255.1693180555552,1220.8576022368038
2025-12-18,10:10,10:30,2,493.83988750000003,2365.89957149375
2025-12-18,16:30,16:40,1,41.72901111111105,188.28129813333302
2025-12-18,20:50,21:10,2,46.53083652777921,213.53620555528448
2025-12-19,00:40,01:00,2,67.42012499999993,144.2340383333332
2025-12-19,01:50,02:10,2,58.62278472222209,126.22124841874972
2025-12-19,02:20,02:30,1,7.436633333333361,16.237888883333394
2025-12-19,02:50,04:10,8,75.63090694444423,165.2247202743051
2025-12-19,05:40,05:50,1,4.665655555555645,13.315780955555812
2025-12-19,07:00,07:40,4,2049.352483333333,7867.737482408333
2025-12-19,14:50,15:30,4,205.2713069444444,698.724161204861
2025-12-19,20:40,20:50,1,215.21481929166862,1315.60819032997
2025-12-19,21:20,21:50,3,67.11060962499997,315.40992951668727
2025-12-20,00:50,01:00,1,11.396393055555563,24.416772121527796
2025-12-20,01:30,02:20,5,77.39490298611076,167.13705606305479
2025-12-20,04:10,05:30,8,160.92162313888807,352.94519285745645
2025-12-20,07:00,07:40,4,1846.6739166666666,7052.061776633334
2025-12-20,09:30,09:40,1,15.869183333333261,74.759722683333
2025-12-20,20:40,20:50,1,117.35041436110822,717.3630829894545
2025-12-20,21:00,21:20,2,16.50408181944448,76.95569479227794
2025-12-21,00:20,00:30,1,11.512104166666631,24.572586343749926
2025-12-21,01:00,01:50,5,107.44153888888889,231.2366767166667
2025-12-21,02:00,02:20,2,40.811833333333425,87.8978535500002
2025-12-21,03:00,03:20,2,85.22217222222207,186.33727468333302
2025-12-21,03:30,04:20,5,191.38408333333325,417.32836944444426
2025-12-21,05:40,05:50,1,25.02657222222217,71.42583712222208
2025-12-21,06:00,06:40,4,116.86962713888818,525.7471409116077
2025-12-21,07:50,08:00,1,49.72044444444521,288.80120155555994
2025-12-21,09:20,09:30,1,458.515602777777,2223.8006734722185
2025-12-21,09:40,09:50,1,36.222766666667894,173.3078271166725
2025-12-21,10:10,10:30,2,329.3874730138888,1577.9492068764994
2025-12-21,10:40,10:50,1,150.19982916666686,600.0483175208341
2025-12-21,12:50,13:20,3,115.43888368055886,489.52227513595125
2025-12-21,20:30,20:50,2,129.07276249999802,898.3973468027639
2025-12-22,00:40,00:50,1,18.867220833333363,40.2909500895834
2025-12-22,01:00,01:50,5,167.90121388888895,361.86551987083345
2025-12-22,02:10,02:40,3,76.56296666666663,166.9273552027777
2025-12-22,03:10,03:30,2,79.37807222222227,173.12321844583343
2025-12-22,03:50,04:10,2,32.97409583333331,72.25747584097218
2025-12-22,04:20,05:30,7,155.02041805555564,339.50869369791684
2025-12-22,05:50,06:10,2,158.51704166666673,739.8293686395837
2025-12-22,07:40,07:50,1,5.584404166666673,24.01293791666669
2025-12-22,08:00,08:20,2,43.48282638888941,245.47752932569753
2025-12-22,09:20,09:50,3,862.0317027777793,4153.616939184034
2025-12-22,10:10,10:40,3,464.27813611110963,2239.2936549111037
2025-12-22,20:10,21:30,8,421.1069916666652,2476.072195181935
2025-12-23,01:00,01:20,2,44.24599166666667,95.30291979375001
2025-12-23,01:40,02:00,2,30.667391666666504,66.36193811666632
2025-12-23,02:30,02:50,2,21.76288611111113,47.24062975902781
2025-12-23,03:00,04:00,6,83.06111666666663,181.18794809444438
2025-12-23,04:30,05:00,3,46.433882958337925,102.39909113673924
2025-12-23,06:00,06:10,1,64.80229254166454,303.53393826515673
2025-12-23,09:20,09:30,1,205.6298999999996,997.305014999998
2025-12-23,09:40,09:50,1,184.27930416666823,881.6843307854241
2025-12-23,10:10,10:30,2,311.0252861111112,1490.7711078625002
2025-12-23,14:40,14:50,1,44.86449999999962,210.32477599999822
2025-12-23,16:00,17:00,6,148.26270833333353,662.7147585055566
2025-12-23,17:30,17:40,1,12.876538888888945,62.837509777778045
2025-12-23,20:30,20:40,1,14.882011111110387,103.81690951110606
2025-12-24,00:20,00:30,1,15.167104166666718,32.37418384375011
2025-12-24,00:50,01:00,1,11.57210416666669,24.793233177083387
2025-12-24,02:30,03:00,3,47.26026755555938,102.56739664634165
2025-12-24,03:20,03:30,1,6.219842319444979,13.546816571751163
2025-12-24,04:00,04:40,4,109.41723402777708,239.97934203437347
2025-12-24,06:00,06:10,1,116.76930972222226,546.9474467388891
2025-12-24,07:40,08:00,2,55.17009444444511,298.7465485625039
2025-12-24,09:20,09:50,3,1090.8176069444442,5248.239640573609
2025-12-24,10:10,10:20,1,271.4167500000001,1301.1718995000003
2025-12-24,10:30,10:40,1,130.1801538472219,640.4212668514082
2025-12-24,13:20,13:40,2,92.12437222222172,397.1869391763867
2025-12-24,14:40,14:50,1,243.9184666666673,1143.4897717333363
2025-12-24,15:30,15:50,2,37.75670277777749,144.18894926736
2025-12-24,16:00,16:20,2,49.08192222222226,206.35684742777795
2025-12-24,16:50,17:30,4,105.94022499999994,504.33614996111083
2025-12-24,20:20,20:30,1,197.9737359444482,1335.233862077331
2025-12-25,01:00,01:30,3,145.15448333333336,312.21033330555565
2025-12-25,02:40,02:50,1,13.976450041664567,30.29395546530795
2025-12-25,05:50,07:10,8,385.8362263888888,1744.5453091194443
2025-12-25,07:40,08:00,2,7.356386111111533,33.10025382430807
2025-12-25,09:20,09:50,3,492.2425722222228,2363.4815516062527
2025-12-25,10:10,10:20,1,296.6598333333334,1422.187241
2025-12-25,10:40,10:50,1,28.46120277777777,113.7025050972222
2025-12-25,15:40,16:20,4,145.39324722222284,585.6698242486135
2025-12-25,17:00,17:20,2,15.660605555555776,74.54524321666773
2025-12-25,20:10,20:50,4,249.14572105555703,1679.9088907319544
2025-12-25,21:20,21:40,2,12.669379583333399,60.00981935715309
2025-12-26,00:20,00:40,2,10.52562443415701,22.480537571374807
2025-12-26,01:00,01:20,2,64.56320555555556,139.041075975
2025-12-26,01:30,01:50,2,55.40975555555559,119.67051146944453
2025-12-26,02:10,02:40,3,51.36380416666657,111.52378862708312
2025-12-26,03:20,03:40,2,38.502122222222226,83.85631473333333
2025-12-26,04:00,04:20,2,36.89297500000009,81.1014352125002
2025-12-26,04:40,04:50,1,2.785429166666745,6.158583887500173
2025-12-26,05:20,05:30,1,16.810688541665492,36.15138570885164
2025-12-26,07:00,07:40,4,2140.3054166666666,8229.054937458333
2025-12-26,09:20,09:30,1,34.628383333333794,167.9476591666689
2025-12-26,14:50,16:20,9,211.48684027777745,801.6936621715266
2025-12-27,00:20,00:40,2,55.40817222222222,118.31503534999999
2025-12-27,01:00,01:20,2,55.19060555555552,118.80977669999993
2025-12-27,03:40,03:50,1,22.607661027778647,49.28470104055746
2025-12-27,07:00,07:40,4,1977.5456833333337,7565.495660591669
2025-12-27,20:40,20:50,1,161.68621070833257,988.387806060037
2025-12-28,00:20,01:00,4,173.37671111111115,370.38560647500003
2025-12-28,01:50,02:00,1,17.89589444444448,38.574600475000075
2025-12-28,02:20,03:00,4,121.2622,263.8110843770834
2025-12-28,03:20,03:30,1,46.68210972222232,101.67363497500021
2025-12-28,03:50,04:20,3,44.59531363888955,98.04233342636255
2025-12-28,04:30,05:00,3,52.70687729166743,116.21887377323085
2025-12-28,06:00,06:10,1,112.29563749999988,525.9927660499994
2025-12-28,07:10,07:30,2,45.377606444445675,175.24709434311603
2025-12-28,07:40,08:20,4,109.49338055555677,613.148794427785
2025-12-28,09:20,09:30,1,56.08823333333294,272.0279316666647
2025-12-28,09:40,09:50,1,161.80296527777887,774.1462873715329
2025-12-28,10:10,10:20,1,308.9964666666666,1481.3290611999996
2025-12-28,20:50,21:40,5,104.61519461111322,489.4584998269821
2025-12-29,00:20,00:30,1,25.190938888888923,53.77005905833341
2025-12-29,02:50,03:10,2,28.055279652777877,61.21586053538216
2025-12-29,04:20,04:30,1,7.606726388888433,16.59787698055456
2025-12-29,06:00,07:00,6,258.02218690476184,1155.5813980628968
2025-12-29,09:40,09:50,1,273.16776746031826,1306.9711834138925
2025-12-29,10:10,10:20,1,274.4711166666667,1315.8145333000002
2025-12-30,00:20,00:50,3,38.2202666666667,81.61067656944452
2025-12-30,01:10,01:50,4,92.81552222222217,199.27279522083325
2025-12-30,02:20,02:40,2,3.955780555555407,8.634046806249675
2025-12-30,03:50,04:20,3,124.03162083333359,272.4561319472228
2025-12-30,05:10,05:30,2,57.75122301587573,125.66660487540284
2025-12-30,05:40,05:50,1,45.84733055555546,130.8482814055553
2025-12-30,06:00,06:40,4,64.98339882737775,298.40622853184226
2025-12-30,07:00,07:30,3,78.47302984523833,306.30134958002475
2025-12-30,07:40,08:10,3,93.96224206349291,520.4963004725249
2025-12-30,09:20,09:50,3,936.1840956349206,4511.3798150777775
2025-12-30,10:10,10:40,3,597.7750857142851,2887.341934667854
2025-12-30,15:40,16:00,2,41.70577976190475,166.10374673154757
2025-12-30,16:30,16:40,1,4.285266666666757,19.335123200000407
2025-12-30,20:30,20:40,1,35.527122791666216,247.8372085946635
2025-12-30,20:50,21:40,5,93.42914304166675,433.7307563747782
2025-12-31,00:30,00:50,2,32.04562777777778,68.4439071888889
2025-12-31,01:00,02:20,8,239.66998888888907,517.4261185493059
2025-12-31,02:40,03:10,3,44.84151527777749,97.63058080972158
2025-12-31,03:30,03:40,1,20.8883180555556,45.46342424791676
2025-12-31,05:00,05:20,2,27.478411656746516,60.87687770434133
2025-12-31,05:40,06:10,3,112.31988086309536,512.1748842877385
2025-12-31,07:40,07:50,1,2.214645238095386,9.52297452381016
2025-12-31,08:00,08:10,1,8.720969444445132,50.943543009726234
2025-12-31,09:20,09:50,3,756.884083730158,3630.1524012492027
2025-12-31,10:10,10:50,4,783.8416482142846,3708.7035318680505
2025-12-31,14:40,14:50,1,124.02143392856993,581.4124822571358
2025-12-31,15:40,16:10,3,53.56179166666675,214.40823220178603
2025-12-31,20:30,21:30,6,219.66118522619252,1202.520766490697
2025-12-31,21:50,22:20,3,114.29536386111123,230.40184626237524
