date,hour,status,gap,objective,seconds,nodes,leaves,variables,integer_pairs,row_error,bound_error,fallback,history,physical_error,tree_failure
2025-02-01,0,Optimal,0.000564725909064216,25570.92222524801,1.2042159000120591,16.0,7.0,7288.0,576,2.9558577807620168e-12,2.220446049250313e-16,False,"[9, 11, 13, 24, 26, 19, 22]",,
2025-02-01,6,Optimal,0.0,-1627.8229325693871,0.1695793999824673,9.0,5.0,4329.0,1,1.0800249583553523e-12,0.0,False,"[28, 30, 27, 10, 14, 23, 8]",,
2025-02-01,12,Optimal,2.671394899325488e-06,773.5452020765299,0.09846820001257583,4.0,3.0,2128.0,2,8.526512829121202e-13,0.0,False,"[20, 23, 11, 26, 22, 15, 14]",,
2025-02-01,18,Optimal,0.0005283425355401874,9.744939226807222,0.18052759999409318,1.0,1.0,757.0,8,9.094947017729282e-13,0.0,False,"[28, 25, 24, 27, 26, 12, 13]",,
2025-02-02,0,Optimal,0.0004712020411350841,58898.69782164885,0.2846698999928776,17.0,7.0,7649.0,20,4.888534022029489e-12,2.021099337273174e-12,False,"[31, 20, 16, 24, 26, 19, 22]",,
2025-02-02,6,Optimal,0.0007188469201230746,-698.5859832763272,0.24570100000710227,10.0,6.0,4582.0,1,2.1600499167107046e-12,7.194245199571014e-14,False,"[28, 30, 27, 14, 31, 23, 8]",,
2025-02-02,12,Optimal,0.0001046519732694766,-422.27294008220395,0.11637279999558814,4.0,3.0,2128.0,4,9.094947017729282e-13,1.794120407794253e-13,False,"[29, 30, 11, 21, 26, 27, 14]",,
2025-02-02,18,Optimal,0.0001222236213272377,-83.65108048250745,0.16502489999402314,1.0,1.0,757.0,4,1.3642420526593924e-12,4.246511874701022e-14,False,"[28, 11, 24, 27, 26, 12, 16]",,
2025-02-03,0,Optimal,0.00047026945026584066,60770.38014681757,0.24105700000654906,16.0,7.0,7288.0,22,9.094947017729282e-13,9.094947017729282e-13,False,"[25, 12, 21, 10, 26, 19, 22]",,
2025-02-03,6,Optimal,0.0008206028377743234,-1772.177066194977,0.3340668000164442,9.0,5.0,4329.0,4,2.2737367544323206e-12,0.0,False,"[28, 29, 27, 10, 31, 19, 8]",,
2025-02-03,12,Optimal,0.0006667415349738114,-557.4417972352694,1.0417326999886427,4.0,3.0,2128.0,13,1.1821654766208667e-12,0.0,False,"[31, 18, 23, 16, 26, 27, 14]",,
2025-02-03,18,Optimal,0.0,22.6437599629597,0.1310345999954734,1.0,1.0,757.0,6,6.821210263296962e-13,1.5587531265737198e-13,False,"[30, 22, 10, 27, 18, 12, 16]",,
2025-02-04,0,Optimal,0.00043337336260653955,61817.74098598891,0.27004390000365674,17.0,7.0,7649.0,22,1.0231815394945443e-12,6.821210263296962e-13,False,"[32, 17, 27, 28, 23, 19, 22]",,
2025-02-04,6,Optimal,0.0005799966104415932,-1931.9744090823392,1.2472715000039898,10.0,6.0,4582.0,14,2.3234747459355276e-12,0.0,False,"[28, 32, 30, 13, 31, 19, 8]",,
2025-02-04,12,Optimal,0.0005071497000365779,-366.85686944057335,0.47902450000401586,4.0,3.0,2128.0,11,9.094947017729282e-13,0.0,False,"[31, 33, 30, 11, 26, 27, 14]",,
2025-02-04,18,Optimal,0.0002381399332418055,422.0802853605454,0.13384080000105314,1.0,1.0,757.0,5,9.208633855450898e-12,5.062616992290714e-14,False,"[32, 20, 29, 23, 18, 12, 16]",,
2025-02-05,0,Optimal,0.0007551965394610181,59173.64116455047,0.4748370999877807,17.0,7.0,7649.0,21,3.524291969370097e-12,2.220446049250313e-16,False,"[33, 9, 11, 13, 30, 29, 22]",,
2025-02-05,6,Optimal,0.0,934.141485011673,2.449746199999936,10.0,6.0,4582.0,22,2.6147972675971687e-12,2.2737367544323206e-13,False,"[28, 32, 30, 27, 14, 18, 8]",,
2025-02-05,12,Optimal,0.0006773470547949144,-994.1772377911958,0.1321270999906119,4.0,3.0,2128.0,2,9.094947017729282e-13,0.0,False,"[31, 18, 34, 11, 21, 10, 14]",,
2025-02-05,18,Optimal,0.0,-81.21101679998779,0.11073230000329204,1.0,1.0,757.0,4,1.2505552149377763e-12,1.1102230246251565e-15,False,"[34, 28, 25, 24, 23, 8, 16]",,
2025-02-06,0,Optimal,0.0005126314107289382,62187.2612086415,0.4747862000076566,16.0,7.0,7288.0,17,7.275957614183426e-12,2.842170943040401e-14,False,"[33, 9, 20, 16, 24, 8, 18]",,
2025-02-06,6,Optimal,0.0007481935301426484,-2434.6844936930147,0.1806839999917429,10.0,6.0,4582.0,5,1.1368683772161603e-12,2.2737367544323206e-13,False,"[35, 34, 33, 20, 10, 31, 22]",,
2025-02-06,12,Optimal,6.422685921887548e-05,-930.7506114507356,0.11052960000233725,4.0,3.0,2128.0,1,9.094947017729282e-13,0.0,False,"[31, 33, 23, 19, 16, 22, 15]",,
2025-02-06,18,Optimal,0.0,322.48631091004677,0.17702430000645109,1.0,1.0,757.0,4,7.958078640513122e-13,0.0,False,"[34, 28, 19, 15, 9, 26, 16]",,
2025-02-07,0,Optimal,0.000998276283179647,24367.50974859092,0.2936969999864232,18.0,7.0,8010.0,14,1.0913936421275139e-11,6.835421118012164e-12,False,"[34, 31, 12, 21, 10, 26, 18]",,
2025-02-07,6,Optimal,0.0,-1470.2353030771258,0.3080668000038713,9.0,5.0,4329.0,4,9.094947017729282e-13,0.0,False,"[35, 34, 30, 26, 13, 31, 23]",,
2025-02-07,12,Optimal,0.0008749783805574124,-947.9049764685212,0.08773120000842027,4.0,3.0,2128.0,2,2.1600499167107046e-12,0.0,False,"[31, 33, 23, 34, 28, 26, 15]",,
2025-02-07,18,Optimal,1.7728086417667923e-05,-266.99585023010366,0.085812299977988,1.0,1.0,757.0,10,7.958078640513122e-13,0.0,False,"[34, 33, 22, 29, 27, 18, 16]",,
2025-02-08,0,Optimal,0.0008979151975459631,20454.7645205589,0.9565142000210471,16.0,7.0,7288.0,576,1.865601007011719e-10,5.7127635955112055e-12,False,"[37, 25, 12, 21, 10, 26, 18]",,
2025-02-08,6,Optimal,2.853013032968362e-05,259.7210734248972,0.23489059999701567,11.0,7.0,4835.0,1,9.094947017729282e-13,0.0,False,"[28, 36, 32, 21, 13, 14, 23]",,
2025-02-08,12,Optimal,0.0,-307.6634779995352,0.6896700999932364,4.0,3.0,2128.0,5,2.0463630789890885e-12,1.8189894035458565e-12,False,"[31, 37, 33, 30, 11, 26, 15]",,
2025-02-08,18,Optimal,0.00024233869869848355,12.54967661074619,0.1231561999884434,1.0,1.0,757.0,5,5.684341886080801e-13,0.0,False,"[34, 33, 22, 29, 27, 18, 21]",,
2025-02-09,0,Optimal,0.0006413095619066349,59200.38202505534,0.455881900008535,16.0,7.0,7288.0,29,1.7053025658242404e-12,5.684341886080802e-14,False,"[37, 25, 12, 21, 28, 26, 18]",,
2025-02-09,6,Optimal,0.0005832776922804441,-834.5152374239864,0.3860712999885436,10.0,6.0,4582.0,9,2.7284841053187847e-12,1.1368683772161603e-13,False,"[11, 17, 32, 33, 27, 14, 23]",,
2025-02-09,12,Optimal,0.00014051987218834385,-388.65719165545016,0.49834250001003966,4.0,3.0,2128.0,6,9.094947017729282e-13,0.0,False,"[35, 13, 20, 36, 11, 22, 15]",,
2025-02-09,18,Optimal,0.0007128937016537543,-385.807155578022,0.15786320000188425,1.0,1.0,757.0,5,3.183231456205249e-12,0.0,False,"[34, 35, 20, 25, 24, 18, 16]",,
2025-02-10,0,Optimal,0.0004747250187392944,55325.18104832483,0.2886816000100225,18.0,7.0,8010.0,14,9.094947017729282e-13,0.0,False,"[37, 39, 35, 21, 28, 26, 18]",,
2025-02-10,6,Optimal,0.0003562011170831662,-2875.4008483110806,0.24148259998764843,10.0,6.0,4582.0,1,1.3642420526593924e-12,0.0,False,"[39, 35, 38, 21, 27, 14, 23]",,
2025-02-10,12,Optimal,0.0003599139384796577,1432.0245320528004,0.2975829000060912,4.0,3.0,2128.0,9,1.0444978215673473e-12,0.0,False,"[32, 37, 24, 30, 19, 21, 17]",,
2025-02-10,18,Optimal,0.0009532970645715228,-176.31988988751644,0.13160120000247844,1.0,1.0,757.0,7,7.958078640513122e-13,0.0,False,"[34, 35, 20, 19, 27, 18, 16]",,
2025-02-11,0,Optimal,0.00039192162287705787,56516.11052813966,0.3956766999908723,18.0,7.0,8010.0,16,3.637978807091713e-12,2.2737367544323206e-13,False,"[37, 32, 17, 21, 28, 26, 18]",,
2025-02-11,6,Optimal,0.0008301985726810852,-2761.99504291778,0.21352509999996983,10.0,6.0,4582.0,6,1.8189894035458565e-12,1.1368683772161603e-13,False,"[39, 36, 38, 33, 13, 31, 18]",,
2025-02-11,12,Optimal,0.0,-830.0777633858521,0.30605529999593273,4.0,3.0,2128.0,2,1.4779288903810084e-12,0.0,False,"[32, 37, 38, 33, 34, 21, 17]",,
2025-02-11,18,Optimal,0.00023283464589429222,-160.64437767059513,0.11726160001126118,1.0,1.0,757.0,6,7.958078640513122e-13,0.0,False,"[36, 35, 20, 40, 17, 23, 16]",,
2025-02-12,0,Optimal,0.0004978029947744723,56614.69587475977,0.290964099986013,17.0,7.0,7649.0,15,9.094947017729282e-13,2.2737367544323206e-13,False,"[37, 40, 31, 27, 28, 26, 18]",,
2025-02-12,6,Optimal,0.0,-2983.401910426383,0.039774399978341535,11.0,7.0,4835.0,0,9.094947017729282e-13,0.0,False,"[39, 36, 38, 33, 27, 41, 18]",,
2025-02-12,12,Optimal,0.00042463752039341874,-307.63734778869764,0.609027700003935,4.0,3.0,2128.0,12,2.0463630789890885e-12,2.8030910925735952e-12,False,"[31, 37, 38, 30, 34, 21, 17]",,
2025-02-12,18,Optimal,0.00043150425772012495,-193.1110302662612,0.1375947000051383,1.0,1.0,757.0,6,9.094947017729282e-13,3.5083047578154947e-14,False,"[34, 33, 39, 40, 41, 23, 21]",,
2025-02-13,0,Optimal,0.0008546351485804255,49047.87849494727,0.24777769998763688,18.0,7.0,8010.0,16,7.275957614183426e-12,4.547473508864641e-13,False,"[37, 41, 25, 20, 38, 23, 15]",,
2025-02-13,6,Optimal,0.0,-981.0266257755319,0.03811379999388009,11.0,7.0,4835.0,0,9.094947017729282e-13,0.0,False,"[39, 35, 38, 25, 16, 19, 23]",,
2025-02-13,12,Optimal,0.00024097520151497185,424.12601368653526,0.3025488000130281,4.0,3.0,2128.0,8,9.094947017729282e-13,2.2737367544323206e-13,False,"[32, 37, 25, 30, 41, 21, 17]",,
2025-02-13,18,Optimal,0.0,-43.68793474210763,0.6195135999878403,1.0,1.0,757.0,11,8.348877145181177e-13,0.0,False,"[36, 35, 20, 19, 42, 24, 26]",,
2025-02-14,0,Optimal,0.0006108454432697852,18250.440067134874,0.26296919997548684,18.0,7.0,8010.0,12,1.8189894035458565e-12,2.2737367544323206e-13,False,"[37, 41, 25, 20, 16, 30, 19]",,
2025-02-14,6,Optimal,0.0,617.6557622713921,0.02960400001029484,10.0,6.0,4582.0,0,8.881784197001252e-13,0.0,False,"[39, 35, 38, 26, 27, 19, 23]",,
2025-02-14,12,Optimal,3.362029807834029e-05,339.11555856251744,0.18966879998333752,4.0,3.0,2128.0,3,8.526512829121202e-13,0.0,False,"[32, 40, 25, 23, 19, 16, 22]",,
2025-02-14,18,Optimal,0.0006104829871704169,716.2626150718462,0.09758889998192899,1.0,1.0,757.0,7,8.526512829121202e-13,3.108624468950438e-14,False,"[36, 35, 22, 19, 42, 24, 21]",,
2025-02-15,0,Optimal,0.0005300520809083105,18737.82752106706,1.321241400000872,18.0,7.0,8010.0,648,1.4210854715202004e-10,2.675193400136777e-12,False,"[37, 41, 25, 20, 38, 30, 19]",,
2025-02-15,6,Optimal,0.0005684459576287233,-697.0668784781195,0.2602669000043534,10.0,6.0,4582.0,5,9.094947017729282e-13,0.0,False,"[39, 35, 38, 26, 27, 19, 23]",,
2025-02-15,12,Optimal,0.0008647802146225486,458.7605061651265,0.24507649999577552,4.0,3.0,2128.0,5,8.526512829121202e-13,1.2878587085651816e-14,False,"[32, 40, 25, 23, 19, 28, 22]",,
2025-02-15,18,Optimal,0.0008794362384474044,439.09318242723646,0.12718380001024343,1.0,1.0,757.0,8,3.410605131648481e-13,0.0,False,"[36, 35, 20, 19, 29, 27, 43]",,
2025-02-16,0,Optimal,0.0005789342946781111,53852.45355853187,0.592722799978219,18.0,7.0,8010.0,21,4.661160346586257e-12,1.1368683772161603e-13,False,"[37, 41, 25, 43, 38, 30, 19]",,
2025-02-16,6,Optimal,4.716588231494656e-05,-2227.106172631934,0.6357640000060201,10.0,6.0,4582.0,4,1.4148682225822995e-12,0.0,False,"[39, 29, 30, 26, 42, 43, 22]",,
2025-02-16,12,Optimal,0.0009021481508681482,-927.0095830644377,0.14508980000391603,4.0,3.0,2128.0,2,9.094947017729282e-13,0.0,False,"[32, 37, 38, 33, 36, 21, 26]",,
2025-02-16,18,Optimal,0.00016385524338528488,1169.1349158346045,0.20334630002616905,1.0,1.0,757.0,9,9.094947017729282e-13,0.0,False,"[36, 35, 22, 37, 29, 24, 21]",,
2025-02-17,0,Optimal,0.0006580163247763827,53127.14064571583,0.26111560000572354,18.0,7.0,8010.0,18,9.663381206337363e-13,2.2737367544323206e-13,False,"[37, 41, 25, 20, 21, 24, 29]",,
2025-02-17,6,Optimal,0.0006520600010461313,-2424.1150956342667,0.6031861999945249,10.0,6.0,4582.0,5,1.1368683772161603e-12,0.0,False,"[39, 36, 38, 20, 42, 19, 22]",,
2025-02-17,12,Optimal,0.0,-670.2614120487196,0.15803620000951923,4.0,3.0,2128.0,3,9.094947017729282e-13,1.6628055085495042e-14,False,"[32, 40, 25, 23, 19, 21, 45]",,
2025-02-17,18,Optimal,0.0,584.5883277254776,0.07864459999836981,1.0,1.0,757.0,3,3.410605131648481e-13,0.0,False,"[36, 35, 20, 37, 29, 27, 21]",,
2025-02-18,0,Optimal,0.000671958924545467,47576.071321265605,0.25330629997188225,18.0,7.0,8010.0,14,9.094947017729282e-13,2.2737367544323206e-13,False,"[37, 42, 39, 35, 27, 44, 26]",,
2025-02-18,6,Optimal,0.0006921873355788294,2344.142035894551,0.512641999986954,11.0,7.0,4835.0,9,4.433786671143025e-12,0.0,False,"[28, 29, 30, 26, 42, 43, 46]",,
2025-02-18,12,Optimal,8.913653233890345e-05,-243.10970022039763,0.9678193000145257,4.0,3.0,2128.0,12,3.865352482534945e-12,1.1368683772161603e-13,False,"[39, 40, 25, 23, 34, 27, 45]",,
2025-02-18,18,Optimal,0.0,182.937242232799,0.12373839999781922,1.0,1.0,757.0,4,6.821210263296962e-13,0.0,False,"[36, 30, 22, 44, 46, 23, 21]",,
2025-02-19,0,Optimal,0.0007007762224805195,47476.68261698417,0.4114155999850482,18.0,7.0,8010.0,18,9.094947017729282e-13,1.1368683772161603e-13,False,"[37, 42, 39, 35, 21, 24, 29]",,
2025-02-19,6,Optimal,0.0,828.7700145401444,2.6456504999950994,11.0,7.0,4835.0,10,9.094947017729282e-13,2.0463630789890885e-12,False,"[39, 29, 30, 33, 42, 43, 22]",,
2025-02-19,12,Optimal,0.0,2707.6962914397704,0.4440974000026472,4.0,3.0,2128.0,9,8.979483823168266e-13,0.0,False,"[39, 40, 25, 44, 28, 27, 45]",,
2025-02-19,18,Optimal,0.0,-47.486848107439315,0.11679079997702502,1.0,1.0,757.0,5,7.958078640513122e-13,8.526512829121202e-14,False,"[34, 33, 22, 37, 29, 24, 21]",,
2025-02-20,0,Optimal,0.0006769136059100997,49117.58284161695,0.25296819998766296,17.0,7.0,7649.0,20,2.7284841053187847e-12,4.547473508864641e-13,False,"[37, 42, 39, 35, 38, 30, 48]",,
2025-02-20,6,Optimal,0.000914475743629259,1090.5355644638757,0.3391795000061393,10.0,6.0,4582.0,2,9.094947017729282e-13,0.0,False,"[28, 29, 30, 33, 44, 40, 46]",,
2025-02-20,12,Optimal,1.420992545385435e-05,-393.7753076950504,1.0407410000043456,4.0,3.0,2128.0,8,5.305385760342081e-12,0.0,False,"[39, 40, 25, 44, 28, 27, 45]",,
2025-02-20,18,Optimal,1.0802412550076233e-05,325.5606648283664,0.12628310002037324,1.0,1.0,757.0,6,1.7053025658242404e-12,0.0,False,"[34, 33, 22, 37, 29, 24, 45]",,
2025-02-21,0,Optimal,0.0008450851226761527,17246.882762689234,1.0814776000042912,18.0,7.0,8010.0,648,4.661160346586257e-12,2.220446049250313e-16,False,"[37, 42, 39, 35, 27, 24, 29]",,
2025-02-21,6,Optimal,0.0,448.6266331776568,0.06037950000609271,11.0,7.0,4835.0,0,9.094947017729282e-13,0.0,False,"[28, 29, 30, 27, 42, 43, 46]",,
2025-02-21,12,Optimal,0.0006660294186406989,258.3514604026185,0.41265269997529685,4.0,3.0,2128.0,6,9.094947017729282e-13,0.0,False,"[32, 40, 25, 30, 50, 27, 45]",,
2025-02-21,18,Optimal,9.435944867506997e-05,-180.39741307726646,0.30447810000623576,1.0,1.0,757.0,10,3.979039320256561e-13,2.5263741715914674e-13,False,"[34, 33, 28, 42, 41, 50, 45]",,
2025-02-22,0,Optimal,0.0009007631102004995,18065.67711699642,0.24554170001647435,17.0,7.0,7649.0,9,1.8189894035458565e-12,2.2737367544323206e-13,False,"[37, 42, 39, 35, 27, 44, 29]",,
2025-02-22,6,Optimal,0.0,141.88608813046628,0.03372179999132641,11.0,7.0,4835.0,0,8.846257060213247e-13,0.0,False,"[28, 51, 38, 26, 42, 47, 45]",,
2025-02-22,12,Optimal,0.0,-305.8940346503599,0.12267300000530668,4.0,3.0,2128.0,2,9.094947017729282e-13,0.0,False,"[39, 40, 25, 44, 28, 27, 45]",,
2025-02-22,18,Optimal,0.0,38.39135760368019,0.10094709999975748,1.0,1.0,757.0,3,4.547473508864641e-13,0.0,False,"[34, 33, 28, 42, 46, 26, 45]",,
2025-02-23,0,Optimal,0.000760737578663883,48832.042582697926,0.2466751000029035,18.0,7.0,8010.0,18,5.002220859751105e-12,1.1368683772161603e-13,False,"[37, 42, 39, 35, 27, 28, 29]",,
2025-02-23,6,Optimal,1.628970391575897e-16,2791.624410352437,0.20443839998915792,9.0,5.0,4329.0,4,1.1368683772161603e-12,0.0,False,"[28, 51, 30, 27, 42, 47, 45]",,
2025-02-23,12,Optimal,0.0003320032983364512,-1059.1478014667866,0.25586229999316856,4.0,3.0,2128.0,4,9.094947017729282e-13,2.220446049250313e-16,False,"[39, 29, 43, 44, 50, 27, 45]",,
2025-02-23,18,Optimal,0.0003908781513048615,-415.7116141219006,0.09356580002349801,1.0,1.0,757.0,9,3.183231456205249e-12,3.774758283725532e-15,False,"[34, 33, 28, 40, 29, 26, 43]",,
2025-02-24,0,Optimal,0.000649662730183876,47583.729183280295,0.6886564000160433,18.0,7.0,8010.0,20,2.8990143619012088e-12,4.440892098500626e-16,False,"[37, 42, 39, 50, 53, 28, 29]",,
2025-02-24,6,Optimal,4.12684928532701e-05,1721.0274636583435,0.28139160000137053,10.0,6.0,4582.0,3,9.094947017729282e-13,0.0,False,"[28, 29, 53, 27, 48, 47, 45]",,
2025-02-24,12,Optimal,0.0007937216667708518,-943.458552109005,0.14014560001669452,4.0,3.0,2128.0,1,8.952838470577262e-13,0.0,False,"[39, 37, 30, 34, 28, 27, 45]",,
2025-02-24,18,Optimal,0.0,167.78670944377325,0.11740740001550876,1.0,1.0,757.0,5,8.881784197001252e-13,0.0,False,"[31, 33, 28, 44, 46, 47, 45]",,
2025-02-25,0,Optimal,0.0008526294254802127,48897.139719552535,1.2153909000044223,18.0,7.0,8010.0,648,2.1458390619955026e-12,2.220446049250313e-16,False,"[37, 42, 39, 50, 53, 38, 29]",,
2025-02-25,6,Optimal,0.0,186.10322679247463,0.9750827999960165,10.0,6.0,4582.0,5,1.1368683772161603e-12,0.0,False,"[28, 29, 53, 27, 42, 47, 45]",,
2025-02-25,12,Optimal,7.009968033302651e-05,-1450.3318349906656,0.10566190001554787,4.0,3.0,2128.0,1,9.094947017729282e-13,0.0,False,"[32, 37, 30, 41, 28, 27, 45]",,
2025-02-25,18,Optimal,0.0,-278.5826714762735,0.39833279998856597,1.0,1.0,757.0,8,7.958078640513122e-13,0.0,False,"[34, 33, 28, 40, 29, 47, 53]",,
2025-02-26,0,Optimal,0.0004679726491169884,44399.251446509625,0.4499204000167083,17.0,7.0,7649.0,19,1.8189894035458565e-12,4.440892098500626e-16,False,"[37, 42, 32, 35, 53, 38, 29]",,
2025-02-26,6,Optimal,0.0004070061226822609,3213.0417930582034,0.9010205999948084,9.0,5.0,4329.0,6,1.8189894035458565e-12,0.0,False,"[28, 51, 53, 54, 42, 47, 45]",,
2025-02-26,12,Optimal,0.0,503.2221790069652,1.5133725999912713,4.0,3.0,2128.0,12,1.0231815394945443e-11,1.3642420526593924e-12,False,"[32, 37, 30, 41, 28, 55, 45]",,
2025-02-26,18,Optimal,0.0008182018428939671,-294.61282261205923,0.09293260000413284,1.0,1.0,757.0,4,7.318590178329032e-13,0.0,False,"[34, 33, 28, 44, 54, 47, 45]",,
2025-02-27,0,Optimal,0.0005781707360859188,44701.046245676196,1.3735956999880727,17.0,7.0,7649.0,612,2.6005864128819667e-12,1.8189894035458565e-12,False,"[37, 42, 32, 35, 53, 38, 48]",,
2025-02-27,6,Optimal,0.0,1616.2353646563467,1.2275759000040125,10.0,6.0,4582.0,11,1.0231815394945443e-12,1.0231815394945443e-12,False,"[55, 29, 53, 33, 48, 31, 45]",,
2025-02-27,12,Optimal,0.0,183.98963145898392,0.09758739999961108,4.0,3.0,2128.0,5,9.094947017729282e-13,1.051828632145197e-13,False,"[32, 37, 30, 56, 49, 51, 47]",,
2025-02-27,18,Optimal,0.0005020297481152771,-47.75034330572548,0.1029901999863796,1.0,1.0,757.0,4,6.821210263296962e-13,6.106226635438361e-14,False,"[34, 33, 39, 40, 29, 51, 55]",,
2025-02-28,0,Optimal,0.0008930569937371768,16301.71814033386,0.25530959997558966,17.0,7.0,7649.0,8,9.094947017729282e-13,0.0,False,"[37, 42, 32, 35, 53, 38, 48]",,
2025-02-28,6,Optimal,0.0,929.8287476547478,0.4825855999952182,9.0,5.0,4329.0,6,9.094947017729282e-13,0.0,False,"[55, 51, 30, 52, 44, 56, 46]",,
2025-02-28,12,Optimal,0.00025275628895738144,396.16082291495474,0.15993689998867922,4.0,3.0,2128.0,4,9.094947017729282e-13,3.3306690738754696e-14,False,"[39, 40, 36, 34, 49, 53, 45]",,
2025-02-28,18,Optimal,0.0,13.607799507631555,0.15493449999485165,1.0,1.0,757.0,5,7.958078640513122e-13,0.0,False,"[34, 33, 39, 40, 46, 47, 45]",,
2025-03-01,0,Optimal,0.00040363628365738,19383.346500537144,1.1173672000004444,17.0,7.0,7649.0,612,3.637978807091713e-12,2.220446049250313e-16,False,"[37, 42, 32, 35, 53, 38, 48]",,
2025-03-01,6,Optimal,0.0,-946.4917111339141,0.2490045000158716,10.0,6.0,4582.0,7,9.094947017729282e-13,0.0,False,"[39, 34, 54, 41, 48, 43, 45]",,
2025-03-01,12,Optimal,1.2116592460165997e-05,-417.7370416602188,0.10239949999959208,4.0,3.0,2128.0,3,8.72191208145523e-13,0.0,False,"[31, 38, 36, 41, 42, 58, 47]",,
2025-03-01,18,Optimal,0.0,84.72336398644072,0.0684200000250712,1.0,1.0,757.0,1,4.547473508864641e-13,0.0,False,"[34, 33, 37, 42, 50, 51, 55]",,
2025-03-02,0,Optimal,0.0006647434833195799,51415.06161806981,0.4286611000134144,18.0,7.0,8010.0,20,2.1032064978498966e-12,0.0,False,"[37, 33, 55, 35, 53, 38, 48]",,
2025-03-02,6,Optimal,0.0,298.13225253198067,0.9730314000044018,10.0,6.0,4582.0,12,8.846257060213247e-13,1.1368683772161603e-13,False,"[39, 34, 54, 41, 48, 40, 59]",,
2025-03-02,12,Optimal,0.0005111620721641745,-1095.244678298378,0.702142800000729,4.0,3.0,2128.0,8,2.1600499167107046e-12,6.597117771996292e-13,False,"[35, 38, 34, 42, 59, 58, 47]",,
2025-03-02,18,Optimal,0.000241223073416758,682.1182636467589,0.08323640000890009,1.0,1.0,757.0,3,6.821210263296962e-13,0.0,False,"[34, 56, 37, 44, 50, 58, 45]",,
2025-03-03,0,Optimal,0.00045991460067349577,52795.433731258825,0.4624859000032302,18.0,7.0,8010.0,21,1.5063505998114124e-12,1.1368683772161603e-13,False,"[37, 33, 55, 60, 53, 38, 48]",,
2025-03-03,6,Optimal,0.00012517890880703523,-1353.5212403275737,0.18510400000377558,10.0,6.0,4582.0,2,1.1368683772161603e-12,1.0231815394945443e-12,False,"[39, 34, 33, 41, 44, 40, 59]",,
2025-03-03,12,Optimal,0.0007721566601653134,-41.823402124852166,0.2387843000178691,4.0,3.0,2128.0,10,8.668621376273222e-13,0.0,False,"[37, 33, 41, 42, 59, 57, 45]",,
2025-03-03,18,Optimal,0.0,442.98694095642304,0.08590469998307526,1.0,1.0,757.0,3,7.958078640513122e-13,0.0,False,"[34, 56, 41, 54, 50, 58, 45]",,
2025-03-04,0,Optimal,0.0008789831154253968,46809.49157756613,0.41259100000024773,17.0,7.0,7649.0,19,1.8189894035458565e-12,2.220446049250313e-16,False,"[37, 42, 39, 60, 53, 38, 48]",,
2025-03-04,6,Optimal,2.233782064940102e-06,2242.0227093002977,0.50985450000735,10.0,6.0,4582.0,13,9.094947017729282e-13,1.1368683772161603e-13,False,"[55, 51, 60, 58, 48, 57, 45]",,
2025-03-04,12,Optimal,0.0004889495863269626,-454.077427269567,0.42668109998339787,4.0,3.0,2128.0,6,9.094947017729282e-13,0.0,False,"[37, 34, 41, 42, 59, 60, 47]",,
2025-03-04,18,Optimal,0.0005698451818737996,216.96635253988634,0.08926379997865297,1.0,1.0,757.0,2,8.810729923425242e-13,0.0,False,"[34, 37, 42, 46, 51, 59, 55]",,
2025-03-05,0,Optimal,0.000600371833785492,48194.714303970126,0.4697112000139896,18.0,7.0,8010.0,17,8.412825991399586e-12,2.220446049250313e-16,False,"[37, 41, 61, 50, 54, 44, 48]",,
2025-03-05,6,Optimal,0.0005093709316502208,-666.5356952629087,0.2158134000201244,11.0,7.0,4835.0,1,9.094947017729282e-13,0.0,False,"[55, 38, 60, 42, 62, 57, 45]",,
2025-03-05,12,Optimal,0.00032810187422507256,-944.2489566133038,0.22427400000742637,4.0,3.0,2128.0,3,9.094947017729282e-13,0.0,False,"[37, 43, 56, 59, 55, 57, 47]",,
2025-03-05,18,Optimal,0.0,2.541085144730621,0.09247850000974722,1.0,1.0,757.0,5,1.4779288903810084e-12,2.930988785010413e-14,False,"[36, 37, 52, 57, 43, 62, 45]",,
2025-03-06,0,Optimal,0.0006746914194162725,44579.99580233791,0.27981149998959154,18.0,7.0,8010.0,15,1.8189894035458565e-12,2.2737367544323206e-13,False,"[37, 41, 39, 50, 54, 44, 48]",,
2025-03-06,6,Optimal,0.0009722516557141954,1195.1977209398342,0.5168075000110548,11.0,7.0,4835.0,8,9.094947017729282e-13,1.0437215911607401e-13,False,"[55, 53, 63, 42, 48, 56, 45]",,
2025-03-06,12,Optimal,0.0,-152.57425392948207,0.1616103000123985,4.0,3.0,2128.0,3,2.7284841053187847e-12,5.240252676230739e-13,False,"[37, 43, 42, 54, 60, 57, 46]",,
2025-03-06,18,Optimal,0.0,246.71386222706144,0.09695060001104139,1.0,1.0,757.0,2,7.958078640513122e-13,1.4210854715202004e-14,False,"[56, 37, 44, 57, 47, 59, 45]",,
2025-03-07,0,Optimal,0.0007019651556856849,17795.20866293773,0.23600360000273213,18.0,7.0,8010.0,8,9.094947017729282e-13,2.2737367544323206e-13,False,"[59, 40, 61, 43, 51, 44, 48]",,
2025-03-07,6,Optimal,0.0,-1097.8119581265003,0.030573299998650327,10.0,6.0,4582.0,0,8.881784197001252e-13,0.0,False,"[39, 53, 63, 47, 64, 57, 59]",,
2025-03-07,12,Optimal,0.0,-317.6746553787682,0.2245417000085581,4.0,3.0,2128.0,8,9.094947017729282e-13,5.684341886080802e-14,False,"[40, 41, 52, 64, 61, 48, 46]",,
2025-03-07,18,Optimal,7.697930261292056e-07,-147.77035442533042,0.08619860000908375,1.0,1.0,757.0,5,7.958078640513122e-13,0.0,False,"[56, 41, 44, 50, 47, 59, 45]",,
2025-03-08,0,Optimal,0.000426222454202303,15831.34794510912,0.28180080000311136,18.0,7.0,8010.0,6,9.094947017729282e-13,2.2737367544323206e-13,False,"[47, 55, 61, 43, 51, 44, 48]",,
2025-03-08,6,Optimal,0.0,-151.58762242667046,0.032770799996796995,11.0,7.0,4835.0,0,9.094947017729282e-13,0.0,False,"[51, 53, 50, 48, 43, 56, 59]",,
2025-03-08,12,Optimal,4.308547376791552e-05,330.33990666341174,0.43367629998829216,4.0,3.0,2128.0,10,8.242295734817162e-13,0.0,False,"[38, 44, 50, 51, 57, 53, 47]",,
2025-03-08,18,Optimal,0.0,-21.60144995562256,0.08334880002075806,1.0,1.0,757.0,4,7.958078640513122e-13,6.661338147750939e-14,False,"[56, 52, 54, 50, 60, 59, 45]",,
2025-03-09,0,Optimal,0.0003390579854161703,45613.91934185808,0.26094890001695603,18.0,7.0,8010.0,13,3.410605131648481e-12,4.547473508864641e-13,False,"[47, 55, 61, 43, 51, 57, 48]",,
2025-03-09,6,Optimal,0.0005760003076611169,-1241.259909824464,0.1429665999894496,11.0,7.0,4835.0,1,9.094947017729282e-13,0.0,False,"[51, 63, 42, 62, 43, 66, 45]",,
2025-03-09,12,Optimal,0.0,2529.5877303911284,0.5031924999784678,4.0,3.0,2128.0,8,9.094947017729282e-13,0.0,False,"[41, 66, 50, 54, 58, 53, 45]",,
2025-03-09,18,Optimal,0.0,-80.70366563966496,0.1142622999905143,1.0,1.0,757.0,6,7.958078640513122e-12,1.4921397450962104e-13,False,"[56, 52, 54, 50, 60, 59, 45]",,
2025-03-10,0,Optimal,0.0004261200626126917,43881.35610219537,0.25575869999011047,18.0,7.0,8010.0,16,9.094947017729282e-13,2.2737367544323206e-13,False,"[47, 55, 67, 43, 51, 57, 48]",,
2025-03-10,6,Optimal,0.0009054910983120126,2371.161655369002,1.2942743999883533,10.0,6.0,4582.0,15,8.810729923425242e-13,2.4868995751603507e-14,False,"[51, 53, 42, 48, 43, 66, 49]",,
2025-03-10,12,Optimal,0.0,555.7297762336559,0.6003714999824297,4.0,3.0,2128.0,18,1.6484591469634324e-12,2.220446049250313e-16,False,"[43, 56, 67, 49, 57, 53, 45]",,
2025-03-10,18,Optimal,0.0,11.984052266635041,0.1173333999759052,1.0,1.0,757.0,5,7.318590178329032e-13,1.8131632922202282e-17,False,"[40, 44, 65, 51, 62, 59, 45]",,
2025-03-11,0,Optimal,0.0008885190721791211,38948.12588475875,1.2520178999984637,17.0,7.0,7649.0,612,9.094947017729282e-12,7.904849108834915e-14,False,"[47, 65, 46, 45, 52, 62, 49]",,
2025-03-11,6,Optimal,0.0,8595.314946460832,0.26132930000312626,10.0,6.0,4582.0,3,9.094947017729282e-13,0.0,False,"[51, 63, 58, 48, 56, 61, 45]",,
2025-03-11,12,Optimal,1.5039192986694424e-05,-778.2450266047218,1.9785733000026084,4.0,3.0,2128.0,9,3.94626413061094e-12,1.6370904631912707e-12,False,"[44, 66, 50, 49, 58, 53, 45]",,
2025-03-11,18,Optimal,0.0005027088660377708,184.31399504368838,0.08962839999003336,1.0,1.0,757.0,7,7.958078640513122e-13,0.0,False,"[42, 66, 57, 50, 47, 53, 45]",,
2025-03-12,0,Optimal,0.0005511272129733653,45970.173801680394,0.4992787000082899,17.0,7.0,7649.0,23,1.7053025658242404e-12,2.220446049250313e-16,False,"[47, 63, 60, 53, 64, 58, 56]",,
2025-03-12,6,Optimal,0.00011408742678933683,-2402.786141356163,0.164164299989352,11.0,7.0,4835.0,1,9.094947017729282e-13,0.0,False,"[51, 52, 58, 48, 56, 61, 45]",,
2025-03-12,12,Optimal,0.0007127420644747626,1085.751315177764,0.11019609999493696,4.0,3.0,2128.0,4,9.094947017729282e-13,0.0,False,"[44, 66, 50, 49, 57, 48, 45]",,
2025-03-12,18,Optimal,0.0,150.08242514235712,0.09963739998056553,1.0,1.0,757.0,5,8.242295734817162e-13,4.5477510646207975e-14,False,"[69, 66, 67, 50, 47, 59, 45]",,
2025-03-13,0,Optimal,0.0009608648806251513,46125.25801920238,0.4596237000077963,17.0,7.0,7649.0,24,2.7284841053187847e-12,2.220446049250313e-16,False,"[47, 61, 60, 53, 64, 58, 56]",,
2025-03-13,6,Optimal,0.00014168371717296813,1714.21493074182,1.9681153999990784,11.0,7.0,4835.0,12,1.2505552149377763e-12,0.0,False,"[51, 52, 58, 48, 56, 59, 70]",,
2025-03-13,12,Optimal,0.0,-103.12607940581218,1.2075588000006974,4.0,3.0,2128.0,19,9.094947017729282e-13,0.0,False,"[44, 52, 64, 51, 70, 48, 45]",,
2025-03-13,18,Optimal,0.0002305743545918199,-109.15105337591667,0.09300679998705164,1.0,1.0,757.0,7,8.242295734817162e-13,0.0,False,"[69, 54, 43, 68, 58, 59, 45]",,
2025-03-14,0,Optimal,0.0005564385340253007,15540.1925771391,0.20728719999897294,17.0,7.0,7649.0,6,9.094947017729282e-13,1.1368683772161603e-13,False,"[47, 61, 60, 54, 44, 58, 56]",,
2025-03-14,6,Optimal,0.0,550.2273773650404,0.031584100011968985,11.0,7.0,4835.0,0,9.094947017729282e-13,0.0,False,"[51, 52, 58, 48, 56, 68, 70]",,
2025-03-14,12,Optimal,0.0002378508582859216,-125.85392982348209,0.09890069998800755,4.0,3.0,2128.0,1,8.242295734817162e-13,0.0,False,"[56, 66, 64, 51, 70, 48, 45]",,
2025-03-14,18,Optimal,0.0,160.54710858243217,0.1988675000029616,1.0,1.0,757.0,9,9.094947017729282e-13,1.4210854715202004e-14,False,"[69, 66, 57, 68, 58, 61, 71]",,
2025-03-15,0,Optimal,0.0005591358330307133,15462.659625808734,0.23811859998386353,17.0,7.0,7649.0,6,9.094947017729282e-13,2.2737367544323206e-13,False,"[47, 61, 60, 54, 57, 66, 56]",,
2025-03-15,6,Optimal,0.0,869.2061141213157,0.4496301999897696,11.0,7.0,4835.0,2,2.3874235921539366e-12,1.8189894035458565e-12,False,"[51, 52, 58, 71, 57, 72, 49]",,
2025-03-15,12,Optimal,0.00014352400600533175,-14.326644243682125,0.16292750000138767,4.0,3.0,2128.0,4,1.1084466677857563e-12,0.0,False,"[59, 66, 64, 51, 70, 62, 46]",,
2025-03-15,18,Optimal,0.0,-108.02173777664194,0.10886939999181777,1.0,1.0,757.0,7,8.526512829121202e-13,0.0,False,"[69, 72, 57, 68, 58, 63, 71]",,
2025-03-16,0,Optimal,0.0003427531649593296,44319.14136290159,0.2682105000130832,18.0,7.0,8010.0,13,9.094947017729282e-13,2.2737367544323206e-13,False,"[47, 61, 60, 51, 57, 66, 56]",,
2025-03-16,6,Optimal,0.0003473279990196465,2068.4372523482066,1.8731130999804009,11.0,7.0,4835.0,13,1.3855583347321954e-12,0.0,False,"[55, 53, 69, 71, 56, 59, 49]",,
2025-03-16,12,Optimal,0.0005367641456947843,-528.5585140610518,0.714860799984308,4.0,3.0,2128.0,8,9.098894477372395e-13,0.0,False,"[73, 52, 50, 51, 70, 53, 46]",,
2025-03-16,18,Optimal,0.0001269499423291239,144.12123903013668,0.1381913000077475,1.0,1.0,757.0,6,9.094947017729282e-13,0.0,False,"[69, 72, 57, 68, 58, 63, 49]",,
2025-03-17,0,Optimal,0.0003763055320256401,40459.89503477532,0.2338136000034865,17.0,7.0,7649.0,12,9.094947017729282e-13,2.2737367544323206e-13,False,"[47, 61, 50, 52, 57, 66, 56]",,
2025-03-17,6,Optimal,5.061073387332421e-06,-1536.4888834706976,0.19628360000206158,10.0,6.0,4582.0,1,9.094947017729282e-13,0.0,False,"[55, 53, 50, 62, 56, 66, 49]",,
2025-03-17,12,Optimal,0.0002356158142710625,1720.7740147715351,0.5490249000140466,4.0,3.0,2128.0,7,9.094947017729282e-13,0.0,False,"[73, 52, 71, 68, 55, 53, 47]",,
2025-03-17,18,Optimal,0.0,16.432491940150314,0.18910370001685806,1.0,1.0,757.0,6,2.021099337273174e-12,5.861977570020827e-14,False,"[69, 54, 67, 68, 58, 61, 49]",,
2025-03-18,0,Optimal,0.000521262434290433,46329.35870756162,0.25058560000616126,18.0,7.0,8010.0,16,5.4001247917767614e-12,3.637978807091713e-12,False,"[55, 67, 75, 52, 57, 66, 56]",,
2025-03-18,6,Optimal,0.0,-70.75354947385893,0.8349718000099529,11.0,7.0,4835.0,10,1.0231815394945443e-12,0.0,False,"[55, 53, 50, 71, 56, 59, 70]",,
2025-03-18,12,Optimal,2.9507991359949873e-06,-482.87600963792454,0.187798799976008,4.0,3.0,2128.0,3,8.952838470577262e-13,0.0,False,"[73, 52, 71, 54, 51, 57, 65]",,
2025-03-18,18,Optimal,0.0,-13.34557919831491,0.1278265000146348,1.0,1.0,757.0,7,8.526512829121202e-13,0.0,False,"[75, 54, 67, 68, 60, 63, 49]",,
2025-03-19,0,Optimal,0.0005799481899418093,38655.870735284334,1.3264097000064794,17.0,7.0,7649.0,612,1.4074430509936064e-10,1.7684619201140271e-12,False,"[76, 61, 50, 51, 73, 58, 56]",,
2025-03-19,6,Optimal,0.0008406283471461655,6125.086996424764,1.8308862000121735,10.0,6.0,4582.0,8,9.094947017729282e-13,2.2737367544323206e-13,False,"[74, 54, 50, 71, 56, 59, 70]",,
2025-03-19,12,Optimal,0.0005827355803537342,-586.1938500072495,0.5034562000073493,4.0,3.0,2128.0,9,1.8189894035458565e-12,0.0,False,"[73, 52, 71, 76, 49, 70, 65]",,
2025-03-19,18,Optimal,0.0,-244.95675487499634,0.11730049998732284,1.0,1.0,757.0,8,1.9326762412674725e-12,5.3290705182007514e-14,False,"[75, 74, 67, 68, 60, 63, 49]",,
2025-03-20,0,Optimal,0.0005013996093075602,43069.31177069984,0.2613498000137042,18.0,7.0,8010.0,12,9.094947017729282e-13,2.2737367544323206e-13,False,"[76, 61, 50, 51, 73, 58, 68]",,
2025-03-20,6,Optimal,0.0002373208123483305,-2101.3450768819202,0.19744690001243725,11.0,7.0,4835.0,2,8.597567102697212e-13,0.0,False,"[74, 54, 77, 58, 56, 66, 67]",,
2025-03-20,12,Optimal,0.000853155560962768,1365.5216445118047,0.281741900020279,4.0,3.0,2128.0,13,8.881784197001252e-13,6.750155989720952e-14,False,"[56, 72, 75, 64, 68, 70, 65]",,
2025-03-20,18,Optimal,0.0009886365469047968,50.740629681925014,0.22077850002096966,1.0,1.0,757.0,10,2.399969112332201e-12,8.43769498715119e-14,False,"[77, 66, 67, 68, 60, 63, 71]",,
2025-03-21,0,Optimal,0.0002885694161934915,14966.569052205015,1.0967281999764964,18.0,7.0,8010.0,648,2.6147972675971687e-12,6.821210263296962e-13,False,"[76, 61, 75, 51, 73, 58, 68]",,
2025-03-21,6,Optimal,0.0,-773.8448716655968,0.33107939999899827,10.0,6.0,4582.0,3,1.1368683772161603e-12,0.0,False,"[74, 54, 77, 71, 56, 59, 75]",,
2025-03-21,12,Optimal,0.0004647139388179406,251.9207175359565,0.47755029998370446,4.0,3.0,2128.0,3,9.094947017729282e-13,0.0,False,"[56, 72, 75, 76, 51, 70, 53]",,
2025-03-21,18,Optimal,0.0008097601951664729,-133.52176680204894,0.09343820001231506,1.0,1.0,757.0,9,9.094947017729282e-13,0.0,False,"[77, 78, 65, 51, 60, 59, 71]",,
2025-03-22,0,Optimal,0.00031369096817256993,16446.020706453444,0.24086829999578185,18.0,7.0,8010.0,6,9.094947017729282e-13,2.2737367544323206e-13,False,"[76, 61, 60, 54, 73, 58, 68]",,
2025-03-22,6,Optimal,0.0,-813.063467912517,0.03398469998501241,11.0,7.0,4835.0,0,9.094947017729282e-13,0.0,False,"[74, 53, 69, 71, 57, 72, 67]",,
2025-03-22,12,Optimal,0.0,295.07363496975756,0.3056356000015512,4.0,3.0,2128.0,5,8.952838470577262e-13,0.0,False,"[56, 72, 75, 76, 78, 70, 65]",,
2025-03-22,18,Optimal,0.0,-37.68739587816522,0.12301720000687055,1.0,1.0,757.0,9,5.684341886080801e-13,0.0,False,"[77, 78, 65, 68, 76, 63, 79]",,
2025-03-23,0,Optimal,0.0009137320038840321,44816.500946981694,0.4671828999998979,17.0,7.0,7649.0,22,3.979039320256561e-12,2.220446049250313e-16,False,"[76, 61, 60, 53, 73, 58, 68]",,
2025-03-23,6,Optimal,0.0004538919395452439,-879.9765992656113,0.30613469998934306,11.0,7.0,4835.0,2,9.094947017729282e-13,0.0,False,"[74, 53, 69, 64, 66, 72, 67]",,
2025-03-23,12,Optimal,0.0003912266896228912,-1285.1253848096735,0.13567930000135675,4.0,3.0,2128.0,2,8.952838470577262e-13,6.838973831690964e-14,False,"[80, 74, 75, 54, 78, 57, 65]",,
2025-03-23,18,Optimal,0.00015966454258456732,-189.45437242151309,0.16053520000423305,1.0,1.0,757.0,6,8.331113576787175e-13,0.0,False,"[77, 66, 72, 62, 60, 63, 71]",,
2025-03-24,0,Optimal,0.000781194090583307,42771.170598274795,1.1148717000032775,16.0,7.0,7288.0,576,6.139089236967266e-12,6.139089236967266e-12,False,"[76, 63, 79, 78, 73, 58, 68]",,
2025-03-24,6,Optimal,0.0,889.7866501351353,2.670375299989246,11.0,7.0,4835.0,15,1.6711965145077556e-11,1.3499338185883361e-12,False,"[81, 54, 69, 64, 66, 72, 67]",,
2025-03-24,12,Optimal,0.00025848591239711004,-136.5433511819112,0.30069830000866205,4.0,3.0,2128.0,8,1.2168044349891716e-12,2.1316282072803006e-14,False,"[80, 74, 75, 64, 76, 79, 62]",,
2025-03-24,18,Optimal,0.0,-86.57488754889879,0.17393089999677613,1.0,1.0,757.0,8,7.958078640513122e-13,9.059419880941277e-14,False,"[77, 66, 65, 68, 60, 61, 71]",,
2025-03-25,0,Optimal,0.0008619390390045314,46852.54406885694,0.8259142000169959,17.0,7.0,7649.0,27,1.1567635738174431e-11,2.2737367544323206e-13,False,"[76, 63, 79, 75, 73, 58, 68]",,
2025-03-25,6,Optimal,0.0,-3179.265086339581,0.03930649999529123,11.0,7.0,4835.0,0,9.094947017729282e-13,0.0,False,"[55, 63, 69, 64, 61, 72, 67]",,
2025-03-25,12,Optimal,0.00016017290496515496,818.9715350000065,0.5377573000150733,4.0,3.0,2128.0,11,9.094947017729282e-13,0.0,False,"[80, 73, 66, 71, 76, 79, 58]",,
2025-03-25,18,Optimal,0.0,-124.87281349045739,0.1304484999855049,1.0,1.0,757.0,4,6.821210263296962e-13,0.0,False,"[77, 66, 65, 64, 76, 61, 71]",,
2025-03-26,0,Optimal,0.0005826560082369121,40494.30200750348,0.7748108000087086,17.0,7.0,7649.0,21,4.774847184307873e-12,2.220446049250313e-16,False,"[76, 63, 79, 75, 73, 58, 68]",,
2025-03-26,6,Optimal,0.0005361474530985014,762.5879146391904,0.3678457999776583,10.0,6.0,4582.0,9,1.8189894035458565e-12,1.5543122344752192e-15,False,"[81, 77, 58, 56, 68, 79, 83]",,
2025-03-26,12,Optimal,0.0006499048815921807,-1138.7106291109087,0.29448660000343807,4.0,3.0,2128.0,5,9.094947017729282e-13,0.0,False,"[80, 73, 66, 71, 76, 70, 62]",,
2025-03-26,18,Optimal,0.0008207171066359413,-30.70061920171974,0.17013720000977628,1.0,1.0,757.0,6,8.597567102697212e-13,1.4210854715202004e-14,False,"[77, 78, 65, 64, 76, 70, 71]",,
2025-03-27,0,Optimal,0.0005913082668684488,43101.2077661558,0.2916006000014022,18.0,7.0,8010.0,20,8.071765478234738e-12,2.2456659303035268e-12,False,"[76, 63, 79, 75, 64, 71, 68]",,
2025-03-27,6,Optimal,0.0,1510.2084639534935,1.4921400000166614,10.0,6.0,4582.0,6,8.01492205937393e-12,7.537868031311256e-13,False,"[74, 63, 69, 64, 68, 79, 83]",,
2025-03-27,12,Optimal,0.00010389904698565243,-1301.8927017872363,0.5520050000050105,4.0,3.0,2128.0,7,2.6489033189136535e-11,7.537868031311256e-13,False,"[80, 74, 66, 64, 84, 70, 83]",,
2025-03-27,18,Optimal,0.0,43.06752586704957,0.1351626999967266,1.0,1.0,757.0,10,7.105427357601002e-13,0.0,False,"[77, 66, 67, 58, 82, 70, 71]",,
2025-03-28,0,Optimal,0.00040773528504454054,15252.756433184852,0.2748913000104949,18.0,7.0,8010.0,7,1.8189894035458565e-12,2.2737367544323206e-13,False,"[76, 63, 79, 82, 74, 71, 68]",,
2025-03-28,6,Optimal,0.0,-272.307692516566,0.3154289000085555,11.0,7.0,4835.0,3,8.526512829121202e-13,0.0,False,"[74, 63, 69, 71, 68, 79, 75]",,
2025-03-28,12,Optimal,0.0002778798345098061,463.6768638314006,0.11720749997766688,4.0,3.0,2128.0,3,7.958078640513122e-13,8.881784197001252e-14,False,"[81, 73, 75, 64, 84, 79, 65]",,
2025-03-28,18,Optimal,0.00034281581314795257,-112.73081441131822,0.21033920001355,1.0,1.0,757.0,10,5.684341886080801e-13,3.133574349484247e-14,False,"[77, 66, 67, 58, 59, 84, 79]",,
2025-03-29,0,Optimal,0.0002535273527421933,13788.391420348058,0.2036563000001479,16.0,7.0,7288.0,5,1.8189894035458565e-12,1.1368683772161603e-13,False,"[76, 63, 86, 85, 78, 62, 68]",,
2025-03-29,6,Optimal,0.0,835.6207820426363,0.03185879997909069,11.0,7.0,4835.0,0,9.094947017729282e-13,0.0,False,"[74, 63, 69, 64, 68, 79, 75]",,
2025-03-29,12,Optimal,0.0,404.9130296291448,0.18928520000190474,4.0,3.0,2128.0,5,7.635741107203466e-08,9.16288932864416e-11,False,"[80, 73, 66, 71, 84, 79, 83]",,
2025-03-29,18,Optimal,0.0,-101.24499875489204,0.10169180002412759,1.0,1.0,757.0,5,6.821210263296962e-13,5.005021022808503e-14,False,"[77, 78, 67, 62, 59, 84, 79]",,
2025-03-30,0,Optimal,0.0007721863987358035,41455.19294846128,0.2834834000095725,17.0,7.0,7649.0,15,4.547473508864641e-12,4.547473508864641e-13,False,"[83, 61, 79, 82, 87, 62, 68]",,
2025-03-30,6,Optimal,0.0,-1410.2380243711054,0.033043700008420274,11.0,7.0,4835.0,0,8.952838470577262e-13,0.0,False,"[74, 63, 85, 64, 87, 79, 75]",,
2025-03-30,12,Optimal,0.00034075827550432127,-1051.2531911378478,0.6997657000028994,4.0,3.0,2128.0,7,8.846257060213247e-13,0.0,False,"[80, 74, 66, 68, 84, 79, 83]",,
2025-03-30,18,Optimal,0.0,-132.101828905949,0.162479099992197,1.0,1.0,757.0,9,8.331113576787175e-13,1.0658141036401503e-14,False,"[77, 78, 67, 62, 63, 84, 79]",,
2025-03-31,0,Optimal,0.0007912100578433,36596.353165869936,0.742442899994785,17.0,7.0,7649.0,20,9.094947017729282e-13,2.220446049250313e-16,False,"[83, 63, 86, 82, 87, 62, 68]",,
2025-03-31,6,Optimal,0.0002223413755743741,8453.973506429116,0.31888470001285896,11.0,7.0,4835.0,6,1.4210854715202004e-12,0.0,False,"[74, 77, 69, 65, 88, 79, 75]",,
2025-03-31,12,Optimal,0.00043187406166926464,-1084.577118542773,0.28419239999493584,4.0,3.0,2128.0,4,1.8189894035458565e-12,0.0,False,"[80, 74, 75, 76, 84, 70, 88]",,
2025-03-31,18,Optimal,0.0008251710758873974,149.13558716227047,0.12325620002229698,1.0,1.0,757.0,8,1.4779288903810084e-12,1.3378187446733136e-13,False,"[77, 78, 88, 68, 63, 84, 79]",,
2025-04-01,0,Optimal,0.0006211507996053702,44300.61191727019,0.4271246000134852,18.0,7.0,8010.0,18,5.4569682106375694e-12,4.547473508864641e-13,False,"[83, 63, 79, 75, 74, 71, 77]",,
2025-04-01,6,Optimal,0.0,886.3475805692618,1.4687390999752097,11.0,7.0,4835.0,10,2.7284841053187847e-12,1.8189894035458565e-12,False,"[81, 84, 85, 71, 66, 72, 83]",,
2025-04-01,12,Optimal,0.0,-341.6239455748466,0.17075419999309815,4.0,3.0,2128.0,2,8.952838470577262e-13,0.0,False,"[81, 73, 75, 64, 85, 89, 65]",,
2025-04-01,18,Optimal,0.0,-91.90176027645492,0.14365949999773875,1.0,1.0,757.0,8,7.958078640513122e-13,1.1368683772161605e-13,False,"[77, 89, 72, 85, 82, 84, 79]",,
2025-04-02,0,Optimal,0.0005700132881927136,41581.53775791431,0.3932073999894783,17.0,7.0,7649.0,15,9.094947017729282e-13,2.220446049250313e-16,False,"[83, 63, 86, 82, 87, 71, 77]",,
2025-04-02,6,Optimal,0.00019634918887695706,4617.295858459866,0.8852605999854859,11.0,7.0,4835.0,8,9.094947017729282e-13,1.1368683772161603e-13,False,"[89, 76, 85, 71, 66, 72, 83]",,
2025-04-02,12,Optimal,0.000534680516146196,-611.4923860014745,0.31870030000573024,4.0,3.0,2128.0,6,9.094947017729282e-13,0.0,False,"[81, 73, 75, 64, 84, 70, 88]",,
2025-04-02,18,Optimal,0.00022695077776788502,-147.49893234797682,0.1568000000261236,1.0,1.0,757.0,11,2.0463630789890885e-12,6.750155989720952e-14,False,"[77, 89, 74, 67, 82, 84, 79]",,
2025-04-03,0,Optimal,0.000607450412894677,43482.56604105522,0.2698200999875553,18.0,7.0,8010.0,15,4.446443213623752e-12,2.2737367544323206e-13,False,"[83, 90, 79, 75, 87, 71, 77]",,
2025-04-03,6,Optimal,0.0,-1979.2709349667105,0.06880310000269674,11.0,7.0,4835.0,0,9.094947017729282e-13,0.0,False,"[89, 76, 85, 71, 88, 79, 83]",,
2025-04-03,12,Optimal,0.0,-261.19696115414246,0.017579999985173345,4.0,3.0,2128.0,0,9.094947017729282e-13,0.0,False,"[81, 73, 75, 91, 68, 78, 83]",,
2025-04-03,18,Optimal,0.0,-104.14087484704777,0.1287978999898769,1.0,1.0,757.0,7,7.958078640513122e-13,1.1368683772161605e-13,False,"[77, 90, 74, 85, 76, 70, 71]",,
2025-04-04,0,Optimal,0.0003486990213727228,13530.559936721229,1.1476839999959338,17.0,7.0,7649.0,612,2.8421709430404007e-12,2.2737367544323206e-13,False,"[92, 65, 86, 82, 91, 71, 77]",,
2025-04-04,6,Optimal,0.0009057390988535877,-351.31359788005545,1.6884715000051074,10.0,6.0,4582.0,360,2.5693225325085223e-11,2.5263741715914674e-13,False,"[89, 76, 82, 71, 88, 72, 83]",,
2025-04-04,12,Optimal,0.0003340275889741604,425.61563920074207,0.2517068000161089,4.0,3.0,2128.0,5,8.810729923425242e-13,0.0,False,"[80, 74, 75, 71, 87, 79, 83]",,
2025-04-04,18,Optimal,0.0,-104.32177168908132,0.09096319999662228,1.0,1.0,757.0,5,7.958078640513122e-13,5.684341886080802e-14,False,"[77, 90, 74, 85, 76, 70, 71]",,
2025-04-05,0,Optimal,0.00017552004740365094,13647.651373915578,0.22005829997942783,17.0,7.0,7649.0,4,9.094947017729282e-13,0.0,False,"[92, 90, 79, 75, 91, 71, 77]",,
2025-04-05,6,Optimal,0.0,-62.66213241026757,0.12945750000653788,11.0,7.0,4835.0,2,2.0889956431346945e-12,0.0,False,"[89, 76, 92, 71, 80, 72, 83]",,
2025-04-05,12,Optimal,0.0001775658870604785,65.97383098565079,0.10487629999988712,4.0,3.0,2128.0,1,9.094947017729282e-13,0.0,False,"[80, 73, 72, 90, 76, 78, 89]",,
2025-04-05,18,Optimal,0.0,276.04557205060917,0.12192929998855107,1.0,1.0,757.0,5,4.547473508864641e-13,4.796163466380676e-14,False,"[75, 90, 74, 85, 76, 70, 71]",,
2025-04-06,0,Optimal,0.0004792495074148238,40069.997993865436,1.3777236999885645,17.0,7.0,7649.0,612,3.126388037344441e-12,8.384404281969182e-13,False,"[92, 90, 79, 75, 91, 71, 77]",,
2025-04-06,6,Optimal,6.949180246820275e-06,-954.0116809143632,0.1833379000017885,9.0,5.0,4329.0,1,9.094947017729282e-13,0.0,False,"[90, 76, 82, 71, 93, 94, 83]",,
2025-04-06,12,Optimal,0.0006528231842880622,470.1910596303613,0.3475343000027351,4.0,3.0,2128.0,5,9.094947017729282e-13,6.394884621840902e-14,False,"[81, 73, 72, 71, 87, 79, 83]",,
2025-04-06,18,Optimal,0.0008658232509479502,-106.34027168519296,0.318091600027401,1.0,1.0,757.0,8,2.6147972675971687e-12,2.7255626887162586e-14,False,"[77, 89, 88, 68, 82, 84, 79]",,
2025-04-07,0,Optimal,0.0003467782886665372,35214.680546949625,0.22181499999715015,17.0,7.0,7649.0,13,9.094947017729282e-13,4.547473508864641e-13,False,"[92, 90, 79, 75, 91, 71, 77]",,
2025-04-07,6,Optimal,0.00040693383480257315,4137.302085943681,0.7183707999938633,11.0,7.0,4835.0,9,1.1510792319313623e-12,0.0,False,"[89, 76, 92, 71, 80, 72, 83]",,
2025-04-07,12,Optimal,0.0,-776.0181464526852,0.01586799998767674,4.0,3.0,2128.0,0,8.668621376273222e-13,0.0,False,"[95, 86, 92, 90, 68, 78, 83]",,
2025-04-07,18,Optimal,0.0,11.158823552065572,0.10216949999448843,1.0,1.0,757.0,5,7.815970093361102e-13,1.580957587066223e-13,False,"[77, 89, 88, 93, 82, 84, 79]",,
2025-04-08,0,Optimal,0.00034151984322878897,41204.193482788156,1.2402926000067964,17.0,7.0,7649.0,612,2.1032064978498966e-12,1.010549668636587e-12,False,"[92, 90, 79, 75, 91, 71, 77]",,
2025-04-08,6,Optimal,0.0,-1007.240904722943,0.03653660000418313,10.0,6.0,4582.0,0,9.094947017729282e-13,0.0,False,"[89, 76, 77, 69, 88, 79, 83]",,
2025-04-08,12,Optimal,0.00013829084714488647,-1113.8030363856153,0.1281277000089176,4.0,3.0,2128.0,1,9.094947017729282e-13,0.0,False,"[95, 86, 92, 90, 76, 78, 83]",,
2025-04-08,18,Optimal,0.0,24.336456404198273,0.11548420001054183,1.0,1.0,757.0,5,8.597567102697212e-13,0.0,False,"[75, 90, 72, 93, 94, 70, 71]",,
2025-04-09,0,Optimal,0.000961273564015727,40113.33877042467,0.5517105000035372,16.0,7.0,7288.0,21,3.637978807091713e-12,3.637978807091713e-12,False,"[92, 97, 86, 82, 93, 73, 94]",,
2025-04-09,6,Optimal,0.0008630607366348899,3682.6145144009106,0.6717018999916036,11.0,7.0,4835.0,16,2.7284841053187847e-12,0.0,False,"[89, 76, 77, 97, 87, 79, 75]",,
2025-04-09,12,Optimal,0.0,-696.7225060233237,0.2387204999977257,4.0,3.0,2128.0,2,1.8189894035458565e-12,0.0,False,"[95, 82, 74, 91, 87, 70, 83]",,
2025-04-09,18,Optimal,0.0004948135177193875,-187.49672906191856,0.13231839999207295,1.0,1.0,757.0,11,1.8189894035458565e-12,0.0,False,"[75, 89, 85, 76, 96, 70, 97]",,
2025-04-10,0,Optimal,0.0008678560057149555,39345.38116043247,0.7274268999753986,18.0,7.0,8010.0,20,3.637978807091713e-12,2.220446049250313e-16,False,"[92, 97, 79, 75, 91, 71, 94]",,
2025-04-10,6,Optimal,0.0007855065338888972,2495.515836320597,0.8016368999960832,10.0,6.0,4582.0,8,1.1439738045737613e-12,0.0,False,"[89, 76, 77, 97, 87, 93, 83]",,
2025-04-10,12,Optimal,0.0,-1471.8061840465903,0.01772910001454875,4.0,3.0,2128.0,0,9.094947017729282e-13,0.0,False,"[95, 82, 74, 96, 76, 79, 83]",,
2025-04-10,18,Optimal,6.641478155424812e-06,-150.39490885975195,1.012552300002426,1.0,1.0,757.0,9,1.8189894035458565e-12,1.1368683772161603e-13,False,"[75, 89, 85, 76, 96, 98, 97]",,
2025-04-11,0,Optimal,0.00012148902235249364,12719.823102496834,0.18662610001047142,16.0,7.0,7288.0,3,8.699707620962727e-13,2.2737367544323206e-13,False,"[92, 97, 79, 75, 93, 73, 94]",,
2025-04-11,6,Optimal,0.0,131.6999338896939,0.028909500018926337,10.0,6.0,4582.0,0,9.094947017729282e-13,0.0,False,"[89, 74, 96, 85, 86, 93, 83]",,
2025-04-11,12,Optimal,0.0,-345.88814354189924,0.013966400001663715,4.0,3.0,2128.0,0,8.810729923425242e-13,0.0,False,"[95, 82, 92, 96, 87, 78, 83]",,
2025-04-11,18,Optimal,0.00012556098085162985,184.6515728255306,0.19743309999466874,1.0,1.0,757.0,7,5.115907697472721e-13,0.0,False,"[75, 89, 85, 93, 94, 81, 97]",,
2025-04-12,0,Optimal,8.139440334839284e-05,14126.700373064748,1.038558500004001,17.0,7.0,7649.0,612,2.8421709430404007e-12,0.0,False,"[92, 97, 79, 75, 93, 73, 77]",,
2025-04-12,6,Optimal,0.0,-1081.1136032464283,0.258874300023308,11.0,7.0,4835.0,3,1.3642420526593924e-12,0.0,False,"[99, 74, 77, 85, 86, 93, 75]",,
2025-04-12,12,Optimal,0.0007646147470724394,408.63476631538555,0.09648379997815937,4.0,3.0,2128.0,1,9.094947017729282e-13,1.7905676941154524e-13,False,"[95, 82, 74, 91, 84, 100, 83]",,
2025-04-12,18,Optimal,0.0,-51.03980470014871,0.10474469998735003,1.0,1.0,757.0,8,7.958078640513122e-13,8.526512829121202e-14,False,"[75, 89, 99, 76, 94, 98, 97]",,
2025-04-13,0,Optimal,0.0006218276110026634,37051.59006171533,0.28762439999263734,18.0,7.0,8010.0,12,9.094947017729282e-13,2.2737367544323206e-13,False,"[76, 88, 86, 82, 78, 74, 77]",,
2025-04-13,6,Optimal,3.751535632250921e-05,-134.3053001269539,0.16496659998665564,11.0,7.0,4835.0,1,9.094947017729282e-13,0.0,False,"[89, 76, 77, 97, 86, 93, 75]",,
2025-04-13,12,Optimal,0.00068980433936752,720.1925495938295,0.09787330002291128,4.0,3.0,2128.0,3,8.384404281969182e-13,0.0,False,"[95, 82, 74, 91, 84, 100, 83]",,
2025-04-13,18,Optimal,0.0006968143307935345,176.78176966369003,0.23758990000351332,1.0,1.0,757.0,11,1.8189894035458565e-12,1.0391687510491465e-14,False,"[75, 89, 85, 93, 94, 81, 83]",,
2025-04-14,0,Optimal,0.000634605395248654,39126.48982576555,0.231279400002677,16.0,7.0,7288.0,13,1.8189894035458565e-12,4.547473508864641e-13,False,"[76, 88, 86, 82, 78, 102, 77]",,
2025-04-14,6,Optimal,0.0,-2854.632644644405,0.032073200010927394,10.0,6.0,4582.0,0,9.094947017729282e-13,0.0,False,"[90, 84, 92, 97, 100, 93, 83]",,
2025-04-14,12,Optimal,0.0,-123.5644354743875,0.01469599999836646,4.0,3.0,2128.0,0,9.094947017729282e-13,0.0,False,"[95, 86, 90, 76, 99, 100, 83]",,
2025-04-14,18,Optimal,0.00026653809348992384,287.4729833496152,0.09471760000451468,1.0,1.0,757.0,8,9.094947017729282e-13,0.0,False,"[75, 78, 99, 93, 94, 81, 83]",,
2025-04-15,0,Optimal,0.000985342136028886,33803.14839262205,0.24721519998274744,16.0,7.0,7288.0,13,9.094947017729282e-13,2.2737367544323206e-13,False,"[76, 88, 103, 85, 78, 102, 77]",,
2025-04-15,6,Optimal,0.0008843638526375018,4342.926414390764,8.484357099980116,9.0,5.0,4329.0,324,3.865352482534945e-12,4.7970966155540405e-14,False,"[89, 84, 92, 101, 87, 93, 83]",,
2025-04-15,12,Optimal,2.364098730004873e-06,-769.2327608754852,0.9867779999913182,4.0,3.0,2128.0,13,1.0249578963339445e-12,0.0,False,"[95, 82, 96, 101, 78, 89, 103]",,
2025-04-15,18,Optimal,0.0,10.217428975032936,0.15543959999922663,1.0,1.0,757.0,7,9.094947017729282e-13,2.708944180085382e-14,False,"[77, 78, 99, 76, 96, 98, 103]",,
2025-04-16,0,Optimal,0.0005492341717016606,37067.23790945035,1.3719319000083487,17.0,7.0,7649.0,612,6.548361852765083e-11,3.5930218162736636e-12,False,"[92, 97, 86, 82, 93, 98, 77]",,
2025-04-16,6,Optimal,0.0005066250258081097,3607.9991603865165,0.3092172000033315,9.0,5.0,4329.0,5,7.275957614183426e-12,5.684341886080801e-13,False,"[89, 84, 92, 97, 87, 93, 83]",,
2025-04-16,12,Optimal,0.0007842613556584108,-916.7594049091044,0.3343633000040427,4.0,3.0,2128.0,9,9.094947017729282e-13,0.0,False,"[95, 82, 96, 101, 78, 89, 103]",,
2025-04-16,18,Optimal,0.0003641394757377654,-186.58288721918402,0.12200589998974465,1.0,1.0,757.0,4,2.2168933355715126e-12,6.217248937900877e-14,False,"[86, 78, 99, 82, 96, 98, 97]",,
2025-04-17,0,Optimal,0.0002601902765872078,34302.213602358905,0.6208601999969687,17.0,7.0,7649.0,18,1.8189894035458565e-12,2.220446049250313e-16,False,"[92, 97, 86, 82, 93, 105, 94]",,
2025-04-17,6,Optimal,9.493868356668779e-07,4786.8764232033955,0.5865174999926239,10.0,6.0,4582.0,15,9.094947017729282e-13,6.661338147750939e-16,False,"[89, 105, 98, 97, 87, 93, 83]",,
2025-04-17,12,Optimal,1.6774276584328712e-05,-827.1358471830238,0.07692479999968782,4.0,3.0,2128.0,1,9.094947017729282e-13,0.0,False,"[93, 98, 96, 105, 78, 104, 103]",,
2025-04-17,18,Optimal,0.0,-34.89896083385437,0.2105333000072278,1.0,1.0,757.0,5,6.821210263296962e-13,0.0,False,"[86, 101, 92, 82, 96, 98, 103]",,
2025-04-18,0,Optimal,0.00027486225813909984,12592.426943409986,0.19368269998813048,17.0,7.0,7649.0,3,8.810729923425242e-13,3.410605131648481e-13,False,"[92, 97, 86, 82, 91, 98, 106]",,
2025-04-18,6,Optimal,0.0,-125.86024399522985,0.489219699986279,10.0,6.0,4582.0,4,9.094947017729282e-13,3.375077994860476e-14,False,"[89, 105, 96, 97, 86, 102, 94]",,
2025-04-18,12,Optimal,0.0,306.8552033108702,0.014792000001762062,4.0,3.0,2128.0,0,8.526512829121202e-13,0.0,False,"[93, 82, 96, 105, 102, 104, 103]",,
2025-04-18,18,Optimal,0.0006149157510801076,-267.8670249938104,0.10869389999425039,1.0,1.0,757.0,8,5.5706550483591855e-12,2.6645352591003757e-14,False,"[90, 106, 92, 95, 96, 98, 103]",,
2025-04-19,0,Optimal,0.0004242912691332551,12149.979316579012,0.22436550000566058,18.0,7.0,8010.0,3,9.094947017729282e-13,0.0,False,"[92, 97, 86, 99, 87, 104, 106]",,
2025-04-19,6,Optimal,0.0,-747.9445418733096,0.2511135000095237,11.0,7.0,4835.0,2,8.86757334228605e-12,0.0,False,"[89, 105, 92, 97, 86, 88, 94]",,
2025-04-19,12,Optimal,6.0191704730729956e-05,1288.2572550686752,0.06299109998508357,4.0,3.0,2128.0,1,8.526512829121202e-13,0.0,False,"[93, 82, 91, 105, 102, 104, 103]",,
2025-04-19,18,Optimal,0.0,-231.87124388458494,0.058491500007221475,1.0,1.0,757.0,4,3.410605131648481e-13,2.220446049250313e-16,False,"[90, 88, 99, 82, 96, 98, 105]",,
2025-04-20,0,Optimal,0.0006516262083849969,35246.745716959755,0.241935799975181,18.0,7.0,8010.0,13,9.094947017729282e-13,0.0,False,"[92, 97, 86, 99, 87, 104, 106]",,
2025-04-20,6,Optimal,2.2569810832978e-05,595.5211305950727,0.32466340000974014,11.0,7.0,4835.0,7,9.094947017729282e-13,0.0,False,"[89, 105, 96, 85, 95, 88, 94]",,
2025-04-20,12,Optimal,0.0004991569758707626,312.6355163644819,0.15442199999233708,4.0,3.0,2128.0,6,8.810729923425242e-13,0.0,False,"[108, 98, 91, 105, 102, 104, 88]",,
2025-04-20,18,Optimal,0.00047899339938559376,-105.41459882395245,0.09671419998630881,1.0,1.0,757.0,6,7.958078640513122e-13,0.0,False,"[89, 88, 108, 82, 96, 98, 105]",,
2025-04-21,0,Optimal,0.0008636563887812876,36766.286249024684,0.24535900002229027,18.0,7.0,8010.0,13,2.4442670110147446e-12,2.2737367544323206e-13,False,"[92, 90, 85, 84, 102, 109, 106]",,
2025-04-21,6,Optimal,3.203765271822184e-08,-2700.955647938485,0.18491050001466647,10.0,6.0,4582.0,2,1.0231815394945443e-12,1.0231815394945443e-12,False,"[90, 106, 92, 97, 95, 100, 103]",,
2025-04-21,12,Optimal,0.0005479002920145473,419.6274241785358,0.0992264999949839,4.0,3.0,2128.0,5,9.094947017729282e-13,3.907985046680551e-14,False,"[108, 98, 91, 84, 102, 104, 88]",,
2025-04-21,18,Optimal,0.0,48.81261798857989,0.10061039999709465,1.0,1.0,757.0,5,7.602807272633072e-13,0.0,False,"[90, 88, 99, 93, 94, 98, 103]",,
2025-04-22,0,Optimal,0.0005680525375507926,32590.6002613482,0.2473667000012938,18.0,7.0,8010.0,13,9.094947017729282e-13,2.2737367544323206e-13,False,"[92, 97, 86, 84, 102, 109, 106]",,
2025-04-22,6,Optimal,0.000847254394153544,5520.622856031662,7.029192999994848,10.0,6.0,4582.0,18,2.0651214072131552e-10,1.234016400994244e-10,False,"[89, 106, 92, 109, 86, 88, 103]",,
2025-04-22,12,Optimal,0.0,-562.0816539861261,0.7374879000126384,4.0,3.0,2128.0,6,9.094947017729282e-13,1.1368683772161603e-12,False,"[108, 109, 87, 84, 110, 104, 88]",,
2025-04-22,18,Optimal,0.00022145415161579647,-60.88283884713382,0.17200630001025274,1.0,1.0,757.0,6,1.1368683772161603e-12,4.263256414560601e-14,False,"[89, 88, 108, 104, 96, 98, 103]",,
2025-04-23,0,Optimal,0.0005278013853364279,31798.570921344555,1.1655450999969617,17.0,7.0,7649.0,612,6.127720553195104e-11,1.8189894035458565e-12,False,"[92, 90, 85, 93, 105, 107, 89]",,
2025-04-23,6,Optimal,0.000881743803570013,3738.966222241008,1.0686241000075825,10.0,6.0,4582.0,8,3.852051188674355e-12,4.433786671143025e-12,False,"[89, 106, 96, 97, 95, 88, 94]",,
2025-04-23,12,Optimal,4.70161863403953e-05,373.7344237944049,0.4085727999918163,4.0,3.0,2128.0,9,9.094947017729282e-13,0.0,False,"[108, 109, 87, 84, 110, 104, 88]",,
2025-04-23,18,Optimal,0.0,9.705765721628307,0.13283890002639964,1.0,1.0,757.0,6,1.8189894035458565e-12,0.0,False,"[90, 88, 99, 93, 94, 98, 110]",,
2025-04-24,0,Optimal,0.0005382585160183389,33588.0500750431,0.2461106000118889,18.0,7.0,8010.0,13,2.7284841053187847e-12,1.1368683772161603e-13,False,"[92, 90, 85, 91, 98, 96, 111]",,
2025-04-24,6,Optimal,0.0007450290423319071,-577.9230561078255,0.34698719999869354,10.0,6.0,4582.0,5,1.1368683772161603e-12,0.0,False,"[89, 105, 98, 101, 86, 88, 94]",,
2025-04-24,12,Optimal,0.00016618702296014972,1693.469838479544,0.24280239999643527,4.0,3.0,2128.0,8,8.981704269217516e-13,0.0,False,"[108, 109, 91, 105, 106, 104, 103]",,
2025-04-24,18,Optimal,0.0,-27.2725294448064,0.10325499999453314,1.0,1.0,757.0,4,2.0463630789890885e-12,1.1590728377086634e-13,False,"[90, 88, 85, 93, 94, 98, 110]",,
2025-04-25,0,Optimal,0.00018400912052389247,12517.651611369713,0.1980217999953311,18.0,7.0,8010.0,2,9.094947017729282e-13,0.0,False,"[92, 90, 108, 87, 98, 96, 111]",,
2025-04-25,6,Optimal,0.000328752005963837,-472.3298050019974,0.22584030000143684,10.0,6.0,4582.0,2,9.094947017729282e-13,0.0,False,"[89, 106, 92, 112, 86, 88, 94]",,
2025-04-25,12,Optimal,0.0,-571.3551370711306,0.014646499999798834,4.0,3.0,2128.0,0,8.526512829121202e-13,0.0,False,"[108, 109, 91, 105, 106, 104, 88]",,
2025-04-25,18,Optimal,0.0009551175805325841,-294.9288053148883,0.09047029999783263,1.0,1.0,757.0,3,7.958078640513122e-13,0.0,False,"[90, 101, 99, 104, 94, 98, 110]",,
2025-04-26,0,Optimal,0.0004222453800147488,12183.516683977126,0.20767149998573586,18.0,7.0,8010.0,1,9.094947017729282e-13,0.0,False,"[92, 90, 99, 102, 104, 114, 111]",,
2025-04-26,6,Optimal,0.0,-343.56671674687476,0.3159921000187751,10.0,6.0,4582.0,4,8.952838470577262e-13,0.0,False,"[89, 106, 98, 112, 108, 88, 94]",,
2025-04-26,12,Optimal,0.0006522901960351824,243.00792614962913,0.13858299999265,4.0,3.0,2128.0,2,8.526512829121202e-13,8.171241461241152e-14,False,"[108, 109, 112, 101, 110, 104, 88]",,
2025-04-26,18,Optimal,0.00015237212766824182,-326.2428273458053,0.08348120001028292,1.0,1.0,757.0,5,9.094947017729282e-13,6.306066779870889e-14,False,"[107, 112, 99, 113, 96, 98, 103]",,
2025-04-27,0,Optimal,0.0006096704588998233,32878.711166974026,0.25465889999759383,18.0,7.0,8010.0,13,9.094947017729282e-13,2.2737367544323206e-13,False,"[92, 90, 99, 105, 104, 114, 111]",,
2025-04-27,6,Optimal,8.864857627471743e-05,2043.3455063262434,0.6620562000025529,10.0,6.0,4582.0,9,8.952838470577262e-13,9.237055564881302e-14,False,"[89, 105, 98, 109, 108, 102, 94]",,
2025-04-27,12,Optimal,0.00039205923923836745,-552.8620954336309,0.23488140001427382,4.0,3.0,2128.0,4,1.6484591469634324e-12,0.0,False,"[95, 109, 96, 105, 106, 97, 103]",,
2025-04-27,18,Optimal,0.0,119.28138365981263,0.11816690000705421,1.0,1.0,757.0,6,8.526512829121202e-13,6.726798858182788e-14,False,"[89, 112, 102, 104, 94, 98, 110]",,
2025-04-28,0,Optimal,0.000903443591387402,39164.24866902275,0.6841783999989275,18.0,7.0,8010.0,21,3.637978807091713e-12,1.1368683772161603e-13,False,"[92, 95, 93, 113, 109, 116, 111]",,
2025-04-28,6,Optimal,0.0,2211.559092454283,3.232262100005755,10.0,6.0,4582.0,10,9.094947017729282e-13,0.0,False,"[89, 105, 116, 101, 108, 102, 94]",,
2025-04-28,12,Optimal,0.00020870589679389178,-1183.8900634198264,0.09696540000732057,4.0,3.0,2128.0,1,9.094947017729282e-13,7.474021401776554e-13,False,"[108, 98, 91, 101, 106, 89, 107]",,
2025-04-28,18,Optimal,0.0,-96.42677692367803,0.11809259999427013,1.0,1.0,757.0,3,8.242295734817162e-13,3.197442310920451e-14,False,"[89, 106, 92, 113, 96, 100, 115]",,
2025-04-29,0,Optimal,0.00031485738862159864,33572.37222629656,0.32160739999380894,18.0,7.0,8010.0,13,9.094947017729282e-13,0.0,False,"[92, 95, 93, 105, 104, 114, 111]",,
2025-04-29,6,Optimal,0.0,557.1859247320473,0.039122699992731214,10.0,6.0,4582.0,0,9.094947017729282e-13,0.0,False,"[90, 105, 92, 101, 108, 102, 94]",,
2025-04-29,12,Optimal,0.0,177.43781055278998,0.13404330000048503,4.0,3.0,2128.0,3,1.0944331860527098e-12,9.849898674474389e-13,False,"[108, 98, 117, 101, 102, 100, 107]",,
2025-04-29,18,Optimal,0.00018295608373037215,166.88877577018803,0.32781709998380393,1.0,1.0,757.0,7,1.7053025658242404e-12,8.637535131583718e-14,False,"[107, 108, 93, 91, 96, 100, 115]",,
2025-04-30,0,Optimal,0.0004911478972353245,32138.869491637208,0.2566332000133116,18.0,7.0,8010.0,11,1.8189894035458565e-12,2.2737367544323206e-13,False,"[92, 103, 91, 105, 104, 114, 111]",,
2025-04-30,6,Optimal,0.00027476139998260026,394.70839774031134,5.070082599995658,11.0,7.0,4835.0,12,1.0089706847793423e-11,0.0,False,"[117, 106, 98, 118, 108, 102, 94]",,
2025-04-30,12,Optimal,0.0,-531.2071550127573,0.3879562000220176,4.0,3.0,2128.0,4,9.094947017729282e-13,0.0,False,"[108, 98, 117, 114, 102, 100, 107]",,
2025-04-30,18,Optimal,0.0,139.56491342119756,0.15248620000784285,1.0,1.0,757.0,7,7.958078640513122e-13,2.4557890780966474e-14,False,"[101, 106, 93, 91, 96, 100, 115]",,
2025-05-01,0,Optimal,0.0004953771279825673,34675.85373079995,0.3072921999846585,18.0,7.0,8010.0,13,9.094947017729282e-13,3.410605131648481e-13,False,"[92, 103, 117, 113, 109, 116, 111]",,
2025-05-01,6,Optimal,0.0,-831.1801475410787,0.04144540001288988,11.0,7.0,4835.0,0,9.094947017729282e-13,0.0,False,"[104, 96, 97, 109, 115, 102, 94]",,
2025-05-01,12,Optimal,0.0,-354.0636618619136,0.5151300000143237,4.0,3.0,2128.0,8,1.8189894035458565e-12,0.0,False,"[95, 109, 96, 105, 106, 97, 103]",,
2025-05-01,18,Optimal,0.000947853884840624,300.9195412525601,0.13611859999946319,1.0,1.0,757.0,6,6.536993168992922e-13,0.0,False,"[101, 106, 92, 117, 111, 98, 110]",,
2025-05-02,0,Optimal,0.000543491325010962,13647.306990481995,0.2560496000223793,18.0,7.0,8010.0,4,9.094947017729282e-13,2.2737367544323206e-13,False,"[110, 108, 118, 115, 107, 94, 111]",,
2025-05-02,6,Optimal,0.0,-338.3335470673622,0.031535300018731505,11.0,7.0,4835.0,0,9.094947017729282e-13,0.0,False,"[117, 111, 97, 112, 115, 102, 110]",,
2025-05-02,12,Optimal,0.0,-406.9309278642977,0.26227859998471104,4.0,3.0,2128.0,3,2.7569058147491887e-12,2.3130157989557294e-14,False,"[108, 109, 112, 105, 106, 104, 103]",,
2025-05-02,18,Optimal,0.00013128484757799307,2357.9311005141994,0.06783230000291951,1.0,1.0,757.0,1,8.526512829121202e-13,0.0,False,"[107, 102, 93, 116, 114, 98, 120]",,
2025-05-03,0,Optimal,0.0004813677472651166,12778.639582423812,1.0080060999898706,17.0,7.0,7649.0,612,2.033175405813381e-09,2.439826118916244e-12,False,"[110, 108, 102, 98, 96, 94, 111]",,
2025-05-03,6,Optimal,0.0,-498.3852948274895,0.036434699984965846,11.0,7.0,4835.0,0,8.988365607365267e-13,0.0,False,"[117, 111, 97, 112, 108, 114, 110]",,
2025-05-03,12,Optimal,0.0007127376853905286,1262.154749984487,0.14782189999823458,4.0,3.0,2128.0,4,8.881784197001252e-13,0.0,False,"[108, 109, 112, 102, 110, 111, 120]",,
2025-05-03,18,Optimal,0.0005449028164889252,1846.2511684383699,0.06508959998609498,1.0,1.0,757.0,1,9.094947017729282e-13,0.0,False,"[112, 99, 94, 114, 100, 97, 121]",,
2025-05-04,0,Optimal,0.0009092037112871614,37327.88505428895,0.24026200000662357,17.0,7.0,7649.0,14,1.8189894035458565e-12,4.547473508864641e-13,False,"[110, 108, 122, 115, 107, 116, 111]",,
2025-05-04,6,Optimal,0.0009104275616659593,-1622.5066902939345,0.8512216999952216,11.0,7.0,4835.0,11,1.0231815394945443e-12,2.220446049250313e-16,False,"[117, 111, 97, 112, 122, 114, 103]",,
2025-05-04,12,Optimal,0.0,-1781.9593107803626,0.01997329998994246,4.0,3.0,2128.0,0,9.094947017729282e-13,0.0,False,"[108, 109, 112, 102, 110, 111, 122]",,
2025-05-04,18,Optimal,0.0,588.0722474638791,0.087619400001131,1.0,1.0,757.0,1,9.094947017729282e-13,0.0,False,"[112, 104, 114, 119, 111, 110, 122]",,
2025-05-05,0,Optimal,0.0006686779276167387,38465.0023342563,0.4735756999871228,18.0,7.0,8010.0,16,1.1311840353300795e-11,0.0,False,"[110, 99, 102, 98, 107, 116, 111]",,
2025-05-05,6,Optimal,0.0,-705.8423483125015,0.03952469999785535,10.0,6.0,4582.0,0,9.094947017729282e-13,0.0,False,"[104, 111, 97, 112, 108, 102, 120]",,
2025-05-05,12,Optimal,0.0,141.82243455065057,0.33859950001351535,4.0,3.0,2128.0,4,2.1742607714259066e-12,0.0,False,"[115, 118, 114, 119, 100, 111, 121]",,
2025-05-05,18,Optimal,3.542111953411246e-05,2921.8517913103765,0.08632639999268577,1.0,1.0,757.0,3,4.547473508864641e-13,0.0,False,"[112, 114, 113, 117, 97, 105, 122]",,
2025-05-06,0,Optimal,0.0006178241869538761,32744.546407017093,0.2737656999961473,18.0,7.0,8010.0,13,5.002220859751105e-12,4.547473508864641e-13,False,"[110, 99, 102, 98, 107, 116, 111]",,
2025-05-06,6,Optimal,0.0001840262223934763,2629.3554837247225,0.37413280000328086,11.0,7.0,4835.0,11,9.094947017729282e-13,0.0,False,"[117, 111, 118, 121, 115, 102, 103]",,
2025-05-06,12,Optimal,0.0,367.3881025264112,0.32529999999678694,4.0,3.0,2128.0,4,9.094947017729282e-13,0.0,False,"[115, 117, 101, 119, 100, 107, 124]",,
2025-05-06,18,Optimal,0.00035633401699327135,2094.798708909332,0.08763260001433082,1.0,1.0,757.0,10,6.821210263296962e-13,0.0,False,"[112, 106, 100, 119, 103, 121, 122]",,
2025-05-07,0,Optimal,0.00077571709172591,35006.06386183116,0.24782009999034926,18.0,7.0,8010.0,14,2.7284841053187847e-12,2.2737367544323206e-13,False,"[110, 117, 105, 123, 121, 106, 100]",,
2025-05-07,6,Optimal,3.453956898561463e-05,2769.864324237023,1.6285015000030398,11.0,7.0,4835.0,6,5.9117155615240335e-12,1.0409451078885468e-12,False,"[117, 111, 109, 107, 100, 124, 103]",,
2025-05-07,12,Optimal,0.0006038162432585187,-677.003351245882,0.5535474000207614,4.0,3.0,2128.0,11,1.4903633882568101e-12,0.0,False,"[108, 118, 101, 106, 104, 122, 124]",,
2025-05-07,18,Optimal,0.0,679.8810162499432,0.07950110000092536,1.0,1.0,757.0,2,8.810729923425242e-13,0.0,False,"[102, 104, 100, 98, 110, 121, 122]",,
2025-05-08,0,Optimal,0.000504784343790556,38263.66996246246,1.3052700000116602,18.0,7.0,8010.0,648,3.211653165635653e-12,2.220446049250313e-16,False,"[110, 117, 105, 104, 114, 119, 112]",,
2025-05-08,6,Optimal,0.0,1385.018375096234,0.29028770001605153,9.0,5.0,4329.0,5,2.6147972675971687e-12,1.726285202664584e-14,False,"[117, 111, 112, 122, 114, 126, 120]",,
2025-05-08,12,Optimal,0.0,268.30569493071795,0.1920142000017222,4.0,3.0,2128.0,3,9.094947017729282e-13,1.1368683772161603e-13,False,"[115, 112, 105, 106, 111, 126, 124]",,
2025-05-08,18,Optimal,0.0,90.84852211969623,0.3828732999972999,1.0,1.0,757.0,6,7.531752999057062e-13,1.1368683772161603e-13,False,"[114, 116, 100, 118, 103, 121, 125]",,
2025-05-09,0,Optimal,0.0004993691124007174,12462.880044902793,0.20401549999951385,16.0,7.0,7288.0,4,9.094947017729282e-13,2.2737367544323206e-13,False,"[110, 118, 113, 109, 114, 119, 112]",,
2025-05-09,6,Optimal,4.8548086437940474e-05,3267.6504981542353,0.12831909998203628,10.0,6.0,4582.0,2,2.1032064978498966e-12,0.0,False,"[104, 118, 121, 108, 102, 124, 123]",,
2025-05-09,12,Optimal,0.0,-423.73320452562405,0.11445319998892955,4.0,3.0,2128.0,2,1.2612133559741778e-12,2.7984486324273633e-14,False,"[115, 112, 102, 110, 111, 121, 124]",,
2025-05-09,18,Optimal,0.0,150.7950633328013,0.0476319000008516,1.0,1.0,757.0,1,6.821210263296962e-13,0.0,False,"[114, 104, 107, 110, 105, 124, 125]",,
2025-05-10,0,Optimal,0.0002910796216472519,13090.854813183896,0.939118399983272,17.0,7.0,7649.0,612,4.547473508864641e-12,4.515893831719748e-12,False,"[110, 117, 105, 104, 127, 106, 112]",,
2025-05-10,6,Optimal,0.0,-67.51970970897433,0.14845969999441877,11.0,7.0,4835.0,1,5.4001247917767614e-12,2.7000623958883807e-13,False,"[105, 116, 112, 108, 102, 110, 123]",,
2025-05-10,12,Optimal,0.0,-63.46883804037995,0.015122199984034523,4.0,3.0,2128.0,0,8.526512829121202e-13,0.0,False,"[108, 117, 105, 116, 107, 128, 127]",,
2025-05-10,18,Optimal,0.000966904691730367,1040.278489245787,0.04050289999577217,1.0,1.0,757.0,1,6.821210263296962e-13,0.0,False,"[114, 104, 117, 103, 128, 124, 125]",,
2025-05-11,0,Optimal,0.0006109129540008206,37019.216786419136,0.2517126999737229,18.0,7.0,8010.0,15,9.094947017729282e-13,6.821210263296962e-13,False,"[103, 118, 113, 109, 129, 106, 112]",,
2025-05-11,6,Optimal,0.0,-253.31065420857084,0.20686040000873618,10.0,6.0,4582.0,1,9.094947017729282e-13,0.0,False,"[105, 118, 121, 108, 102, 110, 123]",,
2025-05-11,12,Optimal,0.0,-290.4305413972625,0.01757900000666268,4.0,3.0,2128.0,0,8.242295734817162e-13,0.0,False,"[115, 112, 102, 104, 122, 129, 124]",,
2025-05-11,18,Optimal,0.0,158.32495724513066,0.005866799998329952,1.0,1.0,757.0,0,9.094947017729282e-13,0.0,False,"[102, 106, 110, 108, 128, 124, 125]",,
2025-05-12,0,Optimal,0.0006261346796479542,32312.367081093777,0.250539700005902,17.0,7.0,7649.0,13,9.094947017729282e-13,6.821210263296962e-13,False,"[103, 118, 115, 107, 114, 119, 112]",,
2025-05-12,6,Optimal,0.0005885766960118652,8122.731100310913,0.6298051000048872,10.0,6.0,4582.0,11,2.2239987629291136e-12,1.8189894035458565e-12,False,"[105, 118, 121, 115, 113, 125, 120]",,
2025-05-12,12,Optimal,0.0,-580.2508519377924,0.9030210000055376,4.0,3.0,2128.0,4,9.947598300641403e-13,0.0,False,"[115, 117, 119, 111, 126, 121, 130]",,
2025-05-12,18,Optimal,0.0,953.7707251918403,0.07106580000254326,1.0,1.0,757.0,2,6.821210263296962e-13,0.0,False,"[112, 113, 110, 111, 126, 123, 130]",,
2025-05-13,0,Optimal,0.0007044358709647918,38071.327205133275,0.23466129999724217,17.0,7.0,7649.0,12,9.094947017729282e-13,1.1368683772161603e-13,False,"[108, 122, 123, 121, 124, 130, 131]",,
2025-05-13,6,Optimal,0.0,-674.9784985116249,0.039243900013389066,11.0,7.0,4835.0,0,9.094947017729282e-13,0.0,False,"[105, 131, 112, 122, 113, 125, 123]",,
2025-05-13,12,Optimal,0.0004130935796288064,-257.8069515056546,0.2739523999916855,4.0,3.0,2128.0,9,1.3358203432289883e-12,1.0658141036401503e-14,False,"[115, 112, 119, 111, 131, 121, 124]",,
2025-05-13,18,Optimal,0.0,284.0441906879154,0.2565965999965556,1.0,1.0,757.0,3,5.448384535809382e-12,1.0658141036401503e-13,False,"[112, 113, 110, 131, 126, 123, 130]",,
2025-05-14,0,Optimal,0.000832927048063277,38130.823752239245,0.41641389997676015,17.0,7.0,7649.0,16,2.1742607714259066e-12,4.440892098500626e-16,False,"[108, 118, 115, 121, 124, 130, 131]",,
2025-05-14,6,Optimal,0.0,831.1659805620475,2.9127777999965474,10.0,6.0,4582.0,16,9.094947017729282e-13,0.0,False,"[106, 118, 121, 115, 130, 132, 123]",,
2025-05-14,12,Optimal,0.00010665605286062563,-2076.621512491728,0.12804999999934807,4.0,3.0,2128.0,2,9.094947017729282e-13,0.0,False,"[115, 112, 119, 107, 131, 121, 130]",,
2025-05-14,18,Optimal,0.0005606321184674844,113.72551860401131,0.306574999995064,1.0,1.0,757.0,5,2.7717130192474777e-12,1.0144698634947289e-14,False,"[112, 117, 131, 132, 126, 129, 130]",,
2025-05-15,0,Optimal,0.0008280771504628017,38217.56476381617,0.48163249998469837,17.0,7.0,7649.0,16,2.2737367544323206e-12,2.2737367544323206e-12,False,"[108, 118, 123, 121, 124, 130, 131]",,
2025-05-15,6,Optimal,0.0009126208869238513,3213.5939792962936,0.898086000001058,10.0,6.0,4582.0,9,3.0127011996228248e-12,0.0,False,"[106, 118, 121, 115, 130, 132, 123]",,
2025-05-15,12,Optimal,0.0009318459573054518,-1708.1086691614273,0.44267930000205524,4.0,3.0,2128.0,8,9.094947017729282e-13,0.0,False,"[115, 112, 110, 132, 128, 125, 130]",,
2025-05-15,18,Optimal,0.0003097785909708923,-455.0308359148329,0.09415480002644472,1.0,1.0,757.0,5,1.7053025658242404e-12,0.0,False,"[112, 117, 131, 111, 126, 129, 130]",,
2025-05-16,0,Optimal,0.0,14503.757497101486,0.050333999999566004,18.0,7.0,8010.0,0,9.094947017729282e-13,0.0,False,"[108, 118, 123, 121, 114, 130, 131]",,
2025-05-16,6,Optimal,0.0,-1260.6308376037955,0.2176264000008814,11.0,7.0,4835.0,3,9.094947017729282e-13,0.0,False,"[133, 118, 121, 115, 130, 132, 123]",,
2025-05-16,12,Optimal,0.0008752269893708192,-477.8008376167093,0.13552989999880083,4.0,3.0,2128.0,4,9.094947017729282e-13,1.2434497875801753e-14,False,"[115, 112, 110, 134, 128, 125, 130]",,
2025-05-16,18,Optimal,0.0,-606.2635422785414,0.11806729997624643,1.0,1.0,757.0,4,2.0463630789890885e-12,0.0,False,"[112, 107, 131, 111, 133, 129, 130]",,
2025-05-17,0,Optimal,5.808257798232285e-05,14603.768730274158,0.19635329997981898,18.0,7.0,8010.0,1,9.094947017729282e-13,0.0,False,"[108, 118, 123, 121, 114, 130, 131]",,
2025-05-17,6,Optimal,0.0,-1115.7353873329728,0.12219210001057945,10.0,6.0,4582.0,3,9.094947017729282e-13,0.0,False,"[133, 118, 121, 115, 135, 132, 123]",,
2025-05-17,12,Optimal,0.0,-142.36041449240818,0.14790959999663755,4.0,3.0,2128.0,3,8.526512829121202e-13,7.959185089097283e-14,False,"[115, 112, 110, 134, 128, 125, 124]",,
2025-05-17,18,Optimal,7.486321664473085e-05,229.33589859305098,0.08586140000261366,1.0,1.0,757.0,4,5.684341886080801e-13,5.684341886080802e-14,False,"[112, 117, 118, 128, 121, 135, 130]",,
2025-05-18,0,Optimal,0.0009715984347873433,39724.238163681955,0.28949150000698864,16.0,7.0,7288.0,17,3.922195901395753e-12,2.2737367544323206e-13,False,"[128, 122, 123, 121, 114, 130, 131]",,
2025-05-18,6,Optimal,0.0,-156.66489282513538,0.7231325000175275,9.0,5.0,4329.0,12,1.3180567748349858e-12,0.0,False,"[133, 118, 136, 115, 135, 132, 123]",,
2025-05-18,12,Optimal,0.00018211557197975647,-851.8042665662299,0.5365458999876864,4.0,3.0,2128.0,9,8.810729923425242e-13,0.0,False,"[109, 112, 111, 122, 126, 125, 130]",,
2025-05-18,18,Optimal,3.5148526263286444e-05,-625.852833246592,0.38991520000854507,1.0,1.0,757.0,9,1.8189894035458565e-12,0.0,False,"[112, 119, 118, 136, 121, 135, 125]",,
2025-05-19,0,Optimal,0.000461284920419219,35942.111408544944,0.2397552999900654,17.0,7.0,7649.0,12,9.094947017729282e-13,4.547473508864641e-13,False,"[128, 118, 136, 121, 114, 130, 131]",,
2025-05-19,6,Optimal,0.0,-784.3652346148194,0.04995970000163652,11.0,7.0,4835.0,0,9.094947017729282e-13,0.0,False,"[117, 131, 121, 115, 135, 125, 128]",,
2025-05-19,12,Optimal,0.0,17.91226973458673,0.41660009999759495,4.0,3.0,2128.0,10,2.8421709430404007e-12,0.0,False,"[118, 114, 111, 122, 126, 120, 130]",,
2025-05-19,18,Optimal,0.00027570352526289034,-495.2068686830112,0.17590770000242628,1.0,1.0,757.0,6,8.242295734817162e-13,0.0,False,"[112, 117, 118, 136, 126, 135, 130]",,
2025-05-20,0,Optimal,0.0003566851471234146,35593.54926238985,0.23607760001323186,17.0,7.0,7649.0,12,9.094947017729282e-13,2.2737367544323206e-13,False,"[137, 118, 136, 121, 114, 130, 131]",,
2025-05-20,6,Optimal,0.0009412371914855758,3227.5997174770027,3.0214738000067882,11.0,7.0,4835.0,15,1.8189894035458565e-12,1.4147695360912217e-11,False,"[117, 138, 112, 115, 113, 124, 120]",,
2025-05-20,12,Optimal,0.0,-775.856322061576,0.16475269998773,4.0,3.0,2128.0,4,9.094947017729282e-13,0.0,False,"[118, 114, 137, 122, 128, 125, 130]",,
2025-05-20,18,Optimal,0.0009499126404070193,-1004.4978644125762,0.14035559998592362,1.0,1.0,757.0,11,8.100187187665142e-13,0.0,False,"[116, 117, 111, 115, 137, 135, 125]",,
2025-05-21,0,Optimal,0.00032333478499438497,34309.862222826734,0.27707870001904666,17.0,7.0,7649.0,10,1.8189894035458565e-12,0.0,False,"[137, 118, 136, 121, 114, 130, 131]",,
2025-05-21,6,Optimal,0.0007290008173098545,5281.986324664793,0.37475990000530146,10.0,6.0,4582.0,3,9.094947017729282e-13,9.947598300641403e-14,False,"[133, 131, 121, 122, 113, 124, 123]",,
2025-05-21,12,Optimal,0.0,-661.1222285168873,0.5962661000085063,4.0,3.0,2128.0,5,9.094947017729282e-13,0.0,False,"[118, 114, 132, 135, 126, 125, 130]",,
2025-05-21,18,Optimal,5.0702392848339833e-05,-680.9304360090591,0.16392890000133775,1.0,1.0,757.0,7,7.958078640513122e-13,0.0,False,"[116, 117, 128, 138, 124, 135, 139]",,
2025-05-22,0,Optimal,0.00033907029050011194,36427.87300408685,0.22380579999298789,17.0,7.0,7649.0,12,9.094947017729282e-13,2.2737367544323206e-13,False,"[137, 118, 136, 121, 114, 130, 131]",,
2025-05-22,6,Optimal,0.00042304364748821605,669.5942401077375,1.001901400013594,10.0,6.0,4582.0,10,9.094947017729282e-13,6.394884621840902e-14,False,"[133, 137, 121, 122, 113, 124, 123]",,
2025-05-22,12,Optimal,0.0,-238.3025102259505,1.3393029000144452,4.0,3.0,2128.0,11,1.5916157281026244e-12,0.0,False,"[118, 138, 134, 135, 128, 125, 130]",,
2025-05-22,18,Optimal,0.0007167303963668115,-983.0523816465642,0.0834278000111226,1.0,1.0,757.0,7,2.2737367544323206e-12,0.0,False,"[116, 131, 118, 138, 123, 140, 139]",,
2025-05-23,0,Optimal,0.0,14621.434164937615,0.05034509999677539,18.0,7.0,8010.0,0,9.094947017729282e-13,0.0,False,"[137, 118, 123, 127, 124, 130, 131]",,
2025-05-23,6,Optimal,0.0,-392.7802343841053,0.14517909998539835,10.0,6.0,4582.0,2,5.115907697472721e-12,0.0,False,"[133, 138, 121, 139, 130, 124, 123]",,
2025-05-23,12,Optimal,0.0,1038.5899139771134,0.017012800002703443,4.0,3.0,2128.0,0,9.094947017729282e-13,0.0,False,"[117, 141, 134, 135, 126, 120, 130]",,
2025-05-23,18,Optimal,7.591690882894073e-05,-829.9136253852706,0.16289330000290647,1.0,1.0,757.0,10,5.684341886080801e-13,0.0,False,"[116, 119, 128, 138, 124, 140, 139]",,
2025-05-24,0,Optimal,0.0,15349.687127356925,0.09492309999768622,18.0,7.0,8010.0,0,9.094947017729282e-13,0.0,False,"[137, 132, 136, 121, 124, 130, 131]",,
2025-05-24,6,Optimal,0.0,-974.325271827892,0.11668809998081997,10.0,6.0,4582.0,2,2.9984903449076228e-12,0.0,False,"[133, 142, 118, 139, 130, 124, 123]",,
2025-05-24,12,Optimal,3.4964099319261426e-05,-581.1826434663047,0.1176188999961596,4.0,3.0,2128.0,1,9.094947017729282e-13,0.0,False,"[118, 119, 134, 135, 128, 125, 130]",,
2025-05-24,18,Optimal,0.0005383339289796454,-987.1322701873485,0.09190530001069419,1.0,1.0,757.0,8,9.094947017729282e-13,0.0,False,"[134, 142, 141, 138, 123, 140, 139]",,
2025-05-25,0,Optimal,0.0005523299013753281,37222.46219439783,0.23637939998297952,18.0,7.0,8010.0,11,9.094947017729282e-13,2.2737367544323206e-13,False,"[137, 132, 123, 127, 124, 130, 131]",,
2025-05-25,6,Optimal,0.0,175.02809453134049,0.3122264000121504,11.0,7.0,4835.0,4,9.094947017729282e-13,4.263256414560601e-14,False,"[133, 138, 121, 129, 130, 125, 123]",,
2025-05-25,12,Optimal,0.0003761846747798741,-527.3410236894999,0.16887120000319555,4.0,3.0,2128.0,9,1.1937117960769683e-12,0.0,False,"[118, 119, 132, 135, 128, 125, 124]",,
2025-05-25,18,Optimal,0.00047076080891331944,-725.430397654543,0.1452796999947168,1.0,1.0,757.0,8,6.821210263296962e-13,0.0,False,"[134, 142, 136, 138, 124, 140, 139]",,
2025-05-26,0,Optimal,0.0003495553133221629,35808.61224895445,0.22933230001945049,17.0,7.0,7649.0,11,3.637978807091713e-12,2.2737367544323206e-13,False,"[144, 142, 136, 121, 129, 130, 131]",,
2025-05-26,6,Optimal,6.579317592103814e-05,2947.4167062859656,7.306992099998752,10.0,6.0,4582.0,18,2.9103830456733704e-11,1.8871930852512884e-11,False,"[144, 138, 121, 129, 130, 125, 123]",,
2025-05-26,12,Optimal,0.00020235197555456324,930.6204845151217,3.5318354000046384,4.0,3.0,2128.0,15,2.753755492090259e-12,0.0,False,"[118, 141, 134, 135, 128, 125, 130]",,
2025-05-26,18,Optimal,0.0007321907314528866,-835.4057641549326,0.30801619999692775,1.0,1.0,757.0,9,7.326361739501408e-13,7.815970093361102e-14,False,"[134, 142, 136, 138, 123, 140, 139]",,
2025-05-27,0,Optimal,0.00037680109393818277,34552.994892538416,1.259777800005395,18.0,7.0,8010.0,648,6.991740519879386e-12,2.220446049250313e-16,False,"[144, 132, 123, 127, 124, 120, 131]",,
2025-05-27,6,Optimal,0.0007148243347479205,5865.7623812894735,0.2403723000024911,10.0,6.0,4582.0,10,5.4569682106375694e-12,5.4569682106375694e-12,False,"[133, 138, 143, 139, 130, 124, 123]",,
2025-05-27,12,Optimal,0.0004342532658320926,-1101.0350864133677,0.32631959998980165,4.0,3.0,2128.0,3,9.094947017729282e-13,0.0,False,"[118, 141, 134, 135, 126, 125, 130]",,
2025-05-27,18,Optimal,4.3079931965115336e-05,-1224.060413609292,0.08994859998347238,1.0,1.0,757.0,9,2.9558577807620168e-12,1.1368683772161603e-13,False,"[131, 118, 136, 126, 123, 140, 139]",,
2025-05-28,0,Optimal,0.0004667755254046454,39206.412720451066,0.24071149999508634,18.0,7.0,8010.0,13,2.829736445164599e-12,2.2737367544323206e-13,False,"[144, 132, 135, 143, 141, 146, 131]",,
2025-05-28,6,Optimal,0.000991246809455259,666.0756248189376,0.865124800009653,10.0,6.0,4582.0,9,1.4814816040598089e-12,5.613287612504791e-13,False,"[134, 142, 143, 139, 130, 124, 123]",,
2025-05-28,12,Optimal,0.00011044806103491367,764.6912636103621,0.4852070000197273,4.0,3.0,2128.0,12,1.574296248918472e-12,0.0,False,"[146, 141, 134, 135, 126, 120, 130]",,
2025-05-28,18,Optimal,0.0002333040552460327,-788.4662390800552,0.087528799980646,1.0,1.0,757.0,13,1.1823431123048067e-11,1.8118839761882555e-13,False,"[134, 141, 143, 137, 124, 140, 139]",,
2025-05-29,0,Optimal,0.0006231316614861222,38687.15256569999,0.2349812999891583,17.0,7.0,7649.0,11,1.8189894035458565e-12,4.547473508864641e-13,False,"[144, 142, 123, 127, 124, 146, 131]",,
2025-05-29,6,Optimal,0.0,2974.4076639430696,3.34916610000073,10.0,6.0,4582.0,11,9.936229616869241e-11,7.5294196799865e-11,False,"[144, 140, 121, 129, 145, 125, 123]",,
2025-05-29,12,Optimal,9.455995837029624e-06,-985.7862051815515,0.7542477999813855,4.0,3.0,2128.0,12,9.094947017729282e-13,0.0,False,"[146, 141, 134, 135, 128, 125, 130]",,
2025-05-29,18,Optimal,0.0003759118316395863,-607.3783674666876,0.15962750001926906,1.0,1.0,757.0,8,2.3874235921539366e-12,0.0,False,"[144, 141, 136, 137, 124, 140, 139]",,
2025-05-30,0,Optimal,0.0,15574.352200936017,0.25028440001187846,17.0,7.0,7649.0,1,9.094947017729282e-13,0.0,False,"[144, 142, 123, 127, 129, 146, 131]",,
2025-05-30,6,Optimal,0.0,-656.0526799281416,0.16018160001840442,10.0,6.0,4582.0,1,5.4285465012071654e-12,2.8421709430404007e-13,False,"[134, 140, 131, 136, 139, 126, 123]",,
2025-05-30,12,Optimal,0.0005360152255679786,-32.3993645609832,0.8468896000122186,4.0,3.0,2128.0,144,3.865352482534945e-12,0.0,False,"[146, 141, 132, 122, 131, 121, 130]",,
2025-05-30,18,Optimal,6.06517428989565e-05,-707.6054397377337,0.09396060000290163,1.0,1.0,757.0,8,1.8189894035458565e-12,0.0,False,"[147, 131, 143, 138, 146, 140, 139]",,
2025-05-31,0,Optimal,0.0009096319046234836,17415.150635975533,1.0046275999920908,17.0,7.0,7649.0,612,2.3874235921539366e-12,0.0,False,"[128, 147, 136, 127, 129, 146, 131]",,
2025-05-31,6,Optimal,0.0,-1590.3422655190204,0.3292473999899812,9.0,5.0,4329.0,5,9.094947017729282e-13,0.0,False,"[134, 147, 137, 129, 145, 126, 123]",,
2025-05-31,12,Optimal,0.0,-277.8346411120965,0.09933310002088547,4.0,3.0,2128.0,5,9.094947017729282e-13,3.863576125695545e-14,False,"[146, 149, 137, 140, 131, 129, 130]",,
2025-05-31,18,Optimal,4.6790770426949895e-05,-1036.974081215844,0.27942459998303093,1.0,1.0,757.0,7,9.094947017729282e-13,0.0,False,"[147, 141, 143, 138, 146, 140, 139]",,
2025-06-01,0,Optimal,0.0006549309820276809,49084.027460382735,0.3307782000047155,17.0,7.0,7649.0,18,3.637978807091713e-12,4.547473508864641e-13,False,"[149, 138, 136, 127, 129, 146, 131]",,
2025-06-01,6,Optimal,0.0009868707791294954,659.4187313408775,0.4279411000024993,11.0,7.0,4835.0,5,4.320099833421409e-12,0.0,False,"[134, 133, 138, 136, 145, 126, 123]",,
2025-06-01,12,Optimal,0.0006061171131768119,-1561.6382334568445,0.09661599999526516,4.0,3.0,2128.0,5,8.526512829121202e-13,0.0,False,"[143, 145, 137, 134, 139, 125, 124]",,
2025-06-01,18,Optimal,0.0002352920827351636,2891.694770806035,0.05693200000678189,1.0,1.0,757.0,1,6.821210263296962e-13,0.0,False,"[149, 134, 132, 136, 126, 123, 125]",,
2025-06-02,0,Optimal,0.0006060840450462137,50412.825066241414,0.3088265999977011,18.0,7.0,8010.0,21,2.5011104298755527e-12,1.8189894035458565e-12,False,"[149, 138, 136, 143, 124, 146, 131]",,
2025-06-02,6,Optimal,0.0005632091655779671,-1380.3176355937803,0.5103931999765337,10.0,6.0,4582.0,5,1.2505552149377763e-12,0.0,False,"[134, 133, 138, 136, 145, 124, 151]",,
2025-06-02,12,Optimal,0.0006856137682205308,-680.7072650276598,0.6290464000194333,4.0,3.0,2128.0,7,9.094947017729282e-13,0.0,False,"[143, 145, 144, 134, 139, 125, 130]",,
2025-06-02,18,Optimal,0.0,3260.668631359525,0.006202999997185543,1.0,1.0,757.0,0,6.821210263296962e-13,0.0,False,"[149, 131, 128, 133, 126, 129, 151]",,
2025-06-03,0,Optimal,0.0009426324145354877,47159.67973116734,0.5456384000135586,17.0,7.0,7649.0,19,1.8189894035458565e-12,1.1368683772161603e-13,False,"[149, 138, 152, 127, 129, 146, 131]",,
2025-06-03,6,Optimal,0.000619759195201571,2477.7269601097346,1.8518732000084128,11.0,7.0,4835.0,9,1.8189894035458565e-12,5.684341886080802e-14,False,"[134, 133, 137, 136, 145, 125, 127]",,
2025-06-03,12,Optimal,0.0,-1229.0616208386402,0.01516710000578314,4.0,3.0,2128.0,0,9.094947017729282e-13,0.0,False,"[143, 145, 144, 134, 139, 125, 151]",,
2025-06-03,18,Optimal,0.0,1323.5785589703044,0.005419299995992333,1.0,1.0,757.0,0,7.958078640513122e-13,0.0,False,"[149, 131, 128, 133, 152, 129, 151]",,
2025-06-04,0,Optimal,0.0009160190871656786,53166.13477730101,0.8539603000099305,17.0,7.0,7649.0,26,9.094947017729282e-13,1.1368683772161603e-13,False,"[149, 138, 152, 127, 129, 146, 145]",,
2025-06-04,6,Optimal,0.0,-5916.180514615608,0.036145999998552725,10.0,6.0,4582.0,0,9.094947017729282e-13,0.0,False,"[146, 133, 137, 136, 153, 126, 127]",,
2025-06-04,12,Optimal,0.00010255644962277022,4083.997340170789,0.3259894000075292,4.0,3.0,2128.0,5,1.8189894035458565e-12,0.0,False,"[143, 145, 144, 134, 139, 127, 151]",,
2025-06-04,18,Optimal,0.0,427.8906573860859,0.006019700027536601,1.0,1.0,757.0,0,8.810729923425242e-13,0.0,False,"[149, 131, 153, 136, 126, 129, 151]",,
2025-06-05,0,Optimal,0.0008113005935518146,44121.08279588115,1.3305792000028305,18.0,7.0,8010.0,648,3.751665644813329e-12,1.8189894035458565e-12,False,"[149, 137, 132, 133, 134, 130, 140]",,
2025-06-05,6,Optimal,0.00038418077596814957,4363.538409998324,0.41085640000528656,11.0,7.0,4835.0,8,9.094947017729282e-13,0.0,False,"[146, 133, 149, 143, 145, 132, 152]",,
2025-06-05,12,Optimal,0.0,1030.5986760800101,0.016844900004798546,4.0,3.0,2128.0,0,8.810729923425242e-13,0.0,False,"[143, 145, 144, 134, 139, 133, 153]",,
2025-06-05,18,Optimal,0.0003941623503062185,2744.3697731634893,0.10320539999520406,1.0,1.0,757.0,6,5.684341886080801e-13,0.0,False,"[149, 131, 153, 136, 152, 154, 151]",,
2025-06-06,0,Optimal,0.0005491762834693405,18856.32144214651,1.381508999998914,18.0,7.0,8010.0,648,1.2164491636212915e-11,7.640736040382293e-14,False,"[149, 137, 132, 133, 129, 146, 145]",,
2025-06-06,6,Optimal,0.0,-398.06555231057945,0.033609500009333715,10.0,6.0,4582.0,0,9.094947017729282e-13,0.0,False,"[134, 133, 149, 129, 145, 132, 152]",,
2025-06-06,12,Optimal,0.0007261732701603318,-596.5016988031703,0.5471971999795642,4.0,3.0,2128.0,4,8.810729923425242e-13,0.0,False,"[150, 149, 148, 140, 131, 133, 152]",,
2025-06-06,18,Optimal,0.0006580950184420166,3581.616535610592,0.07806130000972189,1.0,1.0,757.0,2,7.958078640513122e-13,0.0,False,"[149, 153, 141, 136, 152, 154, 155]",,
2025-06-07,0,Optimal,0.000283782558663053,22079.38898092546,0.24642040001344867,16.0,7.0,7288.0,11,1.8189894035458565e-12,2.2737367544323206e-13,False,"[149, 138, 152, 143, 141, 153, 131]",,
2025-06-07,6,Optimal,0.0,-1661.2348632163023,0.3079787999740802,10.0,6.0,4582.0,3,1.1368683772161603e-12,2.2737367544323206e-13,False,"[146, 133, 149, 129, 145, 132, 152]",,
2025-06-07,12,Optimal,0.0,28.777737293837358,0.21415349998278543,4.0,3.0,2128.0,4,1.0537250084831208e-12,0.0,False,"[143, 145, 144, 134, 139, 154, 152]",,
2025-06-07,18,Optimal,0.00019572591044600936,2111.028578244838,0.059593800018774346,1.0,1.0,757.0,1,5.684341886080801e-13,0.0,False,"[149, 153, 156, 133, 152, 154, 151]",,
2025-06-08,0,Optimal,0.0009091244771211203,45151.31897453838,0.24420100002316758,17.0,7.0,7649.0,17,2.1884716261411086e-12,6.821210263296962e-13,False,"[149, 138, 152, 143, 157, 153, 131]",,
2025-06-08,6,Optimal,0.0,20.57465019961758,2.0872418000071775,10.0,6.0,4582.0,15,1.4139800441625994e-12,1.2631870857957337e-13,False,"[134, 147, 142, 136, 141, 132, 157]",,
2025-06-08,12,Optimal,0.0,20.412368485876257,1.166982700000517,4.0,3.0,2128.0,12,2.6147972675971687e-12,2.021099337273174e-12,False,"[143, 145, 148, 140, 131, 154, 152]",,
2025-06-08,18,Optimal,0.0008175376582523317,2015.150869220498,0.04845750000094995,1.0,1.0,757.0,2,6.821210263296962e-13,0.0,False,"[149, 131, 156, 136, 152, 154, 151]",,
2025-06-09,0,Optimal,0.0008120850564118626,51351.39093161264,1.364309399999911,17.0,7.0,7649.0,612,3.637978807091713e-12,1.8189894035458565e-12,False,"[149, 138, 152, 143, 157, 153, 131]",,
2025-06-09,6,Optimal,0.0,-1541.1077360468873,0.03737619999446906,11.0,7.0,4835.0,0,9.094947017729282e-13,0.0,False,"[134, 133, 149, 153, 141, 151, 157]",,
2025-06-09,12,Optimal,2.6974397741841164e-05,-1503.2666794848337,0.09330300000146963,4.0,3.0,2128.0,1,8.810729923425242e-13,1.1368683772161603e-13,False,"[150, 145, 148, 140, 131, 158, 155]",,
2025-06-09,18,Optimal,0.0,302.609238963681,0.21398120000958443,1.0,1.0,757.0,3,7.389644451905042e-13,1.2656542480726785e-13,False,"[149, 157, 158, 156, 152, 135, 155]",,
2025-06-10,0,Optimal,0.0006168310869293074,55082.07067660416,0.24967580000520684,17.0,7.0,7649.0,14,9.094947017729282e-13,4.547473508864641e-13,False,"[149, 138, 152, 143, 141, 158, 145]",,
2025-06-10,6,Optimal,0.00039959877713808374,-510.38181142064747,0.6449973999988288,9.0,5.0,4329.0,8,9.094947017729282e-13,0.0,False,"[144, 147, 149, 143, 139, 158, 157]",,
2025-06-10,12,Optimal,0.0008139132976421353,1429.2544259373333,0.3438951999996789,4.0,3.0,2128.0,18,1.8189894035458565e-12,0.0,False,"[150, 149, 148, 140, 139, 158, 155]",,
2025-06-10,18,Optimal,0.0006245445450624965,-2396.831981438027,0.2267394999798853,1.0,1.0,757.0,7,2.2737367544323206e-12,0.0,False,"[147, 134, 141, 150, 143, 146, 139]",,
2025-06-11,0,Optimal,0.000802523457004939,58570.2339971243,1.4330908000119962,17.0,7.0,7649.0,612,2.0250467969162855e-12,2.220446049250313e-16,False,"[149, 137, 152, 143, 141, 158, 145]",,
2025-06-11,6,Optimal,0.0004895126506724765,-776.6867940162634,3.7644273999903817,10.0,6.0,4582.0,32,4.391154106997419e-12,1.1368683772161603e-13,False,"[144, 147, 142, 136, 139, 158, 157]",,
2025-06-11,12,Optimal,0.00012133111548951542,913.960051879458,0.4441223000176251,4.0,3.0,2128.0,26,1.3642420526593924e-12,1.1368683772161603e-13,False,"[142, 147, 141, 134, 139, 158, 155]",,
2025-06-11,18,Optimal,0.0,-1589.2948473337826,0.060287200001766905,1.0,1.0,757.0,6,1.7053025658242404e-12,3.197442310920451e-14,False,"[147, 142, 141, 160, 133, 146, 139]",,
2025-06-12,0,Optimal,0.0005923996682971884,54025.4271248889,0.2700120000226889,16.0,7.0,7288.0,9,9.094947017729282e-13,2.2737367544323206e-13,False,"[149, 144, 142, 143, 141, 158, 145]",,
2025-06-12,6,Optimal,6.356248599044966e-05,-1194.9642207490792,1.0570459000009578,9.0,5.0,4329.0,13,1.8189894035458565e-12,0.0,False,"[144, 147, 149, 136, 139, 158, 157]",,
2025-06-12,12,Optimal,0.0009973108925492246,-523.8583771415127,1.9707762000034563,4.0,3.0,2128.0,9,6.548361852765083e-11,0.0,False,"[161, 147, 138, 134, 136, 158, 155]",,
2025-06-12,18,Optimal,0.0,-1078.8328877616996,0.06284339999547228,1.0,1.0,757.0,7,1.8332002582610585e-12,1.1368683772161603e-13,False,"[149, 134, 141, 150, 138, 135, 139]",,
2025-06-13,0,Optimal,6.635441978279809e-05,22791.08584492266,2.0204813000163995,16.0,7.0,7288.0,576,4.5133674575481564e-11,9.609959423596925e-13,False,"[149, 160, 147, 135, 141, 158, 145]",,
2025-06-13,6,Optimal,0.0,-725.4543904853701,0.1438788000086788,10.0,6.0,4582.0,2,5.4569682106375694e-12,6.252776074688882e-13,False,"[144, 140, 162, 136, 141, 158, 157]",,
2025-06-13,12,Optimal,0.0,2179.033608759838,0.22599439998157322,4.0,3.0,2128.0,2,8.952838470577262e-13,0.0,False,"[142, 146, 149, 144, 136, 157, 152]",,
2025-06-13,18,Optimal,7.522076173675973e-06,-1375.4509720187616,0.08098379999864846,1.0,1.0,757.0,10,2.2737367544323206e-12,0.0,False,"[162, 144, 141, 150, 136, 146, 139]",,
2025-06-14,0,Optimal,0.0005449296489874421,23295.03376943491,0.20921019997331314,16.0,7.0,7288.0,1,2.7284841053187847e-12,0.0,False,"[149, 160, 163, 136, 141, 158, 145]",,
2025-06-14,6,Optimal,0.0,-1899.4941570107003,0.12409110000589862,10.0,6.0,4582.0,4,4.810374321095878e-12,4.4913318606070536e-12,False,"[146, 140, 162, 136, 163, 158, 157]",,
2025-06-14,12,Optimal,0.0002454438767337566,-865.6005300697714,0.08491949999006465,4.0,3.0,2128.0,1,9.094947017729282e-13,0.0,False,"[161, 162, 149, 148, 136, 158, 155]",,
2025-06-14,18,Optimal,0.0,-1140.8871461763338,0.05316779998247512,1.0,1.0,757.0,11,1.1368683772161603e-12,0.0,False,"[162, 163, 158, 150, 136, 146, 139]",,
2025-06-15,0,Optimal,0.0008098009959219135,50930.464707683575,0.39686030001030304,16.0,7.0,7288.0,18,1.8189894035458565e-12,2.220446049250313e-16,False,"[164, 162, 138, 152, 141, 158, 145]",,
2025-06-15,6,Optimal,0.0004913035665806305,2353.458329783349,0.8039444999885745,10.0,6.0,4582.0,16,1.8189894035458565e-12,0.0,False,"[144, 140, 162, 145, 163, 158, 157]",,
2025-06-15,12,Optimal,0.0,464.79370376343127,1.6321099999768194,4.0,3.0,2128.0,19,1.0231815394945443e-12,2.5263741715914674e-13,False,"[142, 143, 145, 148, 139, 158, 152]",,
2025-06-15,18,Optimal,0.0,-1405.7785466975167,0.05939860001672059,1.0,1.0,757.0,11,2.3874235921539366e-12,1.1368683772161603e-13,False,"[162, 163, 158, 145, 143, 146, 139]",,
2025-06-16,0,Optimal,0.0005193024520747666,52744.659621313105,1.1991534999979194,17.0,7.0,7649.0,612,2.9558577807620168e-12,4.440892098500626e-16,False,"[164, 162, 163, 143, 157, 158, 145]",,
2025-06-16,6,Optimal,0.0,778.6172935747111,2.6257945999968797,10.0,6.0,4582.0,21,1.8189894035458565e-12,0.0,False,"[144, 140, 162, 145, 163, 158, 157]",,
2025-06-16,12,Optimal,0.0,-250.62250032640426,0.49728300000424497,4.0,3.0,2128.0,7,9.094947017729282e-13,1.1368683772161603e-13,False,"[142, 150, 145, 148, 139, 157, 152]",,
2025-06-16,18,Optimal,8.962129776885942e-06,-1655.5467468047334,0.09204660000978038,1.0,1.0,757.0,9,8.100187187665142e-13,6.217248937900877e-14,False,"[162, 163, 142, 141, 159, 146, 139]",,
2025-06-17,0,Optimal,0.000522451428130725,52728.89725317341,1.4376412999990862,17.0,7.0,7649.0,612,2.0463630789890885e-12,2.220446049250313e-16,False,"[164, 162, 147, 143, 157, 158, 145]",,
2025-06-17,6,Optimal,0.0004443490495317318,2426.311477857292,1.9703946999798063,10.0,6.0,4582.0,19,9.094947017729282e-13,1.1368683772161603e-13,False,"[144, 140, 149, 145, 163, 158, 157]",,
2025-06-17,12,Optimal,0.0,-1111.8639691554458,0.01689169998280704,4.0,3.0,2128.0,0,9.094947017729282e-13,0.0,False,"[142, 143, 147, 141, 139, 158, 152]",,
2025-06-17,18,Optimal,0.000139396690488595,-1325.4992502519965,0.16923249998944812,1.0,1.0,757.0,8,7.105427357601002e-13,6.394884621840902e-14,False,"[148, 147, 142, 141, 150, 146, 151]",,
2025-06-18,0,Optimal,0.0007251568921581341,52830.487964883476,0.8645111999940127,18.0,7.0,8010.0,17,1.1368683772161603e-12,1.1368683772161603e-13,False,"[164, 162, 147, 143, 157, 146, 145]",,
2025-06-18,6,Optimal,0.0006725603350502109,4905.409737004866,1.3234598999843001,11.0,7.0,4835.0,14,9.094947017729282e-13,0.0,False,"[144, 167, 142, 153, 141, 158, 157]",,
2025-06-18,12,Optimal,0.0,-2324.1455147785146,0.0146721999917645,4.0,3.0,2128.0,0,9.094947017729282e-13,0.0,False,"[161, 143, 147, 141, 164, 158, 155]",,
2025-06-18,18,Optimal,0.00010255521331836224,-1835.4288064511209,0.08919819997390732,1.0,1.0,757.0,11,8.846257060213247e-13,0.0,False,"[162, 147, 166, 158, 160, 143, 140]",,
2025-06-19,0,Optimal,0.0007701599142806054,49312.29274165614,0.3504813000035938,18.0,7.0,8010.0,14,1.8189894035458565e-12,2.2737367544323206e-13,False,"[164, 168, 163, 166, 141, 151, 145]",,
2025-06-19,6,Optimal,0.0005019605863172237,3663.9283281223593,0.21352580000529997,11.0,7.0,4835.0,6,3.296918293926865e-12,0.0,False,"[148, 147, 142, 153, 141, 155, 157]",,
2025-06-19,12,Optimal,1.3990780737214424e-06,597.1866761746726,0.38333879999117926,4.0,3.0,2128.0,10,1.2505552149377763e-12,0.0,False,"[142, 143, 146, 149, 144, 158, 152]",,
2025-06-19,18,Optimal,0.0007675060657417106,-2025.8090918857135,0.0747047999757342,1.0,1.0,757.0,10,8.313350008393172e-13,1.4210854715202004e-14,False,"[162, 147, 168, 164, 145, 143, 146]",,
2025-06-20,0,Optimal,0.0005094498986930816,22196.404071677895,1.1160147000045981,17.0,7.0,7649.0,612,3.680611371237319e-12,0.0,False,"[164, 168, 163, 152, 148, 151, 145]",,
2025-06-20,6,Optimal,0.0,-1344.2732385664035,0.26572330002090894,11.0,7.0,4835.0,3,4.462208380573429e-12,0.0,False,"[146, 167, 142, 161, 164, 158, 157]",,
2025-06-20,12,Optimal,0.0,-490.994550768254,0.16747859999304637,4.0,3.0,2128.0,6,8.810729923425242e-13,5.707398270895232e-14,False,"[169, 150, 146, 167, 144, 158, 155]",,
2025-06-20,18,Optimal,0.0009914520206403192,-1812.8648046328926,0.23775069997645915,1.0,1.0,757.0,11,7.958078640513122e-13,0.0,False,"[162, 163, 168, 164, 160, 169, 146]",,
2025-06-21,0,Optimal,0.00010034714056021338,21829.409544032813,0.24025699999765493,17.0,7.0,7649.0,1,9.094947017729282e-13,0.0,False,"[164, 161, 144, 152, 148, 151, 145]",,
2025-06-21,6,Optimal,0.0,174.8032742851948,0.12122869997983798,9.0,5.0,4329.0,2,1.8189894035458565e-12,0.0,False,"[146, 167, 149, 153, 169, 158, 157]",,
2025-06-21,12,Optimal,0.00035315743255791846,862.7963974595812,0.09401749999960884,4.0,3.0,2128.0,3,9.094947017729282e-13,0.0,False,"[169, 150, 147, 167, 144, 157, 152]",,
2025-06-21,18,Optimal,0.0007963930418159611,-1858.89621904458,0.08315709998714738,1.0,1.0,757.0,8,7.318590178329032e-13,0.0,False,"[162, 163, 168, 158, 150, 143, 146]",,
2025-06-22,0,Optimal,0.0007871965084090748,46690.1317709088,0.586100600019563,17.0,7.0,7649.0,20,9.094947017729282e-13,6.821210263296962e-13,False,"[164, 161, 144, 169, 148, 151, 145]",,
2025-06-22,6,Optimal,0.0003469630960999523,4545.142872907428,1.344228399975691,10.0,6.0,4582.0,14,4.376943252282217e-12,0.0,False,"[146, 147, 160, 166, 164, 158, 157]",,
2025-06-22,12,Optimal,0.0,-239.0040259197513,0.7524760999949649,4.0,3.0,2128.0,7,1.2505552149377763e-12,1.1368683772161603e-13,False,"[161, 150, 146, 170, 144, 158, 155]",,
2025-06-22,18,Optimal,0.0,-1974.6045367538798,0.2602733999956399,1.0,1.0,757.0,10,7.354117315117037e-13,1.1368683772161603e-13,False,"[162, 163, 168, 164, 160, 170, 146]",,
2025-06-23,0,Optimal,0.00028801871867231076,49316.367116019646,1.248091299989028,17.0,7.0,7649.0,612,3.851141627819743e-12,3.637978807091713e-12,False,"[164, 161, 171, 152, 148, 151, 145]",,
2025-06-23,6,Optimal,0.00039982901057554894,1054.6534943517536,3.1684156999981496,11.0,7.0,4835.0,22,1.8189894035458565e-12,0.0,False,"[146, 167, 172, 166, 164, 158, 157]",,
2025-06-23,12,Optimal,0.0,-479.5739064590464,1.092993700003717,4.0,3.0,2128.0,17,1.8189894035458565e-12,2.930005725293211e-14,False,"[161, 150, 147, 170, 148, 158, 155]",,
2025-06-23,18,Optimal,0.0008046843957156977,-1684.7241156770344,0.16018820001045242,1.0,1.0,757.0,7,1.1368683772161603e-12,0.0,False,"[162, 147, 168, 164, 150, 170, 154]",,
2025-06-24,0,Optimal,0.0008000591583689079,57200.43343002808,0.2527092999953311,18.0,7.0,8010.0,16,1.8189894035458565e-12,2.2737367544323206e-13,False,"[164, 161, 171, 173, 159, 167, 153]",,
2025-06-24,6,Optimal,0.0009417107563077534,-289.2585852126391,0.8367465999908745,10.0,6.0,4582.0,11,3.0127011996228248e-12,1.1368683772161603e-13,False,"[146, 147, 160, 170, 164, 158, 157]",,
2025-06-24,12,Optimal,0.0,-385.86309693515165,0.39535250002518296,4.0,3.0,2128.0,4,8.881784197001252e-13,0.0,False,"[161, 150, 146, 167, 164, 158, 155]",,
2025-06-24,18,Optimal,0.0,-1464.4145604990163,0.046589700010372326,1.0,1.0,757.0,6,8.810729923425242e-13,0.0,False,"[148, 147, 168, 173, 150, 170, 154]",,
2025-06-25,0,Optimal,0.0009981316930457052,48347.760059460525,0.27338940001209266,18.0,7.0,8010.0,12,9.663381206337363e-13,2.2737367544323206e-13,False,"[164, 161, 174, 169, 166, 165, 153]",,
2025-06-25,6,Optimal,0.0005949583578934758,2694.1799059159907,1.6997407999879215,10.0,6.0,4582.0,35,1.2505552149377763e-12,2.021099337273174e-12,False,"[150, 173, 172, 166, 164, 158, 157]",,
2025-06-25,12,Optimal,0.0,1958.0611930396467,0.9080738000047859,4.0,3.0,2128.0,7,2.3874235921539366e-12,0.0,False,"[161, 150, 147, 167, 164, 158, 155]",,
2025-06-25,18,Optimal,0.0,-1817.8344334432402,0.15110030001960695,1.0,1.0,757.0,9,1.7053025658242404e-12,9.237055564881302e-14,False,"[162, 149, 168, 173, 150, 170, 155]",,
2025-06-26,0,Optimal,0.0004171822376900207,48631.09070134719,0.29102489998331293,17.0,7.0,7649.0,14,9.094947017729282e-13,2.2737367544323206e-13,False,"[164, 161, 174, 173, 166, 165, 153]",,
2025-06-26,6,Optimal,8.77175491458394e-06,1826.140521386858,2.265652299975045,9.0,5.0,4329.0,16,3.410605131648481e-12,2.842170943040401e-14,False,"[150, 167, 149, 161, 164, 158, 157]",,
2025-06-26,12,Optimal,0.0005003140112123729,196.29734241469072,1.64251870001317,4.0,3.0,2128.0,21,6.139089236967266e-12,2.7000623958883807e-13,False,"[161, 150, 172, 170, 164, 158, 155]",,
2025-06-26,18,Optimal,0.0,-1656.2242318371386,0.06282099999953061,1.0,1.0,757.0,8,9.094947017729282e-13,1.1368683772161603e-13,False,"[174, 149, 168, 173, 150, 170, 155]",,
2025-06-27,0,Optimal,0.0006223540418261567,21551.686073024557,0.3153497999883257,18.0,7.0,8010.0,1,9.094947017729282e-13,0.0,False,"[164, 161, 174, 173, 175, 165, 153]",,
2025-06-27,6,Optimal,0.0,-131.02482006620662,0.46227360001648776,9.0,5.0,4329.0,6,9.094947017729282e-13,0.0,False,"[150, 165, 170, 175, 169, 158, 157]",,
2025-06-27,12,Optimal,0.0,-1452.7399623436945,0.016015500004868954,4.0,3.0,2128.0,0,9.094947017729282e-13,0.0,False,"[161, 150, 172, 170, 164, 158, 155]",,
2025-06-27,18,Optimal,0.0,-1432.2022991199483,0.22357990001910366,1.0,1.0,757.0,5,7.958078640513122e-13,0.0,False,"[174, 163, 166, 158, 150, 170, 155]",,
2025-06-28,0,Optimal,0.0,20522.580401465977,0.058797999983653426,18.0,7.0,8010.0,0,9.094947017729282e-13,0.0,False,"[164, 177, 174, 173, 175, 165, 153]",,
2025-06-28,6,Optimal,0.0,1974.093437770743,0.39515160000883043,9.0,5.0,4329.0,5,9.059419880941277e-13,0.0,False,"[150, 165, 166, 175, 169, 158, 157]",,
2025-06-28,12,Optimal,1.6183291707567515e-06,-219.27001258379258,0.49572529998840764,4.0,3.0,2128.0,7,1.9200196987867457e-12,1.8189894035458565e-12,False,"[161, 163, 174, 176, 177, 157, 152]",,
2025-06-28,18,Optimal,0.0001607610698800896,-1254.155788798581,0.07930519999354146,1.0,1.0,757.0,5,1.7621459846850485e-12,0.0,False,"[174, 163, 166, 173, 150, 170, 155]",,
2025-06-29,0,Optimal,0.0005455231727778464,46436.50959144578,0.493305700016208,17.0,7.0,7649.0,16,2.7284841053187847e-12,4.547473508864641e-13,False,"[154, 168, 171, 173, 175, 165, 153]",,
2025-06-29,6,Optimal,0.0009661864765254689,6461.185749826869,0.7943535000085831,11.0,7.0,4835.0,13,9.094947017729282e-13,0.0,False,"[178, 165, 166, 175, 169, 155, 157]",,
2025-06-29,12,Optimal,1.3898377873090995e-05,842.2941709519143,0.4559333999932278,4.0,3.0,2128.0,22,3.183231456205249e-12,1.1368683772161603e-13,False,"[161, 163, 174, 176, 177, 157, 152]",,
2025-06-29,18,Optimal,0.0,-1481.8237865714295,0.14815829999861307,1.0,1.0,757.0,6,9.094947017729282e-12,1.1368683772161603e-13,False,"[174, 163, 168, 164, 160, 170, 155]",,
2025-06-30,0,Optimal,0.000638023440895207,50761.73913134917,0.40958230002433993,17.0,7.0,7649.0,16,6.366462912410498e-12,2.2737367544323206e-13,False,"[154, 168, 171, 173, 175, 165, 153]",,
2025-06-30,6,Optimal,0.0,1111.6421786524381,1.3418730999983381,11.0,7.0,4835.0,8,1.8189894035458565e-12,0.0,False,"[178, 165, 166, 175, 164, 158, 157]",,
2025-06-30,12,Optimal,0.0,322.7296560756264,0.1445893999771215,4.0,3.0,2128.0,14,9.094947017729282e-13,1.1368683772161603e-13,False,"[161, 168, 179, 170, 164, 158, 152]",,
2025-06-30,18,Optimal,0.0,-1793.6791061124663,0.19325219999882393,1.0,1.0,757.0,6,2.091837814077735e-11,2.2737367544323206e-13,False,"[162, 163, 168, 164, 175, 159, 172]",,
2025-07-01,0,Optimal,0.0006990201916979484,45047.75242155028,0.24485690001165494,17.0,7.0,7649.0,11,1.5916157281026244e-12,2.2737367544323206e-13,False,"[154, 168, 171, 173, 175, 165, 153]",,
2025-07-01,6,Optimal,0.0002758511712898367,10335.275860063313,0.13470439999946393,9.0,5.0,4329.0,1,9.094947017729282e-13,0.0,False,"[178, 165, 170, 153, 169, 155, 154]",,
2025-07-01,12,Optimal,0.0006358563879908192,-1989.5581147249954,0.10471010001492687,4.0,3.0,2128.0,10,8.810729923425242e-13,6.394884621840902e-14,False,"[171, 163, 172, 166, 167, 154, 153]",,
2025-07-01,18,Optimal,0.00012882750226021238,1158.9623246889448,0.05582340000546537,1.0,1.0,757.0,5,6.821210263296962e-13,1.4210854715202004e-13,False,"[174, 177, 167, 164, 157, 153, 156]",,
2025-07-02,0,Optimal,0.0009367053553994886,44079.00406760216,0.2748159000184387,16.0,7.0,7288.0,13,9.094947017729282e-13,0.0,False,"[154, 168, 171, 173, 175, 165, 156]",,
2025-07-02,6,Optimal,0.00016617500091468008,5214.924362746165,0.4014467999804765,10.0,6.0,4582.0,6,1.4139800441625994e-12,0.0,False,"[178, 172, 160, 175, 164, 155, 181]",,
2025-07-02,12,Optimal,0.0,-94.26326641256959,0.7286053000134416,4.0,3.0,2128.0,9,9.094947017729282e-13,1.1368683772161603e-13,False,"[171, 165, 166, 172, 176, 181, 155]",,
2025-07-02,18,Optimal,0.0,682.4226980817555,0.05232690001139417,1.0,1.0,757.0,3,6.821210263296962e-13,5.684341886080802e-14,False,"[174, 177, 167, 164, 157, 181, 156]",,
2025-07-03,0,Optimal,0.0004523773054606516,48759.866067976895,0.2940239000017755,17.0,7.0,7649.0,13,9.094947017729282e-13,2.2737367544323206e-13,False,"[170, 162, 163, 180, 166, 167, 155]",,
2025-07-03,6,Optimal,0.0006135953970289545,9716.445120390252,0.4225581999926362,11.0,7.0,4835.0,6,3.751665644813329e-12,1.1368683772161603e-13,False,"[178, 177, 160, 169, 179, 155, 181]",,
2025-07-03,12,Optimal,1.4432137826883177e-05,-754.6124384880837,1.0453581000037957,4.0,3.0,2128.0,11,8.100187187665142e-13,0.0,False,"[163, 178, 179, 172, 176, 181, 155]",,
2025-07-03,18,Optimal,0.0004763426816140604,1589.2928004797236,0.09182870000950061,1.0,1.0,757.0,4,6.821210263296962e-13,0.0,False,"[174, 177, 167, 164, 157, 182, 159]",,
2025-07-04,0,Optimal,0.0006061188006717775,20310.530983782686,0.20967749998089857,17.0,7.0,7649.0,3,9.094947017729282e-13,2.2737367544323206e-13,False,"[170, 162, 163, 180, 166, 167, 183]",,
2025-07-04,6,Optimal,0.0,4746.533780820654,0.035929500008933246,11.0,7.0,4835.0,0,9.094947017729282e-13,0.0,False,"[178, 177, 169, 161, 183, 182, 181]",,
2025-07-04,12,Optimal,0.0,309.6332636032352,0.13681600001291372,4.0,3.0,2128.0,2,9.094947017729282e-13,0.0,False,"[163, 178, 180, 170, 176, 183, 157]",,
2025-07-04,18,Optimal,0.0,688.8655698063284,0.21471490000840276,1.0,1.0,757.0,5,4.547473508864641e-13,0.0,False,"[174, 177, 167, 164, 183, 170, 181]",,
2025-07-05,0,Optimal,0.0009715812526334725,20990.12365038179,1.1097748999891337,17.0,7.0,7649.0,612,2.9558577807620168e-12,2.2737367544323206e-13,False,"[170, 162, 163, 180, 166, 167, 182]",,
2025-07-05,6,Optimal,0.0,4147.719303817303,0.03662189998431131,11.0,7.0,4835.0,0,9.094947017729282e-13,0.0,False,"[178, 177, 169, 183, 180, 184, 181]",,
2025-07-05,12,Optimal,0.00048485098453301246,951.2360604543345,0.07798890001140535,4.0,3.0,2128.0,2,8.526512829121202e-13,0.0,False,"[163, 178, 180, 170, 176, 183, 181]",,
2025-07-05,18,Optimal,0.0006749407811809098,979.0116068946962,0.07455379999009892,1.0,1.0,757.0,3,6.821210263296962e-13,0.0,False,"[174, 177, 167, 164, 183, 182, 159]",,
2025-07-06,0,Optimal,0.00038545683667113505,48919.643511026065,0.2531017999863252,16.0,7.0,7288.0,17,3.637978807091713e-12,3.637978807091713e-12,False,"[170, 162, 163, 180, 166, 158, 181]",,
2025-07-06,6,Optimal,0.0007553311401172241,12888.308351165972,0.1772167000162881,10.0,6.0,4582.0,1,9.094947017729282e-13,2.2737367544323206e-13,False,"[178, 177, 183, 175, 180, 184, 185]",,
2025-07-06,12,Optimal,0.0,408.79076510118915,0.25782410000101663,4.0,3.0,2128.0,4,9.094947017729282e-13,0.0,False,"[163, 178, 180, 170, 182, 183, 185]",,
2025-07-06,18,Optimal,0.0007290046221843351,-637.1945413049655,0.08837080001831055,1.0,1.0,757.0,3,2.2737367544323206e-12,0.0,False,"[174, 177, 167, 164, 175, 182, 159]",,
2025-07-07,0,Optimal,0.000950969367043742,54101.33220099189,0.8108400000201073,16.0,7.0,7288.0,26,9.094947017729282e-13,2.220446049250313e-16,False,"[170, 162, 163, 180, 166, 179, 185]",,
2025-07-07,6,Optimal,0.0,-2073.031234048678,0.03873650002060458,11.0,7.0,4835.0,0,9.094947017729282e-13,0.0,False,"[178, 177, 169, 176, 162, 163, 185]",,
2025-07-07,12,Optimal,0.0,945.2772471660106,0.25328070000978187,4.0,3.0,2128.0,3,2.7284841053187847e-12,1.1368683772161603e-13,False,"[163, 178, 180, 170, 176, 183, 185]",,
2025-07-07,18,Optimal,0.00025090455103054084,-827.0841922351905,0.2137317000015173,1.0,1.0,757.0,7,4.547473508864641e-13,0.0,False,"[174, 177, 167, 183, 180, 169, 184]",,
2025-07-08,0,Optimal,0.0008439901272693285,67604.05968371585,0.8899644000048283,17.0,7.0,7649.0,26,3.2720492981752614e-12,2.0463630789890885e-12,False,"[170, 162, 163, 180, 166, 187, 185]",,
2025-07-08,6,Optimal,0.0,-5241.757970604184,0.03509220000705682,10.0,6.0,4582.0,0,9.094947017729282e-13,0.0,False,"[171, 177, 172, 175, 180, 164, 187]",,
2025-07-08,12,Optimal,0.0,-314.0410568875707,0.4007399999827612,4.0,3.0,2128.0,9,8.846257060213247e-13,2.2737367544323206e-13,False,"[171, 165, 174, 170, 167, 173, 177]",,
2025-07-08,18,Optimal,5.115187143177881e-07,-929.478292480171,0.22220829999423586,1.0,1.0,757.0,14,2.8421709430404007e-12,8.881784197001252e-14,False,"[162, 163, 168, 164, 180, 170, 172]",,
2025-07-09,0,Optimal,0.0009976989094803766,66260.85384412791,0.8197288000083063,17.0,7.0,7649.0,27,1.0231815394945443e-12,2.220446049250313e-16,False,"[164, 168, 163, 180, 166, 187, 185]",,
2025-07-09,6,Optimal,0.0,-5097.0124895131075,0.0360279000014998,10.0,6.0,4582.0,0,9.094947017729282e-13,0.0,False,"[171, 177, 172, 175, 162, 163, 187]",,
2025-07-09,12,Optimal,0.0,-71.24866146872385,0.5972182000114117,4.0,3.0,2128.0,8,6.727938821106478e-12,2.5263741715914674e-13,False,"[161, 178, 168, 170, 167, 173, 177]",,
2025-07-09,18,Optimal,6.332259988079638e-07,-803.9536758021504,0.1907902999955695,1.0,1.0,757.0,13,6.821210263296962e-13,8.526512829121202e-14,False,"[162, 163, 188, 176, 180, 169, 172]",,
2025-07-10,0,Optimal,0.0009810861927121892,61888.095553760366,0.7315585000033025,17.0,7.0,7649.0,20,9.094947017729282e-13,2.220446049250313e-16,False,"[188, 168, 163, 180, 166, 187, 185]",,
2025-07-10,6,Optimal,7.567012480819514e-05,-2502.9125540197015,0.3621942999889143,10.0,6.0,4582.0,4,9.094947017729282e-13,0.0,False,"[171, 177, 172, 188, 162, 164, 187]",,
2025-07-10,12,Optimal,0.0006992427325968768,-882.0918820339908,0.3245059000037145,4.0,3.0,2128.0,14,1.7053025658242404e-12,5.684341886080802e-14,False,"[169, 178, 168, 170, 167, 173, 177]",,
2025-07-10,18,Optimal,2.5480629499389864e-06,-1490.8086124662962,0.1833984000259079,1.0,1.0,757.0,12,2.0463630789890885e-12,0.0,False,"[174, 189, 188, 176, 180, 169, 172]",,
2025-07-11,0,Optimal,0.0008503145138252157,35078.73049463377,1.2572874999896158,18.0,7.0,8010.0,648,6.195932655828074e-12,2.220446049250313e-16,False,"[188, 177, 163, 180, 166, 187, 185]",,
2025-07-11,6,Optimal,0.0,-2792.8468049995513,0.28858530000434257,10.0,6.0,4582.0,3,7.958078640513122e-12,2.2737367544323206e-13,False,"[171, 167, 166, 188, 174, 163, 187]",,
2025-07-11,12,Optimal,0.0,-1369.6358904427793,0.09123019999242388,4.0,3.0,2128.0,1,1.5916157281026244e-12,0.0,False,"[169, 178, 174, 170, 167, 173, 177]",,
2025-07-11,18,Optimal,2.438573821197602e-06,-909.5195783862272,0.17912059999071062,1.0,1.0,757.0,13,2.3234747459355276e-12,9.592326932761353e-14,False,"[179, 189, 188, 176, 180, 169, 172]",,
2025-07-12,0,Optimal,0.0,28557.289105686858,0.06414609999046661,18.0,7.0,8010.0,0,9.094947017729282e-13,0.0,False,"[188, 170, 171, 180, 166, 187, 185]",,
2025-07-12,6,Optimal,0.0003278553926214188,-2307.824037301104,0.8312199999927543,11.0,7.0,4835.0,396,3.410605131648481e-12,0.0,False,"[191, 190, 173, 170, 179, 180, 187]",,
2025-07-12,12,Optimal,0.0,1251.3316559643686,0.20631710000452586,4.0,3.0,2128.0,5,8.526512829121202e-13,1.1368683772161603e-13,False,"[169, 166, 174, 170, 167, 183, 177]",,
2025-07-12,18,Optimal,0.0007695844972156978,-841.4786551359828,0.18425240000942722,1.0,1.0,757.0,12,7.958078640513122e-13,1.1368683772161603e-13,False,"[165, 177, 168, 176, 180, 169, 172]",,
2025-07-13,0,Optimal,0.0008242273412231332,62699.038567336705,0.6289405999996234,18.0,7.0,8010.0,19,9.094947017729282e-13,1.1368683772161603e-13,False,"[188, 177, 169, 172, 165, 187, 185]",,
2025-07-13,6,Optimal,0.0,-6262.77914248028,0.03844930001650937,10.0,6.0,4582.0,0,9.094947017729282e-13,0.0,False,"[191, 190, 173, 170, 175, 176, 187]",,
2025-07-13,12,Optimal,0.0,-140.01681970910172,1.359622899995884,4.0,3.0,2128.0,16,1.2505552149377763e-12,2.021099337273174e-12,False,"[165, 178, 180, 187, 172, 173, 177]",,
2025-07-13,18,Optimal,0.00027474598890703044,218.56585757111188,0.17849769999156706,1.0,1.0,757.0,11,4.547473508864641e-13,0.0,False,"[165, 177, 167, 176, 175, 192, 187]",,
2025-07-14,0,Optimal,0.0009128482620846199,57147.32405886307,0.5713455000077374,18.0,7.0,8010.0,22,9.094947017729282e-13,2.220446049250313e-16,False,"[188, 170, 171, 180, 166, 187, 185]",,
2025-07-14,6,Optimal,0.0,-1951.540533385595,0.2613561000034679,10.0,6.0,4582.0,2,9.094947017729282e-13,0.0,False,"[178, 167, 166, 170, 174, 180, 187]",,
2025-07-14,12,Optimal,0.00046184455946157217,2001.350077944639,1.7613742999965325,4.0,3.0,2128.0,10,3.410605131648481e-12,6.947528971876535e-12,False,"[169, 166, 180, 170, 167, 173, 177]",,
2025-07-14,18,Optimal,0.0007011726741012641,146.32231259364477,0.0708708000020124,1.0,1.0,757.0,12,2.0463630789890885e-12,8.881784197001252e-14,False,"[193, 189, 167, 176, 175, 192, 187]",,
2025-07-15,0,Optimal,0.000811538473974479,59262.47599626947,1.6607960000110324,18.0,7.0,8010.0,648,3.055333763768431e-12,1.8189894035458565e-12,False,"[188, 170, 194, 173, 175, 187, 185]",,
2025-07-15,6,Optimal,0.0,-4397.046372092563,0.037448299990501255,10.0,6.0,4582.0,0,9.094947017729282e-13,0.0,False,"[191, 167, 172, 192, 174, 194, 187]",,
2025-07-15,12,Optimal,0.0,996.4019651113701,1.5429080999747384,4.0,3.0,2128.0,20,1.694644424787839e-12,0.0,False,"[169, 194, 180, 170, 167, 183, 181]",,
2025-07-15,18,Optimal,0.00035292290822623915,-956.1061951334639,0.16969400001107715,1.0,1.0,757.0,15,8.384404281969182e-13,0.0,False,"[174, 177, 171, 176, 182, 192, 172]",,
2025-07-16,0,Optimal,0.0009880632999490165,57625.41848095376,1.7177368999982718,18.0,7.0,8010.0,648,3.637978807091713e-12,2.220446049250313e-16,False,"[188, 195, 174, 178, 176, 187, 185]",,
2025-07-16,6,Optimal,0.0,-1672.1509215985895,0.25525680001010187,10.0,6.0,4582.0,2,9.094947017729282e-13,0.0,False,"[178, 177, 169, 175, 176, 194, 181]",,
2025-07-16,12,Optimal,0.00025513395208979914,-1278.0840699695925,0.5403688999940641,4.0,3.0,2128.0,6,1.0231815394945443e-12,0.0,False,"[169, 194, 174, 170, 176, 183, 181]",,
2025-07-16,18,Optimal,0.0004309556226876826,-553.8388225453762,0.07776320000994019,1.0,1.0,757.0,9,1.6342482922482304e-12,5.684341886080802e-14,False,"[174, 190, 171, 195, 175, 192, 187]",,
2025-07-17,0,Optimal,0.000853839898870906,55636.5386496521,0.9334845000121277,17.0,7.0,7649.0,19,2.4442670110147446e-12,1.1368683772161603e-13,False,"[188, 195, 194, 196, 176, 187, 185]",,
2025-07-17,6,Optimal,0.0001854571655296018,1091.0343750347688,0.29726429999573156,10.0,6.0,4582.0,2,3.0127011996228248e-12,7.389644451905042e-13,False,"[178, 177, 169, 175, 179, 194, 195]",,
2025-07-17,12,Optimal,1.5805722114918696e-07,-1243.9653906074839,0.4226316999993287,4.0,3.0,2128.0,13,1.1368683772161603e-12,0.0,False,"[192, 190, 180, 175, 196, 183, 181]",,
2025-07-17,18,Optimal,3.9710943265431505e-06,-42.25157275989152,0.2903394000022672,1.0,1.0,757.0,12,9.094947017729282e-13,0.0,False,"[196, 179, 178, 195, 175, 192, 187]",,
2025-07-18,0,Optimal,0.0008772803642447174,31486.755061254244,2.3494515000202227,18.0,7.0,8010.0,648,3.637978807091713e-12,1.8189894035458565e-12,False,"[188, 195, 194, 173, 175, 187, 185]",,
2025-07-18,6,Optimal,0.0,-2419.856401371314,0.2884675999812316,10.0,6.0,4582.0,5,9.094947017729282e-13,0.0,False,"[191, 197, 172, 175, 176, 194, 195]",,
2025-07-18,12,Optimal,0.00010352472437260989,-1500.7331273270233,0.08017559998552315,4.0,3.0,2128.0,1,8.810729923425242e-13,0.0,False,"[192, 194, 174, 172, 196, 183, 177]",,
2025-07-18,18,Optimal,0.00014415408626399206,-645.3854855183527,0.25743930001044646,1.0,1.0,757.0,11,7.389644451905042e-13,0.0,False,"[196, 179, 178, 176, 180, 192, 187]",,
2025-07-19,0,Optimal,0.0009627475634731055,31050.36928063715,0.7712172000028659,18.0,7.0,8010.0,10,9.094947017729282e-13,0.0,False,"[188, 198, 194, 173, 175, 187, 185]",,
2025-07-19,6,Optimal,1.7984066680170132e-16,-2528.612459983173,0.3856941999983974,10.0,6.0,4582.0,3,8.810729923425242e-13,0.0,False,"[191, 198, 172, 175, 176, 194, 195]",,
2025-07-19,12,Optimal,0.0,-815.4978950799361,0.1140383999736514,4.0,3.0,2128.0,2,8.348877145181177e-13,0.0,False,"[192, 194, 174, 172, 193, 198, 177]",,
2025-07-19,18,Optimal,0.0,-738.0365594975038,0.06849060000968166,1.0,1.0,757.0,9,9.094947017729282e-13,4.973799150320701e-14,False,"[196, 179, 178, 188, 173, 181, 187]",,
2025-07-20,0,Optimal,0.0006841525837134073,58580.64391738496,0.5733860000036657,18.0,7.0,8010.0,19,5.6274984672199935e-12,4.547473508864641e-13,False,"[188, 190, 174, 173, 175, 187, 185]",,
2025-07-20,6,Optimal,0.0,-1880.562607045045,0.034787300013704225,10.0,6.0,4582.0,0,8.881784197001252e-13,0.0,False,"[178, 198, 172, 179, 180, 193, 185]",,
2025-07-20,12,Optimal,0.0009476662098844565,-1571.74035651606,0.3661693000176456,4.0,3.0,2128.0,11,9.094947017729282e-13,0.0,False,"[191, 179, 187, 172, 193, 198, 177]",,
2025-07-20,18,Optimal,0.00027414124545108805,-1120.9530081504545,0.1121387000021059,1.0,1.0,757.0,12,6.821210263296962e-13,2.646771690706373e-13,False,"[196, 199, 197, 188, 173, 181, 187]",,
2025-07-21,0,Optimal,0.0006752474557798722,60499.870799372344,0.7412196000223048,17.0,7.0,7649.0,23,2.3526859472945538e-12,2.842170943040401e-14,False,"[188, 190, 177, 196, 175, 187, 185]",,
2025-07-21,6,Optimal,0.0,-3217.062020679037,0.04421059999731369,11.0,7.0,4835.0,0,9.094947017729282e-13,0.0,False,"[178, 198, 192, 179, 180, 193, 185]",,
2025-07-21,12,Optimal,0.000911116501553083,920.7514524927373,0.294823100004578,4.0,3.0,2128.0,4,9.094947017729282e-13,0.0,False,"[191, 179, 199, 200, 193, 198, 177]",,
2025-07-21,18,Optimal,0.0003365174813038071,-1236.1748680303492,0.07862720001139678,1.0,1.0,757.0,10,1.7053025658242404e-12,1.6342482922482304e-13,False,"[174, 200, 177, 198, 195, 175, 192]",,
2025-07-22,0,Optimal,0.000900128389728505,56613.7146869689,1.4404488999862224,18.0,7.0,8010.0,648,4.774847184307873e-12,2.220446049250313e-16,False,"[188, 190, 201, 178, 175, 187, 185]",,
2025-07-22,6,Optimal,0.000682990628126015,8239.322904893863,0.19625409998116083,10.0,6.0,4582.0,10,1.0231815394945443e-12,0.0,False,"[191, 198, 196, 179, 180, 193, 185]",,
2025-07-22,12,Optimal,0.0007466280791542892,-3206.111573433196,0.1453414999996312,4.0,3.0,2128.0,2,9.094947017729282e-13,0.0,False,"[201, 190, 174, 200, 196, 198, 177]",,
2025-07-22,18,Optimal,0.00020798147752768413,-610.7437579347699,0.5236347999889404,1.0,1.0,757.0,11,7.958078640513122e-13,2.220446049250313e-16,False,"[196, 199, 177, 198, 195, 175, 187]",,
2025-07-23,0,Optimal,0.0008934360493832574,64870.8298638217,0.9269757000147365,17.0,7.0,7649.0,21,9.663381206337363e-13,2.842170943040401e-14,False,"[188, 190, 201, 196, 202, 187, 185]",,
2025-07-23,6,Optimal,0.0,-5952.042615588054,0.04240909998770803,11.0,7.0,4835.0,0,9.094947017729282e-13,0.0,False,"[191, 197, 192, 175, 180, 193, 181]",,
2025-07-23,12,Optimal,0.00033371047517844366,3402.695931438226,0.43731649999972433,4.0,3.0,2128.0,6,9.094947017729282e-13,5.980411856092978e-14,False,"[201, 190, 187, 202, 196, 198, 177]",,
2025-07-23,18,Optimal,0.0004906985983552437,-1081.0082745583372,0.28058570000575855,1.0,1.0,757.0,12,1.3642420526593924e-12,2.2737367544323206e-13,False,"[191, 199, 197, 198, 195, 175, 192]",,
2025-07-24,0,Optimal,0.0006397319941369955,64067.950089956394,1.422584799991455,17.0,7.0,7649.0,612,1.9326762412674725e-12,1.1368683772161603e-12,False,"[188, 199, 195, 178, 202, 187, 185]",,
2025-07-24,6,Optimal,0.0,-2846.674438322855,0.04230000000097789,10.0,6.0,4582.0,0,9.094947017729282e-13,0.0,False,"[178, 197, 192, 176, 184, 187, 203]",,
2025-07-24,12,Optimal,0.0,-317.0603805021225,0.6821333000261802,4.0,3.0,2128.0,10,9.094947017729282e-13,1.1368683772161603e-13,False,"[203, 190, 180, 200, 196, 198, 177]",,
2025-07-24,18,Optimal,0.000213226023366766,-989.4803830188064,0.0828136999916751,1.0,1.0,757.0,11,6.821210263296962e-13,0.0,False,"[196, 199, 197, 198, 195, 181, 187]",,
2025-07-25,0,Optimal,0.0,27659.030840950414,0.0521751000196673,17.0,7.0,7649.0,0,9.094947017729282e-13,0.0,False,"[188, 204, 200, 194, 202, 187, 185]",,
2025-07-25,6,Optimal,0.0,-1710.290248146424,0.0357217000273522,11.0,7.0,4835.0,0,9.094947017729282e-13,0.0,False,"[178, 190, 177, 201, 184, 187, 203]",,
2025-07-25,12,Optimal,0.0007350929119738591,-777.2074500678716,0.18566640000790358,4.0,3.0,2128.0,6,8.526512829121202e-13,0.0,False,"[203, 178, 179, 202, 196, 198, 177]",,
2025-07-25,18,Optimal,0.0003204083616942119,-985.9563470808401,0.07736990001285449,1.0,1.0,757.0,14,2.1600499167107046e-12,1.1368683772161603e-13,False,"[196, 200, 177, 202, 195, 181, 187]",,
2025-07-26,0,Optimal,0.00031789350099862743,29204.682163817917,0.6539126000134274,17.0,7.0,7649.0,12,2.334132886971929e-12,5.684341886080801e-13,False,"[188, 204, 200, 178, 202, 187, 185]",,
2025-07-26,6,Optimal,0.0,-1727.6528020102705,0.13867489999393,11.0,7.0,4835.0,2,6.59383658785373e-12,0.0,False,"[191, 204, 198, 201, 184, 187, 203]",,
2025-07-26,12,Optimal,0.0,-296.8742028085623,0.1110970999870915,4.0,3.0,2128.0,2,9.094947017729282e-13,0.0,False,"[204, 178, 179, 199, 196, 197, 184]",,
2025-07-26,18,Optimal,0.00027328470293663305,-1123.0990827063847,0.08893220001482405,1.0,1.0,757.0,10,8.810729923425242e-13,0.0,False,"[191, 200, 197, 198, 195, 181, 187]",,
2025-07-27,0,Optimal,0.0009795643334782145,57972.40113629708,2.2059402000159025,17.0,7.0,7649.0,612,6.366462912410498e-12,2.220446049250313e-16,False,"[188, 204, 206, 194, 202, 187, 185]",,
2025-07-27,6,Optimal,0.0006056845959773508,2891.603918990598,0.5102996999921743,11.0,7.0,4835.0,9,2.3163693185779266e-12,0.0,False,"[205, 190, 206, 201, 184, 187, 203]",,
2025-07-27,12,Optimal,1.3415571274310874e-05,-1535.282254567996,0.2871527000097558,4.0,3.0,2128.0,5,9.094947017729282e-13,0.0,False,"[204, 189, 180, 202, 196, 197, 184]",,
2025-07-27,18,Optimal,0.00017976993033963485,-849.1844709158798,0.18947129999287426,1.0,1.0,757.0,11,8.668621376273222e-13,0.0,False,"[191, 200, 197, 205, 201, 192, 187]",,
2025-07-28,0,Optimal,0.0008646695239827104,59843.72026105877,0.6091257999942172,17.0,7.0,7649.0,20,9.094947017729282e-13,2.220446049250313e-16,False,"[188, 204, 206, 194, 205, 187, 185]",,
2025-07-28,6,Optimal,0.0,1265.0857268190111,0.29285619998699985,11.0,7.0,4835.0,6,1.8189894035458565e-12,1.1368683772161603e-13,False,"[191, 190, 198, 196, 184, 187, 203]",,
2025-07-28,12,Optimal,0.0004275034921212433,-324.67648878258683,0.286333600000944,4.0,3.0,2128.0,6,9.094947017729282e-13,0.0,False,"[203, 190, 180, 202, 196, 207, 184]",,
2025-07-28,18,Optimal,0.00023349713859834885,-628.3663511403447,0.4447603000153322,1.0,1.0,757.0,13,7.247535904753022e-13,0.0,False,"[196, 200, 202, 205, 201, 181, 187]",,
2025-07-29,0,Optimal,0.0006636556302123223,58321.584259481344,1.139530000014929,17.0,7.0,7649.0,22,4.059190907730455e-11,2.2737367544323206e-13,False,"[188, 204, 206, 194, 202, 187, 185]",,
2025-07-29,6,Optimal,0.0006700984120585059,2797.974737306404,0.7345395000011194,11.0,7.0,4835.0,17,1.5241141682054149e-12,1.1368683772161603e-13,False,"[191, 190, 198, 196, 194, 187, 203]",,
2025-07-29,12,Optimal,0.0007480902975246561,-786.2706022992194,0.3425316999782808,4.0,3.0,2128.0,4,1.8189894035458565e-12,1.1368683772161603e-13,False,"[204, 189, 206, 200, 196, 207, 184]",,
2025-07-29,18,Optimal,0.000513741698632868,-1241.0305409787616,0.09781239999574609,1.0,1.0,757.0,12,7.531752999057062e-13,0.0,False,"[191, 200, 197, 205, 195, 181, 187]",,
2025-07-30,0,Optimal,0.0009226713381735654,53374.594508744696,2.237559400004102,17.0,7.0,7649.0,612,3.737454790098127e-12,6.821210263296962e-13,False,"[188, 204, 206, 194, 202, 192, 185]",,
2025-07-30,6,Optimal,0.0005898045019826055,5141.444742498551,0.3837455000029877,11.0,7.0,4835.0,4,2.3874235921539366e-12,0.0,False,"[205, 209, 197, 188, 194, 186, 203]",,
2025-07-30,12,Optimal,0.0006038042215351749,-822.3399346321587,0.53980650001904,4.0,3.0,2128.0,10,1.113775738303957e-12,0.0,False,"[204, 189, 206, 200, 196, 197, 198]",,
2025-07-30,18,Optimal,0.0001691593670469086,-406.819453057628,0.30476609998731874,1.0,1.0,757.0,13,7.247535904753022e-13,0.0,False,"[196, 200, 197, 205, 209, 182, 187]",,
2025-07-31,0,Optimal,0.0008920410180888911,55344.68607506196,2.0411386000050697,17.0,7.0,7649.0,28,9.094947017729282e-13,2.220446049250313e-16,False,"[188, 204, 206, 194, 202, 192, 185]",,
2025-07-31,6,Optimal,0.00032898162433179807,-850.922453637828,0.27535729997907765,11.0,7.0,4835.0,2,9.094947017729282e-13,1.2789769243681802e-14,False,"[191, 190, 198, 188, 193, 208, 203]",,
2025-07-31,12,Optimal,0.0,1555.3455501007934,0.3836699999810662,4.0,3.0,2128.0,3,9.094947017729282e-13,0.0,False,"[203, 190, 206, 199, 195, 197, 198]",,
2025-07-31,18,Optimal,0.0003101173623153124,-729.411143532978,0.1831395000044722,1.0,1.0,757.0,12,7.247535904753022e-13,0.0,False,"[210, 193, 208, 202, 195, 207, 187]",,
2025-08-01,0,Optimal,0.0009946904800043471,27841.229511698122,1.295390299987048,17.0,7.0,7649.0,612,4.149569576838985e-12,1.8189894035458565e-12,False,"[188, 204, 206, 194, 202, 211, 185]",,
2025-08-01,6,Optimal,0.0,-1702.766094854294,0.15290670000831597,9.0,5.0,4329.0,4,3.360867140145274e-12,0.0,False,"[205, 210, 204, 192, 194, 184, 203]",,
2025-08-01,12,Optimal,0.0004123370554473964,-1509.3241923158364,0.21824740001466125,4.0,3.0,2128.0,8,8.952838470577262e-13,0.0,False,"[203, 201, 206, 199, 195, 193, 198]",,
2025-08-01,18,Optimal,0.00041108217148045804,-227.41122595485294,0.17190129999653436,1.0,1.0,757.0,9,8.384404281969182e-13,0.0,False,"[210, 193, 208, 202, 195, 207, 187]",,
2025-08-02,0,Optimal,0.0007761095504062751,25067.461512399474,0.3776252999959979,18.0,7.0,8010.0,4,3.637978807091713e-12,0.0,False,"[188, 204, 206, 212, 205, 197, 210]",,
2025-08-02,6,Optimal,0.0,-1503.8334447959633,0.17218880000291392,10.0,6.0,4582.0,3,2.6574298317427747e-12,0.0,False,"[205, 210, 198, 192, 194, 195, 187]",,
2025-08-02,12,Optimal,0.00035081947251941237,95.27647792275705,0.5973774000012781,4.0,3.0,2128.0,7,8.641976023682219e-13,6.661338147750939e-16,False,"[191, 203, 206, 200, 202, 193, 198]",,
2025-08-02,18,Optimal,0.0,353.0383262617267,0.07956280000507832,1.0,1.0,757.0,4,7.958078640513122e-13,2.1316282072803006e-14,False,"[194, 204, 200, 198, 206, 211, 203]",,
2025-08-03,0,Optimal,0.0009012024086888522,45155.52366061376,0.3317999000137206,17.0,7.0,7649.0,12,9.094947017729282e-13,4.547473508864641e-13,False,"[213, 203, 198, 201, 207, 208, 187]",,
2025-08-03,6,Optimal,0.0,2741.095930879373,0.3860670999856666,9.0,5.0,4329.0,5,3.637978807091713e-12,2.510251951434488e-14,False,"[191, 209, 204, 207, 194, 195, 187]",,
2025-08-03,12,Optimal,0.0007588167047431638,-1313.1856011186508,0.153032499976689,4.0,3.0,2128.0,2,2.1600499167107046e-12,2.7244133243153916e-14,False,"[192, 203, 205, 200, 202, 208, 207]",,
2025-08-03,18,Optimal,0.0002661661143132332,-147.95408948888183,0.20580920000793412,1.0,1.0,757.0,6,6.536993168992922e-13,1.1368683772161603e-13,False,"[212, 196, 193, 197, 205, 211, 203]",,
2025-08-04,0,Optimal,0.0007429650633163268,48467.0535098235,0.24793519999366254,18.0,7.0,8010.0,12,9.094947017729282e-13,2.2737367544323206e-13,False,"[213, 203, 198, 201, 207, 208, 192]",,
2025-08-04,6,Optimal,0.0002918795109699358,2062.452732562725,0.5840323000156786,11.0,7.0,4835.0,11,9.094947017729282e-13,0.0,False,"[191, 200, 198, 197, 201, 211, 212]",,
2025-08-04,12,Optimal,0.0,-1364.0849689476597,0.01650489997700788,4.0,3.0,2128.0,0,9.094947017729282e-13,0.0,False,"[191, 204, 206, 212, 202, 213, 214]",,
2025-08-04,18,Optimal,3.229695916811251e-07,117.1271942767475,0.17580490000545979,1.0,1.0,757.0,7,2.1600499167107046e-12,0.0,False,"[190, 210, 200, 197, 208, 202, 214]",,
2025-08-05,0,Optimal,0.0005353806572633599,46550.39814385088,0.40539129998069257,17.0,7.0,7649.0,14,2.7284841053187847e-12,2.220446049250313e-16,False,"[213, 203, 198, 201, 196, 209, 211]",,
2025-08-05,6,Optimal,0.0002778074469719711,4034.0026839685283,0.18684870001743548,9.0,5.0,4329.0,8,1.0231815394945443e-12,7.815970093361102e-14,False,"[191, 215, 210, 206, 213, 208, 203]",,
2025-08-05,12,Optimal,0.0,-199.53938978667048,0.44420729999546893,4.0,3.0,2128.0,4,9.094947017729282e-13,0.0,False,"[191, 201, 206, 212, 196, 213, 214]",,
2025-08-05,18,Optimal,9.76584527479065e-05,286.7680591156502,0.22124659997643903,1.0,1.0,757.0,10,7.958078640513122e-13,1.1546319456101628e-13,False,"[190, 210, 193, 199, 198, 209, 211]",,
2025-08-06,0,Optimal,0.0006814384161982645,52651.20573853072,0.2934707999811508,18.0,7.0,8010.0,12,9.094947017729282e-13,4.547473508864641e-13,False,"[213, 204, 206, 212, 207, 209, 211]",,
2025-08-06,6,Optimal,0.0,-2192.189968287948,0.035879500006558374,11.0,7.0,4835.0,0,9.094947017729282e-13,0.0,False,"[191, 200, 210, 204, 213, 208, 203]",,
2025-08-06,12,Optimal,0.0,1178.909249791194,0.22304670000448823,4.0,3.0,2128.0,7,8.881784197001252e-13,0.0,False,"[190, 210, 205, 212, 196, 213, 198]",,
2025-08-06,18,Optimal,0.0,82.52155844019046,0.3643660999950953,1.0,1.0,757.0,13,7.815970093361102e-13,3.3968908979335115e-13,False,"[190, 204, 215, 201, 197, 209, 211]",,
2025-08-07,0,Optimal,0.0007010495069071568,51917.70862647997,1.3113815000106115,17.0,7.0,7649.0,612,1.2437340046744794e-10,5.2157352511036e-12,False,"[191, 199, 206, 212, 207, 209, 211]",,
2025-08-07,6,Optimal,0.0,-1230.832157327799,0.040011400007642806,11.0,7.0,4835.0,0,9.094947017729282e-13,0.0,False,"[190, 216, 192, 197, 214, 211, 203]",,
2025-08-07,12,Optimal,0.0,-218.21196025403663,0.1650530000042636,4.0,3.0,2128.0,4,1.5916157281026244e-12,0.0,False,"[192, 209, 200, 199, 193, 213, 198]",,
2025-08-07,18,Optimal,0.0,33.57013221175282,0.18210939998971298,1.0,1.0,757.0,6,9.094947017729282e-13,0.0,False,"[190, 200, 201, 198, 209, 208, 203]",,
2025-08-08,0,Optimal,0.0005157277196291088,24393.323240733836,1.1962626000167802,18.0,7.0,8010.0,648,2.1600499167107046e-12,2.2737367544323206e-13,False,"[218, 204, 206, 212, 207, 209, 211]",,
2025-08-08,6,Optimal,0.0,-434.1119493507767,0.13179680000757799,11.0,7.0,4835.0,1,2.2737367544323206e-12,1.710231956053576e-12,False,"[191, 216, 198, 197, 214, 211, 203]",,
2025-08-08,12,Optimal,0.00018807436953911533,290.87671709377565,0.2935066999925766,4.0,3.0,2128.0,7,2.0463630789890885e-12,5.684341886080802e-14,False,"[201, 204, 200, 199, 196, 207, 198]",,
2025-08-08,18,Optimal,0.0,155.04188672600733,0.1495885000040289,1.0,1.0,757.0,8,8.100187187665142e-13,4.3076653355456074e-14,False,"[204, 201, 196, 216, 192, 203, 217]",,
2025-08-09,0,Optimal,0.00025323978180054,23900.79910228131,1.2515549999952782,18.0,7.0,8010.0,648,6.480149750132114e-12,2.2737367544323206e-13,False,"[218, 199, 200, 194, 207, 209, 211]",,
2025-08-09,6,Optimal,0.0,-809.5170163927972,0.4865983000199776,11.0,7.0,4835.0,6,9.094947017729282e-13,0.0,False,"[215, 200, 210, 213, 219, 211, 212]",,
2025-08-09,12,Optimal,0.00030048058399488494,435.2412338675688,0.4863461999921128,4.0,3.0,2128.0,9,8.923972671937008e-13,1.4210854715202004e-14,False,"[201, 218, 206, 199, 196, 202, 198]",,
2025-08-09,18,Optimal,1.2198804500455975e-06,202.37472966796432,0.14284909999696538,1.0,1.0,757.0,9,7.958078640513122e-13,0.0,False,"[210, 193, 198, 215, 197, 203, 211]",,
2025-08-10,0,Optimal,0.0007514042475543918,48573.777679761886,0.6749856999958865,18.0,7.0,8010.0,20,3.637978807091713e-12,2.220446049250313e-16,False,"[218, 199, 200, 220, 196, 202, 197]",,
2025-08-10,6,Optimal,0.0,383.2972286790863,1.0221216999925673,9.0,5.0,4329.0,6,9.094947017729282e-13,0.0,False,"[215, 209, 206, 217, 220, 211, 196]",,
2025-08-10,12,Optimal,0.00029142727549686775,-46.7841557697377,0.23982330001308583,4.0,3.0,2128.0,6,9.094947017729282e-13,8.881784197001252e-14,False,"[220, 218, 206, 194, 211, 202, 215]",,
2025-08-10,18,Optimal,0.0005565634581948455,311.229978979768,0.20656260001123883,1.0,1.0,757.0,12,1.4779288903810084e-12,0.0,False,"[201, 193, 198, 215, 205, 203, 211]",,
2025-08-11,0,Optimal,0.0005392510338557613,46230.02481735541,0.24676609999733046,17.0,7.0,7649.0,12,9.094947017729282e-13,2.2737367544323206e-13,False,"[218, 198, 195, 221, 196, 202, 197]",,
2025-08-11,6,Optimal,0.00029633485943442726,2501.2511195048364,0.4712433999811765,9.0,5.0,4329.0,2,1.9326762412674725e-12,0.0,False,"[215, 209, 206, 217, 220, 211, 196]",,
2025-08-11,12,Optimal,0.0,-12.409959585762591,0.6765887999790721,4.0,3.0,2128.0,22,2.1582735598713043e-12,2.2737367544323206e-13,False,"[210, 217, 206, 199, 197, 213, 198]",,
2025-08-11,18,Optimal,0.0007802370617046453,92.97308560392476,0.138377399998717,1.0,1.0,757.0,12,6.821210263296962e-13,0.0,False,"[201, 195, 198, 194, 205, 203, 211]",,
2025-08-12,0,Optimal,0.0004897336221718314,51245.83438660127,0.29598949998035096,17.0,7.0,7649.0,13,1.8189894035458565e-12,4.547473508864641e-13,False,"[218, 198, 195, 221, 196, 202, 197]",,
2025-08-12,6,Optimal,0.0004158604599404461,1274.8977538478066,1.2597524000157136,9.0,5.0,4329.0,12,7.617018127348274e-12,8.215650382226158e-15,False,"[215, 216, 210, 217, 207, 208, 212]",,
2025-08-12,12,Optimal,0.0008139783996647569,-506.0264800827195,0.36298740000347607,4.0,3.0,2128.0,5,9.094947017729282e-13,2.9558577807620168e-12,False,"[210, 217, 200, 205, 211, 202, 198]",,
2025-08-12,18,Optimal,0.0,302.94389578065426,0.256007399992086,1.0,1.0,757.0,7,2.9558577807620168e-12,0.0,False,"[204, 195, 198, 209, 207, 208, 202]",,
2025-08-13,0,Optimal,0.0005075683303140495,46518.41633843245,1.3276591000030749,17.0,7.0,7649.0,612,1.397211235598661e-10,4.860112312599085e-12,False,"[218, 223, 200, 221, 196, 202, 197]",,
2025-08-13,6,Optimal,0.00010933049107041668,2587.108419895044,0.5659000000159722,9.0,5.0,4329.0,9,1.8189894035458565e-12,1.1368683772161603e-13,False,"[223, 216, 198, 213, 221, 208, 212]",,
2025-08-13,12,Optimal,0.0008328901226256831,1822.412106648405,0.2983372999879066,4.0,3.0,2128.0,6,8.952838470577262e-13,0.0,False,"[223, 219, 204, 216, 212, 213, 215]",,
2025-08-13,18,Optimal,0.00022916182653496717,596.220840775543,0.12705360000836663,1.0,1.0,757.0,10,8.100187187665142e-13,8.526512829121202e-14,False,"[204, 223, 198, 209, 207, 203, 211]",,
2025-08-14,0,Optimal,0.0007906780307243075,48684.85749066831,0.2578639999846928,17.0,7.0,7649.0,15,2.5011104298755527e-12,2.021099337273174e-12,False,"[218, 223, 200, 221, 207, 202, 197]",,
2025-08-14,6,Optimal,0.0008306123737118915,2808.3139136536574,0.28183990000979975,11.0,7.0,4835.0,2,9.094947017729282e-13,0.0,False,"[223, 218, 198, 197, 219, 201, 203]",,
2025-08-14,12,Optimal,0.0,-298.4850379446469,0.3298099999956321,4.0,3.0,2128.0,6,9.094947017729282e-13,5.684341886080802e-14,False,"[224, 219, 218, 216, 212, 213, 198]",,
2025-08-14,18,Optimal,0.0,739.9864358563381,0.0635584999981802,1.0,1.0,757.0,10,6.821210263296962e-13,3.055333763768431e-13,False,"[204, 223, 198, 209, 205, 208, 202]",,
2025-08-15,0,Optimal,0.0003277672336919893,24520.896803328524,0.25580470002023503,18.0,7.0,8010.0,3,9.094947017729282e-13,2.2737367544323206e-13,False,"[218, 223, 200, 221, 215, 205, 214]",,
2025-08-15,6,Optimal,0.0,-704.2303757508319,0.21213669999269769,9.0,5.0,4329.0,3,4.945377440890297e-12,3.637978807091713e-12,False,"[205, 218, 198, 206, 214, 201, 203]",,
2025-08-15,12,Optimal,0.0,-202.56708617751445,0.014895700005581602,4.0,3.0,2128.0,0,9.094947017729282e-13,0.0,False,"[222, 210, 217, 206, 199, 213, 198]",,
2025-08-15,18,Optimal,0.0003926503636174653,-55.747599117188635,0.1274062999873422,1.0,1.0,757.0,5,5.542233338928781e-13,3.524291969370097e-12,False,"[221, 225, 206, 219, 220, 203, 211]",,
2025-08-16,0,Optimal,0.0001204905202942367,25812.594589570555,1.089769400015939,17.0,7.0,7649.0,612,5.002220859751105e-12,2.220446049250313e-16,False,"[213, 199, 200, 221, 215, 205, 214]",,
2025-08-16,6,Optimal,0.0,-1551.0330011932117,0.03444459999445826,10.0,6.0,4582.0,0,8.988365607365267e-13,0.0,False,"[226, 215, 209, 206, 214, 201, 203]",,
2025-08-16,12,Optimal,0.0004445276113055534,-196.1849876119794,0.2228606000135187,4.0,3.0,2128.0,7,9.983125437429408e-13,0.0,False,"[222, 210, 217, 200, 205, 213, 215]",,
2025-08-16,18,Optimal,0.0,-101.76777728179701,0.239808800019091,1.0,1.0,757.0,4,2.0463630789890885e-12,0.0,False,"[221, 226, 213, 219, 220, 218, 211]",,
2025-08-17,0,Optimal,0.000984683165326323,48725.65909476843,1.2469335999921896,17.0,7.0,7649.0,612,1.127773430198431e-10,8.526512829121202e-13,False,"[213, 204, 200, 221, 215, 205, 214]",,
2025-08-17,6,Optimal,0.0,65.68740924538898,0.5486187000060454,11.0,7.0,4835.0,7,2.021099337273174e-12,1.578789584742804e-14,False,"[226, 222, 209, 206, 217, 220, 211]",,
2025-08-17,12,Optimal,0.0002447920548733218,185.17725550085186,0.7029251999920234,4.0,3.0,2128.0,11,9.094947017729282e-13,2.220446049250313e-16,False,"[223, 225, 209, 226, 216, 213, 215]",,
2025-08-17,18,Optimal,0.0,11.043346508939306,0.15761070000007749,1.0,1.0,757.0,3,9.094947017729282e-13,8.171241461241152e-14,False,"[221, 226, 227, 216, 205, 218, 211]",,
2025-08-18,0,Optimal,0.0009818245305949819,48261.88550105624,0.5867786000017077,17.0,7.0,7649.0,18,7.275957614183426e-12,1.7891043779571625e-15,False,"[213, 204, 206, 221, 215, 205, 214]",,
2025-08-18,6,Optimal,0.0,1357.1370379014895,2.241438700002618,10.0,6.0,4582.0,10,1.3642420526593924e-12,0.0,False,"[226, 223, 209, 204, 217, 220, 211]",,
2025-08-18,12,Optimal,0.0001352743468327931,-588.4800993733616,0.9793740000168327,4.0,3.0,2128.0,16,8.86757334228605e-12,1.1365353103087728e-12,False,"[223, 225, 209, 218, 216, 213, 215]",,
2025-08-18,18,Optimal,0.0,80.10983503385648,0.1546575000102166,1.0,1.0,757.0,4,7.958078640513122e-13,1.0658141036401503e-14,False,"[204, 226, 228, 216, 205, 218, 202]",,
2025-08-19,0,Optimal,0.0007459243853163646,47162.36499246919,1.418985900003463,17.0,7.0,7649.0,612,2.7853275241795927e-12,1.8189894035458565e-12,False,"[213, 204, 206, 221, 215, 205, 214]",,
2025-08-19,6,Optimal,0.0,-552.9763998669087,0.9324143000121694,11.0,7.0,4835.0,13,9.556799795973347e-13,8.526512829121202e-14,False,"[226, 223, 216, 224, 217, 221, 211]",,
2025-08-19,12,Optimal,0.00015212537879856974,1688.1862549599052,0.49236559998826124,4.0,3.0,2128.0,10,8.597567102697212e-13,0.0,False,"[222, 210, 228, 226, 205, 213, 215]",,
2025-08-19,18,Optimal,0.0,116.52158764072514,0.10614869999699295,1.0,1.0,757.0,4,1.2505552149377763e-12,0.0,False,"[221, 226, 228, 216, 220, 218, 222]",,
2025-08-20,0,Optimal,0.0008786980327604187,51875.53003471179,0.48590520001016557,18.0,7.0,8010.0,19,2.3874235921539366e-12,1.1368683772161603e-13,False,"[213, 204, 206, 221, 225, 216, 214]",,
2025-08-20,6,Optimal,0.00013148288907234893,1122.3655630891576,0.14577550001558848,10.0,6.0,4582.0,1,9.094947017729282e-13,0.0,False,"[226, 215, 216, 206, 213, 221, 211]",,
2025-08-20,12,Optimal,7.599691206459958e-05,252.13088135103587,0.9711593999818433,4.0,3.0,2128.0,13,9.094947017729282e-13,3.730349362740526e-14,False,"[222, 210, 209, 218, 216, 229, 207]",,
2025-08-20,18,Optimal,0.00026484343852511266,759.935372615656,0.08403639998869039,1.0,1.0,757.0,1,6.110667527536862e-13,0.0,False,"[204, 225, 228, 216, 205, 203, 211]",,
2025-08-21,0,Optimal,0.0008781129667171461,48957.95728018911,0.519224599993322,18.0,7.0,8010.0,18,9.094947017729282e-13,4.440892098500626e-16,False,"[213, 228, 206, 221, 225, 216, 214]",,
2025-08-21,6,Optimal,0.0,-342.93461087906957,0.03680699999677017,10.0,6.0,4582.0,0,9.094947017729282e-13,0.0,False,"[228, 215, 216, 206, 213, 219, 208]",,
2025-08-21,12,Optimal,0.00034624753176738506,1005.3119625781515,0.8607625000004191,4.0,3.0,2128.0,16,1.5916157281026244e-12,0.0,False,"[225, 210, 209, 218, 216, 213, 215]",,
2025-08-21,18,Optimal,0.0,39.338493041737586,0.23006700002588332,1.0,1.0,757.0,5,9.094947017729282e-13,2.5263741715914674e-13,False,"[204, 226, 227, 206, 230, 207, 222]",,
2025-08-22,0,Optimal,0.00022726230520416895,24051.761801541663,1.1306838000018615,18.0,7.0,8010.0,648,8.185452315956354e-12,2.2737367544323206e-13,False,"[213, 223, 206, 221, 225, 216, 214]",,
2025-08-22,6,Optimal,0.0,-833.5603812925906,0.03599840000970289,10.0,6.0,4582.0,0,9.094947017729282e-13,0.0,False,"[228, 223, 209, 230, 213, 219, 208]",,
2025-08-22,12,Optimal,0.0,554.7817892906512,0.19777509997948073,4.0,3.0,2128.0,7,8.810729923425242e-13,3.019806626980426e-14,False,"[225, 210, 209, 226, 205, 211, 215]",,
2025-08-22,18,Optimal,0.0,197.33846258992205,0.08483720000367612,1.0,1.0,757.0,4,9.094947017729282e-13,4.263256414560601e-14,False,"[210, 225, 228, 216, 209, 207, 211]",,
2025-08-23,0,Optimal,8.461525244811522e-05,23124.405968008014,1.068220699991798,17.0,7.0,7649.0,612,5.9117155615240335e-12,1.8189894035458565e-12,False,"[213, 223, 206, 220, 219, 224, 214]",,
2025-08-23,6,Optimal,0.0,1877.0690430796715,0.14791209998656996,9.0,5.0,4329.0,1,1.085798118083403e-12,0.0,False,"[228, 215, 210, 230, 217, 207, 211]",,
2025-08-23,12,Optimal,0.0,-30.506812374545618,0.21297319998848252,4.0,3.0,2128.0,4,9.094947017729282e-13,0.0,False,"[225, 210, 209, 226, 232, 213, 215]",,
2025-08-23,18,Optimal,0.0003337570806064944,409.31406771518647,0.14339169999584556,1.0,1.0,757.0,8,2.7284841053187847e-12,0.0,False,"[221, 225, 228, 216, 209, 233, 222]",,
2025-08-24,0,Optimal,0.000576031982690406,47538.17065148223,0.22466919998987578,16.0,7.0,7288.0,12,9.094947017729282e-13,2.2737367544323206e-13,False,"[213, 223, 229, 221, 225, 224, 214]",,
2025-08-24,6,Optimal,0.0,-2268.0310248283267,0.03707970000687055,11.0,7.0,4835.0,0,9.094947017729282e-13,0.0,False,"[226, 222, 209, 232, 231, 220, 234]",,
2025-08-24,12,Optimal,0.0,4183.456391708434,0.46414480000385083,4.0,3.0,2128.0,3,9.094947017729282e-13,0.0,False,"[223, 210, 209, 226, 232, 233, 215]",,
2025-08-24,18,Optimal,0.0,244.32685450304044,0.17256050001014955,1.0,1.0,757.0,4,8.526512829121202e-13,0.0,False,"[221, 225, 228, 234, 209, 233, 222]",,
2025-08-25,0,Optimal,0.0006465227401567093,61191.8535517453,0.44539830001303926,16.0,7.0,7288.0,17,3.865352482534945e-12,1.1368683772161603e-13,False,"[213, 223, 229, 221, 219, 224, 214]",,
2025-08-25,6,Optimal,0.0002085631343440903,-4663.315124205614,0.26441659999545664,11.0,7.0,4835.0,2,9.094947017729282e-13,0.0,False,"[228, 215, 209, 227, 231, 208, 233]",,
2025-08-25,12,Optimal,0.00011757960382776252,-1185.9308770742118,0.6804764999833424,4.0,3.0,2128.0,144,5.843503458891064e-11,6.927791673660977e-14,False,"[223, 227, 209, 218, 232, 233, 208]",,
2025-08-25,18,Optimal,0.0,22.297481714314408,0.2376460999948904,1.0,1.0,757.0,4,2.2239987629291136e-12,0.0,False,"[221, 226, 227, 215, 230, 208, 222]",,
2025-08-26,0,Optimal,0.00042609704825828713,47739.679833624956,0.2799605999898631,18.0,7.0,8010.0,12,9.094947017729282e-13,2.2737367544323206e-13,False,"[226, 228, 217, 220, 222, 234, 214]",,
2025-08-26,6,Optimal,0.0006273705211912975,2035.909829982854,0.5261129999998957,11.0,7.0,4835.0,10,9.094947017729282e-13,0.0,False,"[226, 222, 216, 227, 213, 221, 235]",,
2025-08-26,12,Optimal,0.0,-653.1952082579954,0.23989810000057332,4.0,3.0,2128.0,2,8.526512829121202e-13,1.9684254226604025e-13,False,"[223, 227, 219, 218, 216, 211, 215]",,
2025-08-26,18,Optimal,0.0,9.09998236121861,0.1735552999889478,1.0,1.0,757.0,3,1.7053025658242404e-12,0.0,False,"[210, 225, 231, 213, 219, 220, 211]",,
2025-08-27,0,Optimal,0.000666868968176256,48694.10440058476,0.23782330000540242,17.0,7.0,7649.0,12,7.958078640513122e-12,4.547473508864641e-13,False,"[226, 228, 217, 220, 222, 215, 214]",,
2025-08-27,6,Optimal,0.0007820072702379968,5860.853218585264,1.0868258999835234,11.0,7.0,4835.0,8,9.094947017729282e-13,0.0,False,"[229, 222, 218, 227, 213, 220, 235]",,
2025-08-27,12,Optimal,0.0007510323105883598,-801.810295094447,0.3465393999940716,4.0,3.0,2128.0,8,9.663381206337363e-13,0.0,False,"[223, 227, 230, 228, 234, 211, 231]",,
2025-08-27,18,Optimal,0.0008518330535119326,10.487754919528454,0.2098276999895461,1.0,1.0,757.0,5,1.1368683772161603e-12,5.1514348342607263e-14,False,"[224, 225, 223, 228, 219, 233, 211]",,
2025-08-28,0,Optimal,0.0005182170877615313,47332.27791210428,0.46408630002406426,17.0,7.0,7649.0,14,1.5916157281026244e-12,1.5916157281026244e-12,False,"[226, 228, 217, 220, 222, 215, 216]",,
2025-08-28,6,Optimal,0.000969969660102339,7460.276493613771,0.6657631999987643,11.0,7.0,4835.0,8,1.4779288903810084e-12,0.0,False,"[225, 223, 218, 227, 213, 220, 235]",,
2025-08-28,12,Optimal,0.0007723810087274249,769.3229134612429,0.3073640000075102,4.0,3.0,2128.0,5,9.094947017729282e-13,0.0,False,"[238, 225, 230, 218, 216, 211, 215]",,
2025-08-28,18,Optimal,0.0,258.85905378826646,0.09574260000954382,1.0,1.0,757.0,7,8.810729923425242e-13,2.4847470858021238e-14,False,"[221, 235, 231, 213, 219, 233, 211]",,
2025-08-29,0,Optimal,0.00031369216889138966,25294.866493588983,0.20897310000145808,17.0,7.0,7649.0,4,9.094947017729282e-13,1.1368683772161603e-13,False,"[226, 228, 217, 220, 222, 215, 216]",,
2025-08-29,6,Optimal,0.0,-788.2687868768646,0.030013899988261983,10.0,6.0,4582.0,0,9.094947017729282e-13,0.0,False,"[226, 215, 218, 230, 217, 221, 233]",,
2025-08-29,12,Optimal,0.0002847885424385699,1227.634747287107,0.15295409999089316,4.0,3.0,2128.0,6,9.094947017729282e-13,0.0,False,"[238, 225, 230, 217, 216, 212, 231]",,
2025-08-29,18,Optimal,0.0,-1.6780219329017034,0.11909379999269731,1.0,1.0,757.0,8,8.384404281969182e-13,6.838973831690964e-14,False,"[221, 235, 239, 228, 234, 230, 217]",,
2025-08-30,0,Optimal,0.00022345811923069547,24406.1748179321,1.0593082000268623,17.0,7.0,7649.0,612,3.183231456205249e-12,2.2737367544323206e-13,False,"[226, 240, 231, 220, 222, 215, 216]",,
2025-08-30,6,Optimal,0.0,23.821275228364154,0.6040930000017397,10.0,6.0,4582.0,4,9.094947017729282e-13,0.0,False,"[226, 215, 218, 230, 213, 240, 234]",,
2025-08-30,12,Optimal,0.0,304.59254737480984,0.10372050001751631,4.0,3.0,2128.0,1,9.094947017729282e-13,0.0,False,"[235, 225, 239, 236, 226, 232, 215]",,
2025-08-30,18,Optimal,5.4396986377878165e-05,285.9373991507321,0.17306500000995584,1.0,1.0,757.0,9,1.9733875685851155e-12,0.0,False,"[224, 235, 239, 228, 234, 220, 222]",,
2025-08-31,0,Optimal,0.0003663331981091088,46925.14979807162,0.29209570001694374,18.0,7.0,8010.0,13,1.8189894035458565e-12,0.0,False,"[226, 241, 231, 220, 222, 215, 216]",,
2025-08-31,6,Optimal,1.647980915321277e-05,3243.487333748123,0.3678457000060007,11.0,7.0,4835.0,13,9.094947017729282e-13,5.684341886080802e-14,False,"[225, 215, 218, 224, 232, 240, 234]",,
2025-08-31,12,Optimal,0.0005082031014192695,-748.7384400980328,0.19526010000845417,4.0,3.0,2128.0,5,1.2789769243681803e-12,0.0,False,"[238, 240, 239, 236, 226, 232, 231]",,
2025-08-31,18,Optimal,0.0,153.30198607441196,0.11733610002556816,1.0,1.0,757.0,3,1.8189894035458565e-12,0.0,False,"[221, 226, 227, 238, 240, 241, 217]",,
2025-09-01,0,Optimal,0.0006935906261635167,51719.35401820431,0.5054608000209555,18.0,7.0,8010.0,17,5.4569682106375694e-12,2.2737367544323206e-13,False,"[226, 241, 231, 220, 222, 215, 224]",,
2025-09-01,6,Optimal,0.0,-2855.2782946216626,0.03568749999976717,11.0,7.0,4835.0,0,9.094947017729282e-13,0.0,False,"[225, 223, 236, 239, 232, 219, 235]",,
2025-09-01,12,Optimal,0.0007183333882227695,657.593473368065,1.6459894999861717,4.0,3.0,2128.0,144,2.0463630789890885e-12,2.220446049250313e-16,False,"[238, 240, 237, 236, 228, 234, 231]",,
2025-09-01,18,Optimal,0.0008449670135398958,-621.1556618001149,0.23495429998729378,1.0,1.0,757.0,8,8.331113576787175e-13,0.0,False,"[242, 235, 227, 238, 240, 230, 222]",,
2025-09-02,0,Optimal,0.0009440846847379084,44030.73470474099,0.6275774000096135,18.0,7.0,8010.0,14,1.8189894035458565e-12,2.220446049250313e-16,False,"[236, 240, 232, 233, 230, 225, 224]",,
2025-09-02,6,Optimal,0.00042864801124112035,5094.630642775139,0.7052249000116717,11.0,7.0,4835.0,15,1.7195134205394424e-12,5.723421736547607e-13,False,"[243, 228, 218, 242, 232, 240, 234]",,
2025-09-02,12,Optimal,0.0006132974332972828,-1161.8298453531445,0.3592447000264656,4.0,3.0,2128.0,9,9.094947017729282e-13,0.0,False,"[243, 220, 227, 222, 236, 228, 231]",,
2025-09-02,18,Optimal,0.0004807839638894224,-1621.5604158395854,0.1748340000049211,1.0,1.0,757.0,13,6.821210263296962e-13,0.0,False,"[243, 224, 235, 228, 219, 238, 218]",,
2025-09-03,0,Optimal,0.0009221171283407805,48474.847053744925,0.2576620999898296,17.0,7.0,7649.0,14,1.9326762412674725e-12,4.547473508864641e-13,False,"[236, 218, 223, 229, 235, 219, 234]",,
2025-09-03,6,Optimal,0.0,-1743.2767769551742,0.07628229999681935,10.0,6.0,4582.0,0,9.094947017729282e-13,0.0,False,"[243, 228, 222, 239, 232, 231, 234]",,
2025-09-03,12,Optimal,4.0688574484156644e-05,-1073.3975842679056,0.41600840000319295,4.0,3.0,2128.0,8,1.8189894035458565e-12,5.684341886080802e-14,False,"[244, 238, 239, 227, 218, 242, 231]",,
2025-09-03,18,Optimal,0.0003327609415755962,-1360.4603160922893,0.12803570000687614,1.0,1.0,757.0,13,7.958078640513122e-13,1.1368683772161603e-13,False,"[244, 242, 235, 241, 219, 238, 218]",,
2025-09-04,0,Optimal,0.0005310360939178186,47364.2878484785,1.109577299997909,17.0,7.0,7649.0,612,3.730349362740526e-12,4.440892098500626e-16,False,"[236, 227, 228, 229, 235, 219, 234]",,
2025-09-04,6,Optimal,0.0,-1842.8665370021608,0.037976000021444634,11.0,7.0,4835.0,0,9.094947017729282e-13,0.0,False,"[245, 223, 225, 237, 230, 231, 234]",,
2025-09-04,12,Optimal,0.0006604834245058817,-719.7436495791937,1.7771859999920707,4.0,3.0,2128.0,12,3.725973873880059e-12,8.685615400413164e-13,False,"[244, 220, 238, 230, 222, 234, 229]",,
2025-09-04,18,Optimal,4.1509410864264396e-05,-1757.372985328906,0.2711491000081878,1.0,1.0,757.0,13,6.821210263296962e-13,2.2737367544323206e-13,False,"[245, 229, 223, 226, 234, 240, 218]",,
2025-09-05,0,Optimal,3.6344703744216144e-05,23271.648967285677,0.2054305000056047,16.0,7.0,7288.0,2,8.952838470577262e-13,0.0,False,"[236, 244, 228, 229, 235, 219, 234]",,
2025-09-05,6,Optimal,0.0,-2600.9618901674676,0.031893900013528764,10.0,6.0,4582.0,0,9.094947017729282e-13,0.0,False,"[246, 243, 225, 237, 230, 231, 219]",,
2025-09-05,12,Optimal,7.3777362633048154e-06,-606.3094525503525,0.39548750000540167,4.0,3.0,2128.0,5,9.094947017729282e-13,0.0,False,"[246, 235, 239, 240, 222, 236, 229]",,
2025-09-05,18,Optimal,0.00026288250092379385,-1642.7286233730426,0.11364480000338517,1.0,1.0,757.0,13,1.1368683772161603e-12,0.0,False,"[245, 243, 242, 239, 233, 236, 230]",,
2025-09-06,0,Optimal,4.0718230256884935e-05,19643.46117463612,1.023973700008355,16.0,7.0,7288.0,576,2.0463630789890885e-12,1.8189894035458565e-12,False,"[236, 244, 241, 231, 221, 237, 234]",,
2025-09-06,6,Optimal,0.0,-1721.3869344890122,0.07176399999298155,11.0,7.0,4835.0,0,9.094947017729282e-13,0.0,False,"[246, 226, 241, 222, 242, 220, 233]",,
2025-09-06,12,Optimal,0.0003405926101410986,214.42801883477085,0.09812680000322871,4.0,3.0,2128.0,2,8.590905764549461e-13,0.0,False,"[246, 235, 237, 238, 227, 236, 228]",,
2025-09-06,18,Optimal,0.00011130219250732272,-722.2757388120873,0.08384420000948012,1.0,1.0,757.0,9,9.094947017729282e-13,0.0,False,"[245, 247, 223, 235, 228, 236, 230]",,
2025-09-07,0,Optimal,0.0008724386485729739,40068.76663856835,0.21697320000384934,16.0,7.0,7288.0,10,9.094947017729282e-13,0.0,False,"[236, 244, 241, 232, 221, 237, 234]",,
2025-09-07,6,Optimal,0.0008510565678806494,4401.683961877502,4.08139070001198,11.0,7.0,4835.0,12,8.22808488010196e-12,0.0,False,"[238, 226, 236, 222, 239, 232, 234]",,
2025-09-07,12,Optimal,0.0,-94.64769084694588,0.29689220001455396,4.0,3.0,2128.0,6,9.094947017729282e-13,0.0,False,"[246, 224, 237, 240, 226, 233, 228]",,
2025-09-07,18,Optimal,0.00011574823498094988,-883.6730236727485,0.07156169999507256,1.0,1.0,757.0,7,7.958078640513122e-13,0.0,False,"[246, 231, 224, 221, 226, 236, 230]",,
2025-09-08,0,Optimal,0.0006691747256923247,35199.58454001196,0.20756839998648502,16.0,7.0,7288.0,12,9.094947017729282e-13,2.2737367544323206e-13,False,"[236, 244, 241, 232, 233, 237, 234]",,
2025-09-08,6,Optimal,0.0008121906219692517,6015.47849940149,1.5989715000032447,11.0,7.0,4835.0,9,1.2732925824820995e-11,1.8189894035458565e-12,False,"[249, 229, 236, 225, 239, 232, 234]",,
2025-09-08,12,Optimal,0.0,-451.0240542054866,0.3237222000025213,4.0,3.0,2128.0,4,9.094947017729282e-13,1.1368683772161603e-13,False,"[246, 224, 223, 240, 226, 233, 228]",,
2025-09-08,18,Optimal,0.0009712027603454108,4164.516376024703,0.0799401999975089,1.0,1.0,757.0,1,7.958078640513122e-13,0.0,False,"[246, 231, 229, 241, 228, 227, 238]",,
2025-09-09,0,Optimal,0.0006494730858853735,31306.395879274864,0.20967310000560246,16.0,7.0,7288.0,12,1.8189894035458565e-12,4.547473508864641e-13,False,"[236, 244, 241, 232, 233, 225, 224]",,
2025-09-09,6,Optimal,0.0007180777371263117,8777.775389151704,0.5727428000245709,11.0,7.0,4835.0,12,9.094947017729282e-13,0.0,False,"[249, 229, 236, 225, 227, 240, 234]",,
2025-09-09,12,Optimal,0.0007156430344375335,1678.8753019926535,0.10767779999878258,4.0,3.0,2128.0,2,8.526512829121202e-13,5.068723218926152e-13,False,"[246, 224, 223, 240, 226, 236, 250]",,
2025-09-09,18,Optimal,0.0001635566121132927,2935.8920402601498,0.11792729998705909,1.0,1.0,757.0,1,6.821210263296962e-13,0.0,False,"[246, 250, 225, 223, 239, 234, 232]",,
2025-09-10,0,Optimal,0.000807988932758453,39135.64046769095,0.2515983000048436,16.0,7.0,7288.0,15,4.547473508864641e-12,4.547473508864641e-13,False,"[236, 244, 241, 231, 235, 238, 239]",,
2025-09-10,6,Optimal,0.0,539.5651631760637,0.038273400015896186,10.0,6.0,4582.0,0,9.094947017729282e-13,0.0,False,"[249, 229, 241, 237, 242, 232, 234]",,
2025-09-10,12,Optimal,0.0009971916075829667,5294.310615093353,0.1829174000013154,4.0,3.0,2128.0,5,9.094947017729282e-13,0.0,False,"[246, 224, 237, 241, 234, 242, 251]",,
2025-09-10,18,Optimal,0.0009389053670306146,568.0270330876442,0.3058000000019092,1.0,1.0,757.0,9,6.821210263296962e-13,3.019806626980426e-14,False,"[248, 237, 231, 224, 239, 234, 232]",,
2025-09-11,0,Optimal,0.0007823235917461176,40218.847541228795,0.27821670001139864,17.0,7.0,7649.0,13,9.094947017729282e-13,2.2737367544323206e-13,False,"[236, 244, 241, 231, 235, 238, 252]",,
2025-09-11,6,Optimal,0.0,-2688.960493394151,0.038200799986952916,10.0,6.0,4582.0,0,9.094947017729282e-13,0.0,False,"[249, 229, 241, 237, 230, 250, 233]",,
2025-09-11,12,Optimal,0.0004559062669451947,-196.00172595856708,1.3605294000008143,4.0,3.0,2128.0,7,2.6734860597358297e-12,2.970540066373144e-12,False,"[246, 248, 239, 241, 234, 232, 250]",,
2025-09-11,18,Optimal,0.00012391961051978734,1155.82032600335,0.057279499975265935,1.0,1.0,757.0,3,9.094947017729282e-13,0.0,False,"[248, 237, 231, 235, 252, 234, 232]",,
2025-09-12,0,Optimal,0.0007422556049975761,18535.35441243867,1.6402264000207651,18.0,7.0,8010.0,648,7.617018127348274e-12,2.2737367544323206e-13,False,"[236, 244, 241, 231, 253, 238, 252]",,
2025-09-12,6,Optimal,0.0,-734.6415128249193,0.2383628999814391,11.0,7.0,4835.0,2,1.573852159708622e-12,0.0,False,"[249, 229, 241, 227, 251, 231, 233]",,
2025-09-12,12,Optimal,0.0,1354.1838724491693,0.42058420000830665,4.0,3.0,2128.0,4,1.2505552149377763e-12,0.0,False,"[246, 248, 239, 230, 233, 252, 250]",,
2025-09-12,18,Optimal,0.00015953364197056794,-456.8291707817298,0.09239140001591295,1.0,1.0,757.0,4,5.115907697472721e-13,0.0,False,"[248, 237, 231, 235, 228, 253, 232]",,
2025-09-13,0,Optimal,0.00041440603939053134,18117.010789268705,0.24121390000800602,17.0,7.0,7649.0,4,9.094947017729282e-13,2.2737367544323206e-13,False,"[236, 247, 228, 249, 235, 242, 250]",,
2025-09-13,6,Optimal,0.0,-773.9824198428167,0.03319550000014715,11.0,7.0,4835.0,0,8.952838470577262e-13,0.0,False,"[249, 229, 241, 227, 251, 234, 254]",,
2025-09-13,12,Optimal,0.0,1580.8295785076696,0.4158563000091817,4.0,3.0,2128.0,3,1.3642420526593924e-12,1.1368683772161603e-13,False,"[246, 248, 237, 241, 233, 252, 250]",,
2025-09-13,18,Optimal,9.907550843255255e-05,-677.3721568335686,0.08885100000770763,1.0,1.0,757.0,3,4.831690603168681e-13,0.0,False,"[248, 237, 231, 241, 228, 253, 232]",,
2025-09-14,0,Optimal,0.000957856879476078,46818.31388773492,1.4801581999927294,18.0,7.0,8010.0,648,6.30961949354969e-10,9.282216199372565e-12,False,"[236, 247, 248, 229, 230, 234, 250]",,
2025-09-14,6,Optimal,0.0,-1378.0569293586814,0.03823689999990165,11.0,7.0,4835.0,0,9.094947017729282e-13,0.0,False,"[249, 229, 236, 239, 251, 234, 254]",,
2025-09-14,12,Optimal,0.0006628160675821157,-198.07002113048145,0.26053100000717677,4.0,3.0,2128.0,5,9.094947017729282e-13,6.483702463810914e-14,False,"[246, 248, 237, 241, 233, 228, 250]",,
2025-09-14,18,Optimal,0.0008753918803817822,-381.04220733365145,0.11171070000273176,1.0,1.0,757.0,3,7.815970093361102e-13,0.0,False,"[248, 237, 231, 242, 239, 234, 232]",,
2025-09-15,0,Optimal,0.000896089978646431,39334.94898902295,1.0854126999911387,16.0,7.0,7288.0,576,5.5706550483591855e-12,4.547473508864641e-13,False,"[236, 247, 256, 229, 230, 234, 250]",,
2025-09-15,6,Optimal,0.0,372.9987543826769,0.03848009998910129,10.0,6.0,4582.0,0,8.988365607365267e-13,0.0,False,"[238, 229, 236, 239, 232, 231, 254]",,
2025-09-15,12,Optimal,0.0005483369850240976,1608.730322082537,0.36319770000409335,4.0,3.0,2128.0,8,9.094947017729282e-13,1.3855583347321954e-13,False,"[246, 248, 237, 241, 233, 232, 250]",,
2025-09-15,18,Optimal,0.00020346391461374794,-1061.2509005030524,0.08233010000549257,1.0,1.0,757.0,10,7.958078640513122e-13,0.0,False,"[246, 237, 231, 242, 239, 234, 238]",,
2025-09-16,0,Optimal,0.0009566505892957885,46769.34993747203,0.7551232000114396,18.0,7.0,8010.0,19,9.094947017729282e-13,2.220446049250313e-16,False,"[236, 247, 256, 233, 237, 255, 250]",,
2025-09-16,6,Optimal,0.0,105.82157485216945,0.0342104000155814,10.0,6.0,4582.0,0,9.094947017729282e-13,0.0,False,"[249, 255, 241, 230, 256, 257, 254]",,
2025-09-16,12,Optimal,0.0,509.004348423521,0.2193808000010904,4.0,3.0,2128.0,2,1.5916157281026244e-12,4.011583495687683e-13,False,"[249, 235, 237, 257, 233, 232, 250]",,
2025-09-16,18,Optimal,0.00031484604754309834,-881.2835294773816,0.12231589999282733,1.0,1.0,757.0,5,2.9558577807620168e-12,0.0,False,"[248, 237, 231, 235, 256, 236, 238]",,
2025-09-17,0,Optimal,0.0007075687374739613,45115.313053246755,1.4817885999800637,18.0,7.0,8010.0,648,2.1600499167107046e-12,6.821210263296962e-13,False,"[236, 247, 258, 249, 237, 255, 250]",,
2025-09-17,6,Optimal,0.0,754.4070775933948,0.03807079998659901,11.0,7.0,4835.0,0,9.094947017729282e-13,0.0,False,"[249, 258, 236, 242, 256, 257, 254]",,
2025-09-17,12,Optimal,0.0007880888510832742,-1382.5732686684926,0.12734370000544004,4.0,3.0,2128.0,3,8.526512829121202e-13,0.0,False,"[249, 235, 237, 240, 233, 242, 250]",,
2025-09-17,18,Optimal,0.0002881854987212279,-928.7910592480567,0.09050650001154281,1.0,1.0,757.0,8,7.815970093361102e-13,0.0,False,"[248, 237, 231, 235, 256, 258, 232]",,
2025-09-18,0,Optimal,0.0009342807160263506,39830.348950641695,1.3213077000109479,18.0,7.0,8010.0,648,5.5706550483591855e-12,1.8189894035458565e-12,False,"[236, 247, 258, 233, 237, 255, 250]",,
2025-09-18,6,Optimal,0.00027298518222722783,8877.279589216148,1.0230173000018112,10.0,6.0,4582.0,4,3.410605131648481e-12,1.1368683772161603e-13,False,"[249, 258, 236, 239, 232, 234, 254]",,
2025-09-18,12,Optimal,0.0,173.0180653671623,0.09577869999338873,4.0,3.0,2128.0,1,9.094947017729282e-13,1.6721765809127946e-16,False,"[249, 235, 258, 257, 259, 236, 250]",,
2025-09-18,18,Optimal,0.00013569032158983934,-580.2597143493516,0.09898000000976026,1.0,1.0,757.0,6,8.100187187665142e-13,1.1368683772161603e-13,False,"[248, 237, 254, 241, 233, 258, 232]",,
2025-09-19,0,Optimal,0.0006030993298574963,18112.236949883492,0.30759409998427145,18.0,7.0,8010.0,3,9.094947017729282e-13,0.0,False,"[236, 247, 258, 253, 238, 257, 260]",,
2025-09-19,6,Optimal,0.0,17.973122466012967,0.031526200007647276,11.0,7.0,4835.0,0,9.094947017729282e-13,0.0,False,"[249, 260, 236, 259, 251, 234, 254]",,
2025-09-19,12,Optimal,0.0,-191.84648996523705,0.12615419999929145,4.0,3.0,2128.0,2,1.0231815394945443e-12,0.0,False,"[249, 235, 260, 238, 241, 256, 250]",,
2025-09-19,18,Optimal,0.0,-486.71117824641595,0.2651915000169538,1.0,1.0,757.0,5,9.094947017729282e-13,0.0,False,"[248, 237, 254, 241, 256, 258, 240]",,
2025-09-20,0,Optimal,0.0005318412458860255,16916.66947546208,0.1927852999942843,18.0,7.0,8010.0,3,1.9610979506978765e-12,2.2737367544323206e-13,False,"[236, 247, 258, 235, 242, 257, 260]",,
2025-09-20,6,Optimal,0.0,-518.1411675701332,0.029032999998889863,10.0,6.0,4582.0,0,9.094947017729282e-13,0.0,False,"[238, 260, 236, 237, 242, 234, 235]",,
2025-09-20,12,Optimal,0.0007501453938790061,1437.1854768806475,0.09288929999456741,4.0,3.0,2128.0,4,9.094947017729282e-13,5.833333815985497e-13,False,"[249, 235, 260, 255, 259, 256, 250]",,
2025-09-20,18,Optimal,0.0,10.459567683896472,0.2777037000050768,1.0,1.0,757.0,5,5.684341886080801e-13,5.684341886080802e-14,False,"[248, 237, 251, 260, 239, 258, 240]",,
2025-09-21,0,Optimal,0.0007895147168348987,43644.65553180829,0.22874019999289885,18.0,7.0,8010.0,13,3.637978807091713e-12,0.0,False,"[236, 247, 258, 235, 242, 257, 260]",,
2025-09-21,6,Optimal,0.0009432614074514464,487.36416091559164,0.160848299972713,9.0,5.0,4329.0,4,9.094947017729282e-13,1.1368683772161603e-13,False,"[249, 260, 236, 259, 242, 240, 254]",,
2025-09-21,12,Optimal,0.0003661599395561452,797.4013724951809,0.11635530000785366,4.0,3.0,2128.0,3,1.6768808563938364e-12,2.354116901415182e-13,False,"[249, 235, 260, 255, 262, 256, 250]",,
2025-09-21,18,Optimal,0.0009549072490649279,-280.7014473983755,0.08638649998465553,1.0,1.0,757.0,3,8.810729923425242e-13,2.220446049250313e-16,False,"[248, 237, 251, 242, 235, 258, 240]",,
2025-09-22,0,Optimal,0.0006158636733272702,47043.59464257874,0.27573839999968186,18.0,7.0,8010.0,13,7.275957614183426e-12,4.547473508864641e-13,False,"[236, 247, 258, 253, 242, 257, 260]",,
2025-09-22,6,Optimal,0.0,-3048.873043610204,0.07543379999697208,11.0,7.0,4835.0,0,9.094947017729282e-13,0.0,False,"[249, 263, 255, 237, 242, 262, 253]",,
2025-09-22,12,Optimal,0.0,-1186.1154232656768,0.015184099989710376,4.0,3.0,2128.0,0,8.952838470577262e-13,0.0,False,"[249, 248, 237, 238, 241, 256, 250]",,
2025-09-22,18,Optimal,0.0,198.32606613604838,0.07091280000167899,1.0,1.0,757.0,2,8.526512829121202e-13,0.0,False,"[248, 261, 251, 263, 241, 253, 240]",,
2025-09-23,0,Optimal,0.0009451307162019636,46380.25446436438,0.27598379997652955,18.0,7.0,8010.0,13,3.637978807091713e-12,4.547473508864641e-13,False,"[245, 240, 256, 253, 242, 257, 260]",,
2025-09-23,6,Optimal,0.0,-2036.612531066826,0.03453740000259131,11.0,7.0,4835.0,0,9.094947017729282e-13,0.0,False,"[249, 263, 255, 259, 242, 240, 253]",,
2025-09-23,12,Optimal,0.0009211588188909421,-969.1961308440435,1.1939696999907028,4.0,3.0,2128.0,144,2.4016344468691386e-12,0.0,False,"[249, 248, 237, 238, 241, 256, 250]",,
2025-09-23,18,Optimal,0.0005530317248160336,-686.5856147433149,0.05232260000775568,1.0,1.0,757.0,2,9.094947017729282e-13,0.0,False,"[264, 237, 255, 254, 241, 253, 240]",,
2025-09-24,0,Optimal,0.0005291427595821121,39289.52724652214,0.24179430000367574,18.0,7.0,8010.0,12,3.637978807091713e-12,2.2737367544323206e-13,False,"[245, 240, 256, 265, 242, 257, 260]",,
2025-09-24,6,Optimal,0.0009209848305246386,4974.776198989255,0.6714306999929249,11.0,7.0,4835.0,7,2.7284841053187847e-12,0.0,False,"[249, 263, 255, 261, 251, 240, 254]",,
2025-09-24,12,Optimal,0.00010760282977094553,2234.3244264520335,0.17012119997525588,4.0,3.0,2128.0,7,1.2736478538499796e-12,1.021405182655144e-13,False,"[249, 254, 260, 238, 262, 256, 251]",,
2025-09-24,18,Optimal,0.00015833866739072073,-710.8610437971064,0.05971729999873787,1.0,1.0,757.0,4,1.7053025658242404e-12,1.4210854715202004e-14,False,"[264, 261, 251, 265, 241, 253, 240]",,
2025-09-25,0,Optimal,0.0004960481967303341,43662.43601862889,0.43074280000291765,17.0,7.0,7649.0,16,3.090860900556436e-12,2.2737367544323206e-13,False,"[245, 240, 256, 265, 261, 239, 254]",,
2025-09-25,6,Optimal,0.0005652976017335123,1961.6886570220859,0.8071661999856587,10.0,6.0,4582.0,13,1.1508486561511305e-09,1.2632414919277423e-12,False,"[249, 260, 255, 239, 256, 264, 253]",,
2025-09-25,12,Optimal,0.0,299.80727279317193,0.1968565999995917,4.0,3.0,2128.0,8,8.952838470577262e-13,2.220446049250313e-16,False,"[249, 248, 260, 240, 259, 256, 250]",,
2025-09-25,18,Optimal,8.316720238547225e-06,-181.60512291527883,0.12854410000727512,1.0,1.0,757.0,4,9.094947017729282e-13,4.618527782440651e-14,False,"[264, 249, 266, 254, 242, 256, 259]",,
2025-09-26,0,Optimal,0.0007337380725259194,18232.058200079235,0.23364410002250224,17.0,7.0,7649.0,6,2.7569058147491887e-12,2.2737367544323206e-13,False,"[245, 240, 256, 265, 242, 257, 254]",,
2025-09-26,6,Optimal,0.0,84.7496959417927,0.287759200000437,11.0,7.0,4835.0,2,1.4665602066088468e-11,3.637978807091713e-12,False,"[249, 260, 255, 261, 251, 264, 254]",,
2025-09-26,12,Optimal,0.0003341232633460259,343.3847888105326,0.2214504000148736,4.0,3.0,2128.0,5,9.094947017729282e-13,0.0,False,"[249, 248, 260, 257, 259, 256, 250]",,
2025-09-26,18,Optimal,0.0002841227339607348,-672.5084485198358,0.09236150002107024,1.0,1.0,757.0,7,6.821210263296962e-13,0.0,False,"[264, 249, 266, 254, 242, 267, 240]",,
2025-09-27,0,Optimal,0.0006776927832734651,17119.859283464484,0.20506510001723655,18.0,7.0,8010.0,5,9.094947017729282e-13,2.2737367544323206e-13,False,"[245, 241, 256, 265, 242, 257, 254]",,
2025-09-27,6,Optimal,0.0,4210.782717047271,0.033803600003011525,10.0,6.0,4582.0,0,1.2505552149377763e-12,0.0,False,"[249, 260, 255, 259, 251, 264, 254]",,
2025-09-27,12,Optimal,0.00013899625883924887,-284.0571780018688,0.14218259998597205,4.0,3.0,2128.0,5,9.094947017729282e-13,0.0,False,"[249, 266, 260, 257, 259, 256, 250]",,
2025-09-27,18,Optimal,0.00015128068243365085,-603.8555657880103,0.15282070002285764,1.0,1.0,757.0,6,1.2505552149377763e-12,1.1368683772161603e-13,False,"[264, 249, 266, 254, 260, 267, 259]",,
2025-09-28,0,Optimal,0.0005174974214289263,45771.50677346456,1.398271099984413,18.0,7.0,8010.0,648,2.4442670110147446e-12,3.637978807091713e-12,False,"[245, 248, 264, 253, 261, 252, 266]",,
2025-09-28,6,Optimal,0.00015001410273460852,1959.5879579848747,0.4610679000033997,9.0,5.0,4329.0,6,9.094947017729282e-13,1.4210854715202004e-13,False,"[249, 269, 258, 259, 265, 264, 253]",,
2025-09-28,12,Optimal,0.00099077175023524,-936.3657118082506,0.19969519998994656,4.0,3.0,2128.0,1,1.1937117960769683e-12,0.0,False,"[249, 266, 260, 257, 259, 256, 250]",,
2025-09-28,18,Optimal,0.0,-558.0597076994758,0.13324340002145618,1.0,1.0,757.0,2,6.821210263296962e-13,0.0,False,"[264, 261, 266, 254, 242, 267, 269]",,
2025-09-29,0,Optimal,0.0009760248883112368,48024.22609724925,0.9308438000152819,18.0,7.0,8010.0,19,9.094947017729282e-13,2.220446049250313e-16,False,"[245, 248, 264, 253, 255, 252, 266]",,
2025-09-29,6,Optimal,0.0,-3439.6691211915227,0.03712790002464317,11.0,7.0,4835.0,0,9.094947017729282e-13,0.0,False,"[249, 270, 267, 268, 265, 264, 254]",,
2025-09-29,12,Optimal,0.0007369602981879546,-90.52451424762974,1.015736500005005,4.0,3.0,2128.0,13,9.094947017729282e-13,8.881784197001252e-16,False,"[249, 266, 260, 257, 269, 256, 250]",,
2025-09-29,18,Optimal,0.0001556483095997383,-852.7709527205906,0.11022140001296066,1.0,1.0,757.0,3,8.668621376273222e-13,6.394884621840902e-14,False,"[264, 249, 270, 262, 263, 267, 269]",,
2025-09-30,0,Optimal,0.0006059135513023613,47875.057414441966,0.2881845000083558,18.0,7.0,8010.0,12,4.490630090003833e-12,2.2737367544323206e-13,False,"[246, 258, 263, 271, 255, 252, 266]",,
2025-09-30,6,Optimal,0.0,308.15951563806533,0.047137899993686005,10.0,6.0,4582.0,0,9.094947017729282e-13,0.0,False,"[249, 270, 258, 259, 251, 266, 254]",,
2025-09-30,12,Optimal,0.0,-202.36322278073092,1.9364340000029188,4.0,3.0,2128.0,144,3.637978807091713e-12,0.0,False,"[247, 266, 263, 271, 269, 256, 250]",,
2025-09-30,18,Optimal,0.0005090791303807812,-783.1227204226627,0.12885090001509525,1.0,1.0,757.0,5,8.384404281969182e-13,1.1368683772161603e-13,False,"[264, 261, 250, 254, 260, 271, 268]",,
2025-10-01,0,Optimal,0.0009396237810081256,44096.01566421139,0.29484829999273643,18.0,7.0,8010.0,14,9.094947017729282e-13,4.547473508864641e-13,False,"[246, 268, 249, 259, 255, 252, 266]",,
2025-10-01,6,Optimal,0.0,-1614.5645849234115,0.03617229999508709,9.0,5.0,4329.0,0,9.094947017729282e-13,0.0,False,"[245, 260, 258, 261, 262, 266, 254]",,
2025-10-01,12,Optimal,3.7761737837894034e-05,-1940.7735191178067,0.23564090000581928,4.0,3.0,2128.0,4,1.5916157281026244e-12,0.0,False,"[245, 272, 263, 271, 261, 268, 250]",,
2025-10-01,18,Optimal,0.00028579480397203155,-812.7084984993852,0.11901369999395683,1.0,1.0,757.0,8,7.958078640513122e-13,7.571721027943568e-14,False,"[248, 261, 266, 263, 272, 258, 269]",,
2025-10-02,0,Optimal,0.0009907266736919314,47732.23504938563,0.4332554000138771,18.0,7.0,8010.0,16,5.4001247917767614e-12,4.547473508864641e-13,False,"[247, 268, 249, 259, 255, 252, 266]",,
2025-10-02,6,Optimal,0.0,-3882.294474866175,0.034119299991289154,10.0,6.0,4582.0,0,9.094947017729282e-13,0.0,False,"[273, 263, 258, 261, 251, 266, 254]",,
2025-10-02,12,Optimal,0.00036938238785425595,-565.3487977823191,1.0118422000086866,4.0,3.0,2128.0,7,2.502375547476443e-11,2.373886510502237e-12,False,"[249, 266, 258, 271, 262, 268, 250]",,
2025-10-02,18,Optimal,0.000552902708069327,-1166.9804417739717,0.09746990000712685,1.0,1.0,757.0,12,8.810729923425242e-13,0.0,False,"[248, 261, 262, 254, 272, 258, 269]",,
2025-10-03,0,Optimal,0.0,15742.447915393199,0.047890699992422014,18.0,7.0,8010.0,0,9.094947017729282e-13,0.0,False,"[247, 268, 249, 259, 255, 252, 266]",,
2025-10-03,6,Optimal,0.0,-1284.4369801581647,0.031627099990146235,11.0,7.0,4835.0,0,9.094947017729282e-13,0.0,False,"[249, 263, 258, 265, 272, 266, 254]",,
2025-10-03,12,Optimal,0.0,1695.261515721376,0.01415520001319237,4.0,3.0,2128.0,0,9.094947017729282e-13,0.0,False,"[249, 266, 258, 271, 259, 269, 253]",,
2025-10-03,18,Optimal,0.0008809066679184843,-505.18455949940375,0.05762250002590008,1.0,1.0,757.0,4,7.958078640513122e-13,2.220446049250313e-16,False,"[273, 261, 262, 272, 267, 259, 269]",,
2025-10-04,0,Optimal,0.0003966715076313384,19565.22304130633,1.0335199999972247,17.0,7.0,7649.0,612,2.7284841053187847e-12,0.0,False,"[273, 256, 275, 259, 255, 252, 266]",,
2025-10-04,6,Optimal,0.0,-1854.2814020906972,0.03134349998435937,10.0,6.0,4582.0,0,8.952838470577262e-13,0.0,False,"[274, 267, 255, 261, 264, 266, 254]",,
2025-10-04,12,Optimal,0.0,-261.44440633343436,0.20180439998512156,4.0,3.0,2128.0,3,9.094947017729282e-13,0.0,False,"[274, 272, 267, 261, 259, 264, 253]",,
2025-10-04,18,Optimal,0.000987395658310943,-999.5440632276266,0.34783499999321066,1.0,1.0,757.0,8,7.958078640513122e-13,0.0,False,"[275, 249, 262, 272, 256, 258, 257]",,
2025-10-05,0,Optimal,0.0007565412713517837,47409.49366480722,1.44385740000871,18.0,7.0,8010.0,648,2.7284841053187847e-12,0.0,False,"[276, 256, 275, 259, 255, 252, 266]",,
2025-10-05,6,Optimal,0.0,-3822.82931905459,0.033464100008131936,10.0,6.0,4582.0,0,9.094947017729282e-13,0.0,False,"[274, 260, 255, 261, 264, 266, 254]",,
2025-10-05,12,Optimal,0.0,84.16565658821331,0.3053780000191182,4.0,3.0,2128.0,12,1.8189894035458565e-12,0.0,False,"[273, 263, 270, 258, 259, 256, 253]",,
2025-10-05,18,Optimal,0.0007343064577127628,-795.0357692121636,0.14136619999771938,1.0,1.0,757.0,6,8.100187187665142e-13,0.0,False,"[273, 264, 262, 272, 271, 258, 257]",,
2025-10-06,0,Optimal,0.0007044100197898474,41390.605353013845,0.2604492000245955,18.0,7.0,8010.0,10,1.8189894035458565e-12,2.2737367544323206e-13,False,"[276, 268, 275, 259, 255, 252, 266]",,
2025-10-06,6,Optimal,2.7193578890236787e-05,1739.1153682477632,0.3732999000058044,11.0,7.0,4835.0,18,1.4779288903810084e-12,1.4210854715202004e-13,False,"[270, 260, 255, 268, 264, 257, 254]",,
2025-10-06,12,Optimal,0.0,-804.6555243543842,0.016219499986618757,4.0,3.0,2128.0,0,9.094947017729282e-13,0.0,False,"[273, 272, 266, 254, 259, 256, 253]",,
2025-10-06,18,Optimal,0.0008067676835830164,-1175.5128368248047,0.05446079999092035,1.0,1.0,757.0,7,8.100187187665142e-13,3.730349362740526e-14,False,"[273, 261, 262, 272, 271, 268, 257]",,
2025-10-07,0,Optimal,0.0007838546550771635,41999.057202555974,0.390487899974687,16.0,7.0,7288.0,13,1.659827830735594e-11,2.220446049250313e-16,False,"[276, 268, 275, 259, 255, 257, 266]",,
2025-10-07,6,Optimal,0.0009754088418012685,959.6702000836366,1.785882700001821,10.0,6.0,4582.0,14,2.7284841053187847e-12,0.0,False,"[270, 260, 255, 268, 272, 257, 254]",,
2025-10-07,12,Optimal,0.0,2469.0954896795106,0.2674966999911703,4.0,3.0,2128.0,3,5.343281372915953e-12,2.3021584638627246e-12,False,"[277, 275, 260, 257, 259, 264, 251]",,
2025-10-07,18,Optimal,0.0008596018375528066,-500.25732288089574,0.09464280001702718,1.0,1.0,757.0,8,2.6778579353958776e-12,0.0,False,"[273, 276, 266, 265, 271, 258, 257]",,
2025-10-08,0,Optimal,0.0005802672098311741,36719.23865302578,0.2759055999922566,18.0,7.0,8010.0,10,1.4779288903810084e-12,2.2737367544323206e-13,False,"[276, 268, 275, 279, 272, 262, 254]",,
2025-10-08,6,Optimal,0.0,446.4494479129199,0.1740091000101529,10.0,6.0,4582.0,3,8.952838470577262e-13,0.0,False,"[270, 260, 277, 265, 275, 256, 254]",,
2025-10-08,12,Optimal,0.0001817413316862922,-16.218393056666184,1.2553326000052039,4.0,3.0,2128.0,15,1.1599610161283636e-12,0.0,False,"[279, 275, 260, 270, 254, 268, 269]",,
2025-10-08,18,Optimal,0.0008170543531823277,563.3246801970243,0.15270000000600703,1.0,1.0,757.0,6,7.958078640513122e-13,0.0,False,"[273, 277, 270, 263, 260, 259, 269]",,
2025-10-09,0,Optimal,0.0007523054402708409,43874.57585047627,0.2258492999826558,16.0,7.0,7288.0,20,7.275957614183426e-12,4.547473508864641e-13,False,"[276, 268, 275, 279, 272, 278, 254]",,
2025-10-09,6,Optimal,2.191675573677013e-05,-4392.844280394091,0.13056239997968078,9.0,5.0,4329.0,1,9.094947017729282e-13,0.0,False,"[274, 276, 277, 265, 259, 256, 271]",,
2025-10-09,12,Optimal,0.00012434794146916526,405.5060341381043,2.178209199977573,4.0,3.0,2128.0,15,2.0037305148434825e-12,0.0,False,"[279, 275, 263, 270, 258, 268, 269]",,
2025-10-09,18,Optimal,5.1808293725866284e-05,2627.3108272132654,0.07725489998119883,1.0,1.0,757.0,4,4.547473508864641e-13,0.0,False,"[279, 264, 255, 265, 260, 271, 253]",,
2025-10-10,0,Optimal,0.00021409515465469224,14203.45051044268,0.48354670000844635,18.0,7.0,8010.0,8,9.094947017729282e-13,0.0,False,"[276, 258, 263, 279, 272, 278, 254]",,
2025-10-10,6,Optimal,0.0,482.9935943430363,0.028216099977726117,10.0,6.0,4582.0,0,9.094947017729282e-13,0.0,False,"[274, 276, 277, 265, 259, 256, 281]",,
2025-10-10,12,Optimal,0.0,-101.47707774915673,0.14377010002499446,4.0,3.0,2128.0,3,8.961720254774264e-13,1.5118310032420117e-14,False,"[274, 275, 260, 270, 258, 268, 255]",,
2025-10-10,18,Optimal,0.0006653360687454529,2130.7873121406246,0.09054420000757091,1.0,1.0,757.0,3,9.094947017729282e-13,0.0,False,"[279, 264, 255, 265, 260, 256, 281]",,
2025-10-11,0,Optimal,0.0008617050545002951,15193.875374831665,0.2768559999822173,18.0,7.0,8010.0,8,9.094947017729282e-13,2.2737367544323206e-13,False,"[276, 258, 264, 271, 261, 270, 260]",,
2025-10-11,6,Optimal,0.0,961.0129410662023,0.07170259999111295,10.0,6.0,4582.0,0,9.094947017729282e-13,0.0,False,"[270, 260, 255, 262, 259, 256, 280]",,
2025-10-11,12,Optimal,0.0,344.14060083709256,0.8890416999929585,4.0,3.0,2128.0,144,1.4779288903810084e-12,1.5716095926045679e-12,False,"[279, 275, 263, 270, 259, 264, 281]",,
2025-10-11,18,Optimal,0.00013600066427072894,1561.409979641702,0.10428999998839572,1.0,1.0,757.0,6,6.821210263296962e-13,8.233413950620161e-14,False,"[279, 264, 255, 263, 280, 282, 281]",,
2025-10-12,0,Optimal,0.0005347911212730361,40387.67178292606,0.3319007999962196,18.0,7.0,8010.0,14,9.407585821463726e-12,4.547473508864641e-13,False,"[276, 258, 264, 265, 267, 270, 260]",,
2025-10-12,6,Optimal,0.0005296495140136233,810.7332140640867,1.6976027000055183,10.0,6.0,4582.0,14,1.0231815394945443e-11,1.000444171950221e-11,False,"[270, 260, 278, 265, 275, 264, 280]",,
2025-10-12,12,Optimal,0.0,-8.112523752380861,0.11561840001377277,4.0,3.0,2128.0,5,9.094947017729282e-13,1.6919798895287386e-13,False,"[274, 275, 260, 270, 258, 280, 283]",,
2025-10-12,18,Optimal,0.0006593285284608072,1046.8220520312807,0.1586253000132274,1.0,1.0,757.0,9,2.2737367544323206e-13,2.2737367544323206e-13,False,"[273, 276, 266, 265, 267, 259, 269]",,
2025-10-13,0,Optimal,0.0008155118328845878,42462.32613360987,0.6374320999893826,18.0,7.0,8010.0,17,5.030642569181509e-12,2.220446049250313e-16,False,"[276, 258, 263, 271, 261, 270, 260]",,
2025-10-13,6,Optimal,0.0,-1131.080232091311,0.03520620000199415,11.0,7.0,4835.0,0,9.094947017729282e-13,0.0,False,"[274, 276, 277, 265, 259, 283, 271]",,
2025-10-13,12,Optimal,0.0001982537008581804,1421.3235760401762,0.5502188999962527,4.0,3.0,2128.0,4,9.094947017729282e-13,0.0,False,"[279, 275, 263, 270, 259, 264, 281]",,
2025-10-13,18,Optimal,0.0003080077906171324,1113.592442486965,0.12245870000333525,1.0,1.0,757.0,6,5.684341886080801e-13,0.0,False,"[273, 276, 266, 265, 280, 258, 269]",,
2025-10-14,0,Optimal,0.0004189794341619643,43899.08801059084,0.494220900000073,18.0,7.0,8010.0,19,3.637978807091713e-12,1.3642420526593924e-12,False,"[276, 258, 263, 265, 267, 280, 260]",,
2025-10-14,6,Optimal,0.0,-2681.3344139426913,0.0856365000072401,11.0,7.0,4835.0,0,9.094947017729282e-13,0.0,False,"[274, 276, 277, 265, 259, 264, 271]",,
2025-10-14,12,Optimal,0.0,3807.2781234473578,0.4603660999855492,4.0,3.0,2128.0,14,2.2737367544323206e-12,1.8189894035458565e-12,False,"[274, 275, 260, 270, 262, 269, 284]",,
2025-10-14,18,Optimal,0.0006662632017876471,615.5894344298862,0.1597538999922108,1.0,1.0,757.0,5,7.958078640513122e-13,0.0,False,"[273, 264, 266, 265, 267, 259, 284]",,
2025-10-15,0,Optimal,0.0008720226910817975,46731.73029104196,0.47014109999872744,18.0,7.0,8010.0,17,9.094947017729282e-13,2.220446049250313e-16,False,"[276, 282, 285, 271, 267, 280, 260]",,
2025-10-15,6,Optimal,0.0003804508397610928,-2906.0853709448465,0.162867200007895,11.0,7.0,4835.0,1,1.2505552149377763e-12,0.0,False,"[274, 276, 282, 268, 275, 285, 281]",,
2025-10-15,12,Optimal,0.00011845789219426253,362.7454001645547,0.32035480000195093,4.0,3.0,2128.0,10,9.094947017729282e-13,1.3722356584366935e-13,False,"[279, 275, 263, 270, 262, 264, 281]",,
2025-10-15,18,Optimal,0.0009321304960358336,-367.48190310531663,0.3436677999852691,1.0,1.0,757.0,5,2.3234747459355276e-12,0.0,False,"[273, 277, 266, 265, 267, 286, 284]",,
2025-10-16,0,Optimal,0.000582922729260781,43923.769324894565,0.45316050000838004,18.0,7.0,8010.0,18,3.637978807091713e-12,2.220446049250313e-16,False,"[276, 282, 263, 265, 267, 280, 260]",,
2025-10-16,6,Optimal,0.0,91.3928087019641,0.0380326000158675,10.0,6.0,4582.0,0,9.094947017729282e-13,0.0,False,"[274, 276, 282, 268, 272, 266, 271]",,
2025-10-16,12,Optimal,0.0009480145795962772,-131.92277919336001,3.197479199996451,4.0,3.0,2128.0,14,1.3642420526593924e-12,0.0,False,"[274, 275, 260, 270, 268, 269, 284]",,
2025-10-16,18,Optimal,0.0,-282.52475931497935,0.149136299995007,1.0,1.0,757.0,5,7.958078640513122e-13,1.2434497875801753e-13,False,"[273, 277, 266, 265, 287, 271, 284]",,
2025-10-17,0,Optimal,0.0007299381108147958,15480.564006557635,0.18896510000922717,17.0,7.0,7649.0,6,1.8189894035458565e-12,0.0,False,"[276, 282, 263, 265, 267, 272, 262]",,
2025-10-17,6,Optimal,0.00033800249301062593,1583.996376231422,0.40836319999652915,11.0,7.0,4835.0,6,1.035616037370346e-12,0.0,False,"[270, 279, 282, 261, 272, 266, 281]",,
2025-10-17,12,Optimal,0.0,34.707218852692336,0.18104690001928248,4.0,3.0,2128.0,4,1.7053025658242404e-12,4.796163466380676e-14,False,"[274, 275, 263, 270, 280, 269, 284]",,
2025-10-17,18,Optimal,4.2352210922387205e-05,-543.1452382506258,0.15677689999574795,1.0,1.0,757.0,7,7.958078640513122e-13,2.842170943040401e-14,False,"[273, 277, 266, 265, 288, 271, 284]",,
2025-10-18,0,Optimal,0.0008679915742378623,17362.353240545846,1.0136744000192266,16.0,7.0,7288.0,576,3.5491609651217004e-12,2.220446049250313e-16,False,"[276, 282, 263, 265, 267, 280, 266]",,
2025-10-18,6,Optimal,0.0006075407324879572,-425.45777552588436,0.5886612999893259,10.0,6.0,4582.0,8,1.2505552149377763e-12,0.0,False,"[274, 279, 282, 268, 264, 280, 281]",,
2025-10-18,12,Optimal,0.0001780125787590967,-512.8090400347011,0.11084629999822937,4.0,3.0,2128.0,3,9.094947017729282e-13,0.0,False,"[274, 275, 263, 271, 268, 269, 281]",,
2025-10-18,18,Optimal,0.0,-716.3203720475796,0.26206789998104796,1.0,1.0,757.0,3,7.958078640513122e-13,0.0,False,"[273, 276, 266, 285, 288, 286, 284]",,
2025-10-19,0,Optimal,0.0003844357810332497,47013.81274318232,0.6291743000037968,17.0,7.0,7649.0,21,2.6219026949547697e-12,2.220446049250313e-16,False,"[276, 282, 290, 283, 279, 272, 266]",,
2025-10-19,6,Optimal,0.0,-742.8043202100048,0.6102476000087336,11.0,7.0,4835.0,3,9.094947017729282e-13,0.0,False,"[274, 276, 282, 268, 264, 266, 271]",,
2025-10-19,12,Optimal,0.0006982638533119189,-688.2854208351979,0.5754855999839492,4.0,3.0,2128.0,7,8.988365607365267e-13,1.1546319456101628e-13,False,"[279, 275, 263, 271, 280, 264, 281]",,
2025-10-19,18,Optimal,0.0006430391910189737,-381.0659364057995,0.048222599987639114,1.0,1.0,757.0,3,9.094947017729282e-13,0.0,False,"[273, 264, 266, 285, 288, 286, 269]",,
2025-10-20,0,Optimal,0.0005418352225827706,50203.28023102523,0.2273267999989912,16.0,7.0,7288.0,17,1.8189894035458565e-12,2.2737367544323206e-13,False,"[276, 282, 290, 265, 267, 272, 266]",,
2025-10-20,6,Optimal,0.0,-1730.3952068303408,0.0485200000111945,11.0,7.0,4835.0,0,9.094947017729282e-13,0.0,False,"[270, 279, 282, 284, 283, 280, 281]",,
2025-10-20,12,Optimal,0.0,-980.2611349378742,0.01628139999229461,4.0,3.0,2128.0,0,8.526512829121202e-13,0.0,False,"[274, 275, 289, 271, 286, 269, 284]",,
2025-10-20,18,Optimal,0.00042787894222348974,-656.3575694852183,0.1298415999917779,1.0,1.0,757.0,4,7.673861546209082e-13,0.0,False,"[273, 276, 290, 285, 288, 286, 284]",,
2025-10-21,0,Optimal,0.0006530680339635294,49249.8560817476,0.39845390000846237,17.0,7.0,7649.0,15,2.7284841053187847e-12,4.547473508864641e-13,False,"[276, 282, 292, 265, 267, 272, 266]",,
2025-10-21,6,Optimal,0.0004874832139381619,-235.27176841642918,1.1357219999772497,11.0,7.0,4835.0,7,9.094947017729282e-13,1.1368683772161603e-13,False,"[274, 279, 269, 284, 272, 266, 271]",,
2025-10-21,12,Optimal,0.0,-784.1448593568762,0.014302700001280755,4.0,3.0,2128.0,0,9.094947017729282e-13,0.0,False,"[274, 275, 289, 271, 286, 269, 284]",,
2025-10-21,18,Optimal,0.00013293502284249717,-154.86961564156204,0.18365009999251924,1.0,1.0,757.0,5,8.526512829121202e-13,6.114206363427854e-14,False,"[273, 270, 290, 272, 280, 286, 269]",,
2025-10-22,0,Optimal,0.0009391677642210835,46668.67011817389,0.8541933999804314,18.0,7.0,8010.0,20,2.0179413695586845e-12,2.220446049250313e-16,False,"[276, 282, 292, 271, 267, 272, 266]",,
2025-10-22,6,Optimal,0.0,-876.7431837048694,0.25132929999381304,11.0,7.0,4835.0,2,9.094947017729282e-13,0.0,False,"[274, 279, 282, 268, 272, 280, 281]",,
2025-10-22,12,Optimal,0.0,1115.7875838285422,0.9253681999980472,4.0,3.0,2128.0,9,2.3874235921539366e-12,1.1368683772161603e-13,False,"[274, 275, 293, 271, 286, 269, 284]",,
2025-10-22,18,Optimal,4.128548320794834e-05,-161.149586474012,0.11743220000062138,1.0,1.0,757.0,6,8.668621376273222e-13,3.822229855172974e-14,False,"[275, 270, 293, 285, 280, 286, 269]",,
2025-10-23,0,Optimal,0.0008215202944970263,52811.36417881346,0.23456209999858402,17.0,7.0,7649.0,17,4.888534022029489e-12,3.410605131648481e-13,False,"[276, 282, 292, 271, 267, 294, 278]",,
2025-10-23,6,Optimal,0.0,-3901.69657540802,0.03393500001402572,11.0,7.0,4835.0,0,9.094947017729282e-13,0.0,False,"[270, 279, 282, 284, 272, 289, 281]",,
2025-10-23,12,Optimal,0.0,516.3816462880231,0.12134780001360923,4.0,3.0,2128.0,6,2.6005864128819667e-12,0.0,False,"[279, 275, 289, 287, 286, 291, 281]",,
2025-10-23,18,Optimal,0.0009944937326839957,-285.366881481272,0.17015239997999743,1.0,1.0,757.0,6,8.100187187665142e-13,3.4638958368304884e-14,False,"[273, 270, 290, 294, 280, 286, 269]",,
2025-10-24,0,Optimal,0.0007146830061151125,16528.008549136073,0.30662399998982437,18.0,7.0,8010.0,6,9.094947017729282e-13,0.0,False,"[276, 281, 290, 283, 293, 294, 278]",,
2025-10-24,6,Optimal,0.0,-1065.2085864252144,0.03254970000125468,11.0,7.0,4835.0,0,9.094947017729282e-13,0.0,False,"[274, 279, 269, 291, 288, 289, 271]",,
2025-10-24,12,Optimal,0.0005405827386563506,476.42861052870217,0.46585040001082234,4.0,3.0,2128.0,9,9.094947017729282e-13,0.0,False,"[279, 275, 270, 295, 286, 291, 281]",,
2025-10-24,18,Optimal,0.0,318.37808328517633,0.12430970001150854,1.0,1.0,757.0,4,9.094947017729282e-13,0.0,False,"[275, 270, 295, 272, 280, 286, 269]",,
2025-10-25,0,Optimal,0.0003914578362039134,16348.877208213751,0.23706730001140386,18.0,7.0,8010.0,6,9.094947017729282e-13,1.1368683772161603e-13,False,"[276, 281, 292, 271, 291, 294, 278]",,
2025-10-25,6,Optimal,9.174757007010743e-05,369.8818669204842,0.1431956000160426,9.0,5.0,4329.0,1,8.952838470577262e-13,0.0,False,"[274, 277, 292, 275, 296, 289, 281]",,
2025-10-25,12,Optimal,0.0,166.15343033071866,0.01828599997679703,4.0,3.0,2128.0,0,9.094947017729282e-13,0.0,False,"[274, 275, 270, 292, 286, 269, 284]",,
2025-10-25,18,Optimal,0.0,-7.175771605766225,0.16557999997166917,1.0,1.0,757.0,4,7.958078640513122e-13,1.1368683772161603e-13,False,"[273, 270, 295, 285, 288, 271, 284]",,
2025-10-26,0,Optimal,0.0007405062807382699,47680.079085993544,0.41481950000161305,18.0,7.0,8010.0,19,9.947598300641403e-12,2.220446049250313e-16,False,"[276, 281, 290, 283, 293, 288, 270]",,
2025-10-26,6,Optimal,0.0007283413475819169,-1151.4887286565402,0.2764780999859795,9.0,5.0,4329.0,5,1.1368683772161603e-12,0.0,False,"[270, 277, 292, 272, 285, 295, 281]",,
2025-10-26,12,Optimal,0.0,1332.7055767816535,0.29750200000125915,4.0,3.0,2128.0,4,9.094947017729282e-13,0.0,False,"[279, 275, 270, 292, 286, 297, 281]",,
2025-10-26,18,Optimal,0.0,-256.80114211841453,0.07723700001952238,1.0,1.0,757.0,3,8.242295734817162e-13,0.0,False,"[275, 270, 295, 283, 287, 292, 284]",,
2025-10-27,0,Optimal,0.00039235773898007816,42686.71716685037,0.28791019998607226,18.0,7.0,8010.0,12,1.9326762412674725e-12,2.2737367544323206e-13,False,"[276, 281, 287, 275, 279, 284, 280]",,
2025-10-27,6,Optimal,0.0006561560507395705,6372.645103491629,0.1844394000072498,10.0,6.0,4582.0,7,1.0231815394945443e-12,2.220446049250313e-16,False,"[290, 277, 284, 272, 285, 295, 281]",,
2025-10-27,12,Optimal,0.0008961620124720667,-924.2479916888426,0.1026105000055395,4.0,3.0,2128.0,2,9.094947017729282e-13,0.0,False,"[274, 275, 298, 292, 286, 297, 281]",,
2025-10-27,18,Optimal,0.0,-727.6252538820967,0.07469249999849126,1.0,1.0,757.0,1,7.958078640513122e-13,0.0,False,"[273, 298, 295, 285, 288, 292, 284]",,
2025-10-28,0,Optimal,0.0007379003906674708,42979.22516225498,0.22986239998135716,17.0,7.0,7649.0,13,3.637978807091713e-12,2.2737367544323206e-13,False,"[276, 281, 287, 275, 293, 288, 280]",,
2025-10-28,6,Optimal,0.0009678611283275832,5221.47823990373,1.907339099998353,11.0,7.0,4835.0,13,2.1435653252410704e-11,2.3817392502678558e-11,False,"[274, 277, 292, 272, 285, 298, 287]",,
2025-10-28,12,Optimal,0.0002698059802048889,44.42277851511445,0.2649323000223376,4.0,3.0,2128.0,7,8.810729923425242e-13,4.092726157978177e-12,False,"[279, 275, 293, 287, 286, 291, 281]",,
2025-10-28,18,Optimal,0.0,-407.10773025768407,0.20714139999472536,1.0,1.0,757.0,3,7.815970093361102e-13,2.042810365310288e-14,False,"[273, 298, 295, 291, 287, 292, 284]",,
2025-10-29,0,Optimal,0.00047219855739465805,48270.86320682615,0.3667009000200778,17.0,7.0,7649.0,19,2.8990143619012088e-12,2.2737367544323206e-13,False,"[276, 281, 287, 275, 293, 288, 278]",,
2025-10-29,6,Optimal,0.0006048264714218692,2587.3363817654927,0.6727110000210814,10.0,6.0,4582.0,12,5.9117155615240335e-12,7.105427357601002e-15,False,"[290, 279, 293, 275, 285, 289, 281]",,
2025-10-29,12,Optimal,4.917679309656179e-05,-571.9019077077834,0.15159540000604466,4.0,3.0,2128.0,3,8.810729923425242e-13,2.220446049250313e-16,False,"[274, 275, 293, 292, 286, 297, 284]",,
2025-10-29,18,Optimal,0.0,-652.3088125970256,0.12749889999395236,1.0,1.0,757.0,2,6.821210263296962e-13,0.0,False,"[273, 298, 295, 291, 294, 292, 284]",,
2025-10-30,0,Optimal,0.0007035187695839692,42795.71305877936,0.2811966000008397,18.0,7.0,8010.0,15,1.9326762412674725e-12,2.2737367544323206e-13,False,"[276, 282, 290, 283, 293, 288, 278]",,
2025-10-30,6,Optimal,0.000569636384493331,2594.3541571120018,0.30429040000308305,10.0,6.0,4582.0,9,9.094947017729282e-13,0.0,False,"[290, 278, 301, 275, 285, 298, 287]",,
2025-10-30,12,Optimal,0.0,-168.4139539110963,0.14014460000908002,4.0,3.0,2128.0,5,2.2737367544323206e-12,0.0,False,"[274, 289, 298, 292, 286, 297, 284]",,
2025-10-30,18,Optimal,0.0009340011194596654,-456.80367889435564,0.06185709999408573,1.0,1.0,757.0,1,5.826450433232822e-13,0.0,False,"[275, 298, 290, 300, 287, 297, 284]",,
2025-10-31,0,Optimal,0.0007773647895684857,18914.51262266999,1.1768981000059284,18.0,7.0,8010.0,648,3.0802027595200343e-12,2.220446049250313e-16,False,"[295, 298, 292, 286, 291, 299, 302]",,
2025-10-31,6,Optimal,0.0,-529.827218008912,0.1437279999954626,11.0,7.0,4835.0,1,9.094947017729282e-13,0.0,False,"[299, 278, 284, 283, 297, 289, 287]",,
2025-10-31,12,Optimal,0.0009657804318351259,518.7962485862889,0.19098469999153167,4.0,3.0,2128.0,3,7.958078640513122e-13,0.0,False,"[277, 299, 301, 302, 286, 297, 281]",,
2025-10-31,18,Optimal,0.0009619825597642315,-424.21938599014595,0.10448619999806397,1.0,1.0,757.0,7,4.547473508864641e-13,0.0,False,"[275, 293, 299, 285, 294, 292, 284]",,
2025-11-01,0,Optimal,0.0007022739411662171,17595.735053947243,1.0621189000084996,18.0,7.0,8010.0,648,5.229594535194337e-12,1.8189894035458565e-12,False,"[295, 298, 292, 279, 291, 299, 302]",,
2025-11-01,6,Optimal,0.0007235108767450558,-190.05701298544062,0.5617009999987204,11.0,7.0,4835.0,3,1.2517466821914627e-12,0.0,False,"[299, 278, 301, 283, 297, 289, 287]",,
2025-11-01,12,Optimal,0.0005866675325626512,879.0915772864278,0.08581700001377612,4.0,3.0,2128.0,2,9.094947017729282e-13,1.8934853684982045e-13,False,"[277, 293, 296, 303, 286, 297, 284]",,
2025-11-01,18,Optimal,0.0,-211.5434709587199,0.08405199999106117,1.0,1.0,757.0,11,9.663381206337363e-13,7.591429678904108e-14,False,"[278, 290, 291, 285, 288, 297, 284]",,
2025-11-02,0,Optimal,0.0006791522947583075,47280.44694943492,0.4036598000093363,17.0,7.0,7649.0,17,1.5702994460298214e-12,2.220446049250313e-16,False,"[277, 297, 285, 303, 296, 304, 302]",,
2025-11-02,6,Optimal,0.0009405414093213848,5842.290016821694,0.7796127000183333,11.0,7.0,4835.0,18,2.3590018827235326e-12,0.0,False,"[299, 282, 284, 304, 285, 289, 281]",,
2025-11-02,12,Optimal,0.0,-1646.1577061254075,0.01617630000691861,4.0,3.0,2128.0,0,8.597567102697212e-13,0.0,False,"[278, 293, 304, 303, 286, 297, 284]",,
2025-11-02,18,Optimal,0.0,-373.39363406302243,0.16865140001755208,1.0,1.0,757.0,5,2.7284841053187847e-12,0.0,False,"[277, 290, 291, 285, 302, 297, 284]",,
2025-11-03,0,Optimal,0.0004397133800539996,50454.122111177494,0.6393450000032317,18.0,7.0,8010.0,19,1.0231815394945443e-12,1.0231815394945443e-12,False,"[281, 287, 283, 301, 284, 305, 302]",,
2025-11-03,6,Optimal,0.0,493.57644236182904,1.4178182000177912,10.0,6.0,4582.0,8,3.637978807091713e-12,0.0,False,"[299, 282, 284, 304, 297, 289, 281]",,
2025-11-03,12,Optimal,0.0,-718.9362121100082,0.10738449997734278,4.0,3.0,2128.0,2,1.3642420526593924e-12,0.0,False,"[289, 300, 305, 287, 286, 297, 281]",,
2025-11-03,18,Optimal,0.0,-565.7204070567833,0.04909919999772683,1.0,1.0,757.0,2,3.183231456205249e-12,3.733024339324341e-14,False,"[298, 295, 300, 285, 294, 286, 284]",,
2025-11-04,0,Optimal,0.0006574348034060791,46636.40174897768,0.554267700004857,16.0,7.0,7288.0,17,3.524291969370097e-12,2.220446049250313e-16,False,"[281, 287, 306, 303, 296, 304, 302]",,
2025-11-04,6,Optimal,0.0002725842277514061,3876.247835834987,4.566204700007802,10.0,6.0,4582.0,14,7.73070496506989e-12,1.0231815394945443e-12,False,"[299, 293, 284, 304, 285, 289, 281]",,
2025-11-04,12,Optimal,0.0006686063188460939,-970.8448382814623,0.10331550001865253,4.0,3.0,2128.0,3,9.094947017729282e-13,0.0,False,"[299, 298, 305, 287, 286, 291, 281]",,
2025-11-04,18,Optimal,4.366316912569615e-05,-537.6866920201361,0.20357349998084828,1.0,1.0,757.0,3,5.826450433232822e-13,0.0,False,"[304, 299, 300, 296, 280, 286, 284]",,
2025-11-05,0,Optimal,0.0004473044520568051,52238.566640522135,0.6500671999820042,18.0,7.0,8010.0,19,1.1368683772161603e-12,1.1368683772161603e-13,False,"[281, 287, 306, 301, 284, 304, 302]",,
2025-11-05,6,Optimal,0.0,-2764.6100462727372,0.03554330000770278,11.0,7.0,4835.0,0,9.094947017729282e-13,0.0,False,"[299, 307, 284, 283, 297, 289, 287]",,
2025-11-05,12,Optimal,3.9083362758372466e-05,494.7916095160806,0.2244428000121843,4.0,3.0,2128.0,11,1.2505552149377763e-12,6.090614268702491e-14,False,"[293, 300, 304, 295, 286, 291, 281]",,
2025-11-05,18,Optimal,0.0008185459448968489,-640.2010802422946,0.08939809998264536,1.0,1.0,757.0,8,9.094947017729282e-13,0.0,False,"[306, 299, 285, 287, 289, 307, 283]",,
2025-11-06,0,Optimal,0.0004555845247249884,48795.72605995602,0.2454452000092715,17.0,7.0,7649.0,15,3.055333763768431e-12,4.547473508864641e-13,False,"[281, 297, 285, 303, 296, 307, 302]",,
2025-11-06,6,Optimal,0.0007468374589035254,4123.279834127589,0.5338303000025917,11.0,7.0,4835.0,10,1.8189894035458565e-12,1.1368683772161603e-13,False,"[305, 293, 284, 304, 285, 289, 281]",,
2025-11-06,12,Optimal,1.4098146016023856e-06,-653.6071901291543,0.14901969998027198,4.0,3.0,2128.0,1,8.979483823168266e-13,0.0,False,"[299, 298, 304, 303, 286, 297, 284]",,
2025-11-06,18,Optimal,0.0005644040503248949,-633.2846693720202,0.12982669999473728,1.0,1.0,757.0,7,8.331113576787175e-13,0.0,False,"[306, 299, 300, 301, 292, 307, 283]",,
2025-11-07,0,Optimal,0.0003210310278615189,18163.374373550694,1.3050575000233948,18.0,7.0,8010.0,648,1.8189894035458565e-12,1.8189894035458565e-12,False,"[282, 287, 306, 301, 284, 304, 302]",,
2025-11-07,6,Optimal,0.0,-13.682098456325988,0.037334199994802475,11.0,7.0,4835.0,0,9.094947017729282e-13,0.0,False,"[299, 307, 284, 283, 285, 302, 294]",,
2025-11-07,12,Optimal,0.0,-605.561920960137,0.014179199992213398,4.0,3.0,2128.0,0,8.810729923425242e-13,0.0,False,"[293, 298, 296, 303, 307, 291, 285]",,
2025-11-07,18,Optimal,0.0,-605.9326391945503,0.06807410001056269,1.0,1.0,757.0,2,6.821210263296962e-13,0.0,False,"[304, 299, 291, 301, 292, 307, 284]",,
2025-11-08,0,Optimal,0.0005266527122512433,18214.58827082435,0.20238139998400584,17.0,7.0,7649.0,8,9.094947017729282e-13,2.2737367544323206e-13,False,"[308, 290, 283, 293, 310, 304, 302]",,
2025-11-08,6,Optimal,0.0,0.9471847221252858,0.030673200002638623,10.0,6.0,4582.0,0,9.094947017729282e-13,0.0,False,"[310, 307, 284, 283, 285, 302, 294]",,
2025-11-08,12,Optimal,0.0004893642042180387,-71.5430549821539,2.2268549999862444,4.0,3.0,2128.0,144,2.2861712523081223e-12,2.2541968291989177e-13,False,"[299, 309, 305, 302, 295, 288, 283]",,
2025-11-08,18,Optimal,0.00025111387345724384,-428.30559236083843,0.08854240001528524,1.0,1.0,757.0,5,7.958078640513122e-13,0.0,False,"[290, 308, 291, 300, 289, 297, 286]",,
2025-11-09,0,Optimal,0.000424423242429744,49808.88672123207,1.3765044000174385,17.0,7.0,7649.0,612,4.774847184307873e-12,2.880066555614273e-15,False,"[308, 290, 311, 293, 310, 304, 302]",,
2025-11-09,6,Optimal,0.0006928948033878378,451.17365731787703,1.8871014999749605,11.0,7.0,4835.0,8,3.637978807091713e-12,1.1368683772161603e-13,False,"[299, 293, 284, 304, 297, 302, 294]",,
2025-11-09,12,Optimal,0.0009329515559866392,-356.9697657971801,0.5798395999881905,4.0,3.0,2128.0,9,9.094947017729282e-13,0.0,False,"[299, 311, 296, 292, 287, 288, 297]",,
2025-11-09,18,Optimal,0.0,7.951840492225778,0.5031545000092592,1.0,1.0,757.0,11,7.958078640513122e-13,6.217248937900877e-14,False,"[304, 306, 310, 300, 296, 297, 286]",,
2025-11-10,0,Optimal,0.0003877395823020222,50568.80954585234,0.39481460000388324,17.0,7.0,7649.0,15,1.3642420526593924e-12,2.2737367544323206e-13,False,"[308, 290, 311, 293, 310, 304, 302]",,
2025-11-10,6,Optimal,1.512846160312062e-05,3647.8213332070163,1.8325205000001006,9.0,5.0,4329.0,324,3.183231456205249e-12,3.774758283725532e-15,False,"[299, 293, 309, 304, 285, 302, 287]",,
2025-11-10,12,Optimal,0.00048084717683842624,-618.122121990552,0.21820659999502823,4.0,3.0,2128.0,8,9.094947017729282e-13,0.0,False,"[299, 309, 296, 292, 303, 286, 297]",,
2025-11-10,18,Optimal,0.0,-287.22244780613664,0.33204579999437556,1.0,1.0,757.0,10,8.526512829121202e-13,0.0,False,"[304, 306, 310, 285, 301, 292, 307]",,
2025-11-11,0,Optimal,0.0005855797194223265,52280.46669975478,1.4281202999991365,18.0,7.0,8010.0,648,3.296918293926865e-11,1.4860797777534647e-12,False,"[308, 290, 286, 312, 288, 304, 302]",,
2025-11-11,6,Optimal,0.00013984393804253073,533.3892718309233,5.739729200024158,11.0,7.0,4835.0,396,2.2737367544323206e-12,8.460110959874212e-14,False,"[310, 292, 306, 312, 297, 302, 294]",,
2025-11-11,12,Optimal,0.0005765307301016229,-498.1888865793987,0.24061460001394153,4.0,3.0,2128.0,10,8.810729923425242e-13,0.0,False,"[299, 311, 296, 292, 303, 313, 290]",,
2025-11-11,18,Optimal,0.0,63.78047325940701,0.13607609999598935,1.0,1.0,757.0,5,1.4779288903810084e-12,8.615330671091215e-14,False,"[304, 306, 310, 300, 296, 292, 307]",,
2025-11-12,0,Optimal,0.0007098631689752815,49588.141109965334,0.4751031000050716,18.0,7.0,8010.0,20,9.094947017729282e-13,4.440892098500626e-16,False,"[308, 290, 311, 312, 288, 304, 302]",,
2025-11-12,6,Optimal,0.0004337494788475978,4953.296950214542,0.899521499988623,11.0,7.0,4835.0,15,1.8189894035458565e-12,5.968558980384842e-13,False,"[299, 307, 306, 303, 288, 308, 295]",,
2025-11-12,12,Optimal,0.00014443680041423005,-1113.6590943515,0.17233880001003854,4.0,3.0,2128.0,7,8.384404281969182e-13,0.0,False,"[299, 309, 296, 292, 303, 294, 290]",,
2025-11-12,18,Optimal,7.106040383306154e-05,-219.34168079977965,0.16009180000401102,1.0,1.0,757.0,10,1.4779288903810084e-12,0.0,False,"[303, 308, 310, 300, 314, 292, 294]",,
2025-11-13,0,Optimal,0.0009055594325096693,48485.40362921725,0.4271924000058789,18.0,7.0,8010.0,18,1.1510792319313623e-12,2.220446049250313e-16,False,"[308, 292, 303, 315, 288, 304, 302]",,
2025-11-13,6,Optimal,0.000212660053933311,2664.3051873352806,2.4595426000014413,11.0,7.0,4835.0,8,4.774847184307873e-12,1.1368683772161603e-13,False,"[315, 313, 301, 291, 304, 311, 295]",,
2025-11-13,12,Optimal,1.6545415496953255e-05,280.07864522812645,1.9082970000163186,4.0,3.0,2128.0,13,8.810729923425242e-13,1.1191048088221578e-13,False,"[299, 309, 296, 315, 312, 294, 290]",,
2025-11-13,18,Optimal,0.0,208.51875883614014,0.16897009999956936,1.0,1.0,757.0,8,5.684341886080801e-13,6.084022174945858e-14,False,"[304, 306, 310, 315, 314, 302, 294]",,
2025-11-14,0,Optimal,0.0007420454641111137,18840.407740029936,0.23750960000324994,18.0,7.0,8010.0,9,9.094947017729282e-13,0.0,False,"[308, 292, 303, 315, 299, 305, 302]",,
2025-11-14,6,Optimal,0.0,-630.0485439248177,0.03348919999552891,11.0,7.0,4835.0,0,9.094947017729282e-13,0.0,False,"[315, 292, 301, 300, 304, 311, 295]",,
2025-11-14,12,Optimal,0.0,953.8022247361718,0.10478710001916625,4.0,3.0,2128.0,3,9.094947017729282e-13,3.597122599785507e-14,False,"[293, 311, 296, 310, 303, 307, 291]",,
2025-11-14,18,Optimal,0.0009318372156755331,-193.39439884573062,0.15009419998386875,1.0,1.0,757.0,6,1.1368683772161603e-12,5.950795411990839e-14,False,"[303, 308, 310, 315, 314, 292, 294]",,
2025-11-15,0,Optimal,0.0008939964801086462,20693.23689334395,0.26386960002128035,18.0,7.0,8010.0,14,5.9827698351000436e-12,0.0,False,"[308, 292, 303, 315, 299, 305, 316]",,
2025-11-15,6,Optimal,0.0,-511.8994396905056,0.03637009998783469,11.0,7.0,4835.0,0,9.094947017729282e-13,0.0,False,"[315, 313, 301, 291, 296, 311, 294]",,
2025-11-15,12,Optimal,0.0,-170.43358061412775,0.6806255999836139,4.0,3.0,2128.0,5,8.57980353430321e-13,0.0,False,"[308, 298, 305, 310, 303, 307, 291]",,
2025-11-15,18,Optimal,1.3851140849816594e-05,-356.93987836272026,0.10065529998973943,1.0,1.0,757.0,4,5.684341886080801e-13,0.0,False,"[317, 308, 311, 315, 301, 292, 307]",,
2025-11-16,0,Optimal,0.00042177891950894293,51063.791048986124,0.4328984000021592,18.0,7.0,8010.0,20,2.8990143619012088e-12,0.0,False,"[308, 292, 303, 315, 299, 305, 316]",,
2025-11-16,6,Optimal,0.0008074669302726141,3331.6945034232913,5.029756299976725,10.0,6.0,4582.0,20,1.2647660696529783e-11,1.1004530620084552e-11,False,"[299, 307, 306, 318, 296, 311, 294]",,
2025-11-16,12,Optimal,0.0007873313432481959,-340.2042828860633,1.4817657000094187,4.0,3.0,2128.0,6,5.002220859751105e-12,2.954573903388713e-12,False,"[293, 311, 296, 315, 312, 294, 297]",,
2025-11-16,18,Optimal,0.0008134439938728599,-208.62311407623443,0.09223470001597889,1.0,1.0,757.0,8,9.094947017729282e-13,0.0,False,"[304, 299, 310, 300, 314, 302, 294]",,
2025-11-17,0,Optimal,0.0005242827936995715,49177.64876322031,1.3168922000040766,16.0,7.0,7288.0,576,2.0463630789890885e-12,1.8189894035458565e-12,False,"[308, 292, 303, 315, 307, 317, 316]",,
2025-11-17,6,Optimal,0.000592635194616024,7338.607445604383,1.0972247000026982,11.0,7.0,4835.0,15,4.547473508864641e-12,1.1368683772161603e-13,False,"[299, 307, 301, 300, 304, 308, 295]",,
2025-11-17,12,Optimal,7.97033112020654e-05,-1140.8631536460866,0.18227620000834577,4.0,3.0,2128.0,2,9.094947017729282e-13,1.7368160492245995e-13,False,"[308, 298, 305, 310, 312, 295, 297]",,
2025-11-17,18,Optimal,0.0,-248.65277796654217,0.12352380002266727,1.0,1.0,757.0,4,7.815970093361102e-13,0.0,False,"[304, 308, 311, 300, 314, 292, 294]",,
2025-11-18,0,Optimal,0.0006197236017543523,51609.012630444435,0.26344830001471564,16.0,7.0,7288.0,20,1.2953194072906626e-11,2.2737367544323206e-13,False,"[308, 314, 301, 296, 313, 294, 302]",,
2025-11-18,6,Optimal,0.0,-47.063658220051195,0.421232599997893,11.0,7.0,4835.0,4,9.094947017729282e-13,2.2737367544323206e-13,False,"[320, 307, 301, 300, 304, 311, 294]",,
2025-11-18,12,Optimal,4.2244935578254835e-07,860.3751264072791,0.3281012999941595,4.0,3.0,2128.0,12,9.094947017729282e-13,0.0,False,"[299, 309, 296, 315, 302, 307, 297]",,
2025-11-18,18,Optimal,0.0008810380445905977,-153.34140505964265,0.7304545999795664,1.0,1.0,757.0,9,1.4779288903810084e-12,0.0,False,"[304, 308, 295, 300, 319, 313, 294]",,
2025-11-19,0,Optimal,0.0003640814195868875,49997.50606125833,0.23756360000697896,17.0,7.0,7649.0,14,2.7284841053187847e-12,0.0,False,"[308, 314, 301, 310, 304, 309, 302]",,
2025-11-19,6,Optimal,0.0009838070869549159,6688.500246673381,1.8774976000131574,11.0,7.0,4835.0,20,3.637978807091713e-12,2.2737367544323206e-13,False,"[299, 313, 301, 303, 316, 308, 294]",,
2025-11-19,12,Optimal,0.0007541497080724763,-741.2741337392262,1.5161481999966782,4.0,3.0,2128.0,9,1.7353717072205132e-11,3.410605131648481e-12,False,"[299, 311, 296, 315, 312, 294, 297]",,
2025-11-19,18,Optimal,0.0,-197.06396647165334,0.9599730999907479,1.0,1.0,757.0,11,3.410605131648481e-12,2.3092638912203256e-14,False,"[317, 308, 311, 315, 318, 302, 307]",,
2025-11-20,0,Optimal,0.00024334313632535376,49589.90680647669,1.3319104999827687,17.0,7.0,7649.0,612,8.764277008997757e-11,2.6002638339111903e-12,False,"[308, 314, 301, 310, 304, 321, 322]",,
2025-11-20,6,Optimal,0.00020621784097604623,1202.2805681035493,19.503629400016507,,,,10,,,True,"[299, 313, 301, 318, 296, 311, 321]",1.7053025658242404e-12,Tree mutual exclusion unresolved
2025-11-20,12,Optimal,0.0002261555533862072,1649.637476623629,0.602156599983573,4.0,3.0,2128.0,8,8.526512829121202e-13,2.1316282072803006e-14,False,"[299, 311, 296, 322, 302, 307, 297]",,
2025-11-20,18,Optimal,0.0005968136156721207,39.40432959782763,0.1894243999850005,1.0,1.0,757.0,9,6.821210263296962e-13,1.1368683772161603e-13,False,"[304, 299, 321, 300, 318, 313, 297]",,
2025-11-21,0,Optimal,0.0005986196462417727,18967.13348014336,1.235602700005984,18.0,7.0,8010.0,648,2.3874235921539366e-12,2.220446049250313e-16,False,"[298, 306, 312, 299, 305, 319, 322]",,
2025-11-21,6,Optimal,0.000810694227464473,2177.34759568167,0.5392126999795437,10.0,6.0,4582.0,7,9.094947017729282e-13,0.0,False,"[299, 305, 301, 318, 304, 297, 321]",,
2025-11-21,12,Optimal,0.0,-121.81620401715548,0.11493879999034107,4.0,3.0,2128.0,2,9.094947017729282e-13,1.825853139513076e-14,False,"[308, 298, 305, 315, 312, 314, 297]",,
2025-11-21,18,Optimal,0.00043407390759505953,-38.06060828087775,0.16623070000787266,1.0,1.0,757.0,6,7.958078640513122e-13,5.684341886080802e-14,False,"[317, 308, 310, 300, 323, 302, 297]",,
2025-11-22,0,Optimal,0.0008510289835647998,20965.700647041645,0.22414520001620986,17.0,7.0,7649.0,13,9.094947017729282e-13,2.2737367544323206e-13,False,"[298, 306, 312, 307, 317, 324, 322]",,
2025-11-22,6,Optimal,0.00036946268280908334,-1005.4803851927002,0.3427398999920115,11.0,7.0,4835.0,5,1.7621459846850485e-12,0.0,False,"[299, 324, 319, 309, 304, 297, 321]",,
2025-11-22,12,Optimal,0.0008299880157901934,-246.72097385731547,0.15524739999091253,4.0,3.0,2128.0,2,9.094947017729282e-13,5.684450285905226e-14,False,"[299, 311, 305, 315, 312, 314, 297]",,
2025-11-22,18,Optimal,0.0,-121.02503486752981,0.1505112000158988,1.0,1.0,757.0,7,7.958078640513122e-13,0.0,False,"[304, 308, 321, 300, 319, 313, 297]",,
2025-11-23,0,Optimal,0.00043196473581901543,50574.72225899958,0.2461141999810934,17.0,7.0,7649.0,16,3.637978807091713e-12,6.821210263296962e-13,False,"[298, 325, 312, 307, 317, 324, 322]",,
2025-11-23,6,Optimal,0.0008403862527517738,4535.147014557123,0.6092531000031158,11.0,7.0,4835.0,7,3.637978807091713e-12,0.0,False,"[299, 324, 319, 309, 312, 316, 321]",,
2025-11-23,12,Optimal,0.000840884290752375,-1067.2174707917954,0.4631307999952696,4.0,3.0,2128.0,6,9.094947017729282e-13,2.273736754432321e-13,False,"[299, 311, 305, 315, 312, 314, 313]",,
2025-11-23,18,Optimal,0.00020656101664994294,-266.63163356384973,0.09712910000234842,1.0,1.0,757.0,4,2.1600499167107046e-12,0.0,False,"[317, 308, 321, 300, 325, 314, 309]",,
2025-11-24,0,Optimal,0.000524655344606545,49754.57186928927,1.3428277999919374,18.0,7.0,8010.0,648,5.5706550483591855e-12,1.3500311979441904e-12,False,"[318, 311, 315, 313, 309, 326, 322]",,
2025-11-24,6,Optimal,0.0004930988863164196,2608.077021545687,2.7815772999892943,11.0,7.0,4835.0,10,6.821210263296962e-12,5.773159728050814e-14,False,"[320, 305, 314, 306, 303, 316, 321]",,
2025-11-24,12,Optimal,1.3229749224173123e-05,-318.92439057440436,0.34876269998494536,4.0,3.0,2128.0,10,8.526512829121202e-12,1.7763568394002505e-13,False,"[299, 311, 305, 315, 312, 314, 318]",,
2025-11-24,18,Optimal,0.00023795673637631937,-333.1961424647254,0.12509050001972355,1.0,1.0,757.0,4,2.0463630789890885e-12,0.0,False,"[320, 308, 321, 300, 326, 314, 309]",,
2025-11-25,0,Optimal,0.00040722436600508754,58016.34235185711,0.3157528000010643,17.0,7.0,7649.0,19,2.2737367544323206e-12,4.547473508864641e-13,False,"[318, 311, 315, 304, 321, 327, 322]",,
2025-11-25,6,Optimal,0.0,-2062.334338117228,0.03141120000509545,11.0,7.0,4835.0,0,9.094947017729282e-13,0.0,False,"[320, 324, 319, 309, 312, 323, 321]",,
2025-11-25,12,Optimal,0.0,-883.4115528838129,0.014289700018707663,4.0,3.0,2128.0,0,9.094947017729282e-13,0.0,False,"[306, 301, 304, 310, 323, 325, 327]",,
2025-11-25,18,Optimal,0.0,-14.201207157901843,0.16743180001503788,1.0,1.0,757.0,8,1.7177370637000422e-12,0.0,False,"[317, 308, 312, 301, 318, 302, 307]",,
2025-11-26,0,Optimal,0.000381104835441142,54120.81284262967,0.47442479999153875,18.0,7.0,8010.0,16,6.934897101018578e-12,4.440892098500626e-16,False,"[308, 325, 312, 313, 309, 326, 302]",,
2025-11-26,6,Optimal,1.6509987829220589e-06,1334.9008451061363,0.8632207999762613,11.0,7.0,4835.0,17,1.3642420526593924e-12,0.0,False,"[320, 324, 314, 306, 312, 316, 321]",,
2025-11-26,12,Optimal,0.0007837994894985958,-792.2709942012644,0.5667506999743637,4.0,3.0,2128.0,8,8.597567102697212e-13,0.0,False,"[306, 326, 317, 310, 312, 325, 327]",,
2025-11-26,18,Optimal,0.0008411389992087605,154.89466778221308,0.0791853999835439,1.0,1.0,757.0,6,2.6147972675971687e-12,0.0,False,"[320, 308, 312, 325, 323, 302, 305]",,
2025-11-27,0,Optimal,0.00036602053654439864,52377.34599993426,0.2687732999911532,18.0,7.0,8010.0,15,4.04298816647497e-12,2.2737367544323206e-13,False,"[308, 325, 312, 313, 309, 326, 302]",,
2025-11-27,6,Optimal,0.0,1947.244049413836,0.9233093000075314,11.0,7.0,4835.0,14,3.865352482534945e-12,0.0,False,"[310, 324, 328, 325, 303, 323, 321]",,
2025-11-27,12,Optimal,9.143723930957712e-05,-387.77291130080266,0.9409785999741871,4.0,3.0,2128.0,12,8.597567102697212e-13,0.0,False,"[306, 329, 304, 310, 312, 325, 327]",,
2025-11-27,18,Optimal,0.0,155.25597405564045,0.15484140001353808,1.0,1.0,757.0,4,1.2505552149377763e-12,2.2737367544323206e-13,False,"[317, 308, 310, 325, 323, 302, 307]",,
2025-11-28,0,Optimal,0.0004447462824236227,19498.723175150677,0.2193074999959208,17.0,7.0,7649.0,11,1.8189894035458565e-12,2.2737367544323206e-13,False,"[308, 325, 312, 307, 317, 324, 323]",,
2025-11-28,6,Optimal,0.00033239623301330623,1133.9855196815581,0.16602979999152012,10.0,6.0,4582.0,5,9.094947017729282e-13,0.0,False,"[310, 324, 326, 306, 318, 323, 321]",,
2025-11-28,12,Optimal,0.0003839320936721219,-436.7188741303316,0.6620539999858011,4.0,3.0,2128.0,7,6.252776074688882e-12,0.0,False,"[306, 330, 328, 315, 323, 325, 327]",,
2025-11-28,18,Optimal,0.0,-258.89605075897555,0.10163779999129474,1.0,1.0,757.0,5,6.252776074688882e-13,6.143816101311417e-15,False,"[317, 308, 321, 316, 318, 328, 307]",,
2025-11-29,0,Optimal,0.0007320179798162589,24733.320635619275,0.264262399985455,18.0,7.0,8010.0,14,4.579447931973846e-12,1.8189894035458565e-12,False,"[308, 325, 315, 313, 317, 324, 323]",,
2025-11-29,6,Optimal,0.0,-1697.8111164839518,0.031668400013586506,11.0,7.0,4835.0,0,8.810729923425242e-13,0.0,False,"[320, 329, 326, 319, 318, 304, 321]",,
2025-11-29,12,Optimal,0.0,-107.5056402939521,0.3003270000044722,4.0,3.0,2128.0,5,8.668621376273222e-13,1.2401191185062999e-13,False,"[306, 329, 328, 315, 323, 331, 327]",,
2025-11-29,18,Optimal,0.0,-5.525378809249515,0.193462900002487,1.0,1.0,757.0,12,6.821210263296962e-13,0.0,False,"[320, 308, 331, 315, 318, 328, 305]",,
2025-11-30,0,Optimal,0.0003259047920448348,54480.999769315466,0.2401802999956999,17.0,7.0,7649.0,19,5.4569682106375694e-12,6.821210263296962e-13,False,"[332, 306, 312, 307, 317, 324, 323]",,
2025-11-30,6,Optimal,0.0005614222201153991,4126.145949969535,3.4183090000005905,11.0,7.0,4835.0,21,4.547473508864641e-12,1.8189894035458565e-12,False,"[320, 324, 326, 319, 318, 323, 321]",,
2025-11-30,12,Optimal,0.0,-251.15691596223434,0.260283800016623,4.0,3.0,2128.0,6,9.094947017729282e-13,1.620882247865829e-13,False,"[332, 329, 305, 310, 323, 331, 327]",,
2025-11-30,18,Optimal,4.379678463367242e-05,-192.66008251761056,0.13169459998607635,1.0,1.0,757.0,9,7.824851877558103e-13,0.0,False,"[324, 329, 310, 316, 323, 322, 305]",,
2025-12-01,0,Optimal,0.000740860619193409,57725.67377875861,0.45342380000511184,17.0,7.0,7649.0,20,1.3642420526593924e-12,2.220446049250313e-16,False,"[332, 306, 312, 307, 333, 324, 323]",,
2025-12-01,6,Time limit reached,0.001789277548856398,-216.74945513514683,15.217836700001499,11.0,7.0,4835.0,25,1.7848833522293717e-11,1.4118935187656945e-11,False,"[310, 330, 326, 319, 309, 323, 321]",,
2025-12-01,12,Optimal,0.0002418968895247653,-403.2101628581367,0.30005349998828024,4.0,3.0,2128.0,6,9.094947017729282e-13,0.0,False,"[332, 311, 326, 315, 319, 331, 313]",,
2025-12-01,18,Optimal,0.0,-139.7570408082598,0.6195625999826007,1.0,1.0,757.0,7,9.094947017729282e-13,0.0,False,"[320, 306, 310, 325, 323, 328, 307]",,
2025-12-02,0,Optimal,0.00048397497297721163,59328.80247859841,0.5585384000150952,18.0,7.0,8010.0,19,5.059064278611913e-12,1.1368683772161603e-13,False,"[332, 325, 315, 313, 309, 326, 322]",,
2025-12-02,6,Optimal,0.00024693562532501897,1317.1524827248718,6.801732499996433,11.0,7.0,4835.0,37,1.1368683772161603e-12,0.0,False,"[310, 330, 326, 319, 318, 323, 334]",,
2025-12-02,12,Optimal,0.0,27.856269412208178,3.2464917000033893,4.0,3.0,2128.0,15,4.126698982531707e-12,7.608728462097739e-12,False,"[308, 330, 322, 319, 323, 313, 334]",,
2025-12-02,18,Optimal,0.0,400.8808312357073,0.08351989998482168,1.0,1.0,757.0,8,5.684341886080801e-13,2.526538187286783e-12,False,"[320, 311, 310, 325, 314, 313, 334]",,
2025-12-03,0,Optimal,0.0003845733457889353,53428.588165466645,0.28644480000366457,16.0,7.0,7288.0,16,1.8189894035458565e-12,0.0,False,"[332, 325, 315, 331, 321, 327, 320]",,
2025-12-03,6,Optimal,0.0003356132012927859,7451.486533221768,2.279923299996881,10.0,6.0,4582.0,45,4.1154635255225e-11,3.930189507173054e-14,False,"[310, 313, 326, 325, 332, 335, 321]",,
2025-12-03,12,Optimal,0.00023575261056196575,1135.110294740354,3.6785400999942794,4.0,3.0,2128.0,21,9.094947017729282e-13,0.0,False,"[309, 330, 322, 319, 313, 325, 335]",,
2025-12-03,18,Optimal,5.779668188679729e-05,-4.659701483075264,0.1998019999882672,1.0,1.0,757.0,7,5.684341886080801e-13,0.0,False,"[320, 311, 310, 325, 314, 313, 334]",,
2025-12-04,0,Optimal,0.0006558015664931129,59702.332900322486,0.627991799992742,18.0,7.0,8010.0,27,3.637978807091713e-12,2.220446049250313e-16,False,"[332, 311, 310, 317, 319, 316, 335]",,
2025-12-04,6,Optimal,0.0007026288478772467,2228.083415422377,2.42498940002406,10.0,6.0,4582.0,25,1.3642420526593924e-12,0.0,False,"[310, 313, 326, 325, 334, 336, 311]",,
2025-12-04,12,Optimal,0.0,246.46203177173257,0.6468974000017624,4.0,3.0,2128.0,6,1.0231815394945443e-12,7.549516567451064e-14,False,"[309, 326, 319, 323, 324, 334, 335]",,
2025-12-04,18,Optimal,1.0961039409274466e-05,-335.9290574567599,0.153622899990296,1.0,1.0,757.0,10,2.0463630789890885e-12,3.197442310920451e-14,False,"[320, 331, 312, 319, 314, 322, 334]",,
2025-12-05,0,Optimal,0.0005570919679697487,22545.197795203,0.25625289999879897,18.0,7.0,8010.0,13,9.094947017729282e-13,2.2737367544323206e-13,False,"[332, 311, 310, 317, 324, 323, 337]",,
2025-12-05,6,Optimal,0.0007257017300788591,3828.096113750724,1.341118300013477,11.0,7.0,4835.0,7,1.0913936421275139e-11,1.8189894035458565e-12,False,"[310, 313, 329, 325, 335, 336, 337]",,
2025-12-05,12,Optimal,0.0006070855241536266,583.0165331205636,1.2586802000005264,4.0,3.0,2128.0,7,1.3642420526593924e-12,1.4315649505254227e-12,False,"[311, 328, 319, 336, 331, 337, 335]",,
2025-12-05,18,Optimal,0.0005748695697850082,-255.2111488539674,0.09131629997864366,1.0,1.0,757.0,7,5.684341886080801e-13,8.604228440844963e-14,False,"[320, 331, 312, 326, 318, 322, 337]",,
2025-12-06,0,Optimal,0.000678866075930568,24788.142763254556,0.24534259998472407,17.0,7.0,7649.0,16,6.0822458181064576e-12,2.2737367544323206e-13,False,"[332, 311, 330, 333, 326, 322, 334]",,
2025-12-06,6,Optimal,0.0005672597855379401,2043.2628332817017,0.8518157000071369,11.0,7.0,4835.0,396,2.1032064978498966e-12,0.0,False,"[322, 331, 333, 338, 335, 323, 337]",,
2025-12-06,12,Optimal,0.0008781839996184586,44.82761847361608,0.45375650000642054,4.0,3.0,2128.0,14,9.094947017729282e-13,2.8421709430404007e-13,False,"[311, 328, 319, 336, 314, 337, 318]",,
2025-12-06,18,Optimal,7.990130838664374e-06,-205.5744619883343,0.14841479997267015,1.0,1.0,757.0,10,8.526512829121202e-13,0.0,False,"[320, 331, 316, 319, 328, 336, 338]",,
2025-12-07,0,Optimal,0.0005899430550697656,61114.3598996082,0.46751089999452233,16.0,7.0,7288.0,18,1.2505552149377763e-11,2.220446049250313e-16,False,"[332, 329, 313, 321, 327, 320, 339]",,
2025-12-07,6,Optimal,0.0,-600.4939350683339,0.31264819999341853,11.0,7.0,4835.0,1,2.247091401841317e-12,0.0,False,"[322, 331, 333, 338, 335, 339, 337]",,
2025-12-07,12,Optimal,2.2996230970072216e-06,1366.3296964683614,0.4704098000074737,4.0,3.0,2128.0,12,8.08832305636124e-11,1.3002788879907427e-13,False,"[329, 322, 336, 323, 337, 339, 335]",,
2025-12-07,18,Optimal,0.0,-99.57592626375707,0.17152919998625293,1.0,1.0,757.0,8,1.7053025658242404e-12,2.2737367544323206e-13,False,"[320, 331, 325, 323, 313, 334, 339]",,
2025-12-08,0,Optimal,0.000705002426776962,61351.354244330665,0.3206518000224605,16.0,7.0,7288.0,23,2.0463630789890885e-12,2.0463630789890885e-12,False,"[332, 329, 331, 319, 327, 320, 339]",,
2025-12-08,6,Optimal,0.0007730291509890197,4492.630295828337,8.322117399977287,11.0,7.0,4835.0,22,1.3073986337985843e-11,3.637978807091713e-12,False,"[322, 331, 333, 338, 335, 339, 340]",,
2025-12-08,12,Optimal,0.00018543849633367634,-606.0550197432959,0.1972814000037033,4.0,3.0,2128.0,5,1.8189894035458565e-12,4.973799150320701e-14,False,"[329, 328, 336, 337, 340, 339, 335]",,
2025-12-08,18,Optimal,0.0009191909510066471,-200.33620255394467,0.17383059998974204,1.0,1.0,757.0,8,1.3891110484109959e-12,0.0,False,"[320, 331, 325, 314, 313, 334, 335]",,
2025-12-09,0,Optimal,0.000649850176842635,60303.1575945,0.4663875999976881,17.0,7.0,7649.0,21,9.094947017729282e-13,2.2737367544323206e-13,False,"[332, 329, 317, 324, 327, 320, 339]",,
2025-12-09,6,Optimal,0.0006755955733386565,1020.6467464651922,7.147274099988863,11.0,7.0,4835.0,18,3.637978807091713e-12,2.5351463041317167e-12,False,"[341, 331, 333, 338, 335, 339, 340]",,
2025-12-09,12,Optimal,0.0004463905023869677,-66.7590630823127,1.624451899988344,4.0,3.0,2128.0,16,2.2168933355715126e-12,0.0,False,"[329, 322, 341, 331, 340, 339, 335]",,
2025-12-09,18,Optimal,0.0,-22.433985031119157,0.08942489998298697,1.0,1.0,757.0,5,7.318590178329032e-13,0.0,False,"[320, 331, 341, 323, 328, 334, 339]",,
2025-12-10,0,Optimal,0.0009074666077801401,58315.631771895416,0.4025023000140209,18.0,7.0,8010.0,22,5.4569682106375694e-12,2.6147972675971687e-12,False,"[332, 315, 333, 341, 316, 320, 339]",,
2025-12-10,6,Optimal,2.7524979064484904e-05,5730.250611876458,0.9914891000080388,10.0,6.0,4582.0,11,1.1084466677857563e-12,1.1368683772161603e-13,False,"[341, 331, 333, 338, 336, 339, 340]",,
2025-12-10,12,Optimal,0.0,-691.7141402912854,0.2836198000004515,4.0,3.0,2128.0,2,9.094947017729282e-13,1.3189937794999997e-13,False,"[329, 328, 315, 337, 325, 342, 335]",,
2025-12-10,18,Optimal,5.7954539525066626e-05,-237.20331659156503,0.14144019997911528,1.0,1.0,757.0,8,2.0463630789890885e-12,0.0,False,"[320, 331, 341, 323, 322, 334, 335]",,
2025-12-11,0,Optimal,0.00034594858489280335,67346.19550449151,0.5684836999862455,17.0,7.0,7649.0,19,1.0231815394945443e-12,2.220446049250313e-16,False,"[332, 330, 321, 340, 342, 335, 338]",,
2025-12-11,6,Optimal,0.000645060965956933,-3006.0426678631034,0.1711790999979712,10.0,6.0,4582.0,3,3.637978807091713e-12,1.1368683772161603e-13,False,"[322, 326, 333, 325, 332, 327, 321]",,
2025-12-11,12,Optimal,0.00019558483961813896,-979.9043424866632,0.7396353000076488,4.0,3.0,2128.0,12,9.094947017729282e-13,1.1368683772161603e-13,False,"[332, 322, 333, 337, 325, 343, 318]",,
2025-12-11,18,Optimal,0.0006753530059698115,-236.09794528134094,0.13386769997305237,1.0,1.0,757.0,7,2.7284841053187847e-12,0.0,False,"[324, 321, 325, 318, 332, 334, 335]",,
2025-12-12,0,Optimal,0.0007757530616895044,28351.18911942869,0.22027170000365004,17.0,7.0,7649.0,13,1.8189894035458565e-12,2.2737367544323206e-13,False,"[328, 329, 333, 341, 342, 335, 338]",,
2025-12-12,6,Optimal,0.00022136640914397602,645.5942488555786,1.4524426000134554,11.0,7.0,4835.0,21,1.1368683772161603e-12,1.0231815394945443e-12,False,"[322, 331, 333, 325, 318, 323, 321]",,
2025-12-12,12,Optimal,0.00030304953989966025,-327.08608078286255,0.7997032999992371,4.0,3.0,2128.0,6,1.8189894035458565e-12,0.0,False,"[326, 322, 333, 323, 324, 321, 335]",,
2025-12-12,18,Optimal,0.0003449680072950037,-367.4937347938612,0.1361719000269659,1.0,1.0,757.0,7,5.684341886080801e-13,0.0,False,"[324, 329, 325, 318, 332, 334, 335]",,
2025-12-13,0,Optimal,0.0007503708699691728,29319.61902134271,0.22831659999792464,17.0,7.0,7649.0,13,9.094947017729282e-13,4.547473508864641e-13,False,"[328, 329, 333, 341, 342, 335, 338]",,
2025-12-13,6,Optimal,0.0007340918749334575,433.45229007420477,0.6546940999978688,9.0,5.0,4329.0,5,9.606537787476555e-12,3.637978807091713e-12,False,"[322, 330, 328, 325, 318, 342, 340]",,
2025-12-13,12,Optimal,0.00040432876971286037,-788.8291997724513,0.5155304000072647,4.0,3.0,2128.0,8,9.094947017729282e-13,0.0,False,"[345, 330, 319, 323, 324, 321, 335]",,
2025-12-13,18,Optimal,8.014912851315507e-05,-239.73246698072916,0.1625693000096362,1.0,1.0,757.0,8,6.821210263296962e-13,4.440892098500626e-16,False,"[330, 321, 345, 318, 332, 334, 335]",,
2025-12-14,0,Optimal,0.0004898791149974522,61883.836659464025,0.5684499000199139,17.0,7.0,7649.0,20,9.094947017729282e-13,2.2737367544323206e-13,False,"[328, 329, 333, 341, 342, 335, 338]",,
2025-12-14,6,Optimal,0.0006245987739606181,1928.2659267396139,4.157422199990833,10.0,6.0,4582.0,26,2.2737367544323206e-12,0.0,False,"[322, 330, 346, 319, 334, 342, 340]",,
2025-12-14,12,Optimal,0.0,515.5124614482567,0.24632480001309887,4.0,3.0,2128.0,16,4.661160346586257e-12,5.551115123125783e-15,False,"[346, 329, 328, 323, 331, 321, 327]",,
2025-12-14,18,Optimal,0.0,-222.84436982726172,0.18612820000271313,1.0,1.0,757.0,7,8.348877145181177e-13,0.0,False,"[324, 331, 325, 333, 332, 334, 339]",,
2025-12-15,0,Optimal,0.0004277132256574438,61171.346555518365,0.2550459000049159,18.0,7.0,8010.0,16,2.0463630789890885e-12,2.2737367544323206e-13,False,"[328, 329, 333, 340, 347, 335, 338]",,
2025-12-15,6,Optimal,5.309344080123449e-06,2242.9433279607138,0.6325037999777123,10.0,6.0,4582.0,15,1.3642420526593924e-12,5.684341886080802e-14,False,"[322, 330, 346, 325, 347, 342, 340]",,
2025-12-15,12,Optimal,0.0,-18.260626324693032,1.341990100016119,4.0,3.0,2128.0,16,1.8189894035458565e-12,2.2737367544323206e-13,False,"[345, 326, 328, 323, 331, 321, 327]",,
2025-12-15,18,Optimal,0.0,-35.49157396671035,0.17959469999186695,1.0,1.0,757.0,5,8.029132914089132e-13,4.618527782440651e-14,False,"[324, 321, 341, 323, 343, 334, 335]",,
2025-12-16,0,Optimal,0.0004557090027494546,66982.07832327987,1.768306300014956,18.0,7.0,8010.0,648,2.4513724383723456e-12,1.1368683772161603e-13,False,"[328, 329, 333, 340, 347, 337, 338]",,
2025-12-16,6,Optimal,0.0005226371440487185,-1499.5749681471702,1.6498758000088856,11.0,7.0,4835.0,9,1.0231815394945443e-12,0.0,False,"[324, 331, 328, 325, 347, 342, 340]",,
2025-12-16,12,Optimal,0.0,-337.94670530963833,0.3129445999802556,4.0,3.0,2128.0,6,3.865352482534945e-12,9.237055564881302e-14,False,"[345, 329, 328, 323, 331, 321, 327]",,
2025-12-16,18,Optimal,0.0,-71.58987741395941,0.17835030000424013,1.0,1.0,757.0,7,8.242295734817162e-13,0.0,False,"[330, 331, 345, 333, 343, 334, 339]",,
2025-12-17,0,Optimal,0.00045776343823979485,66396.34990614539,0.25403860001824796,18.0,7.0,8010.0,21,2.2737367544323206e-12,2.2737367544323206e-13,False,"[328, 329, 331, 340, 347, 337, 338]",,
2025-12-17,6,Optimal,0.0007470527742393338,-2757.5240703084023,0.22593899999628775,11.0,7.0,4835.0,6,9.094947017729282e-13,0.0,False,"[324, 331, 328, 325, 349, 332, 327]",,
2025-12-17,12,Optimal,8.273579561655247e-05,51.29547677305998,0.9742247000103816,4.0,3.0,2128.0,13,7.958078640513122e-13,2.842170943040401e-14,False,"[345, 326, 328, 348, 331, 325, 327]",,
2025-12-17,18,Optimal,0.0,-13.177835702151299,0.1836638000095263,1.0,1.0,757.0,6,6.323830348264892e-13,2.930988785010413e-14,False,"[330, 331, 326, 333, 343, 334, 335]",,
2025-12-18,0,Optimal,0.000338625884850527,63397.074266752046,0.2760602999769617,18.0,7.0,8010.0,19,3.0340174816956278e-12,7.958078640513122e-13,False,"[328, 346, 330, 341, 342, 337, 338]",,
2025-12-18,6,Optimal,0.0007406988508813345,1845.3777650650961,1.9449268000025768,11.0,7.0,4835.0,18,2.7284841053187847e-12,0.0,False,"[345, 326, 333, 334, 349, 342, 327]",,
2025-12-18,12,Optimal,0.0006014806881555562,-474.80885072524575,0.3507507999893278,4.0,3.0,2128.0,5,8.597567102697212e-13,0.0,False,"[345, 326, 341, 348, 331, 343, 327]",,
2025-12-18,18,Optimal,0.00030371112705419835,-154.95105679958064,0.1695012999989558,1.0,1.0,757.0,5,6.821210263296962e-13,0.0,False,"[330, 331, 326, 348, 343, 334, 335]",,
2025-12-19,0,Optimal,0.000916427904397361,28082.815290728944,0.26028909999877214,18.0,7.0,8010.0,15,2.0463630789890885e-12,2.2737367544323206e-13,False,"[328, 346, 330, 324, 327, 337, 338]",,
2025-12-19,6,Optimal,0.0009997902357087114,-547.9544825118822,1.4439309000154026,11.0,7.0,4835.0,8,1.2960743589474077e-12,0.0,False,"[345, 351, 328, 338, 349, 332, 327]",,
2025-12-19,12,Optimal,0.0,-653.5340876197524,0.20916130000841804,4.0,3.0,2128.0,2,9.094947017729282e-13,4.3952291065651386e-14,False,"[346, 326, 328, 348, 334, 343, 327]",,
2025-12-19,18,Optimal,0.0002577195193722533,328.95794128617723,0.08278190001146868,1.0,1.0,757.0,4,6.662048690486699e-11,7.993605777301127e-14,False,"[330, 331, 326, 348, 343, 337, 335]",,
2025-12-20,0,Optimal,0.0005666443503924815,29820.930051106283,0.46425570000428706,18.0,7.0,8010.0,17,3.637978807091713e-12,2.220446049250313e-16,False,"[328, 346, 330, 352, 327, 337, 338]",,
2025-12-20,6,Optimal,0.0,-1554.430305310942,0.4189450000121724,10.0,6.0,4582.0,2,9.094947017729282e-13,7.513038844949448e-14,False,"[330, 351, 333, 352, 349, 342, 327]",,
2025-12-20,12,Optimal,0.00034697465370443217,-491.5679531078205,0.2763422999996692,4.0,3.0,2128.0,10,8.65085780787922e-13,0.0,False,"[346, 326, 328, 348, 334, 350, 335]",,
2025-12-20,18,Optimal,0.0,151.46803578063205,0.09656629999517463,1.0,1.0,757.0,4,4.547473508864641e-13,0.0,False,"[347, 341, 350, 348, 343, 334, 335]",,
2025-12-21,0,Optimal,0.0006022904862001973,65631.03466770827,0.25182830000994727,17.0,7.0,7649.0,22,9.094947017729282e-13,1.1368683772161603e-13,False,"[328, 329, 330, 352, 327, 337, 338]",,
2025-12-21,6,Optimal,0.0006481607153575623,-1698.0872906812535,1.1933204999950249,10.0,6.0,4582.0,9,6.998845947236987e-12,0.0,False,"[330, 329, 333, 344, 349, 342, 327]",,
2025-12-21,12,Optimal,0.0,377.97484299690353,0.35706790001131594,4.0,3.0,2128.0,13,2.5011104298755527e-12,1.8189894035458565e-12,False,"[345, 326, 328, 348, 331, 350, 327]",,
2025-12-21,18,Optimal,0.0,37.076817878070926,0.24132569998619147,1.0,1.0,757.0,8,8.810729923425242e-13,0.0,False,"[347, 346, 350, 333, 332, 334, 339]",,
2025-12-22,0,Optimal,0.0005277207405606016,64183.757676699955,0.43034520000219345,17.0,7.0,7649.0,19,1.9326762412674725e-12,1.1368683772161603e-13,False,"[328, 329, 345, 333, 327, 337, 338]",,
2025-12-22,6,Optimal,0.00019807803828131862,-861.5180804116337,2.698360500013223,11.0,7.0,4835.0,15,9.094947017729282e-13,0.0,False,"[330, 329, 343, 347, 348, 342, 327]",,
2025-12-22,12,Optimal,0.0003436108008810159,-292.01586238596167,0.5430925999826286,4.0,3.0,2128.0,12,1.7053025658242404e-12,0.0,False,"[345, 351, 328, 348, 331, 353, 335]",,
2025-12-22,18,Optimal,0.000930223269561879,128.62605261483608,0.14684209998813458,1.0,1.0,757.0,5,7.958078640513122e-13,0.0,False,"[347, 354, 351, 333, 343, 334, 335]",,
2025-12-23,0,Optimal,0.0005561863815953522,66066.8433307137,0.38186100000166334,18.0,7.0,8010.0,20,1.8189894035458565e-12,2.2737367544323206e-13,False,"[328, 329, 345, 333, 340, 337, 338]",,
2025-12-23,6,Optimal,0.0005378779619906916,-2260.242425900934,0.2671867999888491,11.0,7.0,4835.0,3,9.094947017729282e-13,0.0,False,"[330, 346, 352, 347, 348, 332, 354]",,
2025-12-23,12,Optimal,0.0002000263339584806,-68.75586036873798,0.330609500000719,4.0,3.0,2128.0,15,5.343281372915953e-12,1.0354656380198191e-15,False,"[345, 351, 328, 336, 331, 353, 352]",,
2025-12-23,18,Optimal,0.0,5.933265184451786,0.11813909999909811,1.0,1.0,757.0,5,7.318590178329032e-13,6.772360450213455e-14,False,"[347, 354, 351, 328, 343, 337, 335]",,
2025-12-24,0,Optimal,0.00040482099754997065,65329.336861547534,0.3032041000260506,18.0,7.0,8010.0,16,2.5011104298755527e-12,2.2737367544323206e-13,False,"[332, 329, 345, 333, 340, 337, 338]",,
2025-12-24,6,Optimal,0.000454495420032815,-1209.9052995184804,1.040633099997649,11.0,7.0,4835.0,7,9.308109838457312e-13,0.0,False,"[330, 346, 352, 347, 353, 350, 356]",,
2025-12-24,12,Optimal,0.0008463642902467205,-524.8840868331247,0.31633299999521114,4.0,3.0,2128.0,9,1.3642420526593924e-12,0.0,False,"[345, 351, 333, 348, 350, 353, 356]",,
2025-12-24,18,Optimal,0.00047087187340875215,257.8858886961743,0.1683185999863781,1.0,1.0,757.0,4,6.821210263296962e-13,0.0,False,"[347, 331, 350, 348, 343, 334, 335]",,
2025-12-25,0,Optimal,0.0004780026696307939,62406.538180371645,1.3157046000123955,18.0,7.0,8010.0,648,1.9397816686250735e-12,1.8189894035458565e-12,False,"[332, 349, 345, 333, 340, 337, 338]",,
2025-12-25,6,Optimal,0.000247421252875244,-347.5702307839042,1.4656932999787387,10.0,6.0,4582.0,18,9.094947017729282e-13,0.0,False,"[330, 346, 352, 357, 353, 350, 356]",,
2025-12-25,12,Optimal,0.0,1480.6179180668807,0.7500069999950938,4.0,3.0,2128.0,18,8.867628853437282e-13,2.842170943040401e-14,False,"[345, 351, 333, 331, 350, 355, 356]",,
2025-12-25,18,Optimal,0.0,4.31355784488612,0.1857978999905754,1.0,1.0,757.0,6,7.318590178329032e-13,0.0,False,"[347, 354, 351, 348, 343, 334, 335]",,
2025-12-26,0,Optimal,0.0009817114514998836,28420.49074350283,0.4027117000077851,17.0,7.0,7649.0,15,3.637978807091713e-12,3.637978807091713e-12,False,"[332, 349, 345, 355, 358, 337, 338]",,
2025-12-26,6,Optimal,6.0150646819897324e-05,-693.0188586173335,0.25908929997240193,9.0,5.0,4329.0,4,3.296918293926865e-12,5.062616992290714e-14,False,"[331, 333, 344, 357, 355, 350, 358]",,
2025-12-26,12,Optimal,0.00026050456382075647,-207.36421531196277,1.3468570000259206,4.0,3.0,2128.0,11,9.094947017729282e-13,5.1514348342607263e-14,False,"[347, 349, 333, 331, 350, 355, 356]",,
2025-12-26,18,Optimal,0.0,-252.10534408595387,0.16174320000573061,1.0,1.0,757.0,4,7.958078640513122e-13,1.1534894229596678e-14,False,"[344, 354, 358, 348, 332, 334, 335]",,
2025-12-27,0,Optimal,0.000993413340285262,28742.98653561609,0.44735319999745116,17.0,7.0,7649.0,18,1.8189894035458565e-12,2.220446049250313e-16,False,"[332, 349, 345, 355, 358, 337, 338]",,
2025-12-27,6,Optimal,0.0,-923.6335749290909,0.03085139999166131,9.0,5.0,4329.0,0,9.094947017729282e-13,0.0,False,"[351, 343, 347, 349, 332, 359, 358]",,
2025-12-27,12,Optimal,0.0001852656437972745,-324.0622402132043,0.286055899981875,4.0,3.0,2128.0,8,1.3073986337985843e-12,0.0,False,"[345, 351, 359, 348, 350, 355, 356]",,
2025-12-27,18,Optimal,0.0,-35.78584811052805,0.13964199999463744,1.0,1.0,757.0,5,3.751665644813329e-12,2.4868995751603507e-14,False,"[347, 341, 358, 333, 343, 334, 335]",,
2025-12-28,0,Optimal,0.0008589781863415621,64065.7201170422,0.5509467999800108,16.0,7.0,7288.0,20,9.023892744153272e-13,1.1368683772161603e-13,False,"[350, 353, 360, 355, 358, 337, 338]",,
2025-12-28,6,Optimal,0.0003097711392353264,-1718.1369434573824,0.5686870999925304,10.0,6.0,4582.0,7,1.8189894035458565e-12,0.0,False,"[351, 343, 347, 349, 342, 359, 358]",,
2025-12-28,12,Optimal,0.0,-99.95560687743172,0.40163360000588,4.0,3.0,2128.0,10,8.597567102697212e-13,1.1102230246251565e-13,False,"[345, 358, 359, 348, 350, 355, 356]",,
2025-12-28,18,Optimal,0.0,1.1830596221690233,0.6158903000177816,1.0,1.0,757.0,10,6.821210263296962e-13,0.0,False,"[347, 354, 351, 348, 343, 334, 335]",,
2025-12-29,0,Optimal,0.0004720482096545964,63332.92213227279,0.3037125999981072,17.0,7.0,7649.0,14,1.8189894035458565e-12,2.2737367544323206e-13,False,"[350, 361, 345, 355, 358, 337, 338]",,
2025-12-29,6,Optimal,0.00010943366787599125,1477.8219846491086,0.3646920000028331,9.0,5.0,4329.0,14,3.410605131648481e-12,7.105427357601002e-14,False,"[351, 352, 347, 361, 342, 359, 358]",,
2025-12-29,12,Optimal,0.0,-43.21272646871835,1.086793900001794,4.0,3.0,2128.0,17,2.2737367544323206e-12,8.171241461241152e-14,False,"[345, 358, 359, 348, 350, 355, 356]",,
2025-12-29,18,Optimal,0.0,-99.27565977414052,0.27974189998349175,1.0,1.0,757.0,7,1.8189894035458565e-12,9.681144774731365e-14,False,"[360, 346, 350, 349, 343, 334, 335]",,
2025-12-30,0,Optimal,0.0003673794198994204,62469.78061739145,0.28257599999778904,18.0,7.0,8010.0,17,9.094947017729282e-13,4.547473508864641e-13,False,"[350, 361, 345, 359, 340, 335, 338]",,
2025-12-30,6,Optimal,0.0008251673499187109,2699.00443499919,1.9042972000024747,9.0,5.0,4329.0,28,4.206412995699793e-12,0.0,False,"[351, 343, 347, 361, 350, 359, 358]",,
2025-12-30,12,Optimal,0.0002410153640515453,-1091.7577120666908,0.12890579999657348,4.0,3.0,2128.0,12,5.229594535194337e-12,1.498801083243961e-13,False,"[347, 351, 361, 336, 350, 355, 356]",,
2025-12-30,18,Optimal,0.0,31.039933177968386,0.12192979999235831,1.0,1.0,757.0,8,7.602807272633072e-13,0.0,False,"[360, 346, 345, 362, 353, 337, 335]",,
2025-12-31,0,Optimal,0.00031633733887968324,64166.70304074873,0.4950014000060037,18.0,7.0,8010.0,15,1.4779288903810084e-12,1.1368683772161603e-13,False,"[350, 361, 354, 351, 341, 347, 338]",,
2025-12-31,6,Optimal,0.0006518981757602958,252.55752581102752,1.6280058000120334,10.0,6.0,4582.0,14,1.4631016645141572e-09,1.5899503075448008e-09,False,"[363, 362, 347, 361, 350, 359, 358]",,
2025-12-31,12,Optimal,0.0007205420324261226,970.3080262963227,0.43780610000249,4.0,3.0,2128.0,13,9.094947017729282e-13,0.0,False,"[346, 363, 360, 341, 350, 355, 356]",,
2025-12-31,18,Optimal,0.000968030461372667,897.7626029303885,0.10040509997634217,1.0,1.0,757.0,5,1.921307557495311e-11,1.3677947663381929e-13,False,"[360, 346, 350, 362, 353, 342, 338]",,
