date,hour,status,gap,objective,seconds,nodes,leaves,variables,integer_pairs,row_error,bound_error,fallback,history
2025-02-01,0,Optimal,0.00030584976528808764,24860.67752614872,0.38251149997813627,16,7,7288,14,1.8189894035458565e-12,4.547473508864641e-13,False,"[9, 11, 13, 24, 26, 19, 22]"
2025-02-01,6,Optimal,0.0,-1674.2358672907037,0.03043079999042675,9,5,4329,0,9.094947017729282e-13,0.0,False,"[28, 30, 27, 10, 14, 23, 8]"
2025-02-01,12,Optimal,0.0007627303713589575,289.92693751237664,0.3956187999865506,4,3,2128,8,1.3244960683778118e-12,0.0,False,"[20, 23, 11, 26, 22, 15, 14]"
2025-02-01,18,Optimal,0.0008819119034177004,151.77278370592393,0.08920419999049045,1,1,757,6,9.094947017729282e-13,5.699170862242167e-14,False,"[28, 25, 24, 27, 26, 12, 13]"
2025-02-02,0,Optimal,0.0003748892803375891,57459.34752652166,0.38952870000503026,17,7,7649,13,9.094947017729282e-13,4.547473508864641e-13,False,"[31, 20, 16, 24, 26, 19, 22]"
2025-02-02,6,Optimal,3.035268139262135e-14,14.982114594890788,0.37034520000452176,10,6,4582,1,2.2737367544323206e-12,0.0,False,"[28, 30, 27, 14, 31, 23, 8]"
2025-02-02,12,Optimal,0.0009413283088389692,833.2351438135129,0.4378644999815151,4,3,2128,8,9.094947017729282e-13,1.517682654453526e-14,False,"[29, 30, 11, 21, 26, 27, 14]"
2025-02-02,18,Optimal,0.0008430818073291349,429.9287928326407,0.0950130999844987,1,1,757,3,1.0231815394945443e-12,0.0,False,"[28, 11, 24, 27, 26, 12, 16]"
2025-02-03,0,Optimal,0.0003113887089120822,59498.92153267613,0.43642860002000816,16,7,7288,14,9.094947017729282e-13,9.094947017729282e-13,False,"[25, 12, 21, 10, 26, 19, 22]"
2025-02-03,6,Optimal,0.00038683371710786235,-1598.6856943663481,0.20245179999619722,9,5,4329,1,2.2737367544323206e-12,0.0,False,"[28, 29, 27, 10, 31, 19, 8]"
2025-02-03,12,Optimal,0.0006089503467896669,-353.28640017840394,0.8137559999886435,4,3,2128,6,1.7210924043966872e-12,0.0,False,"[31, 18, 23, 16, 26, 27, 14]"
2025-02-03,18,Optimal,0.0006517237616520848,581.237082273849,0.12670900000375696,1,1,757,4,6.821210263296962e-13,0.0,False,"[30, 22, 10, 27, 18, 12, 16]"
2025-02-04,0,Optimal,0.0002390744527516558,61009.49592809039,0.40337230000295676,17,7,7649,14,3.637978807091713e-12,6.821210263296962e-13,False,"[32, 17, 27, 28, 23, 19, 22]"
2025-02-04,6,Optimal,0.0,-1753.042922868567,0.3829546000051778,10,6,4582,3,2.1600499167107046e-12,0.0,False,"[28, 32, 30, 13, 31, 19, 8]"
2025-02-04,12,Optimal,0.0006488429224825787,-950.13735746285,1.7986337000038475,4,3,2128,10,2.1600499167107046e-12,4.480952206903954e-12,False,"[31, 33, 30, 11, 26, 27, 14]"
2025-02-04,18,Optimal,0.0,722.4755779125502,0.10369449999416247,1,1,757,2,7.958078640513122e-13,0.0,False,"[32, 20, 29, 23, 18, 12, 16]"
2025-02-05,0,Optimal,0.0002714934927931387,57298.50077154135,0.40724430000409484,17,7,7649,13,9.094947017729282e-13,2.2737367544323206e-13,False,"[33, 9, 11, 13, 30, 29, 22]"
2025-02-05,6,Optimal,0.000344881343564589,3071.789456921531,0.34343320000334643,10,6,4582,13,5.4569682106375694e-12,1.1368683772161603e-13,False,"[28, 32, 30, 27, 14, 18, 8]"
2025-02-05,12,Optimal,0.0,1045.590430723123,0.31096819997765124,4,3,2128,19,8.753886504564434e-12,1.4210854715202004e-13,False,"[31, 18, 34, 11, 21, 10, 14]"
2025-02-05,18,Optimal,0.00028335234486260625,470.4661904950525,0.12874200000078417,1,1,757,5,7.958078640513122e-13,0.0,False,"[34, 28, 25, 24, 23, 8, 16]"
2025-02-06,0,Optimal,0.00046868394624224055,61039.568334666714,0.356618099991465,16,7,7288,14,9.094947017729282e-13,4.547473508864641e-13,False,"[33, 9, 20, 16, 24, 8, 18]"
2025-02-06,6,Optimal,0.0005897961672600919,-1858.4472255536155,1.0431671000260394,10,6,4582,7,1.8189894035458565e-12,2.2737367544323206e-13,False,"[35, 34, 33, 20, 10, 31, 22]"
2025-02-06,12,Optimal,0.0005709296771495287,-1465.0249564806027,0.13582270001643337,4,3,2128,2,9.094947017729282e-13,0.0,False,"[31, 33, 23, 19, 16, 22, 15]"
2025-02-06,18,Optimal,0.0006789424552236525,366.68631373715897,0.18412369998986833,1,1,757,5,6.252776074688882e-13,1.1368683772161603e-13,False,"[34, 28, 19, 15, 9, 26, 16]"
2025-02-07,0,Optimal,0.00081106226418958,22994.018604543442,0.390660899982322,18,7,8010,12,9.094947017729282e-13,2.2737367544323206e-13,False,"[34, 31, 12, 21, 10, 26, 18]"
2025-02-07,6,Optimal,0.0001837557733226396,-555.2252498692621,0.3262500000128057,9,5,4329,4,8.526512829121202e-13,0.0,False,"[35, 34, 30, 26, 13, 31, 23]"
2025-02-07,12,Optimal,0.0,-466.1012167760061,0.10660649999044836,4,3,2128,1,9.094947017729282e-13,5.749002942336914e-14,False,"[31, 33, 23, 34, 28, 26, 15]"
2025-02-07,18,Optimal,0.00038599824926637975,100.61951459414708,0.13542400000733323,1,1,757,6,7.389644451905042e-13,5.684341886080802e-14,False,"[34, 33, 22, 29, 27, 18, 16]"
2025-02-08,0,Optimal,0.0008733818895163081,20091.764919193876,1.8688913999940269,16,7,7288,576,1.276703187613748e-10,2.3129646346357427e-12,False,"[37, 25, 12, 21, 10, 26, 18]"
2025-02-08,6,Optimal,0.0,327.4384427231215,0.042654599994421005,11,7,4835,0,9.094947017729282e-13,0.0,False,"[28, 36, 32, 21, 13, 14, 23]"
2025-02-08,12,Optimal,0.0005200524898975563,734.9543484728686,0.10737290000542998,4,3,2128,1,8.526512829121202e-13,0.0,False,"[31, 37, 33, 30, 11, 26, 15]"
2025-02-08,18,Optimal,4.436662168729597e-06,280.95225689838577,0.17182270000921562,1,1,757,4,6.252776074688882e-13,0.0,False,"[34, 33, 22, 29, 27, 18, 21]"
2025-02-09,0,Optimal,0.0004159968269937068,57558.23311698995,0.3150344000023324,16,7,7288,14,9.094947017729282e-13,1.1368683772161603e-13,False,"[37, 25, 12, 21, 28, 26, 18]"
2025-02-09,6,Optimal,0.0007447897830931815,-733.4669902172781,0.22252939999452792,10,6,4582,3,2.7284841053187847e-12,0.0,False,"[11, 17, 32, 33, 27, 14, 23]"
2025-02-09,12,Optimal,0.0,397.4587265523662,0.1481902999803424,4,3,2128,3,8.846257060213247e-13,2.842170943040401e-14,False,"[35, 13, 20, 36, 11, 22, 15]"
2025-02-09,18,Optimal,0.0005642032140429655,334.3781859324364,0.1961044000054244,1,1,757,6,7.958078640513122e-13,3.042011087472929e-14,False,"[34, 35, 20, 25, 24, 18, 16]"
2025-02-10,0,Optimal,0.0004291048028900743,53965.202763344925,0.4065687000111211,18,7,8010,13,9.094947017729282e-13,4.547473508864641e-13,False,"[37, 39, 35, 21, 28, 26, 18]"
2025-02-10,6,Optimal,0.0,-1869.8157481656594,0.05263540000305511,10,6,4582,0,8.846257060213247e-13,0.0,False,"[39, 35, 38, 21, 27, 14, 23]"
2025-02-10,12,Optimal,0.0009374511268842512,761.1396441072982,0.24984470001072623,4,3,2128,4,1.1368683772161603e-12,1.438849039914203e-13,False,"[32, 37, 24, 30, 19, 21, 17]"
2025-02-10,18,Optimal,0.0009827246227594832,295.8277015891195,0.12921399998595007,1,1,757,6,9.094947017729282e-13,8.43769498715119e-14,False,"[34, 35, 20, 19, 27, 18, 16]"
2025-02-11,0,Optimal,0.00041196500500404425,54728.37603698382,2.3319953000172973,18,7,8010,648,1.9326762412674725e-12,0.0,False,"[37, 32, 17, 21, 28, 26, 18]"
2025-02-11,6,Optimal,0.0005397093617765714,-1565.3692616421624,0.1696603000164032,10,6,4582,3,9.094947017729282e-13,0.0,False,"[39, 36, 38, 33, 13, 31, 18]"
2025-02-11,12,Optimal,0.0,-924.2643361780388,0.1147136999934446,4,3,2128,1,9.094947017729282e-13,7.691625114603085e-13,False,"[32, 37, 38, 33, 34, 21, 17]"
2025-02-11,18,Optimal,1.8146580383433166e-05,232.9721753132754,0.11673559999326244,1,1,757,6,2.3874235921539366e-12,2.4720193061620842e-14,False,"[36, 35, 20, 40, 17, 23, 16]"
2025-02-12,0,Optimal,0.0004696228903989055,55191.6201666954,1.8323481999977957,17,7,7649,612,2.7284841053187847e-12,1.8189894035458565e-12,False,"[37, 40, 31, 27, 28, 26, 18]"
2025-02-12,6,Optimal,0.0,-2847.4782320797544,0.03657080000266433,11,7,4835,0,9.094947017729282e-13,0.0,False,"[39, 36, 38, 33, 27, 41, 18]"
2025-02-12,12,Optimal,8.368137522255625e-05,-655.7806359683836,0.19855150001239963,4,3,2128,5,9.094947017729282e-13,0.0,False,"[31, 37, 38, 30, 34, 21, 17]"
2025-02-12,18,Optimal,0.0002444147296286221,378.37967214054987,0.1270457000064198,1,1,757,6,9.094947017729282e-13,0.0,False,"[34, 33, 39, 40, 41, 23, 21]"
2025-02-13,0,Optimal,0.0007747871585136959,47577.950920663534,2.3557865000038873,18,7,8010,648,2.3518964553659316e-12,1.8189894035458565e-12,False,"[37, 41, 25, 20, 38, 23, 15]"
2025-02-13,6,Optimal,0.0008501687625632286,550.1528477814154,0.6333256999787409,11,7,4835,7,7.931407583323947e-12,9.592326932761353e-14,False,"[39, 35, 38, 25, 16, 19, 23]"
2025-02-13,12,Optimal,0.0,2425.0632141742776,0.32168220001040027,4,3,2128,3,8.810729923425242e-13,0.0,False,"[32, 37, 25, 30, 41, 21, 17]"
2025-02-13,18,Optimal,0.00014646882185109832,436.543140224079,0.2451238000066951,1,1,757,6,7.958078640513122e-13,0.0,False,"[36, 35, 20, 19, 42, 24, 26]"
2025-02-14,0,Optimal,0.0007158799645031225,17774.105257662726,0.37721599999349564,18,7,8010,11,9.094947017729282e-13,2.2737367544323206e-13,False,"[37, 41, 25, 20, 16, 30, 19]"
2025-02-14,6,Optimal,0.0,814.9992064129929,0.034779900015564635,10,6,4582,0,9.094947017729282e-13,0.0,False,"[39, 35, 38, 26, 27, 19, 23]"
2025-02-14,12,Optimal,0.0,1371.5858652439156,0.01599259997601621,4,3,2128,0,8.526512829121202e-13,0.0,False,"[32, 40, 25, 23, 19, 16, 22]"
2025-02-14,18,Optimal,0.0003133189484350456,1045.4464028558464,0.0972532999876421,1,1,757,2,8.526512829121202e-13,0.0,False,"[36, 35, 22, 19, 42, 24, 21]"
2025-02-15,0,Optimal,0.0008837281781682897,18037.703441514215,0.3660031000035815,18,7,8010,9,9.094947017729282e-13,2.2737367544323206e-13,False,"[37, 41, 25, 20, 38, 30, 19]"
2025-02-15,6,Optimal,0.0,-368.56925897885435,0.032825499976752326,10,6,4582,0,9.094947017729282e-13,0.0,False,"[39, 35, 38, 26, 27, 19, 23]"
2025-02-15,12,Optimal,2.0142034992291904e-06,514.438715555536,0.17642189998878166,4,3,2128,2,7.958078640513122e-13,0.0,False,"[32, 40, 25, 23, 19, 28, 22]"
2025-02-15,18,Optimal,0.0009274101024463923,883.6698646463861,0.07847860001493245,1,1,757,1,3.410605131648481e-13,0.0,False,"[36, 35, 20, 19, 29, 27, 43]"
2025-02-16,0,Optimal,0.0005913896565876777,52254.74659109833,0.41574550000950694,18,7,8010,14,2.7284841053187847e-12,4.547473508864641e-13,False,"[37, 41, 25, 43, 38, 30, 19]"
2025-02-16,6,Optimal,0.0,-1478.2175549867975,0.03442989999894053,10,6,4582,0,9.094947017729282e-13,0.0,False,"[39, 29, 30, 26, 42, 43, 22]"
2025-02-16,12,Optimal,0.0,-825.0609138744203,0.014841500000329688,4,3,2128,0,9.094947017729282e-13,0.0,False,"[32, 37, 38, 33, 36, 21, 26]"
2025-02-16,18,Optimal,0.0005328892390206599,1608.6686006881584,0.07365299999946728,1,1,757,1,9.094947017729282e-13,0.0,False,"[36, 35, 22, 37, 29, 24, 21]"
2025-02-17,0,Optimal,0.0005854818954306207,50957.52110368461,1.9847176999901421,18,7,8010,648,3.069544618483633e-12,2.220446049250313e-16,False,"[37, 41, 25, 20, 21, 24, 29]"
2025-02-17,6,Optimal,1.1931842145096886e-05,-1461.003135062617,0.18352989997947589,10,6,4582,1,1.1368683772161603e-12,0.0,False,"[39, 36, 38, 20, 42, 19, 22]"
2025-02-17,12,Optimal,0.0009171895582805773,-310.73853145686104,0.8490586999978404,4,3,2128,144,1.8189894035458565e-12,1.6628055085495042e-14,False,"[32, 40, 25, 23, 19, 21, 45]"
2025-02-17,18,Optimal,0.0006006871153618165,1089.0747392130486,0.08559450000757352,1,1,757,2,3.410605131648481e-13,0.0,False,"[36, 35, 20, 37, 29, 27, 21]"
2025-02-18,0,Optimal,0.0006598843779905626,45887.788191288346,0.4278381000040099,18,7,8010,13,1.7053025658242404e-12,2.2737367544323206e-13,False,"[37, 42, 39, 35, 27, 44, 26]"
2025-02-18,6,Optimal,0.0003205300678378649,4221.206749903402,0.2553898000041954,11,7,4835,3,9.094947017729282e-13,6.754596881819452e-13,False,"[28, 29, 30, 26, 42, 43, 46]"
2025-02-18,12,Optimal,0.0006195424651637997,2491.135086963662,0.356425300007686,4,3,2128,10,1.2754242106893798e-12,6.821210263296962e-13,False,"[39, 40, 25, 23, 34, 27, 45]"
2025-02-18,18,Optimal,0.00012205374762004932,1573.2221408161734,0.10578400001395494,1,1,757,3,6.821210263296962e-13,0.0,False,"[36, 30, 22, 44, 46, 23, 21]"
2025-02-19,0,Optimal,0.0003291019619170946,45635.47725316994,0.453473200002918,18,7,8010,13,2.7284841053187847e-12,4.547473508864641e-13,False,"[37, 42, 39, 35, 21, 24, 29]"
2025-02-19,6,Optimal,0.00011724632600271885,1711.5313907719635,0.2856408000225201,11,7,4835,2,1.8189894035458565e-12,0.0,False,"[39, 29, 30, 33, 42, 43, 22]"
2025-02-19,12,Optimal,0.0009068612195900776,4707.665079722208,0.5544937999802642,4,3,2128,7,1.0231815394945443e-12,0.0,False,"[39, 40, 25, 44, 28, 27, 45]"
2025-02-19,18,Optimal,0.0006855999989409013,507.1722039670581,0.06583199999295175,1,1,757,1,5.684341886080801e-13,0.0,False,"[34, 33, 22, 37, 29, 24, 21]"
2025-02-20,0,Optimal,0.000664901136805305,47957.13021542,0.4017077999887988,17,7,7649,16,2.7284841053187847e-12,4.547473508864641e-13,False,"[37, 42, 39, 35, 38, 30, 48]"
2025-02-20,6,Optimal,0.0,1110.131447930897,0.04059630000847392,10,6,4582,0,9.094947017729282e-13,0.0,False,"[28, 29, 30, 33, 44, 40, 46]"
2025-02-20,12,Optimal,0.00015539167303345585,926.9786012810704,0.19640980000258423,4,3,2128,4,9.094947017729282e-13,0.0,False,"[39, 40, 25, 44, 28, 27, 45]"
2025-02-20,18,Optimal,0.0,953.1672220565836,0.06898729997919872,1,1,757,1,6.821210263296962e-13,0.0,False,"[34, 33, 22, 37, 29, 24, 45]"
2025-02-21,0,Optimal,0.00086861115876412,16927.655623857696,0.4188525000063237,18,7,8010,9,9.094947017729282e-13,2.2737367544323206e-13,False,"[37, 42, 39, 35, 27, 24, 29]"
2025-02-21,6,Optimal,0.0,1539.8989348793052,0.05879729997832328,11,7,4835,0,9.094947017729282e-13,0.0,False,"[28, 29, 30, 27, 42, 43, 46]"
2025-02-21,12,Optimal,0.0,1377.5800480938308,0.016752800001995638,4,3,2128,0,8.242295734817162e-13,0.0,False,"[32, 40, 25, 30, 50, 27, 45]"
2025-02-21,18,Optimal,0.00018451414570358054,276.2836275978795,0.07789769998635165,1,1,757,3,3.979039320256561e-13,0.0,False,"[34, 33, 28, 42, 41, 50, 45]"
2025-02-22,0,Optimal,0.0009323724390827673,17513.11971894664,0.37382520001847297,17,7,7649,8,9.094947017729282e-13,2.2737367544323206e-13,False,"[37, 42, 39, 35, 27, 44, 29]"
2025-02-22,6,Optimal,0.0,1689.2240359663447,0.03477620001649484,11,7,4835,0,9.094947017729282e-13,0.0,False,"[28, 51, 38, 26, 42, 47, 45]"
2025-02-22,12,Optimal,0.0006898566220542841,1265.9566369806626,0.2107434999779798,4,3,2128,2,9.094947017729282e-13,0.0,False,"[39, 40, 25, 44, 28, 27, 45]"
2025-02-22,18,Optimal,0.000842284029204922,848.0980146078142,0.07339229999342933,1,1,757,2,4.547473508864641e-13,0.0,False,"[34, 33, 28, 42, 46, 26, 45]"
2025-02-23,0,Optimal,0.0006415192861323158,46951.23357171789,0.37017010001000017,18,7,8010,13,1.8189894035458565e-12,1.1368683772161603e-13,False,"[37, 42, 39, 35, 27, 28, 29]"
2025-02-23,6,Optimal,0.0007819143985418463,3841.666148938369,0.22664500001701526,9,5,4329,6,2.0463630789890885e-12,5.684341886080802e-14,False,"[28, 51, 30, 27, 42, 47, 45]"
2025-02-23,12,Optimal,7.575406078146295e-05,777.0806718869206,0.09524739999324083,4,3,2128,1,1.7053025658242404e-12,0.0,False,"[39, 29, 43, 44, 50, 27, 45]"
2025-02-23,18,Optimal,0.0,425.0612245566052,0.050655099999858066,1,1,757,4,2.7284841053187847e-12,6.211504587663537e-14,False,"[34, 33, 28, 40, 29, 26, 43]"
2025-02-24,0,Optimal,0.0004920991375165244,45767.21440157057,0.39039470002171583,18,7,8010,14,1.8189894035458565e-12,6.821210263296962e-13,False,"[37, 42, 39, 50, 53, 28, 29]"
2025-02-24,6,Optimal,0.0006606447836191611,4465.061194804015,0.3684462000092026,10,6,4582,2,9.094947017729282e-13,0.0,False,"[28, 29, 53, 27, 48, 47, 45]"
2025-02-24,12,Optimal,0.0,270.13338004915,0.017359499994199723,4,3,2128,0,8.810729923425242e-13,0.0,False,"[39, 37, 30, 34, 28, 27, 45]"
2025-02-24,18,Optimal,0.0007260256479967417,1079.5484775515258,0.08899599997675978,1,1,757,4,5.684341886080801e-13,5.115907697472721e-14,False,"[31, 33, 28, 44, 46, 47, 45]"
2025-02-25,0,Optimal,0.00048397112374036087,46925.76497901956,2.005635200010147,18,7,8010,648,2.1145751816220582e-10,2.537969834293108e-13,False,"[37, 42, 39, 50, 53, 38, 29]"
2025-02-25,6,Optimal,0.0008913916895121005,1278.6061225068454,0.3847001999965869,10,6,4582,2,1.1368683772161603e-12,0.0,False,"[28, 29, 53, 27, 42, 47, 45]"
2025-02-25,12,Optimal,0.0,-97.48441573464822,0.2039431000011973,4,3,2128,2,8.810729923425242e-13,0.0,False,"[32, 37, 30, 41, 28, 27, 45]"
2025-02-25,18,Optimal,0.0005398582409277374,481.13429150370763,0.0828691000060644,1,1,757,3,7.958078640513122e-13,0.0,False,"[34, 33, 28, 40, 29, 47, 53]"
2025-02-26,0,Optimal,0.0006180954139996853,42938.61131978472,0.34691019999445416,17,7,7649,14,9.094947017729282e-13,6.821210263296962e-13,False,"[37, 42, 32, 35, 53, 38, 29]"
2025-02-26,6,Optimal,0.00031936044241350403,5839.882713175991,0.5962660000077449,9,5,4329,4,1.8189894035458565e-12,0.0,False,"[28, 51, 53, 54, 42, 47, 45]"
2025-02-26,12,Optimal,0.0008746000371607317,3973.549633850765,0.11536389999673702,4,3,2128,2,9.094947017729282e-13,0.0,False,"[32, 37, 30, 41, 28, 55, 45]"
2025-02-26,18,Optimal,0.0007171094488287685,789.4670701254528,0.12420920000295155,1,1,757,5,7.958078640513122e-13,0.0,False,"[34, 33, 28, 44, 54, 47, 45]"
2025-02-27,0,Optimal,0.0006358959268690748,43268.61396738416,0.39234209997812286,17,7,7649,13,9.094947017729282e-13,4.547473508864641e-13,False,"[37, 42, 32, 35, 53, 38, 48]"
2025-02-27,6,Optimal,0.0003945473538786186,3631.012215723476,0.9456179000262637,10,6,4582,4,1.1368683772161603e-12,0.0,False,"[55, 29, 53, 33, 48, 31, 45]"
2025-02-27,12,Optimal,0.00019398235752912936,3589.9048434204788,0.3062290999805555,4,3,2128,4,9.094947017729282e-13,0.0,False,"[32, 37, 30, 56, 49, 51, 47]"
2025-02-27,18,Optimal,0.0,584.3748428699178,0.06328120001126081,1,1,757,2,7.958078640513122e-13,0.0,False,"[34, 33, 39, 40, 29, 51, 55]"
2025-02-28,0,Optimal,0.0006806966023841761,16133.283996079928,0.3336434999946505,17,7,7649,8,9.094947017729282e-13,2.2737367544323206e-13,False,"[37, 42, 32, 35, 53, 38, 48]"
2025-02-28,6,Optimal,5.997472115997798e-06,1599.2090049386702,0.2987487000063993,9,5,4329,4,9.094947017729282e-13,0.0,False,"[55, 51, 30, 52, 44, 56, 46]"
2025-02-28,12,Optimal,0.0,1152.2082861943586,0.21991949999937788,4,3,2128,2,9.094947017729282e-13,0.0,False,"[39, 40, 36, 34, 49, 53, 45]"
2025-02-28,18,Optimal,0.0,510.02538514545125,0.2254057000100147,1,1,757,3,7.958078640513122e-13,0.0,False,"[34, 33, 39, 40, 46, 47, 45]"
2025-03-01,0,Optimal,0.0009006651856975298,18355.257270919104,0.3631138000055216,17,7,7649,10,1.8189894035458565e-12,2.2737367544323206e-13,False,"[37, 42, 32, 35, 53, 38, 48]"
2025-03-01,6,Optimal,0.00010046513774834166,-190.72764372191398,0.6016986999893561,10,6,4582,6,2.8776980798284058e-12,0.0,False,"[39, 34, 54, 41, 48, 43, 45]"
2025-03-01,12,Optimal,0.0,114.2363900135182,0.14258779998635873,4,3,2128,3,7.958078640513122e-13,0.0,False,"[31, 38, 36, 41, 42, 58, 47]"
2025-03-01,18,Optimal,0.0,563.9144304841027,0.0803343000006862,1,1,757,1,7.958078640513122e-13,0.0,False,"[34, 33, 37, 42, 50, 51, 55]"
2025-03-02,0,Optimal,0.0004069066026727222,48850.20054670173,0.3848475999839138,18,7,8010,13,9.094947017729282e-13,2.2737367544323206e-13,False,"[37, 33, 55, 35, 53, 38, 48]"
2025-03-02,6,Optimal,2.7562160660328914e-05,2961.4534807530245,1.0065748000051826,10,6,4582,10,1.3145040611561853e-12,0.0,False,"[39, 34, 54, 41, 48, 40, 59]"
2025-03-02,12,Optimal,0.0,931.5896977695921,0.322959399985848,4,3,2128,21,1.5916157281026244e-12,2.859934511434403e-13,False,"[35, 38, 34, 42, 59, 58, 47]"
2025-03-02,18,Optimal,0.00015713602458519054,1232.753225265097,0.07671390002360567,1,1,757,3,6.821210263296962e-13,0.0,False,"[34, 56, 37, 44, 50, 58, 45]"
2025-03-03,0,Optimal,0.0002985356870007227,50276.404925775794,1.8057516000117175,18,7,8010,648,2.7284841053187847e-12,1.8189894035458565e-12,False,"[37, 33, 55, 60, 53, 38, 48]"
2025-03-03,6,Optimal,0.00013439774856890868,-190.32283565683838,0.2894101999991108,10,6,4582,1,9.094947017729282e-13,0.0,False,"[39, 34, 33, 41, 44, 40, 59]"
2025-03-03,12,Optimal,0.0003687845867503392,1185.413949428408,0.30836289998842403,4,3,2128,6,9.094947017729282e-13,8.171241461241152e-14,False,"[37, 33, 41, 42, 59, 57, 45]"
2025-03-03,18,Optimal,0.00018653105188863034,969.9131011093963,0.07370629999786615,1,1,757,4,7.958078640513122e-13,0.0,False,"[34, 56, 41, 54, 50, 58, 45]"
2025-03-04,0,Optimal,0.00040941184193120134,45008.479867268856,0.39586469999630935,17,7,7649,14,1.5916157281026244e-12,2.2737367544323206e-13,False,"[37, 42, 39, 60, 53, 38, 48]"
2025-03-04,6,Optimal,0.00019847322591766268,4018.2521948850786,1.2292288000171538,10,6,4582,6,6.139089236967266e-12,6.366462912410498e-12,False,"[55, 51, 60, 58, 48, 57, 45]"
2025-03-04,12,Optimal,0.0008920428871852215,2164.8019255662325,0.5622697999933735,4,3,2128,12,7.958078640513122e-13,0.0,False,"[37, 34, 41, 42, 59, 60, 47]"
2025-03-04,18,Optimal,0.0,676.2354967960337,0.08563099999446422,1,1,757,1,7.958078640513122e-13,5.684341886080802e-14,False,"[34, 37, 42, 46, 51, 59, 55]"
2025-03-05,0,Optimal,0.00048576205769720367,46409.307077986625,0.3857314999913797,18,7,8010,13,9.094947017729282e-13,2.2737367544323206e-13,False,"[37, 41, 61, 50, 54, 44, 48]"
2025-03-05,6,Optimal,0.0007909089627650066,1112.1713368498715,0.18915230000857264,11,7,4835,1,9.094947017729282e-13,1.1368683772161603e-13,False,"[55, 38, 60, 42, 62, 57, 45]"
2025-03-05,12,Optimal,0.0,-136.28780827289202,0.015083700011018664,4,3,2128,0,9.094947017729282e-13,0.0,False,"[37, 43, 56, 59, 55, 57, 47]"
2025-03-05,18,Optimal,0.0,622.6666302665648,0.10258010000688955,1,1,757,3,9.094947017729282e-13,0.0,False,"[36, 37, 52, 57, 43, 62, 45]"
2025-03-06,0,Optimal,0.0006411737830373193,42927.4276096981,0.40952369998558424,18,7,8010,13,9.094947017729282e-13,2.2737367544323206e-13,False,"[37, 41, 39, 50, 54, 44, 48]"
2025-03-06,6,Optimal,0.0005462171012549826,2601.3779025996005,0.45895269999164157,11,7,4835,3,9.094947017729282e-13,0.0,False,"[55, 53, 63, 42, 48, 56, 45]"
2025-03-06,12,Optimal,4.798873851422729e-05,1361.5742509752645,0.19594320000032894,4,3,2128,11,9.86864910777917e-13,0.0,False,"[37, 43, 42, 54, 60, 57, 46]"
2025-03-06,18,Optimal,0.0,976.0654005604591,0.06493000002228655,1,1,757,2,7.958078640513122e-13,5.684341886080802e-14,False,"[56, 37, 44, 57, 47, 59, 45]"
2025-03-07,0,Optimal,0.0005896324580404988,17518.227035652457,0.35482380000757985,18,7,8010,7,8.93507490218326e-13,2.2737367544323206e-13,False,"[59, 40, 61, 43, 51, 44, 48]"
2025-03-07,6,Optimal,0.0,-798.0581330001896,0.03077740001026541,10,6,4582,0,8.739675649849232e-13,0.0,False,"[39, 53, 63, 47, 64, 57, 59]"
2025-03-07,12,Optimal,0.00040057367485964304,-92.95349269721194,0.1924480999878142,4,3,2128,7,9.094947017729282e-13,0.0,False,"[40, 41, 52, 64, 61, 48, 46]"
2025-03-07,18,Optimal,6.376033855879596e-05,466.11311360074166,0.0865617000090424,1,1,757,2,5.684341886080801e-13,0.0,False,"[56, 41, 44, 50, 47, 59, 45]"
2025-03-08,0,Optimal,0.0004506249862876354,15631.410155841722,1.9435045999998692,18,7,8010,648,2.3874235921539366e-12,2.220446049250313e-16,False,"[47, 55, 61, 43, 51, 44, 48]"
2025-03-08,6,Optimal,0.0,182.46498478069478,0.035340000002179295,11,7,4835,0,9.094947017729282e-13,0.0,False,"[51, 53, 50, 48, 43, 56, 59]"
2025-03-08,12,Optimal,0.00021627777770235585,729.4999918634444,0.21664720002445392,4,3,2128,7,8.242295734817162e-13,0.0,False,"[38, 44, 50, 51, 57, 53, 47]"
2025-03-08,18,Optimal,0.0,279.0881068328162,0.08597970000118949,1,1,757,2,7.958078640513122e-13,0.0,False,"[56, 52, 54, 50, 60, 59, 45]"
2025-03-09,0,Optimal,0.0003476852668525191,44002.863262226965,0.33103139998274855,18,7,8010,13,9.094947017729282e-13,4.547473508864641e-13,False,"[47, 55, 61, 43, 51, 57, 48]"
2025-03-09,6,Optimal,0.0,-413.2719511387626,0.03294050000840798,11,7,4835,0,9.094947017729282e-13,0.0,False,"[51, 63, 42, 62, 43, 66, 45]"
2025-03-09,12,Optimal,0.0,960.0774256298951,0.33802229998400435,4,3,2128,10,9.094947017729282e-13,1.1368683772161603e-13,False,"[41, 66, 50, 54, 58, 53, 45]"
2025-03-09,18,Optimal,0.0008962587033634943,425.6778448658005,0.07265639997785911,1,1,757,3,6.821210263296962e-13,0.0,False,"[56, 52, 54, 50, 60, 59, 45]"
2025-03-10,0,Optimal,0.00038646343412267013,42320.149281857244,0.4167750999913551,18,7,8010,13,9.094947017729282e-13,2.2737367544323206e-13,False,"[47, 55, 67, 43, 51, 57, 48]"
2025-03-10,6,Optimal,0.0007923579191517817,3729.7653206539294,0.4219135000021197,10,6,4582,6,8.846257060213247e-13,0.0,False,"[51, 53, 42, 48, 43, 66, 49]"
2025-03-10,12,Optimal,0.0,2258.8713069226087,0.325405600015074,4,3,2128,12,9.094947017729282e-13,0.0,False,"[43, 56, 67, 49, 57, 53, 45]"
2025-03-10,18,Optimal,0.0,439.72679812552906,0.12403479998465627,1,1,757,2,7.958078640513122e-13,0.0,False,"[40, 44, 65, 51, 62, 59, 45]"
2025-03-11,0,Optimal,0.0004577828239036509,38045.889226585154,1.923150499991607,17,7,7649,612,3.524291969370097e-12,4.440892098500626e-16,False,"[47, 65, 46, 45, 52, 62, 49]"
2025-03-11,6,Optimal,0.00011824033910645599,8734.033739817678,0.3970201000047382,10,6,4582,3,9.094947017729282e-13,0.0,False,"[51, 63, 58, 48, 56, 61, 45]"
2025-03-11,12,Optimal,0.0003952935423304803,1823.9682514432636,0.44871720002265647,4,3,2128,14,1.6271428648906294e-12,1.5089069392600597e-14,False,"[44, 66, 50, 49, 58, 53, 45]"
2025-03-11,18,Optimal,0.00020730797485371015,638.5913713780365,0.08199619999504648,1,1,757,6,7.958078640513122e-13,0.0,False,"[42, 66, 57, 50, 47, 53, 45]"
2025-03-12,0,Optimal,0.00033172426967524924,44079.39854396599,0.34619839998777024,17,7,7649,12,9.094947017729282e-13,4.547473508864641e-13,False,"[47, 63, 60, 53, 64, 58, 56]"
2025-03-12,6,Optimal,0.0,-2120.293456671305,0.06013850000454113,11,7,4835,0,9.094947017729282e-13,0.0,False,"[51, 52, 58, 48, 56, 61, 45]"
2025-03-12,12,Optimal,0.0,369.52792110698846,0.15853710001101717,4,3,2128,1,9.094947017729282e-13,0.0,False,"[44, 66, 50, 49, 57, 48, 45]"
2025-03-12,18,Optimal,0.0,483.1168252000815,0.1880578999989666,1,1,757,5,7.958078640513122e-13,7.704947790898586e-14,False,"[69, 66, 67, 50, 47, 59, 45]"
2025-03-13,0,Optimal,0.0005060827171855016,44245.36112140653,1.9317486999789253,17,7,7649,612,1.0754774848464876e-10,1.8189894035458565e-12,False,"[47, 61, 60, 53, 64, 58, 56]"
2025-03-13,6,Optimal,0.0009624381333589183,2673.3562533054046,0.41151750000426546,11,7,4835,7,9.094947017729282e-13,1.1368683772161603e-13,False,"[51, 52, 58, 48, 56, 59, 70]"
2025-03-13,12,Optimal,0.0002149941064509673,1940.8097817768953,1.5940631000266876,4,3,2128,14,9.094947017729282e-13,7.864079757761525e-13,False,"[44, 52, 64, 51, 70, 48, 45]"
2025-03-13,18,Optimal,0.0005737088860404669,574.1901381936796,0.10151049998239614,1,1,757,4,7.958078640513122e-13,0.0,False,"[69, 54, 43, 68, 58, 59, 45]"
2025-03-14,0,Optimal,0.0005627629112572744,15365.55057755538,0.3489211999985855,17,7,7649,6,9.094947017729282e-13,1.1368683772161603e-13,False,"[47, 61, 60, 54, 44, 58, 56]"
2025-03-14,6,Optimal,0.0,528.7381301280242,0.03616590000456199,11,7,4835,0,9.094947017729282e-13,0.0,False,"[51, 52, 58, 48, 56, 68, 70]"
2025-03-14,12,Optimal,2.9044502476766845e-05,531.5730451828929,0.11331909999717027,4,3,2128,2,8.242295734817162e-13,0.0,False,"[56, 66, 64, 51, 70, 48, 45]"
2025-03-14,18,Optimal,0.00024811405791098315,605.2358760903265,0.0588698000065051,1,1,757,1,9.094947017729282e-13,0.0,False,"[69, 66, 57, 68, 58, 61, 71]"
2025-03-15,0,Optimal,0.0005650932520774272,15299.646631713757,0.3005235999880824,17,7,7649,6,8.952838470577262e-13,2.2737367544323206e-13,False,"[47, 61, 60, 54, 57, 66, 56]"
2025-03-15,6,Optimal,0.0,861.633997492189,0.0364224000077229,11,7,4835,0,9.094947017729282e-13,0.0,False,"[51, 52, 58, 71, 57, 72, 49]"
2025-03-15,12,Optimal,0.0,1015.9119613295959,0.01645620001363568,4,3,2128,0,7.958078640513122e-13,0.0,False,"[59, 66, 64, 51, 70, 62, 46]"
2025-03-15,18,Optimal,0.0,212.50000180784585,0.0637542000040412,1,1,757,2,8.526512829121202e-13,0.0,False,"[69, 72, 57, 68, 58, 63, 71]"
2025-03-16,0,Optimal,0.0003526929352999408,43070.116948886345,0.4107019000221044,18,7,8010,13,9.094947017729282e-13,2.2737367544323206e-13,False,"[47, 61, 60, 51, 57, 66, 56]"
2025-03-16,6,Optimal,0.0004847374245262136,3473.6822054345494,0.4797791999881156,11,7,4835,3,9.094947017729282e-13,0.0,False,"[55, 53, 69, 71, 56, 59, 49]"
2025-03-16,12,Optimal,0.00034440149285390584,674.1995296288808,0.41667170001892373,4,3,2128,4,9.094947017729282e-13,0.0,False,"[73, 52, 50, 51, 70, 53, 46]"
2025-03-16,18,Optimal,0.0,577.9632011958422,0.08722290000878274,1,1,757,3,9.094947017729282e-13,2.078337502098293e-14,False,"[69, 72, 57, 68, 58, 63, 49]"
2025-03-17,0,Optimal,0.00038707133945063476,39334.56387749865,0.33149539999431,17,7,7649,13,1.8189894035458565e-12,2.2737367544323206e-13,False,"[47, 61, 50, 52, 57, 66, 56]"
2025-03-17,6,Optimal,0.0008484188728897121,-1559.9123075298028,0.16490450000856072,10,6,4582,1,9.094947017729282e-13,0.0,False,"[55, 53, 50, 62, 56, 66, 49]"
2025-03-17,12,Optimal,0.0006850522528131473,1651.2535029156795,0.35233910000533797,4,3,2128,5,1.4921397450962104e-12,0.0,False,"[73, 52, 71, 68, 55, 53, 47]"
2025-03-17,18,Optimal,0.00017035468845681754,437.22197235208745,0.12380549998488277,1,1,757,4,2.8421709430404007e-12,0.0,False,"[69, 54, 67, 68, 58, 61, 49]"
2025-03-18,0,Optimal,0.00023823235361991173,44964.80452843006,0.33839039999293163,18,7,8010,12,9.094947017729282e-13,4.547473508864641e-13,False,"[55, 67, 75, 52, 57, 66, 56]"
2025-03-18,6,Optimal,0.0,369.24982292895015,0.03559580000001006,11,7,4835,0,9.094947017729282e-13,0.0,False,"[55, 53, 50, 71, 56, 59, 70]"
2025-03-18,12,Optimal,0.0,350.5663049030011,0.9372278999944683,4,3,2128,9,1.8189894035458565e-12,0.0,False,"[73, 52, 71, 54, 51, 57, 65]"
2025-03-18,18,Optimal,0.0,309.5512066209552,0.10129029999370687,1,1,757,3,1.0231815394945443e-12,0.0,False,"[75, 54, 67, 68, 60, 63, 49]"
2025-03-19,0,Optimal,0.0005977136887651599,37999.37948704086,1.9398595000093337,17,7,7649,612,7.44648787076585e-11,1.8189894035458565e-12,False,"[76, 61, 50, 51, 73, 58, 56]"
2025-03-19,6,Optimal,0.00039402607626423523,5362.988184832919,0.78312979999464,10,6,4582,7,9.094947017729282e-13,0.0,False,"[74, 54, 50, 71, 56, 59, 70]"
2025-03-19,12,Optimal,5.476659542179233e-07,1219.4241999173992,0.871308500005398,4,3,2128,18,9.094947017729282e-13,1.1368683772161603e-13,False,"[73, 52, 71, 76, 49, 70, 65]"
2025-03-19,18,Optimal,0.0002921536417813913,438.8768256225906,0.09147899999516085,1,1,757,5,1.8189894035458565e-12,1.5987211554602254e-14,False,"[75, 74, 67, 68, 60, 63, 49]"
2025-03-20,0,Optimal,0.0005121375306266561,42166.28308523033,0.4012718999874778,18,7,8010,12,9.094947017729282e-13,2.2737367544323206e-13,False,"[76, 61, 50, 51, 73, 58, 68]"
2025-03-20,6,Optimal,0.0,-1416.3002121936315,0.0318682000215631,11,7,4835,0,9.094947017729282e-13,0.0,False,"[74, 54, 77, 58, 56, 66, 67]"
2025-03-20,12,Optimal,4.716783873590645e-05,1081.966297839918,0.3566656999755651,4,3,2128,11,2.2737367544323206e-12,2.3092638912203256e-14,False,"[56, 72, 75, 64, 68, 70, 65]"
2025-03-20,18,Optimal,0.000864134275012634,471.07789077200215,0.07766260000062175,1,1,757,9,7.958078640513122e-13,8.43769498715119e-14,False,"[77, 66, 67, 68, 60, 63, 71]"
2025-03-21,0,Optimal,0.0003120625141403692,14805.538541784588,1.7879434000060428,18,7,8010,648,3.637978807091713e-12,0.0,False,"[76, 61, 75, 51, 73, 58, 68]"
2025-03-21,6,Optimal,0.0,-539.1610781006318,0.032901399972615764,10,6,4582,0,9.094947017729282e-13,0.0,False,"[74, 54, 77, 71, 56, 59, 75]"
2025-03-21,12,Optimal,0.0004257235033904485,250.86189854228988,0.09938619998865761,4,3,2128,3,8.384404281969182e-13,2.4300561562995423e-13,False,"[56, 72, 75, 76, 51, 70, 53]"
2025-03-21,18,Optimal,0.0,355.38178396476735,0.1579648000188172,1,1,757,6,9.094947017729282e-13,3.517186542012496e-14,False,"[77, 78, 65, 51, 60, 59, 71]"
2025-03-22,0,Optimal,0.0004418510277180117,16171.912740818138,1.7558281999954488,18,7,8010,648,3.049080987693742e-10,3.6334689677687456e-12,False,"[76, 61, 60, 54, 73, 58, 68]"
2025-03-22,6,Optimal,0.0,-582.9286012413297,0.039648600009968504,11,7,4835,0,9.094947017729282e-13,0.0,False,"[74, 53, 69, 71, 57, 72, 67]"
2025-03-22,12,Optimal,0.0,651.2683678902952,0.16059099999256432,4,3,2128,2,8.952838470577262e-13,5.639932965095795e-13,False,"[56, 72, 75, 76, 78, 70, 65]"
2025-03-22,18,Optimal,0.00010615463654496276,146.7982087425806,0.11210810000193305,1,1,757,7,5.684341886080801e-13,0.0,False,"[77, 78, 65, 68, 76, 63, 79]"
2025-03-23,0,Optimal,0.0005552193236116087,43247.688112007105,0.35601660000975244,17,7,7649,13,9.094947017729282e-13,2.2737367544323206e-13,False,"[76, 61, 60, 53, 73, 58, 68]"
2025-03-23,6,Optimal,0.0006877403983669607,-887.4639442728701,0.1669454999791924,11,7,4835,4,9.094947017729282e-13,0.0,False,"[74, 53, 69, 64, 66, 72, 67]"
2025-03-23,12,Optimal,0.0008884728669571445,-894.4665098046179,0.20815550000406802,4,3,2128,3,8.952838470577262e-13,0.0,False,"[80, 74, 75, 54, 78, 57, 65]"
2025-03-23,18,Optimal,0.000856805979248424,367.8272616729188,0.1507022000150755,1,1,757,7,1.7053025658242404e-12,8.881784197001252e-16,False,"[77, 66, 72, 62, 60, 63, 71]"
2025-03-24,0,Optimal,0.0004988533777722639,41031.17058229411,2.7109437999897636,16,7,7288,576,2.0463630789890885e-12,2.220446049250313e-16,False,"[76, 63, 79, 78, 73, 58, 68]"
2025-03-24,6,Optimal,4.1799392447466604e-06,1814.1734131043731,0.650715100025991,11,7,4835,5,9.094947017729282e-13,0.0,False,"[81, 54, 69, 64, 66, 72, 67]"
2025-03-24,12,Optimal,0.0008200664068287925,2250.708429729766,0.11781149997841567,4,3,2128,3,9.094947017729282e-13,8.193445921733655e-14,False,"[80, 74, 75, 64, 76, 79, 62]"
2025-03-24,18,Optimal,0.0,455.4677098114406,0.1717773000127636,1,1,757,5,7.958078640513122e-13,0.0,False,"[77, 66, 65, 68, 60, 61, 71]"
2025-03-25,0,Optimal,0.0005225796092142617,45226.73832336774,2.3971804000029806,17,7,7649,612,3.950617610826157e-12,2.2737367544323206e-13,False,"[76, 63, 79, 75, 73, 58, 68]"
2025-03-25,6,Optimal,0.0,-2978.3990722229883,0.03521750000072643,11,7,4835,0,9.094947017729282e-13,0.0,False,"[55, 63, 69, 64, 61, 72, 67]"
2025-03-25,12,Optimal,0.0006057993798511974,140.75802382219365,0.3271738000039477,4,3,2128,9,8.846257060213247e-13,9.155130879676022e-14,False,"[80, 73, 66, 71, 76, 79, 58]"
2025-03-25,18,Optimal,0.0,350.2285924630137,0.11561390000861138,1,1,757,2,8.331113576787175e-13,0.0,False,"[77, 66, 65, 64, 76, 61, 71]"
2025-03-26,0,Optimal,0.0005951228054872491,39150.45135260788,0.3620527999883052,17,7,7649,13,9.094947017729282e-13,2.2737367544323206e-13,False,"[76, 63, 79, 75, 73, 58, 68]"
2025-03-26,6,Optimal,0.0,1578.3742167239461,0.2788777000096161,10,6,4582,1,9.094947017729282e-13,4.733990977001667e-13,False,"[81, 77, 58, 56, 68, 79, 83]"
2025-03-26,12,Optimal,0.0,-166.1509735819631,0.10160100000211969,4,3,2128,1,9.094947017729282e-13,3.03661316412395e-14,False,"[80, 73, 66, 71, 76, 70, 62]"
2025-03-26,18,Optimal,0.0,387.9262180085145,0.09090320000541396,1,1,757,2,8.597567102697212e-13,0.0,False,"[77, 78, 65, 64, 76, 70, 71]"
2025-03-27,0,Optimal,0.0009885286646137991,41238.18698518645,0.3588882000185549,18,7,8010,14,9.094947017729282e-13,6.821210263296962e-13,False,"[76, 63, 79, 75, 64, 71, 68]"
2025-03-27,6,Optimal,0.00016166855692865663,2067.1149591660896,0.31141029999707825,10,6,4582,1,2.0463630789890885e-12,0.0,False,"[74, 63, 69, 64, 68, 79, 83]"
2025-03-27,12,Optimal,0.0,-72.7822099941541,0.44045399999595247,4,3,2128,5,9.109157872444484e-13,1.1368683772161603e-13,False,"[80, 74, 66, 64, 84, 70, 83]"
2025-03-27,18,Optimal,7.294992084456694e-05,501.7584383351976,0.16247400001157075,1,1,757,6,6.821210263296962e-13,1.1368683772161603e-13,False,"[77, 66, 67, 58, 82, 70, 71]"
2025-03-28,0,Optimal,0.00040375402962532,15209.421231246737,0.34898350000730716,18,7,8010,7,1.8189894035458565e-12,2.2737367544323206e-13,False,"[76, 63, 79, 82, 74, 71, 68]"
2025-03-28,6,Optimal,0.0,-228.9891883556814,0.17145640001399443,11,7,4835,2,8.668621376273222e-13,0.0,False,"[74, 63, 69, 71, 68, 79, 75]"
2025-03-28,12,Optimal,0.0,677.4221871101333,0.11410579999210313,4,3,2128,1,7.958078640513122e-13,0.0,False,"[81, 73, 75, 64, 84, 79, 65]"
2025-03-28,18,Optimal,0.0009306316585766118,127.3136526914877,0.12102030002279207,1,1,757,8,5.684341886080801e-13,1.0658141036401503e-14,False,"[77, 66, 67, 58, 59, 84, 79]"
2025-03-29,0,Optimal,0.0002561541078270843,13684.981077714543,0.3117361000040546,16,7,7288,4,9.094947017729282e-13,1.1368683772161603e-13,False,"[76, 63, 86, 85, 78, 62, 68]"
2025-03-29,6,Optimal,0.0,521.8902362936966,0.03426800001761876,11,7,4835,0,8.810729923425242e-13,0.0,False,"[74, 63, 69, 64, 68, 79, 75]"
2025-03-29,12,Optimal,7.897841295014325e-06,1068.146615991498,0.08731410000473261,4,3,2128,3,8.526512829121202e-13,0.0,False,"[80, 73, 66, 71, 84, 79, 83]"
2025-03-29,18,Optimal,0.0,487.8318932521227,0.08480009998311289,1,1,757,4,6.821210263296962e-13,0.0,False,"[77, 78, 67, 62, 59, 84, 79]"
2025-03-30,0,Optimal,0.0005222443663482123,40183.04303535369,2.088356799999019,17,7,7649,612,1.3301360013429075e-11,1.1368683772161603e-13,False,"[83, 61, 79, 82, 87, 62, 68]"
2025-03-30,6,Optimal,0.0,-1326.817159828503,0.0370709000271745,11,7,4835,0,8.881784197001252e-13,0.0,False,"[74, 63, 85, 64, 87, 79, 75]"
2025-03-30,12,Optimal,0.0,-815.5403750808525,0.15972039999905974,4,3,2128,2,1.6768808563938364e-12,0.0,False,"[80, 74, 66, 68, 84, 79, 83]"
2025-03-30,18,Optimal,0.0,144.70125120166355,0.13249779999023303,1,1,757,8,6.536993168992922e-13,7.815970093361102e-14,False,"[77, 78, 67, 62, 63, 84, 79]"
2025-03-31,0,Optimal,0.0006035594704726406,35650.559790128,0.3474358000094071,17,7,7649,13,9.094947017729282e-13,2.2737367544323206e-13,False,"[83, 63, 86, 82, 87, 62, 68]"
2025-03-31,6,Optimal,0.00025142692363709813,8117.196011028592,0.46736440001404844,11,7,4835,2,9.094947017729282e-13,5.684341886080802e-14,False,"[74, 77, 69, 65, 88, 79, 75]"
2025-03-31,12,Optimal,0.0005095830987759454,1166.2323792755853,1.684842699993169,4,3,2128,13,9.180934770805968e-12,1.5347723092418164e-12,False,"[80, 74, 75, 76, 84, 70, 88]"
2025-03-31,18,Optimal,0.0004630725591719469,617.5871308221019,0.14268930000253022,1,1,757,6,9.094947017729282e-13,0.0,False,"[77, 78, 88, 68, 63, 84, 79]"
2025-04-01,0,Optimal,0.0005159951691846204,42360.32854707897,0.35042500001145527,18,7,8010,13,9.094947017729282e-13,4.547473508864641e-13,False,"[83, 63, 79, 75, 74, 71, 77]"
2025-04-01,6,Optimal,2.1724389774062887e-05,3335.926038922709,0.8937064000056125,11,7,4835,5,9.094947017729282e-13,0.0,False,"[81, 84, 85, 71, 66, 72, 83]"
2025-04-01,12,Optimal,0.0,1641.7825820482287,0.32735649999813177,4,3,2128,3,9.556799795973347e-13,1.731085865191796e-12,False,"[81, 73, 75, 64, 85, 89, 65]"
2025-04-01,18,Optimal,0.0,197.71282087181896,0.10095929997623898,1,1,757,6,8.846257060213247e-13,5.5067062021407764e-14,False,"[77, 89, 72, 85, 82, 84, 79]"
2025-04-02,0,Optimal,0.000432677452295902,40055.927507517605,0.3926738000009209,17,7,7649,13,1.8189894035458565e-12,2.2737367544323206e-13,False,"[83, 63, 86, 82, 87, 71, 77]"
2025-04-02,6,Optimal,0.00015416811525380638,4413.635619940684,0.4134085999976378,11,7,4835,3,9.094947017729282e-13,1.1368683772161603e-13,False,"[89, 76, 85, 71, 66, 72, 83]"
2025-04-02,12,Optimal,0.0006282300602600935,687.7635376728136,0.27390850000665523,4,3,2128,7,9.094947017729282e-13,0.0,False,"[81, 73, 75, 64, 84, 70, 88]"
2025-04-02,18,Optimal,0.0,207.04468594452032,0.1057165999955032,1,1,757,5,2.5011104298755527e-12,0.0,False,"[77, 89, 74, 67, 82, 84, 79]"
2025-04-03,0,Optimal,0.0004346819355754479,41931.311090490395,2.4538115999894217,18,7,8010,648,3.723243935382925e-12,2.220446049250313e-16,False,"[83, 90, 79, 75, 87, 71, 77]"
2025-04-03,6,Optimal,0.0,-1643.958314242813,0.03485970001202077,11,7,4835,0,9.094947017729282e-13,0.0,False,"[89, 76, 85, 71, 88, 79, 83]"
2025-04-03,12,Optimal,0.0,-542.433004564522,0.14883970000664704,4,3,2128,1,9.094947017729282e-13,0.0,False,"[81, 73, 75, 91, 68, 78, 83]"
2025-04-03,18,Optimal,0.0,97.72132851751964,0.10266900001442991,1,1,757,4,3.410605131648481e-13,0.0,False,"[77, 90, 74, 85, 76, 70, 71]"
2025-04-04,0,Optimal,0.0003602820604546765,13399.753152829411,1.8472654000215698,17,7,7649,612,3.467448550509289e-12,4.547473508864641e-13,False,"[92, 65, 86, 82, 91, 71, 77]"
2025-04-04,6,Optimal,0.0,-40.21644980990308,0.03207120002480224,10,6,4582,0,9.094947017729282e-13,0.0,False,"[89, 76, 82, 71, 88, 72, 83]"
2025-04-04,12,Optimal,0.0,1066.5675445452766,0.015857999998843297,4,3,2128,0,8.810729923425242e-13,0.0,False,"[80, 74, 75, 71, 87, 79, 83]"
2025-04-04,18,Optimal,0.0004768649858877134,273.6559969865304,0.06742840001243167,1,1,757,1,7.958078640513122e-13,0.0,False,"[77, 90, 74, 85, 76, 70, 71]"
2025-04-05,0,Optimal,0.0001769613898887546,13536.491873193561,0.3226718000078108,17,7,7649,4,9.094947017729282e-13,0.0,False,"[92, 90, 79, 75, 91, 71, 77]"
2025-04-05,6,Optimal,0.0,-94.63843716328108,0.15449019998777658,11,7,4835,1,9.094947017729282e-13,0.0,False,"[89, 76, 92, 71, 80, 72, 83]"
2025-04-05,12,Optimal,0.0,583.0034964663803,0.015736900008050725,4,3,2128,0,9.094947017729282e-13,0.0,False,"[80, 73, 72, 90, 76, 78, 89]"
2025-04-05,18,Optimal,0.0,601.3166536540627,0.07660589998704381,1,1,757,1,4.547473508864641e-13,0.0,False,"[75, 90, 74, 85, 76, 70, 71]"
2025-04-06,0,Optimal,0.00036850664593092387,38497.184298394524,2.1161289000010584,17,7,7649,612,1.3562839740188792e-10,1.6275869541004795e-13,False,"[92, 90, 79, 75, 91, 71, 77]"
2025-04-06,6,Optimal,0.0,146.98371220147726,0.0335583999985829,9,5,4329,0,8.597567102697212e-13,0.0,False,"[90, 76, 82, 71, 93, 94, 83]"
2025-04-06,12,Optimal,0.0004939017082902221,1279.269049602575,0.1915478000009898,4,3,2128,2,9.094947017729282e-13,0.0,False,"[81, 73, 72, 71, 87, 79, 83]"
2025-04-06,18,Optimal,0.0,352.42092564697646,0.1292109000205528,1,1,757,3,1.8189894035458565e-12,0.0,False,"[77, 89, 88, 68, 82, 84, 79]"
2025-04-07,0,Optimal,0.000418518570698022,34094.474136902834,1.8233468999969773,17,7,7649,612,2.9558577807620168e-12,1.8189894035458565e-12,False,"[92, 90, 79, 75, 91, 71, 77]"
2025-04-07,6,Optimal,0.000136427882086028,5646.509097082033,0.2961686000053305,11,7,4835,1,9.094947017729282e-13,0.0,False,"[89, 76, 92, 71, 80, 72, 83]"
2025-04-07,12,Optimal,0.0,2259.2137471935166,0.40423340001143515,4,3,2128,3,2.7284841053187847e-12,2.021099337273174e-12,False,"[95, 86, 92, 90, 68, 78, 83]"
2025-04-07,18,Optimal,0.0,409.8823002039564,0.09848960000090301,1,1,757,3,2.0463630789890885e-12,4.796163466380676e-14,False,"[77, 89, 88, 93, 82, 84, 79]"
2025-04-08,0,Optimal,0.0003635939892853279,39697.69089836674,2.1650542999850586,17,7,7649,612,5.752553988713771e-11,6.905587213168474e-14,False,"[92, 90, 79, 75, 91, 71, 77]"
2025-04-08,6,Optimal,0.0,-355.93497943585385,0.039168399991467595,10,6,4582,0,9.094947017729282e-13,0.0,False,"[89, 76, 77, 69, 88, 79, 83]"
2025-04-08,12,Optimal,0.0,-407.57470621012226,0.01609169997391291,4,3,2128,0,8.881784197001252e-13,0.0,False,"[95, 86, 92, 90, 76, 78, 83]"
2025-04-08,18,Optimal,0.0004514701003876725,603.0892969899384,0.18727310001850128,1,1,757,3,7.958078640513122e-13,2.8520395921481797e-13,False,"[75, 90, 72, 93, 94, 70, 71]"
2025-04-09,0,Optimal,0.000401697639985729,38475.76580538806,0.34164190001320094,16,7,7288,13,9.094947017729282e-13,4.547473508864641e-13,False,"[92, 97, 86, 82, 93, 73, 94]"
2025-04-09,6,Optimal,0.0,4341.919302561777,0.035969799995655194,11,7,4835,0,9.094947017729282e-13,0.0,False,"[89, 76, 77, 97, 87, 79, 75]"
2025-04-09,12,Optimal,0.0003347381114864976,940.0958334380067,0.26482490001944825,4,3,2128,11,3.524291969370097e-12,1.1546319456101628e-13,False,"[95, 82, 74, 91, 87, 70, 83]"
2025-04-09,18,Optimal,0.0,134.86005161928594,0.0907504000060726,1,1,757,5,1.1368683772161603e-12,1.4699352846037073e-13,False,"[75, 89, 85, 76, 96, 70, 97]"
2025-04-10,0,Optimal,0.00047066546574093306,37639.542218325136,1.8957823000091594,18,7,8010,648,1.0265921446261927e-10,1.8189894035458565e-12,False,"[92, 97, 79, 75, 91, 71, 94]"
2025-04-10,6,Optimal,0.0001540241392804117,4126.384143927071,0.42950550001114607,10,6,4582,2,9.094947017729282e-13,0.0,False,"[89, 76, 77, 97, 87, 93, 83]"
2025-04-10,12,Optimal,0.0,-1155.4382531696376,0.018921300012152642,4,3,2128,0,9.094947017729282e-13,0.0,False,"[95, 82, 74, 96, 76, 79, 83]"
2025-04-10,18,Optimal,0.0009010443591237352,135.15511838107685,0.0891766999848187,1,1,757,2,5.684341886080801e-13,0.0,False,"[75, 89, 85, 76, 96, 98, 97]"
2025-04-11,0,Optimal,0.00011781314484070752,12782.453487115954,1.6130094999971334,16,7,7288,576,7.048583938740194e-12,4.547473508864641e-13,False,"[92, 97, 79, 75, 93, 73, 94]"
2025-04-11,6,Optimal,0.0,-124.10688504598825,0.03420759999426082,10,6,4582,0,9.094947017729282e-13,0.0,False,"[89, 74, 96, 85, 86, 93, 83]"
2025-04-11,12,Optimal,0.0,34.85573468772523,0.1633741999976337,4,3,2128,3,1.1297629498585593e-12,1.5987211554602254e-14,False,"[95, 82, 92, 96, 87, 78, 83]"
2025-04-11,18,Optimal,5.973699842577133e-05,593.3701375741516,0.1123846999835223,1,1,757,2,5.115907697472721e-13,0.0,False,"[75, 89, 85, 93, 94, 81, 97]"
2025-04-12,0,Optimal,0.0001275657016534349,13939.981191664758,0.3392664999992121,17,7,7649,3,9.094947017729282e-13,0.0,False,"[92, 97, 79, 75, 93, 73, 77]"
2025-04-12,6,Optimal,0.0,-906.5556966924953,0.46339250000892207,11,7,4835,3,2.8990143619012088e-12,3.694822225952521e-13,False,"[99, 74, 77, 85, 86, 93, 75]"
2025-04-12,12,Optimal,0.0,124.72477000822852,0.09046049998141825,4,3,2128,1,9.094947017729282e-13,2.1041521148394564e-14,False,"[95, 82, 74, 91, 84, 100, 83]"
2025-04-12,18,Optimal,9.632531723252742e-05,178.33441187599897,0.07815130002563819,1,1,757,3,7.958078640513122e-13,0.0,False,"[75, 89, 99, 76, 94, 98, 97]"
2025-04-13,0,Optimal,0.0006604564847654497,34884.51133931805,0.3849767000065185,18,7,8010,13,1.8189894035458565e-12,2.2737367544323206e-13,False,"[76, 88, 86, 82, 78, 74, 77]"
2025-04-13,6,Optimal,0.0,3989.762130400002,0.03838569999788888,11,7,4835,0,9.094947017729282e-13,0.0,False,"[89, 76, 77, 97, 86, 93, 75]"
2025-04-13,12,Optimal,0.0004982333765375658,1861.9614068289973,0.08884410001337528,4,3,2128,1,8.384404281969182e-13,0.0,False,"[95, 82, 74, 91, 84, 100, 83]"
2025-04-13,18,Optimal,0.0009309958109197582,933.1086505923166,0.09213890001410618,1,1,757,9,4.547473508864641e-13,0.0,False,"[75, 89, 85, 93, 94, 81, 83]"
2025-04-14,0,Optimal,0.0006657536643924663,38401.14173975841,0.4426427000144031,16,7,7288,14,2.7284841053187847e-12,4.547473508864641e-13,False,"[76, 88, 86, 82, 78, 102, 77]"
2025-04-14,6,Optimal,0.0,-2656.493169205764,0.03835319998324849,10,6,4582,0,9.094947017729282e-13,0.0,False,"[90, 84, 92, 97, 100, 93, 83]"
2025-04-14,12,Optimal,0.0,-356.92803037987295,0.015212800004519522,4,3,2128,0,9.094947017729282e-13,0.0,False,"[95, 86, 90, 76, 99, 100, 83]"
2025-04-14,18,Optimal,0.0005567083163911378,771.3492434074385,0.09252180001931265,1,1,757,6,9.094947017729282e-13,0.0,False,"[75, 78, 99, 93, 94, 81, 83]"
2025-04-15,0,Optimal,0.0003110016981126091,32886.96623212317,0.4443987999984529,16,7,7288,13,9.094947017729282e-13,2.2737367544323206e-13,False,"[76, 88, 103, 85, 78, 102, 77]"
2025-04-15,6,Optimal,0.0,4903.241986354325,0.6240076999820303,9,5,4329,3,8.952838470577262e-13,0.0,False,"[89, 84, 92, 101, 87, 93, 83]"
2025-04-15,12,Optimal,0.0,2508.373527135845,0.22151129998383112,4,3,2128,2,9.094947017729282e-13,0.0,False,"[95, 82, 96, 101, 78, 89, 103]"
2025-04-15,18,Optimal,0.0007876770453430147,1322.2629430605296,0.04998090001754463,1,1,757,2,4.547473508864641e-13,0.0,False,"[77, 78, 99, 76, 96, 98, 103]"
2025-04-16,0,Optimal,0.0005027144495983485,35142.05826095534,1.869298199977493,17,7,7649,612,3.751665644813329e-12,5.684341886080801e-13,False,"[92, 97, 86, 82, 93, 98, 77]"
2025-04-16,6,Optimal,0.0002416648284582519,5732.930457200734,0.18590479998965748,9,5,4329,1,9.094947017729282e-13,0.0,False,"[89, 84, 92, 97, 87, 93, 83]"
2025-04-16,12,Optimal,0.0005522081520548314,1757.3964015396887,1.3543372999993153,4,3,2128,7,9.094947017729282e-13,0.0,False,"[95, 82, 96, 101, 78, 89, 103]"
2025-04-16,18,Optimal,0.000626813015636825,423.850346277845,0.09072680000099353,1,1,757,4,3.979039320256561e-13,0.0,False,"[86, 78, 99, 82, 96, 98, 97]"
2025-04-17,0,Optimal,0.0005366398381783161,33073.57228235945,2.3536461999756284,17,7,7649,612,1.6825651982799172e-11,1.701397928900007e-12,False,"[92, 97, 86, 82, 93, 105, 94]"
2025-04-17,6,Optimal,0.0008625798123170132,5691.652854239358,0.2000642000057269,10,6,4582,2,9.094947017729282e-13,0.0,False,"[89, 105, 98, 97, 87, 93, 83]"
2025-04-17,12,Optimal,0.0006923836209213292,718.7656946374613,0.3255946999997832,4,3,2128,11,3.637978807091713e-12,1.6431300764452317e-14,False,"[93, 98, 96, 105, 78, 104, 103]"
2025-04-17,18,Optimal,0.0,289.4861676726239,0.13364549999823794,1,1,757,4,5.684341886080801e-13,7.549516567451064e-14,False,"[86, 101, 92, 82, 96, 98, 103]"
2025-04-18,0,Optimal,0.0002761584790176256,12533.321147443037,0.36580130000947975,17,7,7649,3,8.810729923425242e-13,3.410605131648481e-13,False,"[92, 97, 86, 82, 91, 98, 106]"
2025-04-18,6,Optimal,0.0,-150.42506753475033,0.2906912000034936,10,6,4582,2,9.094947017729282e-13,0.0,False,"[89, 105, 96, 97, 86, 102, 94]"
2025-04-18,12,Optimal,0.0,466.46567428494757,0.01614500000141561,4,3,2128,0,8.526512829121202e-13,0.0,False,"[93, 82, 96, 105, 102, 104, 103]"
2025-04-18,18,Optimal,0.0,3.2377722285870325,0.1428785999887623,1,1,757,5,4.547473508864641e-13,1.4210854715202004e-14,False,"[90, 106, 92, 95, 96, 98, 103]"
2025-04-19,0,Optimal,0.00042504852325886525,12128.33326570139,0.2934071999916341,18,7,8010,3,9.094947017729282e-13,0.0,False,"[92, 97, 86, 99, 87, 104, 106]"
2025-04-19,6,Optimal,0.0,-588.9683480843859,0.18197700000018813,11,7,4835,1,9.094947017729282e-13,0.0,False,"[89, 105, 92, 97, 86, 88, 94]"
2025-04-19,12,Optimal,0.0,1404.5590198091825,0.01753340000868775,4,3,2128,0,8.526512829121202e-13,0.0,False,"[93, 82, 91, 105, 102, 104, 103]"
2025-04-19,18,Optimal,0.0,0.5519715103324365,0.10175959998741746,1,1,757,2,5.684341886080801e-13,4.3076653355456074e-14,False,"[90, 88, 99, 82, 96, 98, 105]"
2025-04-20,0,Optimal,0.0006817421208758935,33693.12734559582,1.8412269000255037,18,7,8010,648,2.7284841053187847e-12,5.684341886080801e-13,False,"[92, 97, 86, 99, 87, 104, 106]"
2025-04-20,6,Optimal,0.0,3174.066646306086,0.03837749999365769,11,7,4835,0,9.094947017729282e-13,0.0,False,"[89, 105, 96, 85, 95, 88, 94]"
2025-04-20,12,Optimal,9.257790131198249e-05,2666.2045490700725,0.09362160001182929,4,3,2128,1,9.094947017729282e-13,5.115907697472721e-14,False,"[108, 98, 91, 105, 102, 104, 88]"
2025-04-20,18,Optimal,0.0003598301588045615,246.55830728831222,0.05371529998956248,1,1,757,1,7.958078640513122e-13,0.0,False,"[89, 88, 108, 82, 96, 98, 105]"
2025-04-21,0,Optimal,0.0005292651430152871,35004.180584135545,0.40579640000942163,18,7,8010,13,9.094947017729282e-13,2.2737367544323206e-13,False,"[92, 90, 85, 84, 102, 109, 106]"
2025-04-21,6,Optimal,0.0,-1254.0526966803777,0.03350319998571649,10,6,4582,0,8.841816168114747e-13,0.0,False,"[90, 106, 92, 97, 95, 100, 103]"
2025-04-21,12,Optimal,0.0009937739138668558,226.70254080558988,0.6463244000042323,4,3,2128,10,1.2505552149377763e-12,0.0,False,"[108, 98, 91, 84, 102, 104, 88]"
2025-04-21,18,Optimal,0.0,449.2456264255287,0.10609810001915321,1,1,757,4,2.2737367544323206e-12,0.0,False,"[90, 88, 99, 93, 94, 98, 103]"
2025-04-22,0,Optimal,0.0005776534795796152,32048.925234967668,0.3493460000026971,18,7,8010,13,9.094947017729282e-13,2.2737367544323206e-13,False,"[92, 97, 86, 84, 102, 109, 106]"
2025-04-22,6,Optimal,0.0004896116394624753,5356.143326614536,0.2615951999905519,10,6,4582,3,8.653842087369412e-10,1.5110086021902851e-10,False,"[89, 106, 92, 109, 86, 88, 103]"
2025-04-22,12,Optimal,0.0008631310842460168,3030.475015390535,0.19707369999377988,4,3,2128,2,8.881784197001252e-13,0.0,False,"[108, 109, 87, 84, 110, 104, 88]"
2025-04-22,18,Optimal,2.2764023869451013e-05,592.2835743886717,0.12224300001980737,1,1,757,5,6.821210263296962e-13,0.0,False,"[89, 88, 108, 104, 96, 98, 103]"
2025-04-23,0,Optimal,0.0003076058561244978,30837.543081815846,0.48285639999085106,17,7,7649,10,9.094947017729282e-13,4.547473508864641e-13,False,"[92, 90, 85, 93, 105, 107, 89]"
2025-04-23,6,Optimal,0.0008998128342151173,5567.855985945824,0.5206903000071179,10,6,4582,6,9.094947017729282e-13,0.0,False,"[89, 106, 96, 97, 95, 88, 94]"
2025-04-23,12,Optimal,0.0008202257147531045,1990.9218504628898,0.5379750999854878,4,3,2128,5,7.958078640513122e-13,2.021099337273174e-12,False,"[108, 109, 87, 84, 110, 104, 88]"
2025-04-23,18,Optimal,0.0006342278325349737,576.8063719801225,0.09455249999882653,1,1,757,4,7.958078640513122e-13,0.0,False,"[90, 88, 99, 93, 94, 98, 110]"
2025-04-24,0,Optimal,0.000528892378669333,32142.014929629837,0.3632639000134077,18,7,8010,11,9.094947017729282e-13,1.1368683772161603e-13,False,"[92, 90, 85, 91, 98, 96, 111]"
2025-04-24,6,Optimal,0.0004966490162864685,470.311134041768,0.24250349999056198,10,6,4582,1,9.094947017729282e-13,6.155076448521868e-14,False,"[89, 105, 98, 101, 86, 88, 94]"
2025-04-24,12,Optimal,0.0,2659.211785475701,0.017294100020080805,4,3,2128,0,8.810729923425242e-13,0.0,False,"[108, 109, 91, 105, 106, 104, 103]"
2025-04-24,18,Optimal,0.0007484093038573321,427.51427007436945,0.046418000012636185,1,1,757,1,7.958078640513122e-13,0.0,False,"[90, 88, 85, 93, 94, 98, 110]"
2025-04-25,0,Optimal,0.0001847900872939997,12434.083076728002,0.34666109998943284,18,7,8010,3,9.094947017729282e-13,0.0,False,"[92, 90, 108, 87, 98, 96, 111]"
2025-04-25,6,Optimal,0.0,-328.3510031771917,0.16575539999757893,10,6,4582,1,9.094947017729282e-13,0.0,False,"[89, 106, 92, 112, 86, 88, 94]"
2025-04-25,12,Optimal,0.0,-346.46355191137496,0.015260899992426857,4,3,2128,0,8.526512829121202e-13,0.0,False,"[108, 109, 91, 105, 106, 104, 88]"
2025-04-25,18,Optimal,0.00033943421674821053,16.62893142247948,0.1397687999997288,1,1,757,5,7.389644451905042e-13,0.0,False,"[90, 101, 99, 104, 94, 98, 110]"
2025-04-26,0,Optimal,0.0004456152737179399,12095.692417192911,1.7004271999758203,18,7,8010,648,3.637978807091713e-12,2.2737367544323206e-13,False,"[92, 90, 99, 102, 104, 114, 111]"
2025-04-26,6,Optimal,0.0,-80.5890951001916,0.3934122000064235,10,6,4582,3,8.952838470577262e-13,0.0,False,"[89, 106, 98, 112, 108, 88, 94]"
2025-04-26,12,Optimal,0.0,827.1441777143331,0.014882899995427579,4,3,2128,0,9.094947017729282e-13,0.0,False,"[108, 109, 112, 101, 110, 104, 88]"
2025-04-26,18,Optimal,0.0,196.96701456932934,0.09939879999728873,1,1,757,3,9.094947017729282e-13,0.0,False,"[107, 112, 99, 113, 96, 98, 103]"
2025-04-27,0,Optimal,0.00048108201747822105,31676.320790682603,2.175624199997401,18,7,8010,648,2.5920599000528455e-11,3.108624468950438e-14,False,"[92, 90, 99, 105, 104, 114, 111]"
2025-04-27,6,Optimal,0.00018010285221486727,3953.709603263855,0.42783510001027025,10,6,4582,5,9.094947017729282e-13,0.0,False,"[89, 105, 98, 109, 108, 102, 94]"
2025-04-27,12,Optimal,0.00047502329685943084,2224.664313591407,0.168371500010835,4,3,2128,6,1.6484591469634324e-12,0.0,False,"[95, 109, 96, 105, 106, 97, 103]"
2025-04-27,18,Optimal,4.543477662389904e-05,871.8043934868673,0.07454780000261962,1,1,757,3,5.684341886080801e-13,0.0,False,"[89, 112, 102, 104, 94, 98, 110]"
2025-04-28,0,Optimal,0.00042332745487170853,37241.6573343482,2.6373274000070523,18,7,8010,648,3.382183422218077e-12,2.220446049250313e-16,False,"[92, 95, 93, 113, 109, 116, 111]"
2025-04-28,6,Optimal,0.0008365300805925542,4063.0378095249584,0.22254490002524108,10,6,4582,5,9.094947017729282e-13,1.1368683772161603e-13,False,"[89, 105, 116, 101, 108, 102, 94]"
2025-04-28,12,Optimal,0.0002714393335530679,382.1705004383577,0.3179818000062369,4,3,2128,7,9.237055564881302e-13,0.0,False,"[108, 98, 91, 101, 106, 89, 107]"
2025-04-28,18,Optimal,0.0006823984459172153,531.8080115823053,0.08221239998238161,1,1,757,3,6.821210263296962e-13,0.0,False,"[89, 106, 92, 113, 96, 100, 115]"
2025-04-29,0,Optimal,0.00025210508784594566,32286.340138256204,2.025019799999427,18,7,8010,648,1.1289102985756472e-10,2.6743653587975773e-12,False,"[92, 95, 93, 105, 104, 114, 111]"
2025-04-29,6,Optimal,0.000560912962636131,1895.843493447869,0.9621106999984477,10,6,4582,360,1.8474111129762605e-12,0.0,False,"[90, 105, 92, 101, 108, 102, 94]"
2025-04-29,12,Optimal,0.0008259973214744443,2043.476320510703,1.0905400000046939,4,3,2128,144,1.8189894035458565e-12,0.0,False,"[108, 98, 117, 101, 102, 100, 107]"
2025-04-29,18,Optimal,0.0,635.5772997788928,0.15728179999860004,1,1,757,4,7.958078640513122e-13,0.0,False,"[107, 108, 93, 91, 96, 100, 115]"
2025-04-30,0,Optimal,0.00048816547933679756,31001.425584690853,2.572244699986186,18,7,8010,648,2.8350655156827997e-12,7.351724460191895e-12,False,"[92, 103, 91, 105, 104, 114, 111]"
2025-04-30,6,Optimal,0.0,2124.618684281197,0.03736449999269098,11,7,4835,0,9.094947017729282e-13,0.0,False,"[117, 106, 98, 118, 108, 102, 94]"
2025-04-30,12,Optimal,0.0008715791491728026,1305.845599895815,0.591708899999503,4,3,2128,12,1.1937117960769683e-12,1.8189894035458565e-12,False,"[108, 98, 117, 114, 102, 100, 107]"
2025-04-30,18,Optimal,0.0,320.2693173324399,0.10472449997905642,1,1,757,4,7.958078640513122e-13,2.1316282072803006e-14,False,"[101, 106, 93, 91, 96, 100, 115]"
2025-05-01,0,Optimal,0.00043512303253632995,32647.4636686986,2.121296400000574,18,7,8010,648,9.754330676514655e-11,7.264049519090646e-13,False,"[92, 103, 117, 113, 109, 116, 111]"
2025-05-01,6,Optimal,0.0,1695.6867645020714,0.0429848000057973,11,7,4835,0,9.094947017729282e-13,0.0,False,"[104, 96, 97, 109, 115, 102, 94]"
2025-05-01,12,Optimal,7.35855831552007e-05,1263.5580437886363,0.18313089999719523,4,3,2128,3,8.810729923425242e-13,0.0,False,"[95, 109, 96, 105, 106, 97, 103]"
2025-05-01,18,Optimal,0.0005763164758118598,1037.1879025873895,0.1497384999820497,1,1,757,5,5.684341886080801e-13,0.0,False,"[101, 106, 92, 117, 111, 98, 110]"
2025-05-02,0,Optimal,0.0005502839966262857,13478.845477169172,0.3199087000102736,18,7,8010,4,9.094947017729282e-13,2.2737367544323206e-13,False,"[110, 108, 118, 115, 107, 94, 111]"
2025-05-02,6,Optimal,0.0,-147.1767694686091,0.034799300017766654,11,7,4835,0,9.094947017729282e-13,0.0,False,"[117, 111, 97, 112, 115, 102, 110]"
2025-05-02,12,Optimal,0.0,-28.47920074226191,0.32924709998769686,4,3,2128,3,1.2514433933574765e-12,0.0,False,"[108, 109, 112, 105, 106, 104, 103]"
2025-05-02,18,Optimal,4.83028183004022e-05,2991.1742519726618,0.06216100000892766,1,1,757,1,8.526512829121202e-13,0.0,False,"[107, 102, 93, 116, 114, 98, 120]"
2025-05-03,0,Optimal,0.0004664994197776839,12652.650637659113,1.8970839000248816,17,7,7649,612,8.29913915367797e-12,2.2737367544323206e-13,False,"[110, 108, 102, 98, 96, 94, 111]"
2025-05-03,6,Optimal,0.0,-549.9708960037218,0.16316959998221137,11,7,4835,1,1.3073986337985843e-12,0.0,False,"[117, 111, 97, 112, 108, 114, 110]"
2025-05-03,12,Optimal,0.0004639260966226363,951.7247339960425,0.25605710002128035,4,3,2128,6,8.881784197001252e-13,0.0,False,"[108, 109, 112, 102, 110, 111, 120]"
2025-05-03,18,Optimal,0.0,2364.280784992337,0.00575020001269877,1,1,757,0,9.094947017729282e-13,0.0,False,"[112, 99, 94, 114, 100, 97, 121]"
2025-05-04,0,Optimal,0.0009566567413333505,35474.19773195462,0.4349557999812532,17,7,7649,14,1.8189894035458565e-12,4.547473508864641e-13,False,"[110, 108, 122, 115, 107, 116, 111]"
2025-05-04,6,Optimal,0.0,-795.3611992086638,0.06558080000104383,11,7,4835,0,9.094947017729282e-13,0.0,False,"[117, 111, 97, 112, 122, 114, 103]"
2025-05-04,12,Optimal,0.00019816436442540096,-888.1819075915698,0.1658770999929402,4,3,2128,1,8.668621376273222e-13,0.0,False,"[108, 109, 112, 102, 110, 111, 122]"
2025-05-04,18,Optimal,0.0009428262541690081,3628.9767845239926,0.0826705000072252,1,1,757,1,4.547473508864641e-13,0.0,False,"[112, 104, 114, 119, 111, 110, 122]"
2025-05-05,0,Optimal,0.000561192451550633,36279.30264719782,0.36743710000882857,18,7,8010,14,9.094947017729282e-13,4.547473508864641e-13,False,"[110, 99, 102, 98, 107, 116, 111]"
2025-05-05,6,Optimal,0.0,1035.76814412497,0.31157140000141226,10,6,4582,1,2.7284841053187847e-12,0.0,False,"[104, 111, 97, 112, 108, 102, 120]"
2025-05-05,12,Optimal,0.0,32.22741144623321,0.1676830000069458,4,3,2128,2,9.094947017729282e-13,0.0,False,"[115, 118, 114, 119, 100, 111, 121]"
2025-05-05,18,Optimal,0.0001037314565014426,3164.0822194716243,0.05664520000573248,1,1,757,1,4.547473508864641e-13,1.1902846572443964e-13,False,"[112, 114, 113, 117, 97, 105, 122]"
2025-05-06,0,Optimal,0.0004862534601166439,31137.134543837386,0.3294156999909319,18,7,8010,10,9.094947017729282e-13,4.547473508864641e-13,False,"[110, 99, 102, 98, 107, 116, 111]"
2025-05-06,6,Optimal,0.0,4880.702702709797,0.036591800017049536,11,7,4835,0,9.094947017729282e-13,0.0,False,"[117, 111, 118, 121, 115, 102, 103]"
2025-05-06,12,Optimal,0.00029957330242911547,2370.772673315294,0.3896482999844011,4,3,2128,10,9.094947017729282e-13,0.0,False,"[115, 117, 101, 119, 100, 107, 124]"
2025-05-06,18,Optimal,0.0,3673.7800537066864,0.061718499986454844,1,1,757,1,6.821210263296962e-13,0.0,False,"[112, 106, 100, 119, 103, 121, 122]"
2025-05-07,0,Optimal,0.0007471094174793638,34102.927247134794,0.35155629998189397,18,7,8010,12,1.8189894035458565e-12,2.2737367544323206e-13,False,"[110, 117, 105, 123, 121, 106, 100]"
2025-05-07,6,Optimal,0.0,5122.749445211801,0.038326700014295056,11,7,4835,0,9.094947017729282e-13,0.0,False,"[117, 111, 109, 107, 100, 124, 103]"
2025-05-07,12,Optimal,0.0,1689.239025303896,0.3465369999757968,4,3,2128,5,9.094947017729282e-13,3.375077994860476e-14,False,"[108, 118, 101, 106, 104, 122, 124]"
2025-05-07,18,Optimal,0.0,3908.455493026722,0.0656666999857407,1,1,757,2,6.821210263296962e-13,0.0,False,"[102, 104, 100, 98, 110, 121, 122]"
2025-05-08,0,Optimal,0.0005947221690539568,35968.15442544944,1.9302098999905866,18,7,8010,648,2.6147972675971687e-12,1.8189894035458565e-12,False,"[110, 117, 105, 104, 114, 119, 112]"
2025-05-08,6,Optimal,0.0006645362347934851,2322.1247332331104,0.20705319999251515,9,5,4329,2,9.094947017729282e-13,0.0,False,"[117, 111, 112, 122, 114, 126, 120]"
2025-05-08,12,Optimal,0.00024127803255033847,2996.5995310825797,0.21013500000117347,4,3,2128,8,8.242295734817162e-13,0.0,False,"[115, 112, 105, 106, 111, 126, 124]"
2025-05-08,18,Optimal,0.0006872113250772712,3415.8256641249495,0.03915470000356436,1,1,757,1,4.547473508864641e-13,0.0,False,"[114, 116, 100, 118, 103, 121, 125]"
2025-05-09,0,Optimal,0.0005012497748305665,12416.11998346219,0.2952387999976054,16,7,7288,4,9.094947017729282e-13,2.2737367544323206e-13,False,"[110, 118, 113, 109, 114, 119, 112]"
2025-05-09,6,Optimal,0.0,2392.82398566263,0.1943611000024248,10,6,4582,3,9.094947017729282e-13,0.0,False,"[104, 118, 121, 108, 102, 124, 123]"
2025-05-09,12,Optimal,0.0,2616.339559738165,0.08718360000057146,4,3,2128,1,9.094947017729282e-13,1.0551559626037488e-13,False,"[115, 112, 102, 110, 111, 121, 124]"
2025-05-09,18,Optimal,0.0,2686.3220755065317,0.005325700010871515,1,1,757,0,6.252776074688882e-13,0.0,False,"[114, 104, 107, 110, 105, 124, 125]"
2025-05-10,0,Optimal,0.00029224170564840884,12360.62138706872,0.36755189998075366,17,7,7649,3,9.094947017729282e-13,0.0,False,"[110, 117, 105, 104, 127, 106, 112]"
2025-05-10,6,Optimal,0.0,1211.6947414304605,0.17635969998082146,11,7,4835,1,3.694822225952521e-12,0.0,False,"[105, 116, 112, 108, 102, 110, 123]"
2025-05-10,12,Optimal,4.2131125737685604e-05,1104.0612863256674,0.10053649998735636,4,3,2128,2,8.526512829121202e-13,0.0,False,"[108, 117, 105, 116, 107, 128, 127]"
2025-05-10,18,Optimal,0.0,3039.2777574229513,0.007101600000169128,1,1,757,0,6.821210263296962e-13,0.0,False,"[114, 104, 117, 103, 128, 124, 125]"
2025-05-11,0,Optimal,0.0005598879491706153,34843.39277682391,0.34296330000506714,18,7,8010,13,9.094947017729282e-13,6.821210263296962e-13,False,"[103, 118, 113, 109, 129, 106, 112]"
2025-05-11,6,Optimal,0.0,3624.466518079689,0.7922247999813408,10,6,4582,3,9.094947017729282e-13,0.0,False,"[105, 118, 121, 108, 102, 110, 123]"
2025-05-11,12,Optimal,0.00022159889175497665,3130.5610429116514,0.22581070000887848,4,3,2128,7,2.6147972675971687e-12,1.8189894035458565e-12,False,"[115, 112, 102, 104, 122, 129, 124]"
2025-05-11,18,Optimal,6.694934048694425e-05,2764.4051458315967,0.047542399988742545,1,1,757,1,4.547473508864641e-13,0.0,False,"[102, 106, 110, 108, 128, 124, 125]"
2025-05-12,0,Optimal,0.0005941282124207603,31521.309465784892,2.0461562999989837,17,7,7649,612,2.7284841053187847e-12,1.8189894035458565e-12,False,"[103, 118, 115, 107, 114, 119, 112]"
2025-05-12,6,Optimal,0.0007523349765109924,7212.68398086138,0.2009773000027053,10,6,4582,2,9.094947017729282e-13,0.0,False,"[105, 118, 121, 115, 113, 125, 120]"
2025-05-12,12,Optimal,3.422096953984286e-05,4243.230443174723,0.15176330000394955,4,3,2128,4,1.3233858453531866e-12,2.220446049250313e-14,False,"[115, 117, 119, 111, 126, 121, 130]"
2025-05-12,18,Optimal,0.0,4477.773401268992,0.0054222000180743635,1,1,757,0,6.821210263296962e-13,0.0,False,"[112, 113, 110, 111, 126, 123, 130]"
2025-05-13,0,Optimal,0.0007223415736067472,37127.59934974221,0.36573990000761114,17,7,7649,12,1.0231815394945443e-12,1.1368683772161603e-13,False,"[108, 122, 123, 121, 124, 130, 131]"
2025-05-13,6,Optimal,0.0,-270.93995021970954,0.041281199984950945,11,7,4835,0,9.094947017729282e-13,0.0,False,"[105, 131, 112, 122, 113, 125, 123]"
2025-05-13,12,Optimal,0.0009267184109930093,1379.075893997139,0.9814982000098098,4,3,2128,144,2.2737367544323206e-12,1.8189894035458565e-12,False,"[115, 112, 119, 111, 131, 121, 124]"
2025-05-13,18,Optimal,0.0,1599.328852663879,0.06848999997600913,1,1,757,1,5.684341886080801e-13,6.23501250629488e-14,False,"[112, 113, 110, 131, 126, 123, 130]"
2025-05-14,0,Optimal,0.000541299818436377,36970.25217964188,0.47106340000755154,17,7,7649,11,9.094947017729282e-13,4.547473508864641e-13,False,"[108, 118, 115, 121, 124, 130, 131]"
2025-05-14,6,Optimal,0.00011715193247374335,1775.990579311582,0.3581393000204116,10,6,4582,1,9.663381206337363e-13,1.1368683772161603e-13,False,"[106, 118, 121, 115, 130, 132, 123]"
2025-05-14,12,Optimal,0.0,-1274.2961496091336,0.019744399993214756,4,3,2128,0,9.094947017729282e-13,0.0,False,"[115, 112, 119, 107, 131, 121, 130]"
2025-05-14,18,Optimal,0.0005862925105416765,1188.7407101680951,0.1761156000138726,1,1,757,5,5.684341886080801e-13,0.0,False,"[112, 117, 131, 132, 126, 129, 130]"
2025-05-15,0,Optimal,0.000586152924180611,37535.527566644065,0.3782176999957301,17,7,7649,11,9.094947017729282e-13,6.821210263296962e-13,False,"[108, 118, 123, 121, 124, 130, 131]"
2025-05-15,6,Optimal,0.0,4093.753011750834,0.4229918000055477,10,6,4582,2,9.094947017729282e-13,0.0,False,"[106, 118, 121, 115, 130, 132, 123]"
2025-05-15,12,Optimal,0.0006725862297761703,-903.0048008001296,0.2695710999832954,4,3,2128,3,9.094947017729282e-13,0.0,False,"[115, 112, 110, 132, 128, 125, 130]"
2025-05-15,18,Optimal,0.00047598698598941313,133.06278238277014,0.16957759999786504,1,1,757,7,2.0463630789890885e-12,4.264528014162623e-14,False,"[112, 117, 131, 111, 126, 129, 130]"
2025-05-16,0,Optimal,0.0003570956464057157,14203.424828136325,1.9881325000023935,18,7,8010,648,8.378719940083101e-11,3.2842864230689076e-12,False,"[108, 118, 123, 121, 114, 130, 131]"
2025-05-16,6,Optimal,0.0,-710.3880127623999,0.2183171000215225,11,7,4835,2,9.094947017729282e-13,0.0,False,"[133, 118, 121, 115, 130, 132, 123]"
2025-05-16,12,Optimal,0.0,-209.88540844102204,0.014655099977971986,4,3,2128,0,9.094947017729282e-13,0.0,False,"[115, 112, 110, 134, 128, 125, 130]"
2025-05-16,18,Optimal,0.0001362962136512223,-315.6000879038537,0.1604739000031259,1,1,757,9,2.0463630789890885e-12,0.0,False,"[112, 107, 131, 111, 133, 129, 130]"
2025-05-17,0,Optimal,5.998309049194715e-05,14141.060908224019,0.29573230000096373,18,7,8010,1,9.094947017729282e-13,0.0,False,"[108, 118, 123, 121, 114, 130, 131]"
2025-05-17,6,Optimal,0.0,-515.7695389105656,0.2886143999930937,10,6,4582,3,9.094947017729282e-13,0.0,False,"[133, 118, 121, 115, 135, 132, 123]"
2025-05-17,12,Optimal,0.0,450.17728122781386,0.13960199998109601,4,3,2128,2,1.8189894035458565e-12,2.4868995751603507e-14,False,"[115, 112, 110, 134, 128, 125, 124]"
2025-05-17,18,Optimal,0.00014041516111278974,1017.1392881041752,0.06490699999267235,1,1,757,1,7.958078640513122e-13,0.0,False,"[112, 117, 118, 128, 121, 135, 130]"
2025-05-18,0,Optimal,0.0008362808356889343,38614.08688642467,0.4233306999958586,16,7,7288,13,9.094947017729282e-13,2.2737367544323206e-13,False,"[128, 122, 123, 121, 114, 130, 131]"
2025-05-18,6,Optimal,0.0,167.06554512157214,0.6152485999919008,9,5,4329,10,9.094947017729282e-13,2.842170943040401e-14,False,"[133, 118, 136, 115, 135, 132, 123]"
2025-05-18,12,Optimal,0.0,-392.43399771212637,0.01786990000982769,4,3,2128,0,8.881784197001252e-13,0.0,False,"[109, 112, 111, 122, 126, 125, 130]"
2025-05-18,18,Optimal,0.0,-396.59671066420657,0.20254669999121688,1,1,757,7,1.5916157281026244e-12,1.1368683772161603e-13,False,"[112, 119, 118, 136, 121, 135, 125]"
2025-05-19,0,Optimal,0.0004782632249132532,34666.169458856595,0.4311507999955211,17,7,7649,12,9.094947017729282e-13,4.547473508864641e-13,False,"[128, 118, 136, 121, 114, 130, 131]"
2025-05-19,6,Optimal,0.0,520.7932826511308,0.03982540001743473,11,7,4835,0,8.881784197001252e-13,0.0,False,"[117, 131, 121, 115, 135, 125, 128]"
2025-05-19,12,Optimal,0.00037051790133867997,1549.8521909534375,0.4195195999927819,4,3,2128,6,9.094947017729282e-13,8.881784197001252e-14,False,"[118, 114, 111, 122, 126, 120, 130]"
2025-05-19,18,Optimal,0.0005951990942773932,120.8524782413154,0.25862840001354925,1,1,757,9,6.536993168992922e-13,1.677344029775037e-14,False,"[112, 117, 118, 136, 126, 135, 130]"
2025-05-20,0,Optimal,0.0003678824787671376,34510.17944058204,0.38526459998684004,17,7,7649,12,9.094947017729282e-13,2.2737367544323206e-13,False,"[137, 118, 136, 121, 114, 130, 131]"
2025-05-20,6,Optimal,0.00029927351709334456,4270.833823038743,0.18721689999802038,11,7,4835,1,9.094947017729282e-13,0.0,False,"[117, 138, 112, 115, 113, 124, 120]"
2025-05-20,12,Optimal,0.00015551731235435973,2582.8413896269135,1.0746218000131194,4,3,2128,7,2.7284841053187847e-12,5.7127635955112055e-12,False,"[118, 114, 137, 122, 128, 125, 130]"
2025-05-20,18,Optimal,0.0005928082244732772,-250.62168323569523,0.09600660001160577,1,1,757,8,8.597567102697212e-13,5.684341886080802e-14,False,"[116, 117, 111, 115, 137, 135, 125]"
2025-05-21,0,Optimal,0.0002841116616862411,33216.85409805767,2.4947238000168,17,7,7649,612,2.7533531010703882e-12,0.0,False,"[137, 118, 136, 121, 114, 130, 131]"
2025-05-21,6,Optimal,0.00035342061825794534,7682.1808271404325,0.48751539998920634,10,6,4582,2,8.846257060213247e-13,0.0,False,"[133, 131, 121, 122, 113, 124, 123]"
2025-05-21,12,Optimal,0.0,2594.1310630667435,0.14940150000620633,4,3,2128,3,2.207533915004364e-12,5.5067062021407764e-14,False,"[118, 114, 132, 135, 126, 125, 130]"
2025-05-21,18,Optimal,0.0,115.6586883599785,0.18040510002174415,1,1,757,9,7.602807272633072e-13,6.750155989720952e-14,False,"[116, 117, 128, 138, 124, 135, 139]"
2025-05-22,0,Optimal,0.0003483180194079176,35489.51758150547,0.32516629999736324,17,7,7649,12,1.8189894035458565e-12,2.2737367544323206e-13,False,"[137, 118, 136, 121, 114, 130, 131]"
2025-05-22,6,Optimal,0.0,2536.8075564454252,0.03549719997681677,10,6,4582,0,9.094947017729282e-13,0.0,False,"[133, 137, 121, 122, 113, 124, 123]"
2025-05-22,12,Optimal,0.0009586504092603151,1652.6633249551028,0.6166879000084009,4,3,2128,15,1.5685230891904212e-12,5.684341886080802e-14,False,"[118, 138, 134, 135, 128, 125, 130]"
2025-05-22,18,Optimal,0.00010986988601621569,-350.7099130563283,0.10857229999965057,1,1,757,10,9.094947017729282e-13,0.0,False,"[116, 131, 118, 138, 123, 140, 139]"
2025-05-23,0,Optimal,0.0,14347.125772809644,0.06155340000987053,18,7,8010,0,9.094947017729282e-13,0.0,False,"[137, 118, 123, 127, 124, 130, 131]"
2025-05-23,6,Optimal,0.0009456446756021089,426.74817758353834,0.3525487000006251,10,6,4582,5,9.094947017729282e-13,0.0,False,"[133, 138, 121, 139, 130, 124, 123]"
2025-05-23,12,Optimal,0.0,2135.3729707244684,0.016822799982037395,4,3,2128,0,9.094947017729282e-13,0.0,False,"[117, 141, 134, 135, 126, 120, 130]"
2025-05-23,18,Optimal,4.2160987917132306e-05,-343.6159216569338,0.19744220000575297,1,1,757,8,9.663381206337363e-12,5.778379831733138e-14,False,"[116, 119, 128, 138, 124, 140, 139]"
2025-05-24,0,Optimal,0.0,15021.75056714518,0.061181900004157797,18,7,8010,0,9.094947017729282e-13,0.0,False,"[137, 132, 136, 121, 124, 130, 131]"
2025-05-24,6,Optimal,0.0,-490.85447676689864,0.1478032000013627,10,6,4582,3,9.094947017729282e-13,0.0,False,"[133, 142, 118, 139, 130, 124, 123]"
2025-05-24,12,Optimal,0.0,-223.1774144036281,0.015011300012702122,4,3,2128,0,9.094947017729282e-13,0.0,False,"[118, 119, 134, 135, 128, 125, 130]"
2025-05-24,18,Optimal,0.0008562246904106818,-674.7901606708743,0.20909399999072775,1,1,757,9,7.958078640513122e-13,8.881784197001252e-16,False,"[134, 142, 141, 138, 123, 140, 139]"
2025-05-25,0,Optimal,0.000480808370986666,35501.70151757658,0.3438677999947686,18,7,8010,10,1.8189894035458565e-12,2.2737367544323206e-13,False,"[137, 132, 123, 127, 124, 130, 131]"
2025-05-25,6,Optimal,0.0,2037.4243929296356,0.039151899982243776,11,7,4835,0,9.094947017729282e-13,0.0,False,"[133, 138, 121, 129, 130, 125, 123]"
2025-05-25,12,Optimal,0.0009165534035809865,530.0749469013211,0.0989036999817472,4,3,2128,2,1.1937117960769683e-12,0.0,False,"[118, 119, 132, 135, 128, 125, 124]"
2025-05-25,18,Optimal,0.0008928624638326581,-349.5764874930906,0.0842582999903243,1,1,757,6,2.1600499167107046e-12,0.0,False,"[134, 142, 136, 138, 124, 140, 139]"
2025-05-26,0,Optimal,0.00018453733897020737,34469.685134665604,0.41050289999111556,17,7,7649,7,9.094947017729282e-13,2.2737367544323206e-13,False,"[144, 142, 136, 121, 129, 130, 131]"
2025-05-26,6,Optimal,8.852813116880118e-05,5622.164036606592,0.5994801999768242,10,6,4582,6,9.094947017729282e-13,0.0,False,"[144, 138, 121, 129, 130, 125, 123]"
2025-05-26,12,Optimal,0.0,2342.861153352371,2.608988499996485,4,3,2128,13,8.846257060213247e-13,2.021099337273174e-12,False,"[118, 141, 134, 135, 128, 125, 130]"
2025-05-26,18,Optimal,0.00016321473478335164,-324.47277226274247,0.16531399998348206,1,1,757,8,7.958078640513122e-13,0.0,False,"[134, 142, 136, 138, 123, 140, 139]"
2025-05-27,0,Optimal,0.00037384389813669555,33766.81885904092,0.3919352999946568,18,7,8010,7,9.094947017729282e-13,2.2737367544323206e-13,False,"[144, 132, 123, 127, 124, 120, 131]"
2025-05-27,6,Optimal,0.00020544124516678368,6456.014080300394,0.20528629998443648,10,6,4582,1,9.094947017729282e-13,0.0,False,"[133, 138, 143, 139, 130, 124, 123]"
2025-05-27,12,Optimal,0.0006033535014268873,775.3314762597504,0.19730889998027124,4,3,2128,5,1.9326762412674725e-12,0.0,False,"[118, 141, 134, 135, 126, 125, 130]"
2025-05-27,18,Optimal,1.5998010585464205e-05,-984.2885000110964,0.0814224999921862,1,1,757,9,2.0463630789890885e-12,1.1368683772161603e-13,False,"[131, 118, 136, 126, 123, 140, 139]"
2025-05-28,0,Optimal,0.0005259143015190507,37192.76445053511,1.9057343000022229,18,7,8010,648,2.0179413695586845e-12,1.8189894035458565e-12,False,"[144, 132, 135, 143, 141, 146, 131]"
2025-05-28,6,Optimal,0.0,3071.0174047807163,0.23773660001461394,10,6,4582,4,1.8189894035458565e-12,5.866686306852697e-14,False,"[134, 142, 143, 139, 130, 124, 123]"
2025-05-28,12,Optimal,0.0006856423520576399,3532.021099775751,0.1961211000161711,4,3,2128,3,9.094947017729282e-13,8.313350008393172e-14,False,"[146, 141, 134, 135, 126, 120, 130]"
2025-05-28,18,Optimal,0.00023209407490646866,1004.0940068010203,0.16867879999335855,1,1,757,6,7.958078640513122e-13,0.0,False,"[134, 141, 143, 137, 124, 140, 139]"
2025-05-29,0,Optimal,0.0007178310459505275,37381.07726821084,0.32245149998925626,17,7,7649,12,9.094947017729282e-13,4.547473508864641e-13,False,"[144, 142, 123, 127, 124, 146, 131]"
2025-05-29,6,Optimal,0.0,5387.1579726046175,1.3790294000064023,10,6,4582,5,2.7284841053187847e-12,0.0,False,"[144, 140, 121, 129, 145, 125, 123]"
2025-05-29,12,Optimal,6.441093393830739e-05,406.40511290446517,0.633266500022728,4,3,2128,11,1.4779288903810084e-12,0.0,False,"[146, 141, 134, 135, 128, 125, 130]"
2025-05-29,18,Optimal,4.5341130617050025e-05,-136.61576329162952,0.22159679999458604,1,1,757,10,1.8189894035458565e-12,0.0,False,"[144, 141, 136, 137, 124, 140, 139]"
2025-05-30,0,Optimal,0.0,15350.840028944072,0.061807299993233755,17,7,7649,0,9.094947017729282e-13,0.0,False,"[144, 142, 123, 127, 129, 146, 131]"
2025-05-30,6,Optimal,0.0,209.89462191507712,0.30994199999258853,10,6,4582,2,9.094947017729282e-13,0.0,False,"[134, 140, 131, 136, 139, 126, 123]"
2025-05-30,12,Optimal,5.113471609089338e-06,1212.7291329480358,0.07764190001762472,4,3,2128,3,9.094947017729282e-13,0.0,False,"[146, 141, 132, 122, 131, 121, 130]"
2025-05-30,18,Optimal,4.985905167260238e-05,-399.30736030257697,0.12811029999284074,1,1,757,9,2.3305801732931286e-12,0.0,False,"[147, 131, 143, 138, 146, 140, 139]"
2025-05-31,0,Optimal,0.0006248967067185592,16898.648936832164,1.866597299987916,17,7,7649,612,2.0463630789890885e-12,1.8189894035458565e-12,False,"[128, 147, 136, 127, 129, 146, 131]"
2025-05-31,6,Optimal,0.0,-921.3400028269406,0.27499630002421327,9,5,4329,3,1.8189894035458565e-12,0.0,False,"[134, 147, 137, 129, 145, 126, 123]"
2025-05-31,12,Optimal,0.0,-3.9124753921890933,0.15047770002274774,4,3,2128,2,9.094947017729282e-13,0.0,False,"[146, 149, 137, 140, 131, 129, 130]"
2025-05-31,18,Optimal,0.0,-758.9113187438165,0.16209670001990162,1,1,757,7,2.2737367544323206e-12,0.0,False,"[147, 141, 143, 138, 146, 140, 139]"
2025-06-01,0,Optimal,0.000376050038299478,46476.53367175681,0.40299729999969713,17,7,7649,11,9.094947017729282e-13,4.547473508864641e-13,False,"[149, 138, 136, 127, 129, 146, 131]"
2025-06-01,6,Optimal,0.0,1908.5785275840406,0.6640458999900147,11,7,4835,7,5.115907697472721e-12,0.0,False,"[134, 133, 138, 136, 145, 126, 123]"
2025-06-01,12,Optimal,0.0007892774552515181,-708.9262759882696,0.19572150000021793,4,3,2128,5,9.094947017729282e-13,0.0,False,"[143, 145, 137, 134, 139, 125, 124]"
2025-06-01,18,Optimal,0.00019407588635949883,3484.230516188576,0.05918839998776093,1,1,757,1,6.821210263296962e-13,0.0,False,"[149, 134, 132, 136, 126, 123, 125]"
2025-06-02,0,Optimal,0.0004992859760822697,47959.864124192914,0.42082090000621974,18,7,8010,14,9.094947017729282e-13,4.547473508864641e-13,False,"[149, 138, 136, 143, 124, 146, 131]"
2025-06-02,6,Optimal,0.0,-1725.4170745959536,0.039872399996966124,10,6,4582,0,9.094947017729282e-13,0.0,False,"[134, 133, 138, 136, 145, 124, 151]"
2025-06-02,12,Optimal,0.0006521194457797011,120.36296938747645,0.11751049998565577,4,3,2128,1,9.094947017729282e-13,0.0,False,"[143, 145, 144, 134, 139, 125, 130]"
2025-06-02,18,Optimal,0.0,5281.840624763147,0.005346499994629994,1,1,757,0,6.821210263296962e-13,0.0,False,"[149, 131, 128, 133, 126, 129, 151]"
2025-06-03,0,Optimal,0.0009736033717922856,44644.197096260046,0.8726334000239149,17,7,7649,21,2.5011104298755527e-12,6.821210263296962e-13,False,"[149, 138, 152, 127, 129, 146, 131]"
2025-06-03,6,Optimal,0.0001892721879323388,3899.2278408017496,0.7848952999920584,11,7,4835,7,9.094947017729282e-13,5.684341886080802e-14,False,"[134, 133, 137, 136, 145, 125, 127]"
2025-06-03,12,Optimal,0.0008258634293974788,1391.5430105433447,0.6949948999972548,4,3,2128,15,1.8189894035458565e-12,0.0,False,"[143, 145, 144, 134, 139, 125, 151]"
2025-06-03,18,Optimal,0.0,3937.375745369694,0.010701299994252622,1,1,757,0,6.821210263296962e-13,0.0,False,"[149, 131, 128, 133, 152, 129, 151]"
2025-06-04,0,Optimal,0.0007242760240852295,51098.45374094551,0.5053886999958195,17,7,7649,13,1.8189894035458565e-12,2.2737367544323206e-13,False,"[149, 138, 152, 127, 129, 146, 145]"
2025-06-04,6,Optimal,0.0,-4679.827300907121,0.034037599980365485,10,6,4582,0,9.094947017729282e-13,0.0,False,"[146, 133, 137, 136, 153, 126, 127]"
2025-06-04,12,Optimal,0.0007316811748196786,2273.044298924728,0.1804106000054162,4,3,2128,6,9.094947017729282e-13,0.0,False,"[143, 145, 144, 134, 139, 127, 151]"
2025-06-04,18,Optimal,0.0,2455.8806910365383,0.005717899999581277,1,1,757,0,6.821210263296962e-13,0.0,False,"[149, 131, 153, 136, 126, 129, 151]"
2025-06-05,0,Optimal,0.0004966073402470924,42245.933238448066,1.9920016000105534,18,7,8010,648,2.7284841053187847e-12,2.2737367544323206e-13,False,"[149, 137, 132, 133, 134, 130, 140]"
2025-06-05,6,Optimal,0.00048808804800569156,6835.926610825994,0.23096809998969547,11,7,4835,2,2.7853275241795927e-12,0.0,False,"[146, 133, 149, 143, 145, 132, 152]"
2025-06-05,12,Optimal,0.0,4398.719364208082,0.4424843000015244,4,3,2128,7,1.2505552149377763e-12,0.0,False,"[143, 145, 144, 134, 139, 133, 153]"
2025-06-05,18,Optimal,0.00014824139714268993,4538.338606674395,0.07621270001982339,1,1,757,1,6.821210263296962e-13,0.0,False,"[149, 131, 153, 136, 152, 154, 151]"
2025-06-06,0,Optimal,0.00025403936000150746,17987.00637443148,0.403593600000022,18,7,8010,3,9.094947017729282e-13,0.0,False,"[149, 137, 132, 133, 129, 146, 145]"
2025-06-06,6,Optimal,0.0,1090.5790503485446,0.03304239999852143,10,6,4582,0,9.094947017729282e-13,0.0,False,"[134, 133, 149, 129, 145, 132, 152]"
2025-06-06,12,Optimal,6.655069865204172e-06,1183.530955022563,0.39211620000423864,4,3,2128,7,2.9558577807620168e-12,6.039613253960852e-14,False,"[150, 149, 148, 140, 131, 133, 152]"
2025-06-06,18,Optimal,0.0005254540148869814,5628.986391140376,0.06891470000846311,1,1,757,1,7.958078640513122e-13,0.0,False,"[149, 153, 141, 136, 152, 154, 155]"
2025-06-07,0,Optimal,0.00033833810285142793,21026.236268558234,0.2908762999868486,16,7,7288,3,9.094947017729282e-13,1.1368683772161603e-13,False,"[149, 138, 152, 143, 141, 153, 131]"
2025-06-07,6,Optimal,0.0,-1010.8896077803859,0.3928557000181172,10,6,4582,6,1.8189894035458565e-12,1.8189894035458565e-12,False,"[146, 133, 149, 129, 145, 132, 152]"
2025-06-07,12,Optimal,0.00032330584727859084,1464.9782255102357,0.16295230001560412,4,3,2128,6,9.094947017729282e-13,0.0,False,"[143, 145, 144, 134, 139, 154, 152]"
2025-06-07,18,Optimal,9.729810182250929e-05,4246.567843720549,0.05077440000604838,1,1,757,1,5.684341886080801e-13,0.0,False,"[149, 153, 156, 133, 152, 154, 151]"
2025-06-08,0,Optimal,0.0005465383076909084,43526.809743758036,0.42648449999978766,17,7,7649,13,1.9326762412674725e-12,6.821210263296962e-13,False,"[149, 138, 152, 143, 157, 153, 131]"
2025-06-08,6,Optimal,0.0004365182617610905,541.7310716711795,2.9182445000042208,10,6,4582,12,1.8189894035458565e-12,0.0,False,"[134, 147, 142, 136, 141, 132, 157]"
2025-06-08,12,Optimal,0.0,1198.5783659008628,1.9578201999829616,4,3,2128,9,1.8189894035458565e-12,1.1368683772161603e-13,False,"[143, 145, 148, 140, 131, 154, 152]"
2025-06-08,18,Optimal,0.0005247004887630848,3121.7490377998342,0.05043849998037331,1,1,757,2,3.410605131648481e-13,0.0,False,"[149, 131, 156, 136, 152, 154, 151]"
2025-06-09,0,Optimal,0.00043962060878414115,49610.54855253353,0.3949263999820687,17,7,7649,12,9.094947017729282e-13,1.1368683772161603e-13,False,"[149, 138, 152, 143, 157, 153, 131]"
2025-06-09,6,Optimal,0.0,-1760.175072515203,0.03598679997958243,11,7,4835,0,9.094947017729282e-13,0.0,False,"[134, 133, 149, 153, 141, 151, 157]"
2025-06-09,12,Optimal,0.0,-957.7256988631863,0.8993634999787901,4,3,2128,6,1.8189894035458565e-12,0.0,False,"[150, 145, 148, 140, 131, 158, 155]"
2025-06-09,18,Optimal,0.0,944.3531215528864,0.3008941999869421,1,1,757,4,2.5011104298755527e-12,1.8189894035458565e-12,False,"[149, 157, 158, 156, 152, 135, 155]"
2025-06-10,0,Optimal,0.000648491937900803,53705.93492941141,2.045140200003516,17,7,7649,612,1.9042545318370685e-12,2.220446049250313e-16,False,"[149, 138, 152, 143, 141, 158, 145]"
2025-06-10,6,Optimal,8.959661839950698e-06,587.2315863399841,2.5533469000074547,9,5,4329,8,4.121147867408581e-12,1.1368683772161603e-13,False,"[144, 147, 149, 143, 139, 158, 157]"
2025-06-10,12,Optimal,0.0009351106784084433,3915.63859539852,2.4991759000113234,4,3,2128,10,9.094947017729282e-13,2.4964834084295876e-13,False,"[150, 149, 148, 140, 139, 158, 155]"
2025-06-10,18,Optimal,0.0,-1563.0915902491631,0.10150400002021343,1,1,757,5,7.958078640513122e-13,0.0,False,"[147, 134, 141, 150, 143, 146, 139]"
2025-06-11,0,Optimal,0.00043553148395023065,56776.857987917036,0.3778730000194628,17,7,7649,12,9.094947017729282e-13,2.2737367544323206e-13,False,"[149, 137, 152, 143, 141, 158, 145]"
2025-06-11,6,Optimal,0.000666453425000213,79.00108537314286,2.9412984999944456,10,6,4582,14,5.4569682106375694e-12,1.1368683772161603e-13,False,"[144, 147, 142, 136, 139, 158, 157]"
2025-06-11,12,Optimal,0.00012239425217868303,2081.351935539149,0.4168569000030402,4,3,2128,19,2.5011104298755527e-12,1.8189894035458565e-12,False,"[142, 147, 141, 134, 139, 158, 155]"
2025-06-11,18,Optimal,0.0,-658.2073900324873,0.06467889997293241,1,1,757,5,2.2453150450019166e-12,3.197442310920451e-14,False,"[147, 142, 141, 160, 133, 146, 139]"
2025-06-12,0,Optimal,0.0005808279745665905,52559.487065582245,0.4867418999783695,16,7,7288,11,3.637978807091713e-12,2.2737367544323206e-13,False,"[149, 144, 142, 143, 141, 158, 145]"
2025-06-12,6,Optimal,0.0004564836777123308,-141.99291976258246,1.1043719000008423,9,5,4329,9,1.3642420526593924e-12,2.6147972675971687e-12,False,"[144, 147, 149, 136, 139, 158, 157]"
2025-06-12,12,Optimal,0.0,1730.536252185645,1.3433061999967322,4,3,2128,19,9.549694368615746e-12,1.1368683772161603e-13,False,"[161, 147, 138, 134, 136, 158, 155]"
2025-06-12,18,Optimal,0.0,209.56535486597556,0.13266869998187758,1,1,757,9,1.5916157281026244e-12,1.6342482922482304e-13,False,"[149, 134, 141, 150, 138, 135, 139]"
2025-06-13,0,Optimal,0.000431673944072575,21600.949346231497,0.38294919999316335,16,7,7288,1,9.094947017729282e-13,0.0,False,"[149, 160, 147, 135, 141, 158, 145]"
2025-06-13,6,Optimal,0.0,840.690314767243,0.18060150000383146,10,6,4582,1,3.637978807091713e-12,1.8189894035458565e-12,False,"[144, 140, 162, 136, 141, 158, 157]"
2025-06-13,12,Optimal,0.0,4239.174157272514,0.016098799998871982,4,3,2128,0,8.810729923425242e-13,0.0,False,"[142, 146, 149, 144, 136, 157, 152]"
2025-06-13,18,Optimal,0.0,45.852897795223726,0.06238839999423362,1,1,757,10,1.8189894035458565e-12,2.4868995751603507e-14,False,"[162, 144, 141, 150, 136, 146, 139]"
2025-06-14,0,Optimal,6.04305798967613e-05,22366.48785786495,0.330357400001958,16,7,7288,1,9.094947017729282e-13,1.1368683772161603e-13,False,"[149, 160, 163, 136, 141, 158, 145]"
2025-06-14,6,Optimal,0.0,-213.0849114279729,1.1651790000032634,10,6,4582,9,9.094947017729282e-13,0.0,False,"[146, 140, 162, 136, 163, 158, 157]"
2025-06-14,12,Optimal,0.0,581.3093221047226,0.016433600016171113,4,3,2128,0,9.094947017729282e-13,0.0,False,"[161, 162, 149, 148, 136, 158, 155]"
2025-06-14,18,Optimal,0.0,456.9495923599767,0.06898260000161827,1,1,757,9,2.2737367544323206e-12,0.0,False,"[162, 163, 158, 150, 136, 146, 139]"
2025-06-15,0,Optimal,0.0006854949557396535,49620.55272382394,0.34707789999083616,16,7,7288,13,3.637978807091713e-12,4.547473508864641e-13,False,"[164, 162, 138, 152, 141, 158, 145]"
2025-06-15,6,Optimal,0.00017477562235522796,3201.629984135359,0.35659410001244396,10,6,4582,2,8.810729923425242e-13,1.1368683772161603e-13,False,"[144, 140, 162, 145, 163, 158, 157]"
2025-06-15,12,Optimal,0.0003051642936552056,3639.5274570458496,0.7403383000055328,4,3,2128,16,1.8189894035458565e-12,4.440892098500626e-14,False,"[142, 143, 145, 148, 139, 158, 152]"
2025-06-15,18,Optimal,0.0,0.7421293877511739,0.06910250001237728,1,1,757,14,1.828581730478618e-12,1.1368683772161603e-13,False,"[162, 163, 158, 145, 143, 146, 139]"
2025-06-16,0,Optimal,0.0003635782483862812,50387.33363737378,0.37494059998425655,17,7,7649,11,1.8189894035458565e-12,4.547473508864641e-13,False,"[164, 162, 163, 143, 157, 158, 145]"
2025-06-16,6,Optimal,0.0004055745921199057,4310.220936830294,0.4343743000063114,10,6,4582,4,9.094947017729282e-13,1.1368683772161603e-13,False,"[144, 140, 162, 145, 163, 158, 157]"
2025-06-16,12,Optimal,0.0,3874.4515233586153,0.6232571000000462,4,3,2128,13,9.094947017729282e-13,0.0,False,"[142, 150, 145, 148, 139, 157, 152]"
2025-06-16,18,Optimal,3.1010536926022994e-05,43.98743740221711,0.09767440002178773,1,1,757,10,7.958078640513122e-13,0.0,False,"[162, 163, 142, 141, 159, 146, 139]"
2025-06-17,0,Optimal,0.0003773639986037833,50724.33432919608,2.136914699978661,17,7,7649,612,2.9558577807620168e-12,1.8189894035458565e-12,False,"[164, 162, 147, 143, 157, 158, 145]"
2025-06-17,6,Optimal,0.0005879189450822532,6350.686395498303,0.5081569000030868,10,6,4582,4,2.7284841053187847e-12,1.8189894035458565e-12,False,"[144, 140, 149, 145, 163, 158, 157]"
2025-06-17,12,Optimal,0.0007087896843617149,2958.563058530206,0.31885229999898,4,3,2128,4,2.1600499167107046e-12,0.0,False,"[142, 143, 147, 141, 139, 158, 152]"
2025-06-17,18,Optimal,0.00024797846682318714,706.0666680022553,0.2952153999940492,1,1,757,11,2.3874235921539366e-12,1.4210854715202004e-14,False,"[148, 147, 142, 141, 150, 146, 151]"
2025-06-18,0,Optimal,0.0004565239505943878,50839.378964353855,0.5495207000058144,18,7,8010,12,9.094947017729282e-13,2.2737367544323206e-13,False,"[164, 162, 147, 143, 157, 146, 145]"
2025-06-18,6,Optimal,3.828912848774904e-05,8561.523922826984,0.20252869999967515,11,7,4835,1,7.958078640513122e-13,1.1368683772161603e-13,False,"[144, 167, 142, 153, 141, 158, 157]"
2025-06-18,12,Optimal,0.0,1181.0275223268259,0.10820509999757633,4,3,2128,3,3.979039320256561e-12,1.865174681370263e-14,False,"[161, 143, 147, 141, 164, 158, 155]"
2025-06-18,18,Optimal,0.0,-145.11505069060152,0.3171657999919262,1,1,757,12,9.094947017729282e-13,1.5580647467213764e-12,False,"[162, 147, 166, 158, 160, 143, 140]"
2025-06-19,0,Optimal,0.0007123705773419433,47628.01067109706,0.3908928999735508,18,7,8010,12,9.094947017729282e-13,2.2737367544323206e-13,False,"[164, 168, 163, 166, 141, 151, 145]"
2025-06-19,6,Optimal,0.0,6229.286554451005,0.07573440001579002,11,7,4835,0,9.094947017729282e-13,0.0,False,"[148, 147, 142, 153, 141, 155, 157]"
2025-06-19,12,Optimal,0.0009381359779957265,8125.201487919411,0.6854042999912053,4,3,2128,6,7.389644451905042e-13,2.220446049250313e-16,False,"[142, 143, 146, 149, 144, 158, 152]"
2025-06-19,18,Optimal,0.0,66.60065324009697,0.23853129998315126,1,1,757,8,2.1600499167107046e-12,0.0,False,"[162, 147, 168, 164, 145, 143, 146]"
2025-06-20,0,Optimal,7.713070183812873e-05,21376.74169756423,1.8193619000085164,17,7,7649,612,2.1473933742299778e-12,0.0,False,"[164, 168, 163, 152, 148, 151, 145]"
2025-06-20,6,Optimal,0.0,-176.96094287429565,0.32779759998084046,11,7,4835,4,9.947598300641403e-13,0.0,False,"[146, 167, 142, 161, 164, 158, 157]"
2025-06-20,12,Optimal,0.0,1541.2684030218686,0.10082880000118166,4,3,2128,6,1.7275070263167436e-12,2.5757174171303632e-14,False,"[169, 150, 146, 167, 144, 158, 155]"
2025-06-20,18,Optimal,8.401354857073372e-06,-650.3157073950837,0.23646829999051988,1,1,757,11,1.9895196601282805e-12,0.0,False,"[162, 163, 168, 164, 160, 169, 146]"
2025-06-21,0,Optimal,0.00010531782141572154,20799.12780583678,0.31167620001360774,17,7,7649,1,9.094947017729282e-13,0.0,False,"[164, 161, 144, 152, 148, 151, 145]"
2025-06-21,6,Optimal,0.0,1369.6973341821617,0.03142729998216964,9,5,4329,0,9.094947017729282e-13,0.0,False,"[146, 167, 149, 153, 169, 158, 157]"
2025-06-21,12,Optimal,1.902510801845425e-05,2698.383174410966,0.6712775999912992,4,3,2128,6,9.094947017729282e-13,0.0,False,"[169, 150, 147, 167, 144, 157, 152]"
2025-06-21,18,Optimal,2.02280335702096e-08,-758.740547995124,0.09332320000976324,1,1,757,10,6.821210263296962e-13,0.0,False,"[162, 163, 168, 158, 150, 143, 146]"
2025-06-22,0,Optimal,0.0005617136381117413,45023.12615331896,0.4297656000126153,17,7,7649,11,9.094947017729282e-13,6.821210263296962e-13,False,"[164, 161, 144, 169, 148, 151, 145]"
2025-06-22,6,Optimal,0.00014983199751846852,4022.021561131902,0.19462010002462193,10,6,4582,4,9.094947017729282e-13,1.1368683772161603e-13,False,"[146, 147, 160, 166, 164, 158, 157]"
2025-06-22,12,Optimal,0.0,3862.334416295861,0.1554177000070922,4,3,2128,3,9.094947017729282e-13,9.096753027611417e-13,False,"[161, 150, 146, 170, 144, 158, 155]"
2025-06-22,18,Optimal,0.0,-412.0617591042582,0.12822440001764335,1,1,757,9,1.035838081975271e-12,0.0,False,"[162, 163, 168, 164, 160, 170, 146]"
2025-06-23,0,Optimal,0.00048726295610469566,48017.27357117326,0.3825879000069108,17,7,7649,12,9.094947017729282e-13,4.547473508864641e-13,False,"[164, 161, 171, 152, 148, 151, 145]"
2025-06-23,6,Optimal,0.00032911573158802307,3311.0305996996335,0.40551089998916723,11,7,4835,1,9.094947017729282e-13,0.0,False,"[146, 167, 172, 166, 164, 158, 157]"
2025-06-23,12,Optimal,0.0,2919.3774633433236,0.5713353000173811,4,3,2128,15,1.2505552149377763e-12,1.1564823173178712e-13,False,"[161, 150, 147, 170, 148, 158, 155]"
2025-06-23,18,Optimal,0.0,129.47629398874653,0.2536664000072051,1,1,757,7,8.331113576787175e-13,1.1368683772161603e-13,False,"[162, 147, 168, 164, 150, 170, 154]"
2025-06-24,0,Optimal,0.000738222652779365,54946.526981577736,0.34658630000194535,18,7,8010,12,1.8189894035458565e-12,2.2737367544323206e-13,False,"[164, 161, 171, 173, 159, 167, 153]"
2025-06-24,6,Optimal,0.0007528303541551177,722.1689589892823,0.44616679998580366,10,6,4582,6,9.094947017729282e-13,1.1368683772161603e-13,False,"[146, 147, 160, 170, 164, 158, 157]"
2025-06-24,12,Optimal,0.000323612027041993,2186.6116211113035,0.2753636999987066,4,3,2128,7,2.5011104298755527e-12,1.5063505998114124e-12,False,"[161, 150, 146, 167, 164, 158, 155]"
2025-06-24,18,Optimal,0.0,589.99694219909,0.1222291000012774,1,1,757,10,9.094947017729282e-13,5.684341886080802e-14,False,"[148, 147, 168, 173, 150, 170, 154]"
2025-06-25,0,Optimal,0.0004028444315517503,46775.304324357385,0.3994778999767732,18,7,8010,11,9.094947017729282e-13,2.2737367544323206e-13,False,"[164, 161, 174, 169, 166, 165, 153]"
2025-06-25,6,Optimal,0.0007345195720854422,5335.392277351318,0.4841071999981068,10,6,4582,14,8.810729923425242e-13,0.0,False,"[150, 173, 172, 166, 164, 158, 157]"
2025-06-25,12,Optimal,0.0009609047735789157,6628.039268537957,0.13608890000614338,4,3,2128,5,3.552713678800501e-12,1.8189894035458565e-12,False,"[161, 150, 147, 167, 164, 158, 155]"
2025-06-25,18,Optimal,0.0,784.0485095061006,0.10394739999901503,1,1,757,5,9.094947017729282e-13,9.237055564881302e-14,False,"[162, 149, 168, 173, 150, 170, 155]"
2025-06-26,0,Optimal,0.000728730570037046,46703.64329688487,0.3839379999844823,17,7,7649,15,3.979039320256561e-12,1.4733814168721438e-12,False,"[164, 161, 174, 173, 166, 165, 153]"
2025-06-26,6,Optimal,0.000493140128464413,3376.8025518481636,1.31666640000185,9,5,4329,18,9.805489753489383e-13,2.842170943040401e-14,False,"[150, 167, 149, 161, 164, 158, 157]"
2025-06-26,12,Optimal,0.0007624338526496795,5334.042507779259,0.1151716000167653,4,3,2128,3,2.0463630789890885e-12,2.0463630789890885e-12,False,"[161, 150, 172, 170, 164, 158, 155]"
2025-06-26,18,Optimal,0.0002442364561672428,1099.8680885721728,0.055288399977143854,1,1,757,5,7.958078640513122e-13,1.9184653865522703e-14,False,"[174, 149, 168, 173, 150, 170, 155]"
2025-06-27,0,Optimal,0.0008914366386301125,19753.509153251292,0.3914846999978181,18,7,8010,3,9.094947017729282e-13,0.0,False,"[164, 161, 174, 173, 175, 165, 153]"
2025-06-27,6,Optimal,0.00038765569246969653,2159.4317224650163,0.1608342999825254,9,5,4329,5,9.094947017729282e-13,0.0,False,"[150, 165, 170, 175, 169, 158, 157]"
2025-06-27,12,Optimal,0.0,962.3299610423908,0.13460590000613593,4,3,2128,1,9.094947017729282e-13,0.0,False,"[161, 150, 172, 170, 164, 158, 155]"
2025-06-27,18,Optimal,0.0,1077.2798661483282,0.054771199997048825,1,1,757,3,7.958078640513122e-13,1.1368683772161603e-13,False,"[174, 163, 166, 158, 150, 170, 155]"
2025-06-28,0,Optimal,9.559705378449263e-05,18742.484229842004,0.32304129999829456,18,7,8010,1,9.094947017729282e-13,0.0,False,"[164, 177, 174, 173, 175, 165, 153]"
2025-06-28,6,Optimal,9.528712960541181e-05,3389.736615731487,0.4527028999873437,9,5,4329,5,9.094947017729282e-13,0.0,False,"[150, 165, 166, 175, 169, 158, 157]"
2025-06-28,12,Optimal,0.0,3941.603120196465,0.019404099992243573,4,3,2128,0,8.881784197001252e-13,0.0,False,"[161, 163, 174, 176, 177, 157, 152]"
2025-06-28,18,Optimal,0.0,893.1394358303958,0.11917739998898469,1,1,757,2,2.4442670110147446e-12,0.0,False,"[174, 163, 166, 173, 150, 170, 155]"
2025-06-29,0,Optimal,0.0009938639556837602,45513.53600453481,0.4740403000032529,17,7,7649,16,1.4097167877480388e-11,1.4097167877480388e-11,False,"[154, 168, 171, 173, 175, 165, 153]"
2025-06-29,6,Optimal,0.00044042882594452315,5982.474114651873,0.5379918999969959,11,7,4835,6,1.0231815394945443e-12,0.0,False,"[178, 165, 166, 175, 169, 155, 157]"
2025-06-29,12,Optimal,0.0,6985.529419855711,0.2534421000164002,4,3,2128,7,7.958078640513122e-13,9.592326932761352e-15,False,"[161, 163, 174, 176, 177, 157, 152]"
2025-06-29,18,Optimal,0.0,828.2720573756138,0.0880063000076916,1,1,757,4,6.821210263296962e-13,5.684341886080802e-14,False,"[174, 163, 168, 164, 160, 170, 155]"
2025-06-30,0,Optimal,0.000666603554568968,49861.00683338516,0.42485219999798574,17,7,7649,12,3.069544618483633e-12,2.2737367544323206e-13,False,"[154, 168, 171, 173, 175, 165, 153]"
2025-06-30,6,Optimal,0.0,976.7514154418474,0.04037100001005456,11,7,4835,0,9.094947017729282e-13,0.0,False,"[178, 165, 166, 175, 164, 158, 157]"
2025-06-30,12,Optimal,0.0,2680.6619560435192,0.8204206000082195,4,3,2128,13,1.9326762412674725e-12,0.0,False,"[161, 168, 179, 170, 164, 158, 152]"
2025-06-30,18,Optimal,0.0,41.38444647383749,0.163799600006314,1,1,757,5,7.829292769656604e-13,0.0,False,"[162, 163, 168, 164, 175, 159, 172]"
2025-07-01,0,Optimal,0.0007087608799702016,44058.9135680564,0.3762951999960933,17,7,7649,12,3.296918293926865e-12,0.0,False,"[154, 168, 171, 173, 175, 165, 153]"
2025-07-01,6,Optimal,0.0,10908.109438266898,0.03830719998222776,9,5,4329,0,9.094947017729282e-13,0.0,False,"[178, 165, 170, 153, 169, 155, 154]"
2025-07-01,12,Optimal,3.910328898836598e-07,5881.276314937216,0.807123300008243,4,3,2128,14,9.094947017729282e-13,0.0,False,"[171, 163, 172, 166, 167, 154, 153]"
2025-07-01,18,Optimal,0.0,5368.702238027602,0.006324099987978116,1,1,757,0,6.821210263296962e-13,0.0,False,"[174, 177, 167, 164, 157, 153, 156]"
2025-07-02,0,Optimal,0.0009600362274732313,43007.792819940565,0.43755490001058206,16,7,7288,13,9.094947017729282e-13,4.547473508864641e-13,False,"[154, 168, 171, 173, 175, 165, 156]"
2025-07-02,6,Optimal,0.0,9456.053752082003,0.03588939999463037,10,6,4582,0,9.094947017729282e-13,0.0,False,"[178, 172, 160, 175, 164, 155, 181]"
2025-07-02,12,Optimal,0.000576628333564241,6807.547490120808,0.3222179000149481,4,3,2128,5,7.958078640513122e-13,0.0,False,"[171, 165, 166, 172, 176, 181, 155]"
2025-07-02,18,Optimal,0.0,4929.125555308659,0.005511300027137622,1,1,757,0,6.821210263296962e-13,0.0,False,"[174, 177, 167, 164, 157, 181, 156]"
2025-07-03,0,Optimal,0.00043232339557573637,46510.8015961271,2.0538981999852695,17,7,7649,612,1.9895196601282805e-12,1.8189894035458565e-12,False,"[170, 162, 163, 180, 166, 167, 155]"
2025-07-03,6,Optimal,0.0004116269570429435,13378.098344930104,0.21138460002839565,11,7,4835,1,9.094947017729282e-13,0.0,False,"[178, 177, 160, 169, 179, 155, 181]"
2025-07-03,12,Optimal,0.0009265419964703673,6894.4081527497565,0.12225069999112748,4,3,2128,5,1.8189894035458565e-12,0.0,False,"[163, 178, 179, 172, 176, 181, 155]"
2025-07-03,18,Optimal,9.878504059206704e-05,5624.4245992012775,0.041817699995590374,1,1,757,1,6.821210263296962e-13,0.0,False,"[174, 177, 167, 164, 157, 182, 159]"
2025-07-04,0,Optimal,0.0006754666717939306,18192.107091214246,0.33239190001040697,17,7,7649,3,9.094947017729282e-13,2.2737367544323206e-13,False,"[170, 162, 163, 180, 166, 167, 183]"
2025-07-04,6,Optimal,0.0,7938.926892496247,0.03656299997237511,11,7,4835,0,9.094947017729282e-13,0.0,False,"[178, 177, 169, 161, 183, 182, 181]"
2025-07-04,12,Optimal,0.000869398128242812,5415.422165592506,0.36237670000991784,4,3,2128,4,9.094947017729282e-13,0.0,False,"[163, 178, 180, 170, 176, 183, 157]"
2025-07-04,18,Optimal,0.000645924232191943,3790.9537106258895,0.05012159998295829,1,1,757,2,9.094947017729282e-13,4.156675004196586e-14,False,"[174, 177, 167, 164, 183, 170, 181]"
2025-07-05,0,Optimal,0.0009074976214477107,18958.175760638263,0.6433241000049748,17,7,7649,4,8.988365607365267e-13,2.220446049250313e-16,False,"[170, 162, 163, 180, 166, 167, 182]"
2025-07-05,6,Optimal,0.0,7347.96758720859,0.03743009999743663,11,7,4835,0,9.094947017729282e-13,0.0,False,"[178, 177, 169, 183, 180, 184, 181]"
2025-07-05,12,Optimal,0.00021053897761390522,7388.177860074709,0.1135569000034593,4,3,2128,1,8.526512829121202e-13,0.0,False,"[163, 178, 180, 170, 176, 183, 181]"
2025-07-05,18,Optimal,0.00011022531085916856,4875.510403787426,0.0473086999845691,1,1,757,1,6.821210263296962e-13,0.0,False,"[174, 177, 167, 164, 183, 182, 159]"
2025-07-06,0,Optimal,0.0009806500712458042,44929.93268167163,0.7846501999883913,16,7,7288,17,9.094947017729282e-13,2.2737367544323206e-13,False,"[170, 162, 163, 180, 166, 158, 181]"
2025-07-06,6,Optimal,0.000976147743017264,20824.11087393148,0.1999931000173092,10,6,4582,1,9.094947017729282e-13,2.2737367544323206e-13,False,"[178, 177, 183, 175, 180, 184, 185]"
2025-07-06,12,Optimal,0.00012849382211307348,11352.163253516166,0.09823250002227724,4,3,2128,3,9.094947017729282e-13,0.0,False,"[163, 178, 180, 170, 182, 183, 185]"
2025-07-06,18,Optimal,0.00017351083607566943,2205.824152449583,0.05196589999832213,1,1,757,6,1.8189894035458565e-12,1.8189894035458565e-12,False,"[174, 177, 167, 164, 175, 182, 159]"
2025-07-07,0,Optimal,0.0009564705354498015,49646.28292101983,1.0144149000116158,16,7,7288,24,1.3393730569077889e-12,3.410605131648481e-13,False,"[170, 162, 163, 180, 166, 179, 185]"
2025-07-07,6,Optimal,0.0,2777.585814505656,0.04214409997803159,11,7,4835,0,9.094947017729282e-13,0.0,False,"[178, 177, 169, 176, 162, 163, 185]"
2025-07-07,12,Optimal,0.0,6692.760883014241,0.15332280000438914,4,3,2128,3,9.094947017729282e-13,0.0,False,"[163, 178, 180, 170, 176, 183, 185]"
2025-07-07,18,Optimal,0.0003022651323938394,1642.0431328158481,0.061266399978194386,1,1,757,3,9.094947017729282e-13,0.0,False,"[174, 177, 167, 183, 180, 169, 184]"
2025-07-08,0,Optimal,0.0008914865082515907,63518.68935178574,2.131379400001606,17,7,7649,612,3.637978807091713e-12,2.220446049250313e-16,False,"[170, 162, 163, 180, 166, 187, 185]"
2025-07-08,6,Optimal,0.0,-3746.1308380394976,0.06968960000085644,10,6,4582,0,9.094947017729282e-13,0.0,False,"[171, 177, 172, 175, 180, 164, 187]"
2025-07-08,12,Optimal,0.00027892911952393006,-1630.946041831059,0.6154501000128221,4,3,2128,8,9.094947017729282e-13,0.0,False,"[171, 165, 174, 170, 167, 173, 177]"
2025-07-08,18,Optimal,1.698813991995475e-05,-969.6923218839103,0.16371360002085567,1,1,757,15,1.8189894035458565e-12,0.0,False,"[162, 163, 168, 164, 180, 170, 172]"
2025-07-09,0,Optimal,0.0007814397273177263,61397.042745602776,2.3149636999878567,17,7,7649,612,2.2737367544323206e-12,2.220446049250313e-16,False,"[164, 168, 163, 180, 166, 187, 185]"
2025-07-09,6,Optimal,0.0,-3674.8418292241995,0.03772310001659207,10,6,4582,0,8.526512829121202e-13,0.0,False,"[171, 177, 172, 175, 162, 163, 187]"
2025-07-09,12,Optimal,0.0006728517256267859,-852.28648087991,0.33128769998438656,4,3,2128,7,5.750936368788227e-12,1.3860311511720987e-13,False,"[161, 178, 168, 170, 167, 173, 177]"
2025-07-09,18,Optimal,5.69400411722705e-06,-638.1704733703739,0.6020627999969292,1,1,757,17,7.958078640513122e-13,1.1368683772161603e-13,False,"[162, 163, 188, 176, 180, 169, 172]"
2025-07-10,0,Optimal,0.0008538791474035102,57072.53942532207,1.8962634000054095,17,7,7649,612,2.476241434123949e-12,2.220446049250313e-16,False,"[188, 168, 163, 180, 166, 187, 185]"
2025-07-10,6,Optimal,0.0001508063158256625,-653.4893476211435,1.1943231000041123,10,6,4582,8,9.094947017729282e-13,0.0,False,"[171, 177, 172, 188, 162, 164, 187]"
2025-07-10,12,Optimal,0.000957720057636316,-166.964498922354,5.319663700007368,4,3,2128,21,9.094947017729282e-13,2.842170943040401e-14,False,"[169, 178, 168, 170, 167, 173, 177]"
2025-07-10,18,Optimal,5.227792151292054e-06,-953.0495332771682,0.13452520000282675,1,1,757,12,1.3642420526593924e-12,2.2737367544323206e-13,False,"[174, 189, 188, 176, 180, 169, 172]"
2025-07-11,0,Optimal,0.0007623102061601483,31168.03131735259,0.3092154999903869,18,7,8010,3,9.094947017729282e-13,4.547473508864641e-13,False,"[188, 177, 163, 180, 166, 187, 185]"
2025-07-11,6,Optimal,0.0,-1363.2070995461916,0.718079599988414,10,6,4582,6,4.263256414560601e-12,3.637978807091713e-12,False,"[171, 167, 166, 188, 174, 163, 187]"
2025-07-11,12,Optimal,0.0006765721763013693,-1404.2236189379598,0.08098030000110157,4,3,2128,1,8.668621376273222e-13,0.0,False,"[169, 178, 174, 170, 167, 173, 177]"
2025-07-11,18,Optimal,3.017373473512041e-06,-845.464554951746,0.17732580000301823,1,1,757,11,2.298605750183924e-12,2.842170943040401e-14,False,"[179, 189, 188, 176, 180, 169, 172]"
2025-07-12,0,Optimal,0.0002889175241520564,26006.52163392745,0.3587048000190407,18,7,8010,1,9.094947017729282e-13,0.0,False,"[188, 170, 171, 180, 166, 187, 185]"
2025-07-12,6,Optimal,0.0006858537835421435,-600.1680539938327,1.2692295000015292,11,7,4835,11,9.094947017729282e-13,0.0,False,"[191, 190, 173, 170, 179, 180, 187]"
2025-07-12,12,Optimal,0.0006715445348047783,2637.749168828985,0.1389224999875296,4,3,2128,3,9.094947017729282e-13,4.19213419373329e-14,False,"[169, 166, 174, 170, 167, 183, 177]"
2025-07-12,18,Optimal,5.603669606354784e-05,432.0946854793945,0.26025610000942834,1,1,757,12,9.094947017729282e-13,0.0,False,"[165, 177, 168, 176, 180, 169, 172]"
2025-07-13,0,Optimal,0.0009410205876003505,58030.04169373648,1.740823999978602,18,7,8010,648,2.7284841053187847e-12,4.547473508864641e-13,False,"[188, 177, 169, 172, 165, 187, 185]"
2025-07-13,6,Optimal,0.0,-4519.256185527654,0.03631809999933466,10,6,4582,0,9.094947017729282e-13,0.0,False,"[191, 190, 173, 170, 175, 176, 187]"
2025-07-13,12,Optimal,0.0008990545410857419,-1325.2664202183562,0.6677844999940135,4,3,2128,144,1.8189894035458565e-12,0.0,False,"[165, 178, 180, 187, 172, 173, 177]"
2025-07-13,18,Optimal,0.0009137915761450601,614.158785731041,0.20080789999337867,1,1,757,8,4.547473508864641e-13,2.8421709430404007e-13,False,"[165, 177, 167, 176, 175, 192, 187]"
2025-07-14,0,Optimal,0.0009955358222676098,52186.37363998848,1.9550950999837369,18,7,8010,648,3.637978807091713e-12,1.8189894035458565e-12,False,"[188, 170, 171, 180, 166, 187, 185]"
2025-07-14,6,Optimal,0.0,321.5390387651528,0.3366221000032965,10,6,4582,2,9.094947017729282e-13,1.1368683772161603e-13,False,"[178, 167, 166, 170, 174, 180, 187]"
2025-07-14,12,Optimal,0.0007125660860209857,4944.502295736774,0.39329930001986213,4,3,2128,4,9.094947017729282e-13,0.0,False,"[169, 166, 180, 170, 167, 173, 177]"
2025-07-14,18,Optimal,5.7938081478834774e-05,2503.576144494752,0.08790749998297542,1,1,757,6,6.821210263296962e-13,0.0,False,"[193, 189, 167, 176, 175, 192, 187]"
2025-07-15,0,Optimal,0.0009394323430298509,54712.235405485815,0.33290349997696467,18,7,8010,11,9.094947017729282e-13,4.547473508864641e-13,False,"[188, 170, 194, 173, 175, 187, 185]"
2025-07-15,6,Optimal,0.0,-2389.6862933770763,0.03813939998508431,10,6,4582,0,9.094947017729282e-13,0.0,False,"[191, 167, 172, 192, 174, 194, 187]"
2025-07-15,12,Optimal,0.0008796762851037929,485.36399995763605,1.4844200999941677,4,3,2128,15,1.2505552149377763e-12,1.7053025658242404e-13,False,"[169, 194, 180, 170, 167, 183, 181]"
2025-07-15,18,Optimal,0.0009778837418124163,-346.5621897335728,0.12867999999434687,1,1,757,13,3.296918293926865e-12,4.263256414560601e-14,False,"[174, 177, 171, 176, 182, 192, 172]"
2025-07-16,0,Optimal,0.0006275354417699371,52775.376482913714,2.4373911999864504,18,7,8010,648,3.4708591556409374e-10,4.1655567883935873e-13,False,"[188, 195, 174, 178, 176, 187, 185]"
2025-07-16,6,Optimal,0.00010885433001558293,1476.7358407899915,0.4070808000105899,10,6,4582,8,9.094947017729282e-13,4.796163466380676e-14,False,"[178, 177, 169, 175, 176, 194, 181]"
2025-07-16,12,Optimal,0.0009483947613586004,1049.5937546166904,7.622073900012765,4,3,2128,20,1.3073986337985843e-12,3.410605131648481e-13,False,"[169, 194, 174, 170, 176, 183, 181]"
2025-07-16,18,Optimal,0.0002587061350041325,1353.6538129155479,0.10051729998667724,1,1,757,8,9.094947017729282e-13,0.0,False,"[174, 190, 171, 195, 175, 192, 187]"
2025-07-17,0,Optimal,0.0008661197660325796,51809.9983151541,0.4000802999944426,17,7,7649,11,9.094947017729282e-13,0.0,False,"[188, 195, 194, 196, 176, 187, 185]"
2025-07-17,6,Optimal,0.0007940794556440768,3764.686232401648,1.96105979999993,10,6,4582,7,2.3874235921539366e-12,7.275957614183426e-12,False,"[178, 177, 169, 175, 179, 194, 195]"
2025-07-17,12,Optimal,0.0,1570.8364498112228,1.1078370999894105,4,3,2128,16,1.8189894035458565e-12,1.1368683772161603e-13,False,"[192, 190, 180, 175, 196, 183, 181]"
2025-07-17,18,Optimal,0.000355049334483027,1600.7717864166596,0.08836069999961182,1,1,757,8,4.547473508864641e-13,0.0,False,"[196, 179, 178, 195, 175, 192, 187]"
2025-07-18,0,Optimal,0.00010338949576625338,28218.73774537482,2.112591200013412,18,7,8010,648,3.808509063674137e-12,1.8189894035458565e-12,False,"[188, 195, 194, 173, 175, 187, 185]"
2025-07-18,6,Optimal,0.0,-1111.4047464778566,0.21470589999807999,10,6,4582,4,9.094947017729282e-13,4.9880110347266905e-14,False,"[191, 197, 172, 175, 176, 194, 195]"
2025-07-18,12,Optimal,0.0,-489.6813905191229,0.733183900010772,4,3,2128,4,9.094947017729282e-13,5.684341886080802e-14,False,"[192, 194, 174, 172, 196, 183, 177]"
2025-07-18,18,Optimal,0.00018660417035773293,480.27323215494016,0.2954936999885831,1,1,757,8,7.958078640513122e-13,1.1368683772161603e-13,False,"[196, 179, 178, 176, 180, 192, 187]"
2025-07-19,0,Optimal,2.934949326932976e-07,28493.287103876693,0.42325520000304095,18,7,8010,1,9.094947017729282e-13,0.0,False,"[188, 198, 194, 173, 175, 187, 185]"
2025-07-19,6,Optimal,0.000739826432347841,-1010.479369764187,0.545799999992596,10,6,4582,5,9.094947017729282e-13,0.0,False,"[191, 198, 172, 175, 176, 194, 195]"
2025-07-19,12,Optimal,0.0006120383771477368,346.1240719643528,0.40866129999631085,4,3,2128,9,3.467448550509289e-12,5.062616992290714e-14,False,"[192, 194, 174, 172, 193, 198, 177]"
2025-07-19,18,Optimal,0.0,987.425739233799,0.16967880001175217,1,1,757,6,5.684341886080801e-13,0.0,False,"[196, 179, 178, 188, 173, 181, 187]"
2025-07-20,0,Optimal,0.0009669448376594719,54213.21817767372,0.3740172999969218,18,7,8010,12,1.8189894035458565e-12,0.0,False,"[188, 190, 174, 173, 175, 187, 185]"
2025-07-20,6,Optimal,0.0007557372431525913,1679.5398846737921,1.3612285999988671,10,6,4582,11,2.9558577807620168e-12,1.8189894035458565e-12,False,"[178, 198, 172, 179, 180, 193, 185]"
2025-07-20,12,Optimal,0.000890993672199917,1490.943945402184,0.41582589998142794,4,3,2128,11,9.094947017729282e-13,0.0,False,"[191, 179, 187, 172, 193, 198, 177]"
2025-07-20,18,Optimal,0.0,1227.8506201086425,0.13228730001719669,1,1,757,9,4.547473508864641e-13,0.0,False,"[196, 199, 197, 188, 173, 181, 187]"
2025-07-21,0,Optimal,0.0008256229783425938,56609.6506998123,0.43074670000351034,17,7,7649,11,9.094947017729282e-13,4.547473508864641e-13,False,"[188, 190, 177, 196, 175, 187, 185]"
2025-07-21,6,Optimal,0.0,-1360.2537179717274,0.036446799989789724,11,7,4835,0,9.094947017729282e-13,0.0,False,"[178, 198, 192, 179, 180, 193, 185]"
2025-07-21,12,Optimal,7.537245249383221e-05,1275.7186683879315,0.5639916000072844,4,3,2128,7,9.094947017729282e-13,0.0,False,"[191, 179, 199, 200, 193, 198, 177]"
2025-07-21,18,Optimal,0.0006551928623007914,-129.8547282488145,0.2222075999889057,1,1,757,11,9.094947017729282e-13,1.1368683772161603e-13,False,"[174, 200, 177, 198, 195, 175, 192]"
2025-07-22,0,Optimal,0.0008383480633932318,51751.57412009169,0.4063056999875698,18,7,8010,12,3.637978807091713e-12,2.2737367544323206e-13,False,"[188, 190, 201, 178, 175, 187, 185]"
2025-07-22,6,Optimal,0.00023948972439175037,14450.065046570435,0.20643729998846538,10,6,4582,5,1.9326762412674725e-12,1.1368683772161603e-13,False,"[191, 198, 196, 179, 180, 193, 185]"
2025-07-22,12,Optimal,0.0,1745.4482039053516,1.0302986000024248,4,3,2128,8,9.094947017729282e-13,0.0,False,"[201, 190, 174, 200, 196, 198, 177]"
2025-07-22,18,Optimal,0.00010313224992327226,1417.88028724852,0.288323799992213,1,1,757,6,6.821210263296962e-13,0.0,False,"[196, 199, 177, 198, 195, 175, 187]"
2025-07-23,0,Optimal,0.0008862044171962395,59906.756002582275,0.39033070000004955,17,7,7649,13,9.094947017729282e-13,4.547473508864641e-13,False,"[188, 190, 201, 196, 202, 187, 185]"
2025-07-23,6,Optimal,0.0,-4613.814460813714,0.03978099999949336,11,7,4835,0,8.837375276016246e-13,0.0,False,"[191, 197, 192, 175, 180, 193, 181]"
2025-07-23,12,Optimal,0.0005026233783480366,2253.8476665179796,0.287676800013287,4,3,2128,5,9.094947017729282e-13,0.0,False,"[201, 190, 187, 202, 196, 198, 177]"
2025-07-23,18,Optimal,8.642863507062003e-05,53.39550223356319,0.22788630001014099,1,1,757,10,4.547473508864641e-13,0.0,False,"[191, 199, 197, 198, 195, 175, 192]"
2025-07-24,0,Optimal,0.0008876649809610838,58485.561681864056,0.41847999999299645,17,7,7649,12,9.094947017729282e-13,4.547473508864641e-13,False,"[188, 199, 195, 178, 202, 187, 185]"
2025-07-24,6,Optimal,0.00043993414402657973,-465.96799880738376,0.21429059997899458,10,6,4582,1,9.094947017729282e-13,0.0,False,"[178, 197, 192, 176, 184, 187, 203]"
2025-07-24,12,Optimal,0.00046701565685895426,713.6652772083206,2.0107510999951046,4,3,2128,12,1.8189894035458565e-12,1.1368683772161603e-13,False,"[203, 190, 180, 200, 196, 198, 177]"
2025-07-24,18,Optimal,0.00024475192480086347,582.3824885973896,0.1463991999917198,1,1,757,13,3.410605131648481e-13,5.709375689845226e-14,False,"[196, 199, 197, 198, 195, 181, 187]"
2025-07-25,0,Optimal,0.0008087869653974668,25633.178962832644,1.7011899999924935,17,7,7649,612,2.9558577807620168e-12,6.821210263296962e-13,False,"[188, 204, 200, 194, 202, 187, 185]"
2025-07-25,6,Optimal,0.0,-98.54415744283814,0.3098738999979105,11,7,4835,3,2.6716406864579767e-12,2.2456659303035268e-12,False,"[178, 190, 177, 201, 184, 187, 203]"
2025-07-25,12,Optimal,0.0003960025828382347,1172.4483836482002,0.2600269000104163,4,3,2128,5,8.526512829121202e-13,0.0,False,"[203, 178, 179, 202, 196, 198, 177]"
2025-07-25,18,Optimal,0.0008683513745184475,362.8820562138944,0.20764510001754388,1,1,757,10,3.410605131648481e-13,6.261657858885883e-14,False,"[196, 200, 177, 202, 195, 181, 187]"
2025-07-26,0,Optimal,0.00010817256681683363,26012.67278482293,1.825011100008851,17,7,7649,612,2.4442670110147446e-12,6.821210263296962e-13,False,"[188, 204, 200, 178, 202, 187, 185]"
2025-07-26,6,Optimal,0.0,5.294276130697295,0.19126979997963645,11,7,4835,2,1.7053025658242404e-12,0.0,False,"[191, 204, 198, 201, 184, 187, 203]"
2025-07-26,12,Optimal,0.00029441549352937223,2006.942552809008,0.14905710000311956,4,3,2128,4,9.094947017729282e-13,0.0,False,"[204, 178, 179, 199, 196, 197, 184]"
2025-07-26,18,Optimal,9.20759420073363e-06,163.66270506181135,0.16107130001182668,1,1,757,9,1.6200374375330284e-12,0.0,False,"[191, 200, 197, 198, 195, 181, 187]"
2025-07-27,0,Optimal,0.0009614679618706773,52359.045697208705,0.7093960999918636,17,7,7649,13,9.094947017729282e-13,2.220446049250313e-16,False,"[188, 204, 206, 194, 202, 187, 185]"
2025-07-27,6,Optimal,0.000452684968927648,7109.820498880568,0.5143389000149909,11,7,4835,5,1.8189894035458565e-12,0.0,False,"[205, 190, 206, 201, 184, 187, 203]"
2025-07-27,12,Optimal,0.0008422273605985291,2554.2945311527765,0.21362070000031963,4,3,2128,6,1.8189894035458565e-12,0.0,False,"[204, 189, 180, 202, 196, 197, 184]"
2025-07-27,18,Optimal,3.48269576562677e-07,488.5466516435764,0.4169790999731049,1,1,757,8,7.958078640513122e-13,0.0,False,"[191, 200, 197, 205, 201, 192, 187]"
2025-07-28,0,Optimal,0.0008212167227279438,54041.57419632781,0.47684999997727573,17,7,7649,12,9.094947017729282e-13,2.2737367544323206e-13,False,"[188, 204, 206, 194, 205, 187, 185]"
2025-07-28,6,Optimal,0.0,5693.224681235278,0.042545099975541234,11,7,4835,0,9.094947017729282e-13,1.1368683772161603e-13,False,"[191, 190, 198, 196, 184, 187, 203]"
2025-07-28,12,Optimal,3.297831905071261e-07,3592.822150747929,0.33052689998294227,4,3,2128,5,6.821210263296962e-13,2.2737367544323206e-13,False,"[203, 190, 180, 202, 196, 207, 184]"
2025-07-28,18,Optimal,6.844295217374195e-05,1141.8922640933838,0.3393777000019327,1,1,757,8,2.2737367544323206e-13,1.1368683772161603e-13,False,"[196, 200, 202, 205, 201, 181, 187]"
2025-07-29,0,Optimal,0.0009556275558615593,52754.81823827455,0.7753265000064857,17,7,7649,13,9.094947017729282e-13,0.0,False,"[188, 204, 206, 194, 202, 187, 185]"
2025-07-29,6,Optimal,0.0009041465532265251,7881.79750034798,0.4348638000083156,11,7,4835,4,1.1368683772161603e-12,1.1368683772161603e-13,False,"[191, 190, 198, 196, 194, 187, 203]"
2025-07-29,12,Optimal,0.0009037313853532659,2168.9365268372203,0.22293989997706376,4,3,2128,9,8.242295734817162e-13,0.0,False,"[204, 189, 206, 200, 196, 207, 184]"
2025-07-29,18,Optimal,0.0008471586661796076,211.6743027606131,0.14307159997406416,1,1,757,10,1.3642420526593924e-12,0.0,False,"[191, 200, 197, 205, 195, 181, 187]"
2025-07-30,0,Optimal,0.0005815647165316599,48739.900863917515,1.2131976999808103,17,7,7649,21,9.094947017729282e-13,2.2737367544323206e-13,False,"[188, 204, 206, 194, 202, 192, 185]"
2025-07-30,6,Optimal,0.0006817975467353988,12478.485033672057,0.23206670000217855,11,7,4835,2,8.810729923425242e-13,0.0,False,"[205, 209, 197, 188, 194, 186, 203]"
2025-07-30,12,Optimal,0.00027231255493036867,2819.9964791598654,0.35918220001622103,4,3,2128,11,8.313350008393172e-13,4.268045080216318e-14,False,"[204, 189, 206, 200, 196, 197, 198]"
2025-07-30,18,Optimal,0.00011998980062638048,1912.1068886377502,0.18565340002533048,1,1,757,7,6.821210263296962e-13,0.0,False,"[196, 200, 197, 205, 209, 182, 187]"
2025-07-31,0,Optimal,0.0009749835851173614,50381.03444568284,1.1522934999957215,17,7,7649,20,9.094947017729282e-13,2.2737367544323206e-13,False,"[188, 204, 206, 194, 202, 192, 185]"
2025-07-31,6,Optimal,0.0,5483.071635139268,0.04226909999852069,11,7,4835,0,9.094947017729282e-13,0.0,False,"[191, 190, 198, 188, 193, 208, 203]"
2025-07-31,12,Optimal,0.000749461135891003,4530.759346414448,0.12776770000346005,4,3,2128,5,9.094947017729282e-13,0.0,False,"[203, 190, 206, 199, 195, 197, 198]"
2025-07-31,18,Optimal,0.0001059523650367854,909.3178038878491,0.23847209999803454,1,1,757,6,6.821210263296962e-13,0.0,False,"[210, 193, 208, 202, 195, 207, 187]"
2025-08-01,0,Optimal,8.100967414426344e-05,25577.78453299685,1.839211200014688,17,7,7649,612,3.637978807091713e-12,3.637978807091713e-12,False,"[188, 204, 206, 194, 202, 211, 185]"
2025-08-01,6,Optimal,0.0,631.7270414963191,0.19824440000229515,9,5,4329,1,9.094947017729282e-13,0.0,False,"[205, 210, 204, 192, 194, 184, 203]"
2025-08-01,12,Optimal,0.0006288410470927316,-166.5622993486024,0.2852810000185855,4,3,2128,7,9.094947017729282e-13,4.440892098500626e-16,False,"[203, 201, 206, 199, 195, 193, 198]"
2025-08-01,18,Optimal,0.0006634311984893007,1555.0699368942937,0.167289900011383,1,1,757,4,4.547473508864641e-13,0.0,False,"[210, 193, 208, 202, 195, 207, 187]"
2025-08-02,0,Optimal,0.0009583697575526221,23871.222801671964,2.0221435999847017,18,7,8010,648,2.6005864128819667e-12,1.8189894035458565e-12,False,"[188, 204, 206, 212, 205, 197, 210]"
2025-08-02,6,Optimal,0.0,-379.26942176927787,0.309771100000944,10,6,4582,4,2.3305801732931286e-12,3.410605131648481e-13,False,"[205, 210, 198, 192, 194, 195, 187]"
2025-08-02,12,Optimal,0.0008939523625152891,541.8815682237905,0.49832350001088344,4,3,2128,8,8.242295734817162e-13,0.0,False,"[191, 203, 206, 200, 202, 193, 198]"
2025-08-02,18,Optimal,0.00038148910596610204,1076.6904892163027,0.13911879999795929,1,1,757,4,9.094947017729282e-13,0.0,False,"[194, 204, 200, 198, 206, 211, 203]"
2025-08-03,0,Optimal,0.0009891480504881827,43924.545450919075,0.46089040001970716,17,7,7649,11,2.2737367544323206e-12,4.547473508864641e-13,False,"[213, 203, 198, 201, 207, 208, 187]"
2025-08-03,6,Optimal,0.0008420818260504472,4163.385376749725,0.7102832999953534,9,5,4329,4,9.094947017729282e-13,0.0,False,"[191, 209, 204, 207, 194, 195, 187]"
2025-08-03,12,Optimal,0.0,975.1361877021254,1.631342400010908,4,3,2128,11,9.094947017729282e-13,2.1316282072803006e-14,False,"[192, 203, 205, 200, 202, 208, 207]"
2025-08-03,18,Optimal,0.0008332000263052918,1487.2294398312479,0.15762790001463145,1,1,757,5,4.547473508864641e-13,0.0,False,"[212, 196, 193, 197, 205, 211, 203]"
2025-08-04,0,Optimal,0.0007295263050962723,46414.26722835637,0.4851593000057619,18,7,8010,11,9.094947017729282e-13,2.2737367544323206e-13,False,"[213, 203, 198, 201, 207, 208, 192]"
2025-08-04,6,Optimal,0.00024261049690058536,6847.7797206363975,0.20202100000460632,11,7,4835,1,9.094947017729282e-13,0.0,False,"[191, 200, 198, 197, 201, 211, 212]"
2025-08-04,12,Optimal,0.0006407119170091773,1348.3800351592151,0.48147910000989214,4,3,2128,12,1.3296030942910875e-12,1.4210854715202004e-14,False,"[191, 204, 206, 212, 202, 213, 214]"
2025-08-04,18,Optimal,0.0004288758785497594,1117.1887685608392,0.1069372000056319,1,1,757,3,6.821210263296962e-13,0.0,False,"[190, 210, 200, 197, 208, 202, 214]"
2025-08-05,0,Optimal,0.0005449735940211194,45064.793314523835,0.3831742000184022,17,7,7649,12,9.094947017729282e-13,4.547473508864641e-13,False,"[213, 203, 198, 201, 196, 209, 211]"
2025-08-05,6,Optimal,0.0004476041635972872,4419.0474909049,0.6631870999990497,9,5,4329,6,9.094947017729282e-13,0.0,False,"[191, 215, 210, 206, 213, 208, 203]"
2025-08-05,12,Optimal,0.0,1866.394466112142,0.27726450000773184,4,3,2128,5,1.8189894035458565e-12,0.0,False,"[191, 201, 206, 212, 196, 213, 214]"
2025-08-05,18,Optimal,0.0,1043.834159346202,0.25560720000066794,1,1,757,3,7.958078640513122e-13,0.0,False,"[190, 210, 193, 199, 198, 209, 211]"
2025-08-06,0,Optimal,0.0005910916568780756,49866.93899871022,0.37033820000942796,18,7,8010,10,9.094947017729282e-13,4.547473508864641e-13,False,"[213, 204, 206, 212, 207, 209, 211]"
2025-08-06,6,Optimal,0.0,1031.624114709034,0.04300070001045242,11,7,4835,0,9.094947017729282e-13,0.0,False,"[191, 200, 210, 204, 213, 208, 203]"
2025-08-06,12,Optimal,0.0007835712836324749,1205.3146161116408,0.6801597999874502,4,3,2128,16,9.556799795973347e-13,0.0,False,"[190, 210, 205, 212, 196, 213, 198]"
2025-08-06,18,Optimal,1.4386356703561698e-05,556.4956646358711,0.14771180000388995,1,1,757,10,9.094947017729282e-13,3.077538224260934e-14,False,"[190, 204, 215, 201, 197, 209, 211]"
2025-08-07,0,Optimal,0.0007253607560371173,49593.9895966729,1.9631590999779291,17,7,7649,612,2.3874235921539366e-12,4.440892098500626e-16,False,"[191, 199, 206, 212, 207, 209, 211]"
2025-08-07,6,Optimal,0.0,1162.1108232059387,0.04291160000138916,11,7,4835,0,9.094947017729282e-13,0.0,False,"[190, 216, 192, 197, 214, 211, 203]"
2025-08-07,12,Optimal,0.0006354254763636603,2255.688219158304,0.21166199998697266,4,3,2128,7,8.810729923425242e-13,2.1316282072803006e-14,False,"[192, 209, 200, 199, 193, 213, 198]"
2025-08-07,18,Optimal,7.294747157695836e-05,658.7127266461027,0.15719589998479933,1,1,757,4,8.562039965909207e-13,0.0,False,"[190, 200, 201, 198, 209, 208, 203]"
2025-08-08,0,Optimal,0.0005294258106460535,23833.434011430734,1.9259065999940503,18,7,8010,648,5.279332526697544e-12,3.410605131648481e-13,False,"[218, 204, 206, 212, 207, 209, 211]"
2025-08-08,6,Optimal,0.0,-111.59109734420218,0.04112750000786036,11,7,4835,0,9.094947017729282e-13,0.0,False,"[191, 216, 198, 197, 214, 211, 203]"
2025-08-08,12,Optimal,0.000489284442031361,1091.7234634299648,0.2715213999908883,4,3,2128,11,9.094947017729282e-13,0.0,False,"[201, 204, 200, 199, 196, 207, 198]"
2025-08-08,18,Optimal,0.0008418558954516639,769.6692707409181,0.13318540001637302,1,1,757,6,8.846257060213247e-13,0.0,False,"[204, 201, 196, 216, 192, 203, 217]"
2025-08-09,0,Optimal,0.00032249192187335933,23505.927089818062,0.3595165000006091,18,7,8010,3,9.094947017729282e-13,2.2737367544323206e-13,False,"[218, 199, 200, 194, 207, 209, 211]"
2025-08-09,6,Optimal,0.0,-359.0196150959685,0.4548767000087537,11,7,4835,5,9.094947017729282e-13,0.0,False,"[215, 200, 210, 213, 219, 211, 212]"
2025-08-09,12,Optimal,0.0003374226066694991,1192.6696093536373,0.21081320001394488,4,3,2128,3,9.094947017729282e-13,0.0,False,"[201, 218, 206, 199, 196, 202, 198]"
2025-08-09,18,Optimal,0.00010290482790629073,845.689363146554,0.10721149999881163,1,1,757,6,9.094947017729282e-13,0.0,False,"[210, 193, 198, 215, 197, 203, 211]"
2025-08-10,0,Optimal,0.0008366868121252606,46832.00384819162,0.3483183999778703,18,7,8010,11,3.410605131648481e-12,2.2737367544323206e-13,False,"[218, 199, 200, 220, 196, 202, 197]"
2025-08-10,6,Optimal,0.0008547393970531953,1215.2613851115796,0.867808300012257,9,5,4329,13,1.0693668173189508e-12,5.137574325455788e-17,False,"[215, 209, 206, 217, 220, 211, 196]"
2025-08-10,12,Optimal,0.0003767693453774832,990.9866646386901,0.5001818000164349,4,3,2128,10,9.094947017729282e-13,0.0,False,"[220, 218, 206, 194, 211, 202, 215]"
2025-08-10,18,Optimal,0.0009197481790566129,982.9290728119754,0.08764270000392571,1,1,757,7,1.5916157281026244e-12,4.440892098500626e-14,False,"[201, 193, 198, 215, 205, 203, 211]"
2025-08-11,0,Optimal,0.0005579512123857815,45210.006042102366,2.5514170000096783,17,7,7649,612,4.8771653382573277e-11,1.8189894035458565e-12,False,"[218, 198, 195, 221, 196, 202, 197]"
2025-08-11,6,Optimal,0.000995467404727818,3708.643095599849,1.2896104000101332,9,5,4329,5,2.7966962079517543e-11,2.021099337273174e-12,False,"[215, 209, 206, 217, 220, 211, 196]"
2025-08-11,12,Optimal,7.751338690371087e-06,3136.250832627586,0.44887379999272525,4,3,2128,3,9.094947017729282e-13,0.0,False,"[210, 217, 206, 199, 197, 213, 198]"
2025-08-11,18,Optimal,0.0008848560861371272,1249.2847155666739,0.08244939998257905,1,1,757,9,6.821210263296962e-13,8.526512829121202e-14,False,"[201, 195, 198, 194, 205, 203, 211]"
2025-08-12,0,Optimal,0.0005245194961562185,49675.37900734779,1.987758200004464,17,7,7649,612,2.3305801732931286e-12,2.220446049250313e-16,False,"[218, 198, 195, 221, 196, 202, 197]"
2025-08-12,6,Optimal,0.0,2417.7824192524454,0.3563603999791667,9,5,4329,3,9.094947017729282e-13,0.0,False,"[215, 216, 210, 217, 207, 208, 212]"
2025-08-12,12,Optimal,0.00013509027263207488,2413.830690729679,0.11740370001643896,4,3,2128,4,9.094947017729282e-13,2.1316282072803006e-14,False,"[210, 217, 200, 205, 211, 202, 198]"
2025-08-12,18,Optimal,0.000612368467371121,1171.1888959423193,0.1513142999901902,1,1,757,7,9.094947017729282e-13,1.6369286391803476e-14,False,"[204, 195, 198, 209, 207, 208, 202]"
2025-08-13,0,Optimal,0.000733715545741885,45266.67250420038,0.3551484999770764,17,7,7649,12,8.846257060213247e-13,2.2737367544323206e-13,False,"[218, 223, 200, 221, 196, 202, 197]"
2025-08-13,6,Optimal,2.3411858074159178e-05,3342.4940053509777,0.6070821000030264,9,5,4329,8,9.094947017729282e-13,2.220446049250313e-16,False,"[223, 216, 198, 213, 221, 208, 212]"
2025-08-13,12,Optimal,0.0,3423.592127285457,0.26266190002206713,4,3,2128,2,9.094947017729282e-13,0.0,False,"[223, 219, 204, 216, 212, 213, 215]"
2025-08-13,18,Optimal,0.0009258489202186643,1264.042613605258,0.09516850000363775,1,1,757,7,6.821210263296962e-13,0.0,False,"[204, 223, 198, 209, 207, 203, 211]"
2025-08-14,0,Optimal,0.0005510795755831613,47098.01353836622,1.8464773999876343,17,7,7649,612,3.282707439211663e-12,2.2737367544323206e-13,False,"[218, 223, 200, 221, 207, 202, 197]"
2025-08-14,6,Optimal,0.0,4654.651267059277,0.04077849999885075,11,7,4835,0,9.094947017729282e-13,0.0,False,"[223, 218, 198, 197, 219, 201, 203]"
2025-08-14,12,Optimal,0.00037189299621176073,508.37539685251704,0.6373907999950461,4,3,2128,6,9.094947017729282e-13,0.0,False,"[224, 219, 218, 216, 212, 213, 198]"
2025-08-14,18,Optimal,1.026582965755166e-05,1316.7140089394752,0.13842140001361258,1,1,757,8,5.684341886080801e-13,1.2673195826096162e-13,False,"[204, 223, 198, 209, 205, 208, 202]"
2025-08-15,0,Optimal,0.00033312768844225596,24126.323904375437,0.3147428999945987,18,7,8010,3,9.094947017729282e-13,2.2737367544323206e-13,False,"[218, 223, 200, 221, 215, 205, 214]"
2025-08-15,6,Optimal,0.0,-354.71481433339864,0.19461029997910373,9,5,4329,2,2.545519350860559e-12,2.2456659303035268e-12,False,"[205, 218, 198, 206, 214, 201, 203]"
2025-08-15,12,Optimal,0.0,296.7631919662848,0.015476700005820021,4,3,2128,0,9.094947017729282e-13,0.0,False,"[222, 210, 217, 206, 199, 213, 198]"
2025-08-15,18,Optimal,0.0005706919963600609,811.9222595309263,0.0916702999966219,1,1,757,3,1.3642420526593924e-12,0.0,False,"[221, 225, 206, 219, 220, 203, 211]"
2025-08-16,0,Optimal,8.281724588799305e-05,25233.254828044428,0.3411224000155926,17,7,7649,2,9.094947017729282e-13,2.2737367544323206e-13,False,"[213, 199, 200, 221, 215, 205, 214]"
2025-08-16,6,Optimal,0.0,-1208.947449766891,0.03146610001567751,10,6,4582,0,9.094947017729282e-13,0.0,False,"[226, 215, 209, 206, 214, 201, 203]"
2025-08-16,12,Optimal,0.0009131552170601893,-27.326413218256395,0.6401691999926697,4,3,2128,8,9.094947017729282e-13,5.684341886080802e-14,False,"[222, 210, 217, 200, 205, 213, 215]"
2025-08-16,18,Optimal,0.0,410.1192135986912,0.07674029999179766,1,1,757,2,1.6413537196058314e-12,8.526512829121202e-14,False,"[221, 226, 213, 219, 220, 218, 211]"
2025-08-17,0,Optimal,0.00042472792566317416,47221.29071159891,0.4092248999804724,17,7,7649,12,9.094947017729282e-13,0.0,False,"[213, 204, 200, 221, 215, 205, 214]"
2025-08-17,6,Optimal,0.0,374.2411949471185,0.039324100012890995,11,7,4835,0,9.094947017729282e-13,0.0,False,"[226, 222, 209, 206, 217, 220, 211]"
2025-08-17,12,Optimal,0.0003569327054441799,1653.2740012701288,1.3915191999985836,4,3,2128,10,9.094947017729282e-13,2.6427977967691836e-11,False,"[223, 225, 209, 226, 216, 213, 215]"
2025-08-17,18,Optimal,0.00021676495201777097,899.0225205304369,0.1467265999817755,1,1,757,4,2.1600499167107046e-12,0.0,False,"[221, 226, 227, 216, 205, 218, 211]"
2025-08-18,0,Optimal,0.0005725468830849994,46970.22854517174,0.41013900001416914,17,7,7649,12,9.094947017729282e-13,2.2737367544323206e-13,False,"[213, 204, 206, 221, 215, 205, 214]"
2025-08-18,6,Optimal,0.0,1499.8138650489939,0.5993143999949098,10,6,4582,2,9.094947017729282e-13,0.0,False,"[226, 223, 209, 204, 217, 220, 211]"
2025-08-18,12,Optimal,0.00023038781615223965,1117.9649109286688,2.6965125999995507,4,3,2128,144,2.6147972675971687e-12,5.684341886080802e-14,False,"[223, 225, 209, 218, 216, 213, 215]"
2025-08-18,18,Optimal,0.0,896.9298174203456,0.11604550000629388,1,1,757,3,7.958078640513122e-13,0.0,False,"[204, 226, 228, 216, 205, 218, 202]"
2025-08-19,0,Optimal,0.0005852198374059442,45959.35882838435,0.3731199000030756,17,7,7649,12,9.094947017729282e-13,2.2737367544323206e-13,False,"[213, 204, 206, 221, 215, 205, 214]"
2025-08-19,6,Optimal,0.0,-517.9771321672092,0.09848280000733212,11,7,4835,0,9.094947017729282e-13,0.0,False,"[226, 223, 216, 224, 217, 221, 211]"
2025-08-19,12,Optimal,0.0008737185885973546,2261.660693360203,0.8799240999796893,4,3,2128,8,9.094947017729282e-13,0.0,False,"[222, 210, 228, 226, 205, 213, 215]"
2025-08-19,18,Optimal,0.0001594996936052305,837.5708213929996,0.14063559999340214,1,1,757,5,9.094947017729282e-13,0.0,False,"[221, 226, 228, 216, 220, 218, 222]"
2025-08-20,0,Optimal,0.0005944388306231229,49613.081287105,0.36073540002689697,18,7,8010,13,1.8189894035458565e-12,4.547473508864641e-13,False,"[213, 204, 206, 221, 225, 216, 214]"
2025-08-20,6,Optimal,0.0,2166.5700960858157,0.3701084000058472,10,6,4582,3,2.6147972675971687e-12,1.8189894035458565e-12,False,"[226, 215, 216, 206, 213, 221, 211]"
2025-08-20,12,Optimal,0.0002617779526169529,1648.7145934761163,0.23401370001374744,4,3,2128,5,8.810729923425242e-13,0.0,False,"[222, 210, 209, 218, 216, 229, 207]"
2025-08-20,18,Optimal,0.0001138355021821331,1819.186854503739,0.09195279999403283,1,1,757,3,6.821210263296962e-13,0.0,False,"[204, 225, 228, 216, 205, 203, 211]"
2025-08-21,0,Optimal,0.0008071335103453959,47151.39562841766,0.3655012999952305,18,7,8010,12,9.094947017729282e-13,6.821210263296962e-13,False,"[213, 228, 206, 221, 225, 216, 214]"
2025-08-21,6,Optimal,0.0,144.93094896340347,0.034157700021751225,10,6,4582,0,9.094947017729282e-13,0.0,False,"[228, 215, 216, 206, 213, 219, 208]"
2025-08-21,12,Optimal,0.00027937783924239295,2256.062346595918,0.4725894999864977,4,3,2128,8,9.094947017729282e-13,0.0,False,"[225, 210, 209, 218, 216, 213, 215]"
2025-08-21,18,Optimal,0.0001790426375987783,972.2857470753495,0.1911874000215903,1,1,757,5,6.821210263296962e-13,0.0,False,"[204, 226, 227, 206, 230, 207, 222]"
2025-08-22,0,Optimal,0.0002100263823930674,23567.494691755717,0.31272159999934956,18,7,8010,3,1.1954881529163686e-12,0.0,False,"[213, 223, 206, 221, 225, 216, 214]"
2025-08-22,6,Optimal,0.0,-66.4262328929946,0.17527430001064204,10,6,4582,1,9.094947017729282e-13,0.0,False,"[228, 223, 209, 230, 213, 219, 208]"
2025-08-22,12,Optimal,0.00010756146774199208,1482.698767128478,0.20401839999249205,4,3,2128,7,9.094947017729282e-13,4.263256414560601e-14,False,"[225, 210, 209, 226, 205, 211, 215]"
2025-08-22,18,Optimal,7.746153243037837e-05,1094.482090401309,0.10596379998605698,1,1,757,3,2.3874235921539366e-12,0.0,False,"[210, 225, 228, 216, 209, 207, 211]"
2025-08-23,0,Optimal,0.00010297303311241882,22813.91081654117,0.38330049999058247,17,7,7649,4,9.094947017729282e-13,0.0,False,"[213, 223, 206, 220, 219, 224, 214]"
2025-08-23,6,Optimal,0.0,1786.728664367332,0.4502716999850236,9,5,4329,4,8.526512829121202e-13,0.0,False,"[228, 215, 210, 230, 217, 207, 211]"
2025-08-23,12,Optimal,0.0,1904.7897125689028,0.01641790001303889,4,3,2128,0,7.958078640513122e-13,0.0,False,"[225, 210, 209, 226, 232, 213, 215]"
2025-08-23,18,Optimal,0.00044895162918198744,1200.1998834600915,0.0938486999948509,1,1,757,4,1.5916157281026244e-12,0.0,False,"[221, 225, 228, 216, 209, 233, 222]"
2025-08-24,0,Optimal,0.0005865479761896662,46685.87703897122,0.40568109997548163,16,7,7288,13,1.0800249583553523e-12,2.2737367544323206e-13,False,"[213, 223, 229, 221, 225, 224, 214]"
2025-08-24,6,Optimal,0.0,-2037.3142000662767,0.035301299998536706,11,7,4835,0,8.810729923425242e-13,0.0,False,"[226, 222, 209, 232, 231, 220, 234]"
2025-08-24,12,Optimal,0.00038869700312266583,2687.946577457451,0.16440830001374707,4,3,2128,3,8.668621376273222e-13,0.0,False,"[223, 210, 209, 226, 232, 233, 215]"
2025-08-24,18,Optimal,2.779207246519829e-05,1011.0172262952796,0.1963619000161998,1,1,757,4,6.821210263296962e-13,0.0,False,"[221, 225, 228, 234, 209, 233, 222]"
2025-08-25,0,Optimal,0.0005651733291016854,59927.49214168034,0.3337100000062492,16,7,7288,13,9.094947017729282e-13,2.2737367544323206e-13,False,"[213, 223, 229, 221, 219, 224, 214]"
2025-08-25,6,Optimal,0.0,-4227.5250623886,0.0357864000252448,11,7,4835,0,9.094947017729282e-13,0.0,False,"[228, 215, 209, 227, 231, 208, 233]"
2025-08-25,12,Optimal,0.000131039166077187,-1768.8459424541963,0.17623899999307469,4,3,2128,2,8.810729923425242e-13,0.0,False,"[223, 227, 209, 218, 232, 233, 208]"
2025-08-25,18,Optimal,0.0008644861413407169,1072.022632088145,0.12192599999252707,1,1,757,5,6.821210263296962e-13,4.0967229608668276e-14,False,"[221, 226, 227, 215, 230, 208, 222]"
2025-08-26,0,Optimal,0.00043755461148106657,46489.59496288202,0.3524334999965504,18,7,8010,12,9.094947017729282e-13,2.2737367544323206e-13,False,"[226, 228, 217, 220, 222, 234, 214]"
2025-08-26,6,Optimal,0.0,3571.415340999835,0.03832859999965876,11,7,4835,0,9.094947017729282e-13,0.0,False,"[226, 222, 216, 227, 213, 221, 235]"
2025-08-26,12,Optimal,0.00016457046421206595,851.0872010550261,0.9664939000213053,4,3,2128,13,8.526512829121202e-13,6.039613253960852e-14,False,"[223, 227, 219, 218, 216, 211, 215]"
2025-08-26,18,Optimal,0.0009107744840212234,937.5133763388462,0.05686739998054691,1,1,757,1,2.0463630789890885e-12,0.0,False,"[210, 225, 231, 213, 219, 220, 211]"
2025-08-27,0,Optimal,0.0004793615148462386,47285.01157075084,1.910519299999578,17,7,7649,612,3.637978807091713e-12,1.8189894035458565e-12,False,"[226, 228, 217, 220, 222, 215, 214]"
2025-08-27,6,Optimal,0.00031787931108254815,8263.482456671003,0.25312290000147186,11,7,4835,2,1.3642420526593924e-12,0.0,False,"[229, 222, 218, 227, 213, 220, 235]"
2025-08-27,12,Optimal,9.785217976492903e-05,3434.307444394474,0.23336530002416112,4,3,2128,5,9.094947017729282e-13,0.0,False,"[223, 227, 230, 228, 234, 211, 231]"
2025-08-27,18,Optimal,0.0008852705462719996,802.5975240914329,0.10097319999476895,1,1,757,7,7.958078640513122e-13,5.2295958339085787e-14,False,"[224, 225, 223, 228, 219, 233, 211]"
2025-08-28,0,Optimal,0.0006112520510398143,46021.593134640694,1.0484356000088155,17,7,7649,16,2.8421709430404007e-12,2.4086285958657287e-12,False,"[226, 228, 217, 220, 222, 215, 216]"
2025-08-28,6,Optimal,5.342788275540884e-05,7467.447146939837,0.5136669999919832,11,7,4835,3,9.094947017729282e-13,0.0,False,"[225, 223, 218, 227, 213, 220, 235]"
2025-08-28,12,Optimal,0.0,4995.630642287918,0.37729720000061207,4,3,2128,4,8.810729923425242e-13,1.3642420526593925e-16,False,"[238, 225, 230, 218, 216, 211, 215]"
2025-08-28,18,Optimal,0.00027911278443131464,1266.9375226059997,0.17618109998875298,1,1,757,6,9.094947017729282e-13,0.0,False,"[221, 235, 231, 213, 219, 233, 211]"
2025-08-29,0,Optimal,0.00037329811873431946,24856.301944443534,1.64369440000155,17,7,7649,612,2.9984903449076228e-12,2.220446049250313e-16,False,"[226, 228, 217, 220, 222, 215, 216]"
2025-08-29,6,Optimal,0.0,-709.9936049835002,0.034424499986926094,10,6,4582,0,9.094947017729282e-13,0.0,False,"[226, 215, 218, 230, 217, 221, 233]"
2025-08-29,12,Optimal,0.0007517125647878166,1543.2051359130662,0.5552369999932125,4,3,2128,6,9.094947017729282e-13,0.0,False,"[238, 225, 230, 217, 216, 212, 231]"
2025-08-29,18,Optimal,0.00040689930978370916,840.071587511405,0.13522090000333264,1,1,757,6,1.8189894035458565e-12,6.661338147750939e-16,False,"[221, 235, 239, 228, 234, 230, 217]"
2025-08-30,0,Optimal,0.00023010169269684368,23795.531072527334,1.893844000005629,17,7,7649,612,1.8189894035458565e-12,3.410605131648481e-13,False,"[226, 240, 231, 220, 222, 215, 216]"
2025-08-30,6,Optimal,0.0009384116751989732,342.7027531985469,0.36432849999982864,10,6,4582,2,9.094947017729282e-13,0.0,False,"[226, 215, 218, 230, 213, 240, 234]"
2025-08-30,12,Optimal,6.922845401213072e-05,1084.3013326572843,0.18404749999172054,4,3,2128,3,9.094947017729282e-13,0.0,False,"[235, 225, 239, 236, 226, 232, 215]"
2025-08-30,18,Optimal,0.0,1275.0232445833153,0.15979259999585338,1,1,757,3,6.536993168992922e-13,0.0,False,"[224, 235, 239, 228, 234, 220, 222]"
2025-08-31,0,Optimal,0.00033943391922349055,45781.87853108028,0.3388148999947589,18,7,8010,11,9.094947017729282e-13,0.0,False,"[226, 241, 231, 220, 222, 215, 216]"
2025-08-31,6,Optimal,0.0,4522.778211954001,0.03806260001147166,11,7,4835,0,9.094947017729282e-13,0.0,False,"[225, 215, 218, 224, 232, 240, 234]"
2025-08-31,12,Optimal,0.00022924291012064223,866.4609044745201,0.3834923999966122,4,3,2128,13,1.4530598946294049e-12,0.0,False,"[238, 240, 239, 236, 226, 232, 231]"
2025-08-31,18,Optimal,0.0008085526277495964,704.1790883420416,0.16282850000425242,1,1,757,6,2.8421709430404007e-12,3.375077994860476e-14,False,"[221, 226, 227, 238, 240, 241, 217]"
2025-09-01,0,Optimal,0.0005258721355144412,49811.09981756284,0.3485359000042081,18,7,8010,12,9.094947017729282e-13,0.0,False,"[226, 241, 231, 220, 222, 215, 224]"
2025-09-01,6,Optimal,0.0,-2533.305219537038,0.03670690002036281,11,7,4835,0,9.094947017729282e-13,0.0,False,"[225, 223, 236, 239, 232, 219, 235]"
2025-09-01,12,Optimal,7.192198073429991e-05,589.1757953729393,0.16657930001383647,4,3,2128,3,9.094947017729282e-13,1.0251528897281766e-16,False,"[238, 240, 237, 236, 228, 234, 231]"
2025-09-01,18,Optimal,0.0006712614813390017,-398.95376275207764,0.8757838000019547,1,1,757,11,6.821210263296962e-13,2.2737367544323206e-13,False,"[242, 235, 227, 238, 240, 230, 222]"
2025-09-02,0,Optimal,0.000442708703808333,42157.93579046063,0.379935699980706,18,7,8010,8,1.8189894035458565e-12,1.1368683772161603e-13,False,"[236, 240, 232, 233, 230, 225, 224]"
2025-09-02,6,Optimal,0.00038921905940369204,6796.90034776504,0.2540650999872014,11,7,4835,2,9.094947017729282e-13,0.0,False,"[243, 228, 218, 242, 232, 240, 234]"
2025-09-02,12,Optimal,0.0007744664875723203,1107.093633579656,1.1783686999988277,4,3,2128,8,8.526512829121202e-13,7.520823541050444e-13,False,"[243, 220, 227, 222, 236, 228, 231]"
2025-09-02,18,Optimal,0.0,-1619.7867750377825,0.2573903000156861,1,1,757,13,6.821210263296962e-13,9.999751072283023e-14,False,"[243, 224, 235, 228, 219, 238, 218]"
2025-09-03,0,Optimal,0.0007646752222840692,46930.115776599305,0.35700089999591,17,7,7649,11,9.094947017729282e-13,4.547473508864641e-13,False,"[236, 218, 223, 229, 235, 219, 234]"
2025-09-03,6,Optimal,0.0004885234672282733,-1336.523947960693,0.31572420001612045,10,6,4582,2,9.094947017729282e-13,0.0,False,"[243, 228, 222, 239, 232, 231, 234]"
2025-09-03,12,Optimal,0.0002536184732127752,-1040.2861407514729,0.23298960001557134,4,3,2128,10,9.094947017729282e-13,0.0,False,"[244, 238, 239, 227, 218, 242, 231]"
2025-09-03,18,Optimal,4.195328833604101e-05,-1453.6866984670392,0.11718739999923855,1,1,757,13,7.958078640513122e-13,0.0,False,"[244, 242, 235, 241, 219, 238, 218]"
2025-09-04,0,Optimal,0.00025233794773044425,45638.38534515323,2.4977571000054013,17,7,7649,612,2.8421709430404007e-12,1.8189894035458565e-12,False,"[236, 227, 228, 229, 235, 219, 234]"
2025-09-04,6,Optimal,0.0,-1574.1373014963756,0.04274530001566745,11,7,4835,0,9.094947017729282e-13,0.0,False,"[245, 223, 225, 237, 230, 231, 234]"
2025-09-04,12,Optimal,0.0009015976105607056,-873.0411965037075,0.20425350000732578,4,3,2128,10,8.810729923425242e-13,0.0,False,"[244, 220, 238, 230, 222, 234, 229]"
2025-09-04,18,Optimal,0.00028751161957817057,-1757.1107888951665,0.3053448999999091,1,1,757,13,6.821210263296962e-13,0.0,False,"[245, 229, 223, 226, 234, 240, 218]"
2025-09-05,0,Optimal,3.697822270504388e-05,22872.954011291222,0.30809629999566823,16,7,7288,2,9.094947017729282e-13,0.0,False,"[236, 244, 228, 229, 235, 219, 234]"
2025-09-05,6,Optimal,0.0,-2565.6332946344837,0.5085575999983121,10,6,4582,3,9.094947017729282e-13,0.0,False,"[246, 243, 225, 237, 230, 231, 219]"
2025-09-05,12,Optimal,0.0009641874279484627,-1086.6060672071108,0.1355809000087902,4,3,2128,2,9.094947017729282e-13,0.0,False,"[246, 235, 239, 240, 222, 236, 229]"
2025-09-05,18,Optimal,0.0002728154393731335,-1588.1853319591373,0.10924099999829195,1,1,757,13,1.1368683772161603e-12,5.684341886080802e-14,False,"[245, 243, 242, 239, 233, 236, 230]"
2025-09-06,0,Optimal,3.8876228886154e-05,19239.807354996552,1.8404244999983348,16,7,7288,576,3.7971403799019754e-11,2.2737367544323206e-13,False,"[236, 244, 241, 231, 221, 237, 234]"
2025-09-06,6,Optimal,0.0,-1719.1358946922146,0.03449940000427887,11,7,4835,0,9.094947017729282e-13,0.0,False,"[246, 226, 241, 222, 242, 220, 233]"
2025-09-06,12,Optimal,0.0,-10.253758516300195,0.2856335999967996,4,3,2128,5,8.718951486722897e-13,0.0,False,"[246, 235, 237, 238, 227, 236, 228]"
2025-09-06,18,Optimal,6.316719767964667e-05,-590.6697675186986,0.08292399998754263,1,1,757,10,1.8189894035458565e-12,0.0,False,"[245, 247, 223, 235, 228, 236, 230]"
2025-09-07,0,Optimal,0.0008426836189646871,38680.726812080225,0.31630439998116344,16,7,7288,10,3.637978807091713e-12,0.0,False,"[236, 244, 241, 232, 221, 237, 234]"
2025-09-07,6,Optimal,0.0,5241.679438714087,0.08060650000697933,11,7,4835,0,9.094947017729282e-13,0.0,False,"[238, 226, 236, 222, 239, 232, 234]"
2025-09-07,12,Optimal,0.00013603711886153675,1211.177588794994,0.20419150000088848,4,3,2128,7,9.094947017729282e-13,3.197442310920451e-14,False,"[246, 224, 237, 240, 226, 233, 228]"
2025-09-07,18,Optimal,0.0,-494.78120853827403,0.16331269999500364,1,1,757,9,1.2505552149377763e-12,8.348877145181177e-14,False,"[246, 231, 224, 221, 226, 236, 230]"
2025-09-08,0,Optimal,0.0007722978640934295,33759.58655039708,1.8425572999985889,16,7,7288,576,5.661604518536478e-11,1.8189894035458565e-12,False,"[236, 244, 241, 232, 233, 237, 234]"
2025-09-08,6,Optimal,0.00024238241920662931,6435.062713125769,0.4107594999950379,11,7,4835,6,7.958078640513122e-13,0.0,False,"[249, 229, 236, 225, 239, 232, 234]"
2025-09-08,12,Optimal,6.749118085904822e-05,3910.046439025816,0.20222569999168627,4,3,2128,3,8.242295734817162e-13,0.0,False,"[246, 224, 223, 240, 226, 233, 228]"
2025-09-08,18,Optimal,0.0006999021504607482,6468.942330412699,0.06447020001360215,1,1,757,1,6.821210263296962e-13,0.0,False,"[246, 231, 229, 241, 228, 227, 238]"
2025-09-09,0,Optimal,0.0006576993839940969,30914.82527501944,0.36705989998881705,16,7,7288,12,1.8189894035458565e-12,0.0,False,"[236, 244, 241, 232, 233, 225, 224]"
2025-09-09,6,Optimal,0.0,7219.007183186111,0.04460999998264015,11,7,4835,0,9.094947017729282e-13,0.0,False,"[249, 229, 236, 225, 227, 240, 234]"
2025-09-09,12,Optimal,0.00010342008757814807,5900.257414898177,0.13502499999594875,4,3,2128,1,9.094947017729282e-13,0.0,False,"[246, 224, 223, 240, 226, 236, 250]"
2025-09-09,18,Optimal,9.503679310418387e-05,5052.617412159177,0.07739079999737442,1,1,757,1,6.821210263296962e-13,0.0,False,"[246, 250, 225, 223, 239, 234, 232]"
2025-09-10,0,Optimal,0.0007582174573611706,37303.36339259158,0.3899659999879077,16,7,7288,13,4.547473508864641e-12,4.547473508864641e-13,False,"[236, 244, 241, 231, 235, 238, 239]"
2025-09-10,6,Optimal,0.0,2225.903276928257,0.03782689999206923,10,6,4582,0,9.094947017729282e-13,0.0,False,"[249, 229, 241, 237, 242, 232, 234]"
2025-09-10,12,Optimal,0.0009811096842010137,8412.440887449193,0.3246839000203181,4,3,2128,3,9.094947017729282e-13,3.2862601528904634e-14,False,"[246, 224, 237, 241, 234, 242, 251]"
2025-09-10,18,Optimal,0.0005562543408703482,3658.550784229231,0.07602900001802482,1,1,757,1,6.821210263296962e-13,0.0,False,"[248, 237, 231, 224, 239, 234, 232]"
2025-09-11,0,Optimal,0.00047392120148896205,37942.8147286613,1.9989273000101093,17,7,7649,612,2.6272317654729704e-12,2.2737367544323206e-13,False,"[236, 244, 241, 231, 235, 238, 252]"
2025-09-11,6,Optimal,8.782543362222924e-05,1190.6738383802372,0.41765240000677295,10,6,4582,1,9.094947017729282e-13,0.0,False,"[249, 229, 241, 237, 230, 250, 233]"
2025-09-11,12,Optimal,0.00028061885821866665,2102.4926914575094,0.1176432000065688,4,3,2128,1,9.094947017729282e-13,0.0,False,"[246, 248, 239, 241, 234, 232, 250]"
2025-09-11,18,Optimal,0.00015782959890563953,3840.2955652410637,0.051015500008361414,1,1,757,1,6.821210263296962e-13,0.0,False,"[248, 237, 231, 235, 252, 234, 232]"
2025-09-12,0,Optimal,0.0008143571027312508,17420.01343569438,3.549248700001044,18,7,8010,648,2.5011104298755527e-12,2.2737367544323206e-13,False,"[236, 244, 241, 231, 253, 238, 252]"
2025-09-12,6,Optimal,0.0,941.2919599101067,0.18414500000653788,11,7,4835,1,9.094947017729282e-13,0.0,False,"[249, 229, 241, 227, 251, 231, 233]"
2025-09-12,12,Optimal,0.0,3882.6257807676266,0.016747299989219755,4,3,2128,0,9.094947017729282e-13,0.0,False,"[246, 248, 239, 230, 233, 252, 250]"
2025-09-12,18,Optimal,6.705169804229242e-05,713.7676279593144,0.0680473999818787,1,1,757,3,1.8189894035458565e-12,0.0,False,"[248, 237, 231, 235, 228, 253, 232]"
2025-09-13,0,Optimal,0.0004713615013779775,16662.347473332175,0.3321861999866087,17,7,7649,4,9.094947017729282e-13,2.2737367544323206e-13,False,"[236, 247, 228, 249, 235, 242, 250]"
2025-09-13,6,Optimal,6.391906679086095e-05,744.5256577824543,0.43233650000183843,11,7,4835,4,8.810729923425242e-13,0.0,False,"[249, 229, 241, 227, 251, 234, 254]"
2025-09-13,12,Optimal,0.0,4317.289519103722,0.015468800003873184,4,3,2128,0,9.094947017729282e-13,0.0,False,"[246, 248, 237, 241, 233, 252, 250]"
2025-09-13,18,Optimal,1.5512516995496655e-05,903.0461784224965,0.053587300004437566,1,1,757,1,9.094947017729282e-13,0.0,False,"[248, 237, 231, 241, 228, 253, 232]"
2025-09-14,0,Optimal,0.0005587064989757805,43176.332062180016,0.44980970001779497,18,7,8010,12,1.8189894035458565e-12,2.2737367544323206e-13,False,"[236, 247, 248, 229, 230, 234, 250]"
2025-09-14,6,Optimal,3.305158673517534e-05,396.55294293865893,0.20739739999407902,11,7,4835,2,9.094947017729282e-13,7.16227077646181e-13,False,"[249, 229, 236, 239, 251, 234, 254]"
2025-09-14,12,Optimal,0.0008835898624932559,3189.6598502067072,0.22340330001316033,4,3,2128,7,8.100187187665142e-13,4.440892098500626e-16,False,"[246, 248, 237, 241, 233, 228, 250]"
2025-09-14,18,Optimal,0.00015671899340808615,1777.3313654607757,0.04430999999749474,1,1,757,1,7.958078640513122e-13,0.0,False,"[248, 237, 231, 242, 239, 234, 232]"
2025-09-15,0,Optimal,0.0007114832304421152,37387.49122478852,0.3403367999999318,16,7,7288,13,9.094947017729282e-13,2.2737367544323206e-13,False,"[236, 247, 256, 229, 230, 234, 250]"
2025-09-15,6,Optimal,0.0,1281.8955745839721,0.42338540000491776,10,6,4582,3,1.3500311979441904e-12,6.235012506294879e-13,False,"[238, 229, 236, 239, 232, 231, 254]"
2025-09-15,12,Optimal,4.307593300855291e-05,3577.9591123920727,0.12440970001625828,4,3,2128,3,1.1368683772161603e-12,2.842170943040401e-14,False,"[246, 248, 237, 241, 233, 232, 250]"
2025-09-15,18,Optimal,0.0005402699807298763,-368.0644137887538,0.22352739999769256,1,1,757,12,7.958078640513122e-13,7.300416966821525e-14,False,"[246, 237, 231, 242, 239, 234, 238]"
2025-09-16,0,Optimal,0.0008170434694499835,43299.71225086379,0.43095000000903383,18,7,8010,13,1.8189894035458565e-12,4.547473508864641e-13,False,"[236, 247, 256, 233, 237, 255, 250]"
2025-09-16,6,Optimal,0.0,1562.6271314754717,0.03372729997499846,10,6,4582,0,8.881784197001252e-13,0.0,False,"[249, 255, 241, 230, 256, 257, 254]"
2025-09-16,12,Optimal,0.0,2526.079122346454,0.015747100027510896,4,3,2128,0,9.094947017729282e-13,0.0,False,"[249, 235, 237, 257, 233, 232, 250]"
2025-09-16,18,Optimal,0.0008998530093850351,26.716755976476705,0.1905075999966357,1,1,757,5,7.958078640513122e-13,0.0,False,"[248, 237, 231, 235, 256, 236, 238]"
2025-09-17,0,Optimal,0.0009434818897518984,42009.11210871155,0.3256671999988612,18,7,8010,13,9.094947017729282e-13,2.2737367544323206e-13,False,"[236, 247, 258, 249, 237, 255, 250]"
2025-09-17,6,Optimal,0.0003231427595661947,3592.898818827755,0.41449110000394285,11,7,4835,3,9.094947017729282e-13,0.0,False,"[249, 258, 236, 242, 256, 257, 254]"
2025-09-17,12,Optimal,0.0007177105733956082,1373.547161519691,0.4117324000108056,4,3,2128,12,1.2008172234345693e-12,6.661338147750939e-16,False,"[249, 235, 237, 240, 233, 242, 250]"
2025-09-17,18,Optimal,0.0009212498132791062,651.8177310740476,0.09264899999834597,1,1,757,5,1.1368683772161603e-12,0.0,False,"[248, 237, 231, 235, 256, 258, 232]"
2025-09-18,0,Optimal,0.0009217248583222275,37550.14789018017,0.3522221999883186,18,7,8010,13,9.094947017729282e-13,2.2737367544323206e-13,False,"[236, 247, 258, 233, 237, 255, 250]"
2025-09-18,6,Optimal,0.0009730887854499539,10236.015699707053,0.24887009998201393,10,6,4582,3,9.094947017729282e-13,0.0,False,"[249, 258, 236, 239, 232, 234, 254]"
2025-09-18,12,Optimal,0.0006645432350058012,4060.718512385774,0.41944329999387264,4,3,2128,4,1.7053025658242404e-12,3.979039320256561e-13,False,"[249, 235, 258, 257, 259, 236, 250]"
2025-09-18,18,Optimal,0.0009507667976665822,1064.6353902469698,0.04953180000302382,1,1,757,3,9.094947017729282e-13,7.194245199571014e-14,False,"[248, 237, 254, 241, 233, 258, 232]"
2025-09-19,0,Optimal,0.0007793306357809629,17661.22123701204,0.3273130999878049,18,7,8010,4,9.094947017729282e-13,1.1368683772161603e-13,False,"[236, 247, 258, 253, 238, 257, 260]"
2025-09-19,6,Optimal,0.0,99.19357908120517,0.040003900008741766,11,7,4835,0,9.094947017729282e-13,0.0,False,"[249, 260, 236, 259, 251, 234, 254]"
2025-09-19,12,Optimal,0.0,1012.4605736763211,0.2871095000009518,4,3,2128,4,9.094947017729282e-13,3.907985046680551e-14,False,"[249, 235, 260, 238, 241, 256, 250]"
2025-09-19,18,Optimal,0.000817090184220816,592.6207900723188,0.07015709998086095,1,1,757,1,1.9326762412674725e-12,0.0,False,"[248, 237, 254, 241, 256, 258, 240]"
2025-09-20,0,Optimal,0.0005701641712976517,16668.214360800892,1.8136284000065643,18,7,8010,648,2.6147972675971687e-12,2.2737367544323206e-13,False,"[236, 247, 258, 235, 242, 257, 260]"
2025-09-20,6,Optimal,0.0,58.63983919928448,0.03892789999372326,10,6,4582,0,9.094947017729282e-13,0.0,False,"[238, 260, 236, 237, 242, 234, 235]"
2025-09-20,12,Optimal,0.0007052754423924983,2447.3232530248324,0.1298018000088632,4,3,2128,2,9.094947017729282e-13,2.3092638912203256e-14,False,"[249, 235, 260, 255, 259, 256, 250]"
2025-09-20,18,Optimal,6.664876925354806e-05,1142.6277127154974,0.11545030001434498,1,1,757,2,3.410605131648481e-13,0.0,False,"[248, 237, 251, 260, 239, 258, 240]"
2025-09-21,0,Optimal,0.0007978367473021924,41646.83908581401,0.34206450000056066,18,7,8010,12,9.094947017729282e-13,6.821210263296962e-13,False,"[236, 247, 258, 235, 242, 257, 260]"
2025-09-21,6,Optimal,6.374052496723507e-06,3303.6716575931046,0.29712460000882857,9,5,4329,11,3.524291969370097e-12,7.815970093361102e-14,False,"[249, 260, 236, 259, 242, 240, 254]"
2025-09-21,12,Optimal,0.00048080965703518126,3015.280648322019,0.10243180001270957,4,3,2128,2,9.094947017729282e-13,0.0,False,"[249, 235, 260, 255, 262, 256, 250]"
2025-09-21,18,Optimal,0.0005905224755588928,784.7369595275204,0.12026729999342933,1,1,757,3,9.094947017729282e-13,0.0,False,"[248, 237, 251, 242, 235, 258, 240]"
2025-09-22,0,Optimal,0.0005524013003967459,44804.38356677932,0.47510299997520633,18,7,8010,13,9.094947017729282e-13,4.547473508864641e-13,False,"[236, 247, 258, 253, 242, 257, 260]"
2025-09-22,6,Optimal,0.0,-1398.2129369211457,0.0760432000097353,11,7,4835,0,9.094947017729282e-13,0.0,False,"[249, 263, 255, 237, 242, 262, 253]"
2025-09-22,12,Optimal,0.0009721169568988399,-231.66081943901509,0.09866879999754019,4,3,2128,1,9.094947017729282e-13,3.11750625314744e-14,False,"[249, 248, 237, 238, 241, 256, 250]"
2025-09-22,18,Optimal,0.00034768191889587033,1925.4707767974683,0.05755470000440255,1,1,757,1,6.821210263296962e-13,0.0,False,"[248, 261, 251, 263, 241, 253, 240]"
2025-09-23,0,Optimal,0.0008373530267358252,44217.776758077875,0.37516799999866635,18,7,8010,12,9.094947017729282e-13,4.547473508864641e-13,False,"[245, 240, 256, 253, 242, 257, 260]"
2025-09-23,6,Optimal,9.422095529094359e-05,-342.33788757129423,0.6166207000205759,11,7,4835,2,3.694822225952521e-12,0.0,False,"[249, 263, 255, 259, 242, 240, 253]"
2025-09-23,12,Optimal,0.0,-30.134009299925253,0.1335761999944225,4,3,2128,2,1.1368683772161603e-12,8.604387756660545e-14,False,"[249, 248, 237, 238, 241, 256, 250]"
2025-09-23,18,Optimal,0.0008805049734496684,431.23393757527714,0.05849570001009852,1,1,757,2,1.5916157281026244e-12,0.0,False,"[264, 237, 255, 254, 241, 253, 240]"
2025-09-24,0,Optimal,0.0005764475542791004,38051.103063887975,0.37262639999971725,18,7,8010,12,9.094947017729282e-13,2.2737367544323206e-13,False,"[245, 240, 256, 265, 242, 257, 260]"
2025-09-24,6,Optimal,0.0,6459.3958245974445,0.03864149999571964,11,7,4835,0,9.094947017729282e-13,0.0,False,"[249, 263, 255, 261, 251, 240, 254]"
2025-09-24,12,Optimal,0.000874519261969917,6789.411899834669,0.4645467000082135,4,3,2128,144,1.8189894035458565e-12,1.8189894035458565e-12,False,"[249, 254, 260, 238, 262, 256, 251]"
2025-09-24,18,Optimal,0.0002519257696480234,867.4888755879113,0.05137639999156818,1,1,757,3,7.958078640513122e-13,0.0,False,"[264, 261, 251, 265, 241, 253, 240]"
2025-09-25,0,Optimal,0.0009003724581742768,41840.23647098689,0.42860499999369495,17,7,7649,12,9.094947017729282e-13,4.547473508864641e-13,False,"[245, 240, 256, 265, 261, 239, 254]"
2025-09-25,6,Optimal,0.00042700226251771726,2188.9698814740796,0.6438274999964051,10,6,4582,6,9.094947017729282e-13,0.0,False,"[249, 260, 255, 239, 256, 264, 253]"
2025-09-25,12,Optimal,1.4957957078421523e-05,1729.881965702009,1.435442799993325,4,3,2128,7,1.0231815394945443e-12,1.5409895581797173e-13,False,"[249, 248, 260, 240, 259, 256, 250]"
2025-09-25,18,Optimal,1.5262403116588367e-06,921.3658705212918,0.09212159999879077,1,1,757,7,6.821210263296962e-13,0.0,False,"[264, 249, 266, 254, 242, 256, 259]"
2025-09-26,0,Optimal,0.0007892279945828063,18023.987587401956,0.41163180000148714,17,7,7649,6,9.094947017729282e-13,2.2737367544323206e-13,False,"[245, 240, 256, 265, 242, 257, 254]"
2025-09-26,6,Optimal,0.0,91.55979879761918,0.18596239999169484,11,7,4835,1,2.7036151095671812e-12,0.0,False,"[249, 260, 255, 261, 251, 264, 254]"
2025-09-26,12,Optimal,0.0006915060362746468,1135.793424704219,0.11157320000347681,4,3,2128,2,9.094947017729282e-13,0.0,False,"[249, 248, 260, 257, 259, 256, 250]"
2025-09-26,18,Optimal,0.0,-214.74410987180806,0.10058190001291223,1,1,757,4,1.0231815394945443e-12,6.483702463810914e-14,False,"[264, 249, 266, 254, 242, 267, 240]"
2025-09-27,0,Optimal,0.000643543254068947,17150.603934821946,1.888224700000137,18,7,8010,648,6.139089236967266e-12,1.8189894035458565e-12,False,"[245, 241, 256, 265, 242, 257, 254]"
2025-09-27,6,Optimal,0.0,4606.0917902304855,0.035693999991053715,10,6,4582,0,8.633094239485217e-13,0.0,False,"[249, 260, 255, 259, 251, 264, 254]"
2025-09-27,12,Optimal,0.000901716411907207,3042.0605803627413,0.2105384000169579,4,3,2128,3,9.094947017729282e-13,0.0,False,"[249, 266, 260, 257, 259, 256, 250]"
2025-09-27,18,Optimal,3.086355727097801e-06,211.2379478074685,0.11538390000350773,1,1,757,6,9.094947017729282e-13,0.0,False,"[264, 249, 266, 254, 260, 267, 259]"
2025-09-28,0,Optimal,0.00048733021610730367,43018.64646856648,0.38487499998882413,18,7,8010,14,9.094947017729282e-13,2.2737367544323206e-13,False,"[245, 248, 264, 253, 261, 252, 266]"
2025-09-28,6,Optimal,0.0006476739448422359,8913.722036746442,0.2993994999851566,9,5,4329,9,3.410605131648481e-12,6.039613253960852e-14,False,"[249, 269, 258, 259, 265, 264, 253]"
2025-09-28,12,Optimal,0.0002134280890006722,3986.5603525745546,0.4727843999862671,4,3,2128,3,4.661160346586257e-12,9.663381206337363e-13,False,"[249, 266, 260, 257, 259, 256, 250]"
2025-09-28,18,Optimal,0.0009639072826516208,923.7309184168622,0.0557363000116311,1,1,757,4,7.318590178329032e-13,0.0,False,"[264, 261, 266, 254, 242, 267, 269]"
2025-09-29,0,Optimal,0.0009503263628994217,45479.82067593289,0.39993099999264814,18,7,8010,13,1.8189894035458565e-12,4.547473508864641e-13,False,"[245, 248, 264, 253, 255, 252, 266]"
2025-09-29,6,Optimal,0.0,-151.99651302013976,0.046128899994073436,11,7,4835,0,9.094947017729282e-13,0.0,False,"[249, 270, 267, 268, 265, 264, 254]"
2025-09-29,12,Optimal,0.00041906250767495665,1941.597503437488,0.20701549999648705,4,3,2128,8,8.384404281969182e-13,7.815970093361102e-14,False,"[249, 266, 260, 257, 269, 256, 250]"
2025-09-29,18,Optimal,0.00021277153063949675,265.0156764139044,0.21170640000491403,1,1,757,6,3.069544618483633e-12,0.0,False,"[264, 249, 270, 262, 263, 267, 269]"
2025-09-30,0,Optimal,0.0005605054624316055,44882.36240765932,0.5442183999984991,18,7,8010,13,1.1368683772161603e-12,2.2737367544323206e-13,False,"[246, 258, 263, 271, 255, 252, 266]"
2025-09-30,6,Optimal,0.0,5402.575626476956,0.03580430001602508,10,6,4582,0,9.094947017729282e-13,0.0,False,"[249, 270, 258, 259, 251, 266, 254]"
2025-09-30,12,Optimal,0.0005173891890385365,3080.8922766139344,0.27028450000216253,4,3,2128,8,3.865352482534945e-12,6.750155989720952e-14,False,"[247, 266, 263, 271, 269, 256, 250]"
2025-09-30,18,Optimal,0.0006778359685395992,408.8979673750531,0.17482869999366812,1,1,757,6,8.881784197001252e-13,2.7453545013837638e-14,False,"[264, 261, 250, 254, 260, 271, 268]"
2025-10-01,0,Optimal,0.0008432667942549134,41149.92381132665,2.2998563000001013,18,7,8010,648,4.616822479874827e-10,2.4453709539163794e-12,False,"[246, 268, 249, 259, 255, 252, 266]"
2025-10-01,6,Optimal,0.0006741906872174727,4379.850831453806,0.4843074999807868,9,5,4329,2,9.094947017729282e-13,0.0,False,"[245, 260, 258, 261, 262, 266, 254]"
2025-10-01,12,Optimal,7.963006431215488e-05,1724.4136160822047,0.6034556000086013,4,3,2128,7,9.094947017729282e-13,5.115907697472721e-14,False,"[245, 272, 263, 271, 261, 268, 250]"
2025-10-01,18,Optimal,0.0009309307103412494,135.2927332259925,0.36368680000305176,1,1,757,10,6.821210263296962e-13,0.0,False,"[248, 261, 266, 263, 272, 258, 269]"
2025-10-02,0,Optimal,0.0007461555129570547,44686.338510072994,2.869327999971574,18,7,8010,648,2.2737367544323206e-12,1.8189894035458565e-12,False,"[247, 268, 249, 259, 255, 252, 266]"
2025-10-02,6,Optimal,0.0,-60.156371191140195,0.03762419999111444,10,6,4582,0,8.597567102697212e-13,0.0,False,"[273, 263, 258, 261, 251, 266, 254]"
2025-10-02,12,Optimal,2.5152933632163387e-05,1724.1243747359915,0.1081189000105951,4,3,2128,2,8.810729923425242e-13,6.855266354577338e-13,False,"[249, 266, 258, 271, 262, 268, 250]"
2025-10-02,18,Optimal,0.0,16.389418717095918,0.25662659999215975,1,1,757,8,1.8189894035458565e-12,1.3988810110276972e-14,False,"[248, 261, 262, 254, 272, 258, 269]"
2025-10-03,0,Optimal,0.000464345996533352,14938.09754662479,1.8509905000100844,18,7,8010,648,4.035882739117369e-12,1.3642420526593924e-12,False,"[247, 268, 249, 259, 255, 252, 266]"
2025-10-03,6,Optimal,0.0,176.64028305953315,0.034932499984279275,11,7,4835,0,9.094947017729282e-13,0.0,False,"[249, 263, 258, 265, 272, 266, 254]"
2025-10-03,12,Optimal,0.0,3348.9827194124127,0.05670720001216978,4,3,2128,0,7.958078640513122e-13,0.0,False,"[249, 266, 258, 271, 259, 269, 253]"
2025-10-03,18,Optimal,0.0008649027851989453,616.5915716660891,0.1525534999964293,1,1,757,4,7.958078640513122e-13,2.2737367544323206e-13,False,"[273, 261, 262, 272, 267, 259, 269]"
2025-10-04,0,Optimal,0.0006512865506668645,18560.6377762216,1.8400408000161406,17,7,7649,612,2.147615418834903e-12,1.8189894035458565e-12,False,"[273, 256, 275, 259, 255, 252, 266]"
2025-10-04,6,Optimal,0.0004856937133965249,-212.0293707625262,0.3604228000040166,10,6,4582,1,8.846257060213247e-13,0.0,False,"[274, 267, 255, 261, 264, 266, 254]"
2025-10-04,12,Optimal,0.0006723047193363296,747.5516886971351,0.12242820000392385,4,3,2128,5,1.2776446567386301e-12,2.0888564470154154e-14,False,"[274, 272, 267, 261, 259, 264, 253]"
2025-10-04,18,Optimal,0.0005829424436415506,-640.9502174568104,0.1991709999856539,1,1,757,8,7.958078640513122e-13,2.220446049250313e-16,False,"[275, 249, 262, 272, 256, 258, 257]"
2025-10-05,0,Optimal,0.000969437375507215,44340.348776083454,0.3395115000021178,18,7,8010,10,9.094947017729282e-13,2.2737367544323206e-13,False,"[276, 256, 275, 259, 255, 252, 266]"
2025-10-05,6,Optimal,0.0,-312.49819988657686,0.03587409999454394,10,6,4582,0,9.094947017729282e-13,0.0,False,"[274, 260, 255, 261, 264, 266, 254]"
2025-10-05,12,Optimal,0.00016416613352721661,2003.4332080262095,0.20051349999266677,4,3,2128,3,9.094947017729282e-13,0.0,False,"[273, 263, 270, 258, 259, 256, 253]"
2025-10-05,18,Optimal,0.0,-226.3816995358002,0.21778679999988526,1,1,757,5,1.8189894035458565e-12,1.1368683772161603e-13,False,"[273, 264, 262, 272, 271, 258, 257]"
2025-10-06,0,Optimal,0.000682971236361571,39149.09746466142,0.6939233999873977,18,7,8010,15,9.094947017729282e-13,2.2737367544323206e-13,False,"[276, 268, 275, 259, 255, 252, 266]"
2025-10-06,6,Optimal,0.0,5363.246819552663,0.040519700007280335,11,7,4835,0,9.094947017729282e-13,0.0,False,"[270, 260, 255, 268, 264, 257, 254]"
2025-10-06,12,Optimal,0.0,3459.638402383398,0.22140310000395402,4,3,2128,5,7.531752999057062e-13,0.0,False,"[273, 272, 266, 254, 259, 256, 253]"
2025-10-06,18,Optimal,0.0,72.32762039528461,0.22535610001068562,1,1,757,8,2.170708057747106e-12,0.0,False,"[273, 261, 262, 272, 271, 268, 257]"
2025-10-07,0,Optimal,0.0006258619189238005,40726.78007833719,0.3857871999789495,16,7,7288,10,9.094947017729282e-13,2.2737367544323206e-13,False,"[276, 268, 275, 259, 255, 257, 266]"
2025-10-07,6,Optimal,0.00011838176363876087,1656.2196407172721,0.2285816999792587,10,6,4582,2,9.094947017729282e-13,0.0,False,"[270, 260, 255, 268, 272, 257, 254]"
2025-10-07,12,Optimal,0.0,3429.8977936070705,0.2838368999946397,4,3,2128,4,9.094947017729282e-13,1.7479351299698465e-12,False,"[277, 275, 260, 257, 259, 264, 251]"
2025-10-07,18,Optimal,1.4424204427608045e-05,-36.246287766513504,0.3690205999882892,1,1,757,11,2.0463630789890885e-12,3.410605131648481e-13,False,"[273, 276, 266, 265, 271, 258, 257]"
2025-10-08,0,Optimal,0.0005936715193088301,35737.569138826475,0.3179899000097066,18,7,8010,10,9.094947017729282e-13,4.547473508864641e-13,False,"[276, 268, 275, 279, 272, 262, 254]"
2025-10-08,6,Optimal,0.0001538237554232461,2025.1307845857875,0.25900560000445694,10,6,4582,7,9.094947017729282e-13,3.907985046680551e-14,False,"[270, 260, 277, 265, 275, 256, 254]"
2025-10-08,12,Optimal,7.593550317202698e-06,2793.788803949112,0.2089962000027299,4,3,2128,7,8.810729923425242e-13,0.0,False,"[279, 275, 260, 270, 254, 268, 269]"
2025-10-08,18,Optimal,0.00039017438096186456,2023.464146481673,0.08771960000740364,1,1,757,3,7.958078640513122e-13,0.0,False,"[273, 277, 270, 263, 260, 259, 269]"
2025-10-09,0,Optimal,0.0006416076830039259,42530.43514269879,1.8743251000123564,16,7,7288,576,2.8535396268125623e-11,3.419486915845482e-14,False,"[276, 268, 275, 279, 272, 278, 254]"
2025-10-09,6,Optimal,0.0,-2821.6657267222977,0.032179500005440786,9,5,4329,0,9.094947017729282e-13,0.0,False,"[274, 276, 277, 265, 259, 256, 271]"
2025-10-09,12,Optimal,0.0009828336104499933,2281.1382211430537,0.7601443000021391,4,3,2128,8,1.3983258995153847e-12,0.0,False,"[279, 275, 263, 270, 258, 268, 269]"
2025-10-09,18,Optimal,0.00013703271591859926,5284.874120964521,0.07549139999900945,1,1,757,2,4.547473508864641e-13,0.0,False,"[279, 264, 255, 265, 260, 271, 253]"
2025-10-10,0,Optimal,0.00023626098174748094,14024.329966321995,0.6207722999970429,18,7,8010,8,9.094947017729282e-13,0.0,False,"[276, 258, 263, 279, 272, 278, 254]"
2025-10-10,6,Optimal,0.0,976.0509442582801,0.03427050000755116,10,6,4582,0,9.094947017729282e-13,0.0,False,"[274, 276, 277, 265, 259, 256, 281]"
2025-10-10,12,Optimal,0.0,1704.9211091798923,0.014048399985767901,4,3,2128,0,8.526512829121202e-13,0.0,False,"[274, 275, 260, 270, 258, 268, 255]"
2025-10-10,18,Optimal,0.0007648309927699482,3287.6653391674126,0.09218350000446662,1,1,757,2,9.094947017729282e-13,0.0,False,"[279, 264, 255, 265, 260, 256, 281]"
2025-10-11,0,Optimal,0.0008711129646706668,14907.079466583,0.28913949997513555,18,7,8010,7,9.094947017729282e-13,2.2737367544323206e-13,False,"[276, 258, 264, 271, 261, 270, 260]"
2025-10-11,6,Optimal,0.0,1451.344800020142,0.08250910000060685,10,6,4582,0,9.094947017729282e-13,0.0,False,"[270, 260, 255, 262, 259, 256, 280]"
2025-10-11,12,Optimal,0.0003271537537636474,1464.2743852508427,0.18559969999478199,4,3,2128,2,8.304468224196171e-13,0.0,False,"[279, 275, 263, 270, 259, 264, 281]"
2025-10-11,18,Optimal,0.00018578499227801218,2224.0465857773875,0.09045679998234846,1,1,757,6,6.821210263296962e-13,0.0,False,"[279, 264, 255, 263, 280, 282, 281]"
2025-10-12,0,Optimal,0.0006965814102662756,38425.87724430318,0.3965438000159338,18,7,8010,13,9.094947017729282e-13,4.547473508864641e-13,False,"[276, 258, 264, 265, 267, 270, 260]"
2025-10-12,6,Optimal,4.31800546713647e-05,4728.493694505859,0.409523199981777,10,6,4582,6,1.8189894035458565e-12,0.0,False,"[270, 260, 278, 265, 275, 264, 280]"
2025-10-12,12,Optimal,0.0008957327144862808,2027.6452267899763,0.20318069998756982,4,3,2128,4,1.3073986337985843e-12,0.0,False,"[274, 275, 260, 270, 258, 280, 283]"
2025-10-12,18,Optimal,0.0006647783728728314,2246.4474029651415,0.08409399999072775,1,1,757,4,2.2737367544323206e-13,0.0,False,"[273, 276, 266, 265, 267, 259, 269]"
2025-10-13,0,Optimal,0.0007205838664370404,40275.35433629703,0.3237950000038836,18,7,8010,13,9.094947017729282e-13,4.547473508864641e-13,False,"[276, 258, 263, 271, 261, 270, 260]"
2025-10-13,6,Optimal,0.0,813.1307643680684,0.037135799997486174,11,7,4835,0,9.094947017729282e-13,0.0,False,"[274, 276, 277, 265, 259, 283, 271]"
2025-10-13,12,Optimal,0.0,850.6146053862501,0.15155699997558258,4,3,2128,1,9.094947017729282e-13,0.0,False,"[279, 275, 263, 270, 259, 264, 281]"
2025-10-13,18,Optimal,8.43622306363444e-05,1345.3551911407496,0.041420399997150525,1,1,757,5,7.389644451905042e-13,0.0,False,"[273, 276, 266, 265, 280, 258, 269]"
2025-10-14,0,Optimal,0.0009317237616190471,41820.18385809164,0.3395118999760598,18,7,8010,13,1.8189894035458565e-12,2.2737367544323206e-13,False,"[276, 258, 263, 265, 267, 280, 260]"
2025-10-14,6,Optimal,0.0007607914945599975,-2041.6139763538006,0.2122308999823872,11,7,4835,2,9.094947017729282e-13,0.0,False,"[274, 276, 277, 265, 259, 264, 271]"
2025-10-14,12,Optimal,0.0,3348.2642781646423,1.856203800009098,4,3,2128,14,8.881784197001252e-13,0.0,False,"[274, 275, 260, 270, 262, 269, 284]"
2025-10-14,18,Optimal,0.0,1061.0384570016272,0.11060899999574758,1,1,757,2,7.958078640513122e-13,0.0,False,"[273, 264, 266, 265, 267, 259, 284]"
2025-10-15,0,Optimal,0.0007989038409304428,44494.98601228124,0.4487043999833986,18,7,8010,13,9.094947017729282e-13,2.2737367544323206e-13,False,"[276, 282, 285, 271, 267, 280, 260]"
2025-10-15,6,Optimal,0.0002018493935948284,-1223.3365349665864,0.31890589999966323,11,7,4835,1,9.094947017729282e-13,0.0,False,"[274, 276, 282, 268, 275, 285, 281]"
2025-10-15,12,Optimal,0.0008326452697573203,670.0935067259709,1.6308099000016227,4,3,2128,12,1.0231815394945443e-12,0.0,False,"[279, 275, 263, 270, 262, 264, 281]"
2025-10-15,18,Optimal,0.0008879044997422292,755.4946701268037,0.6148031000047922,1,1,757,9,5.684341886080801e-13,0.0,False,"[273, 277, 266, 265, 267, 286, 284]"
2025-10-16,0,Optimal,0.0009756667953164377,42186.942313394655,0.4336926999967545,18,7,8010,13,9.094947017729282e-13,0.0,False,"[276, 282, 263, 265, 267, 280, 260]"
2025-10-16,6,Optimal,6.637363507330889e-05,2020.1498639042297,1.239892300014617,10,6,4582,6,9.094947017729282e-13,3.588386550179415e-15,False,"[274, 276, 282, 268, 272, 266, 271]"
2025-10-16,12,Optimal,0.0002951228925226776,1333.072487847245,4.3616723000013735,4,3,2128,17,9.094947017729282e-13,6.377121053446899e-13,False,"[274, 275, 260, 270, 268, 269, 284]"
2025-10-16,18,Optimal,0.0008609033052776073,817.8836296648956,0.1374911000020802,1,1,757,8,6.821210263296962e-13,1.1368683772161603e-13,False,"[273, 277, 266, 265, 287, 271, 284]"
2025-10-17,0,Optimal,0.0008843763614652632,15095.335899614764,0.32354390001273714,17,7,7649,6,1.5916157281026244e-12,4.547473508864641e-13,False,"[276, 282, 263, 265, 267, 272, 262]"
2025-10-17,6,Optimal,0.0,1643.9626598160821,0.035366600000998005,11,7,4835,0,8.810729923425242e-13,0.0,False,"[270, 279, 282, 261, 272, 266, 281]"
2025-10-17,12,Optimal,0.0005825811523935428,2947.0305584565085,0.15620040000067092,4,3,2128,1,8.526512829121202e-13,0.0,False,"[274, 275, 263, 270, 280, 269, 284]"
2025-10-17,18,Optimal,4.206659242159847e-05,546.8330180184174,0.12411390000488609,1,1,757,9,5.684341886080801e-13,6.838973831690964e-14,False,"[273, 277, 266, 265, 288, 271, 284]"
2025-10-18,0,Optimal,0.0008867042253852675,17271.83712326922,0.9279281999915838,16,7,7288,11,9.094947017729282e-13,1.1368683772161603e-13,False,"[276, 282, 263, 265, 267, 280, 266]"
2025-10-18,6,Optimal,0.0,2.145102895816393,0.03400030001648702,10,6,4582,0,8.810729923425242e-13,0.0,False,"[274, 279, 282, 268, 264, 280, 281]"
2025-10-18,12,Optimal,0.0,240.9073268235478,0.014777400007005781,4,3,2128,0,9.094947017729282e-13,0.0,False,"[274, 275, 263, 271, 268, 269, 281]"
2025-10-18,18,Optimal,0.0,223.86538694047704,0.22933490001014434,1,1,757,3,9.094947017729282e-13,0.0,False,"[273, 276, 266, 285, 288, 286, 284]"
2025-10-19,0,Optimal,0.0004829595933121976,44500.79536472304,0.5039233999850694,17,7,7649,13,9.094947017729282e-13,2.2737367544323206e-13,False,"[276, 282, 290, 283, 279, 272, 266]"
2025-10-19,6,Optimal,0.00018850781893870955,268.0965138306383,0.257370000006631,11,7,4835,1,9.094947017729282e-13,0.0,False,"[274, 276, 282, 268, 264, 266, 271]"
2025-10-19,12,Optimal,0.0004601544138106709,1355.1549729777153,0.1579310999950394,4,3,2128,5,8.988365607365267e-13,0.0,False,"[279, 275, 263, 271, 280, 264, 281]"
2025-10-19,18,Optimal,0.00011958591641323611,1056.6700313186598,0.09219450000091456,1,1,757,4,2.0463630789890885e-12,0.0,False,"[273, 264, 266, 285, 288, 286, 269]"
2025-10-20,0,Optimal,0.00034461006302633786,48062.021625824316,0.3389620000089053,16,7,7288,13,9.094947017729282e-13,2.2737367544323206e-13,False,"[276, 282, 290, 265, 267, 272, 266]"
2025-10-20,6,Optimal,0.0,391.9315429733092,0.037075100000947714,11,7,4835,0,9.094947017729282e-13,0.0,False,"[270, 279, 282, 284, 283, 280, 281]"
2025-10-20,12,Optimal,0.0005918345783929907,680.0157707686681,0.21660240000346676,4,3,2128,3,1.4210854715202004e-12,0.0,False,"[274, 275, 289, 271, 286, 269, 284]"
2025-10-20,18,Optimal,0.0009457344870581194,357.73344254627574,0.12964209998608567,1,1,757,7,2.1600499167107046e-12,0.0,False,"[273, 276, 290, 285, 288, 286, 284]"
2025-10-21,0,Optimal,0.00057221212552811,46761.259823767236,1.9265489999961574,17,7,7649,612,4.433786671143025e-12,0.0,False,"[276, 282, 292, 265, 267, 272, 266]"
2025-10-21,6,Optimal,0.0,1573.6473844672003,0.42802339998888783,11,7,4835,3,9.094947017729282e-13,0.0,False,"[274, 279, 269, 284, 272, 266, 271]"
2025-10-21,12,Optimal,0.0007974276427390673,1381.3606181489067,4.098720699985279,4,3,2128,18,3.637978807091713e-12,0.0,False,"[274, 275, 289, 271, 286, 269, 284]"
2025-10-21,18,Optimal,3.993424080480507e-06,1007.2402354066711,0.14242029999149963,1,1,757,7,9.094947017729282e-13,0.0,False,"[273, 270, 290, 272, 280, 286, 269]"
2025-10-22,0,Optimal,0.00046722928841473073,43281.12801842533,0.3526648999832105,18,7,8010,12,9.094947017729282e-13,0.0,False,"[276, 282, 292, 271, 267, 272, 266]"
2025-10-22,6,Optimal,0.0009090841690533037,2167.299140434575,0.22975090000545606,11,7,4835,2,9.094947017729282e-13,2.2737367544323206e-13,False,"[274, 279, 282, 268, 272, 280, 281]"
2025-10-22,12,Optimal,0.0,4249.556552447434,0.4759506000264082,4,3,2128,6,7.958078640513122e-13,0.0,False,"[274, 275, 293, 271, 286, 269, 284]"
2025-10-22,18,Optimal,0.000651330792286298,1222.4191096690527,0.14819459998398088,1,1,757,6,7.958078640513122e-13,0.0,False,"[275, 270, 293, 285, 280, 286, 269]"
2025-10-23,0,Optimal,0.0006481385657618707,50810.231914021984,0.38020300000789575,17,7,7649,13,1.8189894035458565e-12,3.410605131648481e-13,False,"[276, 282, 292, 271, 267, 294, 278]"
2025-10-23,6,Optimal,0.0,-2338.759120642331,0.03528179999557324,11,7,4835,0,9.094947017729282e-13,0.0,False,"[270, 279, 282, 284, 272, 289, 281]"
2025-10-23,12,Optimal,0.0003712848829580288,2224.651920395041,0.10164950002217665,4,3,2128,1,9.094947017729282e-13,0.0,False,"[279, 275, 289, 287, 286, 291, 281]"
2025-10-23,18,Optimal,0.0002552952851597092,1111.636570065431,0.1384222999913618,1,1,757,8,9.094947017729282e-13,3.4638958368304884e-14,False,"[273, 270, 290, 294, 280, 286, 269]"
2025-10-24,0,Optimal,0.0007467616388902275,16174.781782665013,0.39235169999301434,18,7,8010,7,9.094947017729282e-13,0.0,False,"[276, 281, 290, 283, 293, 294, 278]"
2025-10-24,6,Optimal,0.0,475.3659196340734,0.03512570000020787,11,7,4835,0,8.589795541524836e-13,0.0,False,"[274, 279, 269, 291, 288, 289, 271]"
2025-10-24,12,Optimal,0.0,2135.204016263874,0.09263550001196563,4,3,2128,1,9.094947017729282e-13,5.872920175606691e-17,False,"[279, 275, 270, 295, 286, 291, 281]"
2025-10-24,18,Optimal,2.3502421723675154e-06,1330.8091405961882,0.09240319998934865,1,1,757,4,9.094947017729282e-13,0.0,False,"[275, 270, 295, 272, 280, 286, 269]"
2025-10-25,0,Optimal,0.00040392223386350243,15844.3768620411,0.3110672000038903,18,7,8010,6,9.094947017729282e-13,1.1368683772161603e-13,False,"[276, 281, 292, 271, 291, 294, 278]"
2025-10-25,6,Optimal,0.0,1200.722074800022,0.03170490000047721,9,5,4329,0,8.526512829121202e-13,0.0,False,"[274, 277, 292, 275, 296, 289, 281]"
2025-10-25,12,Optimal,2.4242966440695232e-05,2100.6952056498503,0.12194839998846874,4,3,2128,1,9.094947017729282e-13,0.0,False,"[274, 275, 270, 292, 286, 269, 284]"
2025-10-25,18,Optimal,6.188368949151796e-05,871.2884848332371,0.1130735999904573,1,1,757,4,7.958078640513122e-13,0.0,False,"[273, 270, 295, 285, 288, 271, 284]"
2025-10-26,0,Optimal,0.0005491827502580164,45606.06238942621,1.95181309999316,18,7,8010,648,2.7284841053187847e-12,1.8189894035458565e-12,False,"[276, 281, 290, 283, 293, 288, 270]"
2025-10-26,6,Optimal,0.0,988.8308606877064,0.8561184999998659,9,5,4329,3,1.1368683772161603e-12,0.0,False,"[270, 277, 292, 272, 285, 295, 281]"
2025-10-26,12,Optimal,0.0005178107007085146,4151.545728398709,0.11911310002324171,4,3,2128,3,7.958078640513122e-13,0.0,False,"[279, 275, 270, 292, 286, 297, 281]"
2025-10-26,18,Optimal,7.947138805297261e-05,1393.1378347194914,0.08265830000163987,1,1,757,4,2.0463630789890885e-12,1.0880185641326534e-14,False,"[275, 270, 295, 283, 287, 292, 284]"
2025-10-27,0,Optimal,0.0003457850409037635,41292.34265065521,1.6683639000111725,18,7,8010,648,5.9401372709544376e-12,2.220446049250313e-16,False,"[276, 281, 287, 275, 279, 284, 280]"
2025-10-27,6,Optimal,0.0009655096633636328,8208.01647370556,0.7289974000013899,10,6,4582,6,9.094947017729282e-13,6.661338147750939e-16,False,"[290, 277, 284, 272, 285, 295, 281]"
2025-10-27,12,Optimal,0.00030143482155846243,2816.1214790528584,0.21704509999835864,4,3,2128,3,9.094947017729282e-13,8.188449918122842e-14,False,"[274, 275, 298, 292, 286, 297, 281]"
2025-10-27,18,Optimal,0.0,232.9978843625495,0.072329799993895,1,1,757,1,8.100187187665142e-13,0.0,False,"[273, 298, 295, 285, 288, 292, 284]"
2025-10-28,0,Optimal,0.0005651834992442121,41641.408080342946,0.37786120001692325,17,7,7649,13,9.094947017729282e-13,2.2737367544323206e-13,False,"[276, 281, 287, 275, 293, 288, 280]"
2025-10-28,6,Optimal,0.00012674330538826764,5708.891432773352,0.6568834999925457,11,7,4835,9,9.094947017729282e-13,0.0,False,"[274, 277, 292, 272, 285, 298, 287]"
2025-10-28,12,Optimal,0.0,5464.533579065829,0.5209220999968238,4,3,2128,4,3.751665644813329e-12,1.1368683772161603e-13,False,"[279, 275, 293, 287, 286, 291, 281]"
2025-10-28,18,Optimal,0.0,527.2960818070792,0.092099400004372,1,1,757,3,6.821210263296962e-13,0.0,False,"[273, 298, 295, 291, 287, 292, 284]"
2025-10-29,0,Optimal,0.0003263205110012414,46296.38067313756,0.3714660999830812,17,7,7649,13,1.8189894035458565e-12,2.2737367544323206e-13,False,"[276, 281, 287, 275, 293, 288, 278]"
2025-10-29,6,Optimal,0.0003538868307915537,2586.1290653845595,1.0850948999868706,10,6,4582,8,9.094947017729282e-13,0.0,False,"[290, 279, 293, 275, 285, 289, 281]"
2025-10-29,12,Optimal,0.0,2109.636736984046,0.2376292000117246,4,3,2128,4,9.094947017729282e-13,0.0,False,"[274, 275, 293, 292, 286, 297, 284]"
2025-10-29,18,Optimal,0.0,912.0312273112091,0.08407359998091124,1,1,757,1,7.958078640513122e-13,0.0,False,"[273, 298, 295, 291, 294, 292, 284]"
2025-10-30,0,Optimal,0.0006994895801769309,41015.19874599254,0.3629800000053365,18,7,8010,13,9.094947017729282e-13,2.2737367544323206e-13,False,"[276, 282, 290, 283, 293, 288, 278]"
2025-10-30,6,Optimal,0.0008116947365313879,6028.5581915087805,0.6738171000033617,10,6,4582,9,1.1119993814645568e-12,0.0,False,"[290, 278, 301, 275, 285, 298, 287]"
2025-10-30,12,Optimal,0.00010703853323991167,5299.779415648077,0.30267879998427816,4,3,2128,5,9.094947017729282e-13,0.0,False,"[274, 289, 298, 292, 286, 297, 284]"
2025-10-30,18,Optimal,0.0006875306151549454,620.5616710821312,0.07575889999861829,1,1,757,1,2.5011104298755527e-12,0.0,False,"[275, 298, 290, 300, 287, 297, 284]"
2025-10-31,0,Optimal,0.0006702575616528576,18414.791593167025,0.3611463000124786,18,7,8010,8,9.094947017729282e-13,0.0,False,"[295, 298, 292, 286, 291, 299, 302]"
2025-10-31,6,Optimal,0.0,-479.32370624482843,0.35363209998467937,11,7,4835,2,2.5011104298755527e-12,9.094947017729282e-13,False,"[299, 278, 284, 283, 297, 289, 287]"
2025-10-31,12,Optimal,0.0,873.0136072104873,0.19252910002251156,4,3,2128,3,8.717471189356729e-13,0.0,False,"[277, 299, 301, 302, 286, 297, 281]"
2025-10-31,18,Optimal,0.00036023004390291566,-207.76695380475735,0.09992080001393333,1,1,757,4,5.684341886080801e-13,0.0,False,"[275, 293, 299, 285, 294, 292, 284]"
2025-11-01,0,Optimal,0.0006441697843006561,17212.357570269025,0.39365390001330525,18,7,8010,7,9.094947017729282e-13,4.547473508864641e-13,False,"[295, 298, 292, 279, 291, 299, 302]"
2025-11-01,6,Optimal,0.0,-250.46328532110243,0.03589980001561344,11,7,4835,0,9.094947017729282e-13,0.0,False,"[299, 278, 301, 283, 297, 289, 287]"
2025-11-01,12,Optimal,0.0008634670875082626,1449.2010225028457,0.10501389999990351,4,3,2128,1,9.094947017729282e-13,0.0,False,"[277, 293, 296, 303, 286, 297, 284]"
2025-11-01,18,Optimal,0.0,67.68024302571156,0.13081130001228303,1,1,757,3,6.821210263296962e-13,8.171241461241152e-14,False,"[278, 290, 291, 285, 288, 297, 284]"
2025-11-02,0,Optimal,0.00041814676474053836,45447.59493538705,0.33664049999788404,17,7,7649,13,9.094947017729282e-13,2.2737367544323206e-13,False,"[277, 297, 285, 303, 296, 304, 302]"
2025-11-02,6,Optimal,0.0008454623876069746,6314.461012360106,0.36549950001062825,11,7,4835,6,9.094947017729282e-13,0.0,False,"[299, 282, 284, 304, 285, 289, 281]"
2025-11-02,12,Optimal,0.0009639011734057082,1137.7470887156762,0.6549952000204939,4,3,2128,13,4.320099833421409e-12,0.0,False,"[278, 293, 304, 303, 286, 297, 284]"
2025-11-02,18,Optimal,0.0007860472453181496,548.5070501387885,0.07725849997950718,1,1,757,4,1.9326762412674725e-12,0.0,False,"[277, 290, 291, 285, 302, 297, 284]"
2025-11-03,0,Optimal,0.000542199377546208,48918.0094803741,2.0957003999792505,18,7,8010,648,5.353513188310899e-10,1.4438228390645236e-11,False,"[281, 287, 283, 301, 284, 305, 302]"
2025-11-03,6,Optimal,0.0008187267908292759,1933.1378739665547,0.34193989998311736,10,6,4582,5,9.094947017729282e-13,0.0,False,"[299, 282, 284, 304, 297, 289, 281]"
2025-11-03,12,Optimal,6.773719403049273e-05,933.9439523973244,0.3291388000070583,4,3,2128,6,9.094947017729282e-13,0.0,False,"[289, 300, 305, 287, 286, 297, 281]"
2025-11-03,18,Optimal,0.0,273.87469386674496,0.12232589998166077,1,1,757,4,6.821210263296962e-13,0.0,False,"[298, 295, 300, 285, 294, 286, 284]"
2025-11-04,0,Optimal,0.00047576600679430066,45250.819513381524,0.4067747000080999,16,7,7288,13,9.094947017729282e-13,2.2737367544323206e-13,False,"[281, 287, 306, 303, 296, 304, 302]"
2025-11-04,6,Optimal,8.362634706088722e-05,5216.344193631242,2.24720559999696,10,6,4582,9,9.094947017729282e-13,2.1316282072803006e-14,False,"[299, 293, 284, 304, 285, 289, 281]"
2025-11-04,12,Optimal,0.0007422337734699525,2798.663886270007,1.4521662999759428,4,3,2128,11,5.9117155615240335e-12,7.105427357601002e-15,False,"[299, 298, 305, 287, 286, 291, 281]"
2025-11-04,18,Optimal,3.0323661674851806e-05,746.5606676519195,0.3363379000220448,1,1,757,5,7.958078640513122e-13,0.0,False,"[304, 299, 300, 296, 280, 286, 284]"
2025-11-05,0,Optimal,0.00045226340294450275,50638.369229890064,0.4090476999990642,18,7,8010,13,9.094947017729282e-13,2.2737367544323206e-13,False,"[281, 287, 306, 301, 284, 304, 302]"
2025-11-05,6,Optimal,0.0,-1559.171929536686,0.035637699998915195,11,7,4835,0,8.881784197001252e-13,0.0,False,"[299, 307, 284, 283, 297, 289, 287]"
2025-11-05,12,Optimal,0.0009404044056983365,712.7079779008377,0.2754133999987971,4,3,2128,11,1.2505552149377763e-12,4.147473826504139e-15,False,"[293, 300, 304, 295, 286, 291, 281]"
2025-11-05,18,Optimal,0.0,396.75863267539603,0.09543819999089465,1,1,757,8,9.094947017729282e-13,0.0,False,"[306, 299, 285, 287, 289, 307, 283]"
2025-11-06,0,Optimal,0.0003503251710695049,47144.04478435733,0.32642130000749603,17,7,7649,13,1.9326762412674725e-12,4.547473508864641e-13,False,"[281, 297, 285, 303, 296, 307, 302]"
2025-11-06,6,Optimal,0.000547769934308466,5103.182970434207,0.30557490000501275,11,7,4835,4,9.094947017729282e-13,1.1368683772161603e-13,False,"[305, 293, 284, 304, 285, 289, 281]"
2025-11-06,12,Optimal,1.4088860807396495e-05,2827.56781478228,0.21445199998561293,4,3,2128,10,1.8189894035458565e-12,7.460698725481052e-14,False,"[299, 298, 304, 303, 286, 297, 284]"
2025-11-06,18,Optimal,0.0,-5.9546321419419685,0.22302419997868128,1,1,757,8,2.0463630789890885e-12,0.0,False,"[306, 299, 300, 301, 292, 307, 283]"
2025-11-07,0,Optimal,0.0003117564979539727,17930.847678122234,0.4091224000148941,18,7,8010,9,9.094947017729282e-13,4.547473508864641e-13,False,"[282, 287, 306, 301, 284, 304, 302]"
2025-11-07,6,Optimal,0.0,1010.8896926229863,0.036866200010990724,11,7,4835,0,9.094947017729282e-13,0.0,False,"[299, 307, 284, 283, 285, 302, 294]"
2025-11-07,12,Optimal,0.0,709.6307945904714,0.10099249999620952,4,3,2128,1,7.958078640513122e-13,0.0,False,"[293, 298, 296, 303, 307, 291, 285]"
2025-11-07,18,Optimal,0.0,-88.06803427843828,0.09956440000678413,1,1,757,3,9.094947017729282e-13,0.0,False,"[304, 299, 291, 301, 292, 307, 284]"
2025-11-08,0,Optimal,0.0005692772274393516,18020.34661725452,1.7926431999949273,17,7,7649,612,1.8189894035458565e-12,1.8189894035458565e-12,False,"[308, 290, 283, 293, 310, 304, 302]"
2025-11-08,6,Optimal,8.249393772806519e-06,1119.6144465284253,0.6117736999876797,10,6,4582,5,2.0969892489119957e-12,7.929656931082718e-13,False,"[310, 307, 284, 283, 285, 302, 294]"
2025-11-08,12,Optimal,0.0,1397.6413486043257,0.1017392999783624,4,3,2128,1,9.094947017729282e-13,0.0,False,"[299, 309, 305, 302, 295, 288, 283]"
2025-11-08,18,Optimal,8.858385817565957e-05,85.82065986278747,0.08765020000282675,1,1,757,3,9.094947017729282e-13,0.0,False,"[290, 308, 291, 300, 289, 297, 286]"
2025-11-09,0,Optimal,0.0003828600557680896,48626.669506576836,0.38947989998268895,17,7,7649,14,9.094947017729282e-13,4.547473508864641e-13,False,"[308, 290, 311, 293, 310, 304, 302]"
2025-11-09,6,Optimal,8.285842565620958e-05,1767.3963612515024,0.24324639997212216,11,7,4835,3,1.6484591469634324e-12,1.1368683772161603e-13,False,"[299, 293, 284, 304, 297, 302, 294]"
2025-11-09,12,Optimal,0.00020062464583638564,1678.207469068266,0.4740270999900531,4,3,2128,8,2.0463630789890885e-12,1.1368683772161603e-13,False,"[299, 311, 296, 292, 287, 288, 297]"
2025-11-09,18,Optimal,3.929102092597437e-05,1036.369108224645,0.08418249999522232,1,1,757,6,7.958078640513122e-13,0.0,False,"[304, 306, 310, 300, 296, 297, 286]"
2025-11-10,0,Optimal,0.0004099156010839849,49284.37143360887,2.006494400004158,17,7,7649,612,8.71978045324795e-11,3.637978807091713e-12,False,"[308, 290, 311, 293, 310, 304, 302]"
2025-11-10,6,Optimal,0.0009827394301251307,5728.895789521634,0.796558100002585,9,5,4329,14,9.094947017729282e-13,1.1368683772161603e-13,False,"[299, 293, 309, 304, 285, 302, 287]"
2025-11-10,12,Optimal,0.0008333515206677295,1422.4847804777876,0.18976139998994768,4,3,2128,10,9.094947017729282e-13,0.0,False,"[299, 309, 296, 292, 303, 286, 297]"
2025-11-10,18,Optimal,7.026436152982037e-05,367.70869794696733,0.1538810999772977,1,1,757,8,7.616129948928574e-13,0.0,False,"[304, 306, 310, 285, 301, 292, 307]"
2025-11-11,0,Optimal,0.0002959953823849874,50819.094060105395,1.8840581999975257,18,7,8010,648,2.0941115508321673e-10,1.8189894035458565e-12,False,"[308, 290, 286, 312, 288, 304, 302]"
2025-11-11,6,Optimal,0.0,1072.112275557862,0.037587600003462285,11,7,4835,0,9.094947017729282e-13,0.0,False,"[310, 292, 306, 312, 297, 302, 294]"
2025-11-11,12,Optimal,0.0006484755116427628,320.4967519660079,0.12546650000149384,4,3,2128,5,1.3747028207136383e-12,1.2372325386422744e-12,False,"[299, 311, 296, 292, 303, 313, 290]"
2025-11-11,18,Optimal,0.0006886212320267172,552.2287514317543,0.13836919999448583,1,1,757,5,9.094947017729282e-13,2.392827620287344e-14,False,"[304, 306, 310, 300, 296, 292, 307]"
2025-11-12,0,Optimal,0.000426258093440256,48014.96057944436,2.4873351999849547,18,7,8010,648,3.183231456205249e-12,2.2737367544323206e-13,False,"[308, 290, 311, 312, 288, 304, 302]"
2025-11-12,6,Optimal,0.00032172799556623465,5724.182956195561,0.3910066999960691,11,7,4835,3,9.094947017729282e-13,1.1368683772161603e-13,False,"[299, 307, 306, 303, 288, 308, 295]"
2025-11-12,12,Optimal,0.0,1111.190415715602,0.6190783000201918,4,3,2128,12,1.580957587066223e-12,0.0,False,"[299, 309, 296, 292, 303, 294, 290]"
2025-11-12,18,Optimal,0.0004764609315180179,575.7806229624307,0.09923049999633804,1,1,757,4,7.958078640513122e-13,0.0,False,"[303, 308, 310, 300, 314, 292, 294]"
2025-11-13,0,Optimal,0.0004067802174130155,46910.13733188065,2.0493685000110418,18,7,8010,648,4.490630090003833e-12,2.220446049250313e-16,False,"[308, 292, 303, 315, 288, 304, 302]"
2025-11-13,6,Optimal,0.0005872168748360696,3584.332668676525,0.26140039999154396,11,7,4835,5,1.8189894035458565e-12,0.0,False,"[315, 313, 301, 291, 304, 311, 295]"
2025-11-13,12,Optimal,8.072042728364045e-05,3185.3477871668333,0.21855020002112724,4,3,2128,4,8.810729923425242e-13,2.220446049250313e-16,False,"[299, 309, 296, 315, 312, 294, 290]"
2025-11-13,18,Optimal,0.0008549491305649704,1054.4523991855037,0.05119399999966845,1,1,757,5,5.684341886080801e-13,0.0,False,"[304, 306, 310, 315, 314, 302, 294]"
2025-11-14,0,Optimal,0.0007644965098514482,18287.119594837757,0.4843872000055853,18,7,8010,9,9.094947017729282e-13,0.0,False,"[308, 292, 303, 315, 299, 305, 302]"
2025-11-14,6,Optimal,0.0,91.33444653631967,0.03633949998766184,11,7,4835,0,9.094947017729282e-13,0.0,False,"[315, 292, 301, 300, 304, 311, 295]"
2025-11-14,12,Optimal,0.0,1883.0567515562693,0.02294709999114275,4,3,2128,0,9.094947017729282e-13,0.0,False,"[293, 311, 296, 310, 303, 307, 291]"
2025-11-14,18,Optimal,0.0,216.8879953034713,0.1293792000215035,1,1,757,2,6.821210263296962e-13,7.249477097496355e-17,False,"[303, 308, 310, 315, 314, 292, 294]"
2025-11-15,0,Optimal,0.0006075573954148305,19503.85962299957,0.39249929998186417,18,7,8010,10,9.094947017729282e-13,2.2737367544323206e-13,False,"[308, 292, 303, 315, 299, 305, 316]"
2025-11-15,6,Optimal,0.0,423.0122417646921,0.03508450000663288,11,7,4835,0,9.094947017729282e-13,0.0,False,"[315, 313, 301, 291, 296, 311, 294]"
2025-11-15,12,Optimal,0.00047263093558009385,853.302268021508,0.12454050002270378,4,3,2128,2,8.526512829121202e-13,0.0,False,"[308, 298, 305, 310, 303, 307, 291]"
2025-11-15,18,Optimal,0.0,131.28494769372458,0.09099170000990853,1,1,757,2,7.958078640513122e-13,5.684341886080802e-14,False,"[317, 308, 311, 315, 301, 292, 307]"
2025-11-16,0,Optimal,0.00036332759949011324,48984.53060944482,2.239108000008855,18,7,8010,648,4.405364961712621e-12,1.8189894035458565e-12,False,"[308, 292, 303, 315, 299, 305, 316]"
2025-11-16,6,Optimal,0.00011780516363090375,6460.544536581169,0.7933620999974664,10,6,4582,8,2.3874235921539366e-12,3.637978807091713e-12,False,"[299, 307, 306, 318, 296, 311, 294]"
2025-11-16,12,Optimal,0.0,3571.786771520883,0.3464179000002332,4,3,2128,4,8.100187187665142e-13,0.0,False,"[293, 311, 296, 315, 312, 294, 297]"
2025-11-16,18,Optimal,0.00016599820710009645,764.3183694732069,0.12768490001326427,1,1,757,5,6.821210263296962e-13,0.0,False,"[304, 299, 310, 300, 314, 302, 294]"
2025-11-17,0,Optimal,0.00030479788922502975,47261.604552752964,1.9308239000092726,16,7,7288,576,3.888089850079268e-11,3.637978807091713e-12,False,"[308, 292, 303, 315, 307, 317, 316]"
2025-11-17,6,Optimal,0.0,9196.034666701727,0.34215530002256855,11,7,4835,2,9.094947017729282e-13,0.0,False,"[299, 307, 301, 300, 304, 308, 295]"
2025-11-17,12,Optimal,0.00013289644770344552,3215.972674788943,0.2675022999756038,4,3,2128,5,7.958078640513122e-13,0.0,False,"[308, 298, 305, 310, 312, 295, 297]"
2025-11-17,18,Optimal,0.0,148.10141592409335,0.09353670000564307,1,1,757,6,1.9326762412674725e-12,0.0,False,"[304, 308, 311, 300, 314, 292, 294]"
2025-11-18,0,Optimal,0.00032603166570036724,49959.73146345207,0.44405099999858066,16,7,7288,14,3.637978807091713e-12,2.2737367544323206e-13,False,"[308, 314, 301, 296, 313, 294, 302]"
2025-11-18,6,Optimal,0.0,638.8376838809019,0.4765276999969501,11,7,4835,3,1.1368683772161603e-12,0.0,False,"[320, 307, 301, 300, 304, 311, 294]"
2025-11-18,12,Optimal,0.0007694292979414748,2790.3474524421126,0.24326980000478216,4,3,2128,7,1.4352963262354024e-12,1.098676705169055e-12,False,"[299, 309, 296, 315, 302, 307, 297]"
2025-11-18,18,Optimal,1.220028718628931e-05,334.8617310880512,0.05569229999673553,1,1,757,5,9.094947017729282e-13,0.0,False,"[304, 308, 295, 300, 319, 313, 294]"
2025-11-19,0,Optimal,0.00047009219636924603,49179.779463292834,1.9264057999826036,17,7,7649,612,1.5415935195051134e-10,4.547473508864641e-13,False,"[308, 314, 301, 310, 304, 309, 302]"
2025-11-19,6,Optimal,0.0,6730.105522927704,0.043007400003261864,11,7,4835,0,9.094947017729282e-13,1.1368683772161603e-13,False,"[299, 313, 301, 303, 316, 308, 294]"
2025-11-19,12,Optimal,0.00014953419238478014,1442.9305943550553,0.3701397000113502,4,3,2128,7,9.094947017729282e-13,2.220446049250313e-16,False,"[299, 311, 296, 315, 312, 294, 297]"
2025-11-19,18,Optimal,0.00015594652077728763,400.79010914198085,0.10723999998299405,1,1,757,6,9.094947017729282e-13,5.115907697472721e-14,False,"[317, 308, 311, 315, 318, 302, 307]"
2025-11-20,0,Optimal,0.00023118241628512816,48950.3765650259,0.4258794999914244,17,7,7649,13,2.9674041002181184e-12,0.0,False,"[308, 314, 301, 310, 304, 321, 322]"
2025-11-20,6,Optimal,0.0,1774.1079497190867,0.7103155000077095,11,7,4835,13,1.1368683772161603e-12,0.0,False,"[299, 313, 301, 318, 296, 311, 321]"
2025-11-20,12,Optimal,0.0,2896.7305787649275,0.42904670001007617,4,3,2128,6,1.4779288903810084e-12,0.0,False,"[299, 311, 296, 322, 302, 307, 297]"
2025-11-20,18,Optimal,0.0007459564416759926,662.2481429947557,0.11825339999631979,1,1,757,4,6.821210263296962e-13,0.0,False,"[304, 299, 321, 300, 318, 313, 297]"
2025-11-21,0,Optimal,0.0005326815688210671,18809.61044743481,0.3482899999944493,18,7,8010,10,9.094947017729282e-13,2.2737367544323206e-13,False,"[298, 306, 312, 299, 305, 319, 322]"
2025-11-21,6,Optimal,0.0,1468.6029221083013,0.07631570001831278,10,6,4582,0,8.881784197001252e-13,0.0,False,"[299, 305, 301, 318, 304, 297, 321]"
2025-11-21,12,Optimal,0.0,715.5216791667159,0.015265299996826798,4,3,2128,0,9.094947017729282e-13,0.0,False,"[308, 298, 305, 315, 312, 314, 297]"
2025-11-21,18,Optimal,0.0,261.5865913236077,0.08274209999945015,1,1,757,3,7.958078640513122e-13,0.0,False,"[317, 308, 310, 300, 323, 302, 297]"
2025-11-22,0,Optimal,0.0007663318865198914,20440.30813449524,0.30631429998902604,17,7,7649,11,9.094947017729282e-13,2.2737367544323206e-13,False,"[298, 306, 312, 307, 317, 324, 322]"
2025-11-22,6,Optimal,0.0,-878.6004866370746,0.03594400000292808,11,7,4835,0,9.094947017729282e-13,0.0,False,"[299, 324, 319, 309, 304, 297, 321]"
2025-11-22,12,Optimal,0.0,58.24861187897877,0.13160059999790974,4,3,2128,1,1.1368683772161603e-12,2.3092638912203256e-14,False,"[299, 311, 305, 315, 312, 314, 297]"
2025-11-22,18,Optimal,0.0,37.602290368743205,0.09877480001887307,1,1,757,4,7.958078640513122e-13,0.0,False,"[304, 308, 321, 300, 319, 313, 297]"
2025-11-23,0,Optimal,0.00042845536539108816,49549.45445453198,1.8108474000182468,17,7,7649,612,4.320099833421409e-12,4.440892098500626e-16,False,"[298, 325, 312, 307, 317, 324, 322]"
2025-11-23,6,Optimal,1.8957706780004363e-05,4493.249061557633,0.5327449000033084,11,7,4835,4,9.094947017729282e-13,1.1368683772161603e-13,False,"[299, 324, 319, 309, 312, 316, 321]"
2025-11-23,12,Optimal,0.0008327763418160635,261.9837282829184,0.1839828999945894,4,3,2128,6,3.410605131648481e-12,1.5640736436466519e-13,False,"[299, 311, 305, 315, 312, 314, 313]"
2025-11-23,18,Optimal,0.0,307.8779838739038,0.08733510001911782,1,1,757,4,7.958078640513122e-13,2.078337502098293e-14,False,"[317, 308, 321, 300, 325, 314, 309]"
2025-11-24,0,Optimal,0.000508720532352207,48748.84832172255,2.278260799997952,18,7,8010,648,2.6147972675971687e-12,2.220446049250313e-16,False,"[318, 311, 315, 313, 309, 326, 322]"
2025-11-24,6,Optimal,0.0007337346262833942,1982.39485721987,0.21736609999788925,11,7,4835,3,9.094947017729282e-13,0.0,False,"[320, 305, 314, 306, 303, 316, 321]"
2025-11-24,12,Optimal,0.000763656724753674,2390.4047902153293,1.003757600003155,4,3,2128,8,7.958078640513122e-13,0.0,False,"[299, 311, 305, 315, 312, 314, 318]"
2025-11-24,18,Optimal,0.0,92.27420540229738,0.06008239998482168,1,1,757,2,1.6928680679484387e-12,0.0,False,"[320, 308, 321, 300, 326, 314, 309]"
2025-11-25,0,Optimal,0.00034181435309293365,56946.56607408038,0.4394625000131782,17,7,7649,14,9.094947017729282e-13,4.547473508864641e-13,False,"[318, 311, 315, 304, 321, 327, 322]"
2025-11-25,6,Optimal,0.0,-2460.7387171303844,0.0804935000196565,11,7,4835,0,9.094947017729282e-13,0.0,False,"[320, 324, 319, 309, 312, 323, 321]"
2025-11-25,12,Optimal,0.0,-781.0260236684603,0.015415900008520111,4,3,2128,0,8.86402062860725e-13,0.0,False,"[306, 301, 304, 310, 323, 325, 327]"
2025-11-25,18,Optimal,0.00020981918444782255,333.87081073134215,0.09162689998629503,1,1,757,5,1.7053025658242404e-12,6.145084441300241e-14,False,"[317, 308, 312, 301, 318, 302, 307]"
2025-11-26,0,Optimal,0.0005076977882732803,52929.850017176155,2.2119438000081573,18,7,8010,648,3.637978807091713e-12,1.8189894035458565e-12,False,"[308, 325, 312, 313, 309, 326, 302]"
2025-11-26,6,Optimal,0.0007003980059998296,2852.9881025267246,0.18682669999543577,11,7,4835,1,9.094947017729282e-13,2.2737367544323206e-13,False,"[320, 324, 314, 306, 312, 316, 321]"
2025-11-26,12,Optimal,0.0003967198005183651,358.189477977647,0.10125760000664741,4,3,2128,3,2.2737367544323206e-12,1.8189894035458565e-12,False,"[306, 326, 317, 310, 312, 325, 327]"
2025-11-26,18,Optimal,0.00024283028301042055,539.0541783419685,0.05031819999567233,1,1,757,5,7.958078640513122e-13,0.0,False,"[320, 308, 312, 325, 323, 302, 305]"
2025-11-27,0,Optimal,0.0005151534760730272,51226.55045987133,2.1486941000039224,18,7,8010,648,2.7284841053187847e-12,2.220446049250313e-16,False,"[308, 325, 312, 313, 309, 326, 302]"
2025-11-27,6,Optimal,0.0,3509.7054891604225,0.49896719999378547,11,7,4835,3,1.8189894035458565e-12,5.861977570020827e-14,False,"[310, 324, 328, 325, 303, 323, 321]"
2025-11-27,12,Optimal,0.0,1274.5972569302248,0.47192520002136007,4,3,2128,11,9.094947017729282e-13,3.410605131648481e-13,False,"[306, 329, 304, 310, 312, 325, 327]"
2025-11-27,18,Optimal,0.00022332934604964464,422.83319826024956,0.08358920001774095,1,1,757,5,6.821210263296962e-13,0.0,False,"[317, 308, 310, 325, 323, 302, 307]"
2025-11-28,0,Optimal,0.0004507221145060015,19222.295610732388,0.3115366999991238,17,7,7649,11,1.8189894035458565e-12,0.0,False,"[308, 325, 312, 307, 317, 324, 323]"
2025-11-28,6,Optimal,0.0,744.8868026645289,0.03785839999909513,10,6,4582,0,9.094947017729282e-13,0.0,False,"[310, 324, 326, 306, 318, 323, 321]"
2025-11-28,12,Optimal,0.0003326668050708797,320.43589104323235,0.43020530001376756,4,3,2128,11,9.094947017729282e-13,0.0,False,"[306, 330, 328, 315, 323, 325, 327]"
2025-11-28,18,Optimal,0.0,174.55486845191683,0.1341594000114128,1,1,757,3,6.821210263296962e-13,0.0,False,"[317, 308, 321, 316, 318, 328, 307]"
2025-11-29,0,Optimal,0.0007429876521048992,23634.21100432736,2.3980220000084955,18,7,8010,648,6.574509825441055e-10,7.889244812986362e-13,False,"[308, 325, 315, 313, 317, 324, 323]"
2025-11-29,6,Optimal,0.0,-1549.8167415379244,0.039375699998345226,11,7,4835,0,8.988365607365267e-13,0.0,False,"[320, 329, 326, 319, 318, 304, 321]"
2025-11-29,12,Optimal,0.0002009838118975516,119.21334961584702,0.2033481000107713,4,3,2128,6,8.668621376273222e-13,5.93444043905933e-13,False,"[306, 329, 328, 315, 323, 331, 327]"
2025-11-29,18,Optimal,0.0,368.02501944880834,0.12098710000282153,1,1,757,4,6.821210263296962e-13,0.0,False,"[320, 308, 331, 315, 318, 328, 305]"
2025-11-30,0,Optimal,0.00033736098509859263,53486.105143012755,1.9539511000039056,17,7,7649,612,1.1084466677857563e-10,1.3300471835009375e-13,False,"[332, 306, 312, 307, 317, 324, 323]"
2025-11-30,6,Optimal,0.0,2907.2663004220867,0.355307099991478,11,7,4835,3,9.094947017729282e-13,5.826450433232822e-13,False,"[320, 324, 326, 319, 318, 323, 321]"
2025-11-30,12,Optimal,0.0,1946.04073054422,1.586775600007968,4,3,2128,12,9.094947017729282e-13,8.513514887358874e-13,False,"[332, 329, 305, 310, 323, 331, 327]"
2025-11-30,18,Optimal,0.0,406.30886632446425,0.096201199979987,1,1,757,4,9.094947017729282e-13,3.375077994860476e-14,False,"[324, 329, 310, 316, 323, 322, 305]"
2025-12-01,0,Optimal,0.00040515294889233714,56643.32870289392,2.6399076000088826,17,7,7649,612,3.069544618483633e-12,2.220446049250313e-16,False,"[332, 306, 312, 307, 333, 324, 323]"
2025-12-01,6,Optimal,0.0,-284.51316419139255,0.5902689000067767,11,7,4835,5,9.094947017729282e-13,3.1796787425264483e-13,False,"[310, 330, 326, 319, 309, 323, 321]"
2025-12-01,12,Optimal,0.0004024230974130532,489.4104372611651,0.5376589999941643,4,3,2128,7,9.094947017729282e-13,5.392890725341316e-13,False,"[332, 311, 326, 315, 319, 331, 313]"
2025-12-01,18,Optimal,0.000139213230638113,486.55675554697143,0.08145199998398311,1,1,757,4,7.958078640513122e-13,1.8882204827486149e-13,False,"[320, 306, 310, 325, 323, 328, 307]"
2025-12-02,0,Optimal,0.0004319466654987755,58143.693279325336,0.3573698000109289,18,7,8010,14,3.637978807091713e-12,4.547473508864641e-13,False,"[332, 325, 315, 313, 309, 326, 322]"
2025-12-02,6,Optimal,0.0005805477513193517,1443.3955841642846,0.5451128999993671,11,7,4835,8,1.7621459846850485e-12,1.1368683772161603e-13,False,"[310, 330, 326, 319, 318, 323, 334]"
2025-12-02,12,Optimal,3.43275004250489e-05,465.6411585329976,1.024817700003041,4,3,2128,12,9.094947017729282e-13,1.1368683772161603e-13,False,"[308, 330, 322, 319, 323, 313, 334]"
2025-12-02,18,Optimal,5.4753629768535825e-05,485.54006747094064,0.1290568999829702,1,1,757,8,5.684341886080801e-13,1.172950625516478e-13,False,"[320, 311, 310, 325, 314, 313, 334]"
2025-12-03,0,Optimal,0.00036202732953446575,52268.129586735464,0.3809274999948684,16,7,7288,15,1.8189894035458565e-12,2.2737367544323206e-13,False,"[332, 325, 315, 331, 321, 327, 320]"
2025-12-03,6,Optimal,0.00013179799803670692,8319.916890433033,0.17810600000666454,10,6,4582,3,9.094947017729282e-13,2.2737367544323206e-13,False,"[310, 313, 326, 325, 332, 335, 321]"
2025-12-03,12,Optimal,0.00019838376188723413,3536.0648128517937,0.3078447000007145,4,3,2128,6,1.8189894035458565e-12,0.0,False,"[309, 330, 322, 319, 313, 325, 335]"
2025-12-03,18,Optimal,1.674069640283105e-05,407.3250104177091,0.11852710001403466,1,1,757,6,7.958078640513122e-13,6.661338147750939e-14,False,"[320, 311, 310, 325, 314, 313, 334]"
2025-12-04,0,Optimal,0.0005687908386638334,57894.503561255224,0.3840848999971058,18,7,8010,14,9.094947017729282e-13,4.547473508864641e-13,False,"[332, 311, 310, 317, 319, 316, 335]"
2025-12-04,6,Optimal,0.0006869988675850201,3573.8373602982533,2.07405120000476,10,6,4582,360,3.751665644813329e-12,0.0,False,"[310, 313, 326, 325, 334, 336, 311]"
2025-12-04,12,Optimal,0.0,107.20211243471502,0.33780920002027415,4,3,2128,4,8.810729923425242e-13,0.0,False,"[309, 326, 319, 323, 324, 334, 335]"
2025-12-04,18,Optimal,4.8101464784830536e-05,340.8092936877586,0.1365654999972321,1,1,757,6,7.958078640513122e-13,0.0,False,"[320, 331, 312, 319, 314, 322, 334]"
2025-12-05,0,Optimal,0.0005081122458482598,22034.988588817152,0.39153880000230856,18,7,8010,14,1.8189894035458565e-12,2.2737367544323206e-13,False,"[332, 311, 310, 317, 324, 323, 337]"
2025-12-05,6,Optimal,2.780596538026838e-06,4079.996118169359,0.9807454000110738,11,7,4835,5,1.8189894035458565e-12,2.021099337273174e-12,False,"[310, 313, 329, 325, 335, 336, 337]"
2025-12-05,12,Optimal,0.00038667939952821646,1649.6513937493332,0.9500762000097893,4,3,2128,144,2.2168933355715126e-12,0.0,False,"[311, 328, 319, 336, 331, 337, 335]"
2025-12-05,18,Optimal,0.0008629333353587975,-101.32259158574116,0.09697820001747459,1,1,757,4,5.684341886080801e-13,4.870240045897886e-14,False,"[320, 331, 312, 326, 318, 322, 337]"
2025-12-06,0,Optimal,0.0006125871877561456,23968.68612592211,0.3695486999931745,17,7,7649,14,9.094947017729282e-13,2.2737367544323206e-13,False,"[332, 311, 330, 333, 326, 322, 334]"
2025-12-06,6,Optimal,0.0,1399.408797570352,0.08317729999544099,11,7,4835,0,9.094947017729282e-13,0.0,False,"[322, 331, 333, 338, 335, 323, 337]"
2025-12-06,12,Optimal,0.0001237207467406882,437.4084043474458,0.36057760001858696,4,3,2128,6,8.981704269217516e-13,0.0,False,"[311, 328, 319, 336, 314, 337, 318]"
2025-12-06,18,Optimal,0.0006287463507862433,24.17144163084158,0.12181229999987409,1,1,757,4,8.526512829121202e-13,0.0,False,"[320, 331, 316, 319, 328, 336, 338]"
2025-12-07,0,Optimal,0.0005603764163111871,60200.04174066136,0.37560329999541864,16,7,7288,15,6.0254023992456496e-12,2.2737367544323206e-13,False,"[332, 329, 313, 321, 327, 320, 339]"
2025-12-07,6,Optimal,0.0,-425.65842502063526,0.03878579998854548,11,7,4835,0,9.094947017729282e-13,0.0,False,"[322, 331, 333, 338, 335, 339, 337]"
2025-12-07,12,Optimal,0.0008249626007357049,1563.4554161485935,0.20555529999546707,4,3,2128,10,7.844835892001356e-13,0.0,False,"[329, 322, 336, 323, 337, 339, 335]"
2025-12-07,18,Optimal,0.00036390773888518536,587.8338222362172,0.08284879999700934,1,1,757,2,7.958078640513122e-13,0.0,False,"[320, 331, 325, 323, 313, 334, 339]"
2025-12-08,0,Optimal,0.0006265523482599242,60608.74389341116,0.3931641000090167,16,7,7288,16,2.6147972675971687e-12,2.2737367544323206e-13,False,"[332, 329, 331, 319, 327, 320, 339]"
2025-12-08,6,Optimal,0.0002825257290825846,3438.3556098631325,0.6067029999976512,11,7,4835,5,1.8189894035458565e-12,5.684341886080802e-14,False,"[322, 331, 333, 338, 335, 339, 340]"
2025-12-08,12,Optimal,0.0,817.5236667193386,0.3587309999857098,4,3,2128,7,2.7284841053187847e-12,3.637978807091713e-12,False,"[329, 328, 336, 337, 340, 339, 335]"
2025-12-08,18,Optimal,0.0007488038049013578,386.2218788419069,0.07214470001053996,1,1,757,3,6.821210263296962e-13,0.0,False,"[320, 331, 325, 314, 313, 334, 335]"
2025-12-09,0,Optimal,0.0006231346543455609,59595.06240310518,1.899204399989685,17,7,7649,612,2.3874235921539366e-12,2.220446049250313e-16,False,"[332, 329, 317, 324, 327, 320, 339]"
2025-12-09,6,Optimal,0.0,951.5881882126097,0.4834786999854259,11,7,4835,3,5.229594535194337e-12,0.0,False,"[341, 331, 333, 338, 335, 339, 340]"
2025-12-09,12,Optimal,0.0008006391172571151,1157.6250553611148,1.0667877000232693,4,3,2128,10,1.2505552149377763e-12,0.0,False,"[329, 322, 341, 331, 340, 339, 335]"
2025-12-09,18,Optimal,1.5781733052785374e-05,681.3292090380885,0.07247909999568947,1,1,757,2,7.958078640513122e-13,0.0,False,"[320, 331, 341, 323, 328, 334, 339]"
2025-12-10,0,Optimal,0.0006455954248652328,57311.018077320805,0.39072339999256656,18,7,8010,13,9.094947017729282e-13,2.2737367544323206e-13,False,"[332, 315, 333, 341, 316, 320, 339]"
2025-12-10,6,Optimal,0.000383990483180756,6374.845349070068,0.5802856000082102,10,6,4582,10,1.3962164757685969e-12,1.1368683772161603e-13,False,"[341, 331, 333, 338, 336, 339, 340]"
2025-12-10,12,Optimal,0.0009376461954654675,1399.5087687196772,0.3886343000049237,4,3,2128,8,2.1600499167107046e-12,1.1368683772161603e-13,False,"[329, 328, 315, 337, 325, 342, 335]"
2025-12-10,18,Optimal,0.0009605580907285689,444.1351146616274,0.0806381999864243,1,1,757,2,7.958078640513122e-13,0.0,False,"[320, 331, 341, 323, 322, 334, 335]"
2025-12-11,0,Optimal,0.00031009892661129065,66350.31842508253,2.9104182999872137,17,7,7649,612,2.830802259268239e-10,1.8189894035458565e-12,False,"[332, 330, 321, 340, 342, 335, 338]"
2025-12-11,6,Optimal,0.0007901941680199751,-2849.6392544774953,0.1947914999909699,10,6,4582,3,3.410605131648481e-12,1.1368683772161603e-13,False,"[322, 326, 333, 325, 332, 327, 321]"
2025-12-11,12,Optimal,0.00038733948018395206,-1164.7294532526087,0.18389240000396967,4,3,2128,9,9.094947017729282e-13,0.0,False,"[332, 322, 333, 337, 325, 343, 318]"
2025-12-11,18,Optimal,0.0,-7.870524343444784,0.13504640001337975,1,1,757,7,2.1600499167107046e-12,0.0,False,"[324, 321, 325, 318, 332, 334, 335]"
2025-12-12,0,Optimal,0.000798610094288319,27539.74927094024,0.3050320000038482,17,7,7649,13,2.7284841053187847e-12,2.2737367544323206e-13,False,"[328, 329, 333, 341, 342, 335, 338]"
2025-12-12,6,Optimal,0.0,151.69189566183073,1.0676768000121228,11,7,4835,6,9.094947017729282e-13,0.0,False,"[322, 331, 333, 325, 318, 323, 321]"
2025-12-12,12,Optimal,0.0,394.48057594626465,1.107581599993864,4,3,2128,6,9.094947017729282e-13,0.0,False,"[326, 322, 333, 323, 324, 321, 335]"
2025-12-12,18,Optimal,0.0,-69.75522007416112,0.21060469999792986,1,1,757,7,5.684341886080801e-13,0.0,False,"[324, 329, 325, 318, 332, 334, 335]"
2025-12-13,0,Optimal,0.0008368458470665651,28515.29272988359,2.10295239998959,17,7,7649,612,4.121147867408581e-12,2.220446049250313e-16,False,"[328, 329, 333, 341, 342, 335, 338]"
2025-12-13,6,Optimal,0.0,588.9159735898551,1.4322470999904908,9,5,4329,6,9.094947017729282e-13,0.0,False,"[322, 330, 328, 325, 318, 342, 340]"
2025-12-13,12,Optimal,0.00046435964648763937,438.5490173620506,0.659514400002081,4,3,2128,8,9.094947017729282e-13,0.0,False,"[345, 330, 319, 323, 324, 321, 335]"
2025-12-13,18,Optimal,0.0,39.777078188329796,0.09404490000451915,1,1,757,6,9.094947017729282e-13,0.0,False,"[330, 321, 345, 318, 332, 334, 335]"
2025-12-14,0,Optimal,0.00037987305109092075,60835.50449142657,0.46109110000543296,17,7,7649,14,9.094947017729282e-13,4.547473508864641e-13,False,"[328, 329, 333, 341, 342, 335, 338]"
2025-12-14,6,Optimal,0.0,2026.9648594170378,2.7218730000022333,10,6,4582,360,3.296918293926865e-12,1.1368683772161603e-13,False,"[322, 330, 346, 319, 334, 342, 340]"
2025-12-14,12,Optimal,0.0,1925.5650389676466,0.3539152000157628,4,3,2128,15,1.7800575828156677e-12,0.0,False,"[346, 329, 328, 323, 331, 321, 327]"
2025-12-14,18,Optimal,0.0009029577830082902,326.1013505164272,0.26759890001267195,1,1,757,6,7.958078640513122e-13,0.0,False,"[324, 331, 325, 333, 332, 334, 339]"
2025-12-15,0,Optimal,0.0004131418657720159,60050.541740133005,0.3419845000025816,18,7,8010,13,9.094947017729282e-13,2.2737367544323206e-13,False,"[328, 329, 333, 340, 347, 335, 338]"
2025-12-15,6,Optimal,0.0007867941483870296,4435.173843562885,0.4406299999973271,10,6,4582,5,1.2505552149377763e-12,1.1368683772161603e-13,False,"[322, 330, 346, 325, 347, 342, 340]"
2025-12-15,12,Optimal,0.0,2422.2922486123443,0.4211786999949254,4,3,2128,13,9.663381206337363e-13,2.2737367544323206e-13,False,"[345, 326, 328, 323, 331, 321, 327]"
2025-12-15,18,Optimal,0.00021870189671594292,194.5869973665116,0.1558974999934435,1,1,757,5,9.094947017729282e-13,5.1514348342607263e-14,False,"[324, 321, 341, 323, 343, 334, 335]"
2025-12-16,0,Optimal,0.0003982967120129324,65065.00751086123,1.849851300008595,18,7,8010,648,3.723243935382925e-12,1.1368683772161603e-13,False,"[328, 329, 333, 340, 347, 337, 338]"
2025-12-16,6,Optimal,0.0,-263.22315464410775,1.0333840000093915,11,7,4835,8,2.5011104298755527e-12,0.0,False,"[324, 331, 328, 325, 347, 342, 340]"
2025-12-16,12,Optimal,0.0006205109018088158,1106.241608384565,0.4175163999898359,4,3,2128,15,3.637978807091713e-12,0.0,False,"[345, 329, 328, 323, 331, 321, 327]"
2025-12-16,18,Optimal,0.0,139.65088580088724,0.13289599999552593,1,1,757,6,8.881784197001252e-13,0.0,False,"[330, 331, 345, 333, 343, 334, 339]"
2025-12-17,0,Optimal,0.0003554367609107163,64479.449982588994,1.8650013000005856,18,7,8010,648,3.737454790098127e-12,3.410605131648481e-13,False,"[328, 329, 331, 340, 347, 337, 338]"
2025-12-17,6,Optimal,0.00032695872676468795,-1486.6667006077835,0.24296180001692846,11,7,4835,6,3.183231456205249e-12,0.0,False,"[324, 331, 328, 325, 349, 332, 327]"
2025-12-17,12,Optimal,0.00016943888327374692,1506.8887899755264,0.5767895999888424,4,3,2128,15,9.663381206337363e-13,1.1368683772161603e-13,False,"[345, 326, 328, 348, 331, 325, 327]"
2025-12-17,18,Optimal,0.00012782792533532888,144.92371848073927,0.15068880000035278,1,1,757,5,8.100187187665142e-13,0.0,False,"[330, 331, 326, 333, 343, 334, 335]"
2025-12-18,0,Optimal,0.0002946807101574456,61848.7989044758,2.0492536000092514,18,7,8010,648,3.637978807091713e-12,2.220446049250313e-16,False,"[328, 346, 330, 341, 342, 337, 338]"
2025-12-18,6,Optimal,0.000137251397746382,3362.5572676834554,0.19572649998008274,11,7,4835,2,1.8189894035458565e-12,1.1368683772161603e-13,False,"[345, 326, 333, 334, 349, 342, 327]"
2025-12-18,12,Optimal,0.00032606368705048695,1157.148319065766,0.25807950002490543,4,3,2128,15,1.1368683772161603e-12,2.3447910280083306e-13,False,"[345, 326, 341, 348, 331, 343, 327]"
2025-12-18,18,Optimal,0.00016981928361304663,294.5890303781342,0.17895209998823702,1,1,757,5,7.958078640513122e-13,0.0,False,"[330, 331, 326, 348, 343, 334, 335]"
2025-12-19,0,Optimal,0.00042498670454074814,26215.249866153674,0.4163126000203192,18,7,8010,13,9.094947017729282e-13,2.2737367544323206e-13,False,"[328, 346, 330, 324, 327, 337, 338]"
2025-12-19,6,Optimal,0.0009839874251660844,988.5043618189458,0.5188247000041883,11,7,4835,3,9.094947017729282e-13,0.0,False,"[345, 351, 328, 338, 349, 332, 327]"
2025-12-19,12,Optimal,0.0,-54.39249279163181,0.1376682999834884,4,3,2128,2,9.094947017729282e-13,0.0,False,"[346, 326, 328, 348, 334, 343, 327]"
2025-12-19,18,Optimal,0.0003382275558796389,610.0409882579534,0.09070170001359656,1,1,757,4,7.958078640513122e-13,0.0,False,"[330, 331, 326, 348, 343, 337, 335]"
2025-12-20,0,Optimal,0.0002967660754945655,27845.350998630784,2.0104248999850824,18,7,8010,648,2.7284841053187847e-12,5.684341886080801e-13,False,"[328, 346, 330, 352, 327, 337, 338]"
2025-12-20,6,Optimal,0.0006000833849272767,-846.6686978002704,0.2063878000190016,10,6,4582,4,1.7621459846850485e-12,0.0,False,"[330, 351, 333, 352, 349, 342, 327]"
2025-12-20,12,Optimal,0.0,-423.0237260092364,0.10084339999593794,4,3,2128,1,9.094947017729282e-13,0.0,False,"[346, 326, 328, 348, 334, 350, 335]"
2025-12-20,18,Optimal,0.0,334.0879355075151,0.11413349999929778,1,1,757,4,7.958078640513122e-13,5.710223820828295e-14,False,"[347, 341, 350, 348, 343, 334, 335]"
2025-12-21,0,Optimal,0.00048268477411845016,63647.26415443505,2.515379299991764,17,7,7649,612,2.2737367544323206e-12,1.8189894035458565e-12,False,"[328, 329, 330, 352, 327, 337, 338]"
2025-12-21,6,Optimal,0.0002910039699071616,-500.0498035912576,0.9328966999892145,10,6,4582,14,2.8421709430404007e-12,0.0,False,"[330, 329, 333, 344, 349, 342, 327]"
2025-12-21,12,Optimal,0.0004974987371977684,2056.067274630238,0.38441709999460727,4,3,2128,13,1.8189894035458565e-12,0.0,False,"[345, 326, 328, 348, 331, 350, 327]"
2025-12-21,18,Optimal,0.0008236514415532155,587.8497123465539,0.08250270001008175,1,1,757,6,1.8189894035458565e-12,2.4868995751603507e-14,False,"[347, 346, 350, 333, 332, 334, 339]"
2025-12-22,0,Optimal,0.00039532655736105004,62321.612756271774,0.3432466999802273,17,7,7649,13,9.094947017729282e-13,2.2737367544323206e-13,False,"[328, 329, 345, 333, 327, 337, 338]"
2025-12-22,6,Optimal,1.8731270451159654e-06,63.3520785754993,2.221630099986214,11,7,4835,19,2.2737367544323206e-12,0.0,False,"[330, 329, 343, 347, 348, 342, 327]"
2025-12-22,12,Optimal,0.0,497.27399913021253,0.7370700999745168,4,3,2128,14,1.2256862191861728e-12,1.1368683772161603e-13,False,"[345, 351, 328, 348, 331, 353, 335]"
2025-12-22,18,Optimal,0.000293254895608666,552.1913978555913,0.0912821999809239,1,1,757,3,4.547473508864641e-13,0.0,False,"[347, 354, 351, 333, 343, 334, 335]"
2025-12-23,0,Optimal,0.0003600444189968668,63853.8496666184,2.493972099997336,18,7,8010,648,3.637978807091713e-12,1.1368683772161603e-13,False,"[328, 329, 345, 333, 340, 337, 338]"
2025-12-23,6,Optimal,0.00042622395687415434,-500.67082754639506,0.4316145000047982,11,7,4835,8,1.0231815394945443e-12,1.1368683772161603e-13,False,"[330, 346, 352, 347, 348, 332, 354]"
2025-12-23,12,Optimal,1.8087694794943087e-05,1810.7510223644613,3.3257430999947246,4,3,2128,19,6.641585059696808e-10,1.5916157281026244e-12,False,"[345, 351, 328, 336, 331, 353, 352]"
2025-12-23,18,Optimal,0.00045626253065309566,543.2096797473523,0.08027070001116954,1,1,757,5,5.684341886080801e-13,0.0,False,"[347, 354, 351, 328, 343, 337, 335]"
2025-12-24,0,Optimal,0.00032641304763473666,63235.11524485282,0.34958959999494255,18,7,8010,13,9.094947017729282e-13,2.2737367544323206e-13,False,"[332, 329, 345, 333, 340, 337, 338]"
2025-12-24,6,Optimal,0.0009932373048720162,863.2689968829011,2.3758903999987524,11,7,4835,16,2.3874235921539366e-12,0.0,False,"[330, 346, 352, 347, 353, 350, 356]"
2025-12-24,12,Optimal,0.00011864197486157813,1187.2647155722955,0.5742805000045337,4,3,2128,18,1.6839862837514374e-12,1.1368683772161603e-13,False,"[345, 351, 333, 348, 350, 353, 356]"
2025-12-24,18,Optimal,0.0003892413131884235,409.05538942293265,0.08841100000427105,1,1,757,6,7.318590178329032e-13,1.8335252260185007e-17,False,"[347, 331, 350, 348, 343, 334, 335]"
2025-12-25,0,Optimal,0.00037625047032390944,60329.837570586365,2.097751599998446,18,7,8010,648,4.300545697333291e-08,6.404773615899965e-11,False,"[332, 349, 345, 333, 340, 337, 338]"
2025-12-25,6,Optimal,9.37730736712009e-05,1584.8439173828945,2.1859691999852657,10,6,4582,16,3.183231456205249e-12,3.774758283725532e-15,False,"[330, 346, 352, 357, 353, 350, 356]"
2025-12-25,12,Optimal,0.0006005221009360191,3809.2120735455715,0.6024611000029836,4,3,2128,13,1.8189894035458565e-12,2.273736754432321e-13,False,"[345, 351, 333, 331, 350, 355, 356]"
2025-12-25,18,Optimal,4.930378667774346e-06,333.22010869088626,0.15081179997650906,1,1,757,7,8.846257060213247e-13,3.952393967665557e-14,False,"[347, 354, 351, 348, 343, 334, 335]"
2025-12-26,0,Optimal,0.00041136097440441544,26809.71974697665,1.7486610999912955,17,7,7649,612,2.6773250283440575e-10,2.127927463864883e-12,False,"[332, 349, 345, 355, 358, 337, 338]"
2025-12-26,6,Optimal,9.078766714837634e-06,231.52043024350166,1.281057400017744,9,5,4329,7,1.1830536550405668e-12,0.0,False,"[331, 333, 344, 357, 355, 350, 358]"
2025-12-26,12,Optimal,0.0,67.28662799635171,0.13799869999638759,4,3,2128,2,9.094947017729282e-13,0.0,False,"[347, 349, 333, 331, 350, 355, 356]"
2025-12-26,18,Optimal,0.0,69.43483201369982,0.10192820001975633,1,1,757,3,8.526512829121202e-13,0.0,False,"[344, 354, 358, 348, 332, 334, 335]"
2025-12-27,0,Optimal,0.00047111470602270516,27102.875499171896,0.45725959999253973,17,7,7649,12,9.094947017729282e-13,2.2737367544323206e-13,False,"[332, 349, 345, 355, 358, 337, 338]"
2025-12-27,6,Optimal,0.0,-359.2954287268606,0.7080948000075296,9,5,4329,4,9.094947017729282e-13,3.197442310920451e-14,False,"[351, 343, 347, 349, 332, 359, 358]"
2025-12-27,12,Optimal,0.0,-52.09135677777462,0.8002026000176556,4,3,2128,7,1.4743761767022079e-12,6.039613253960852e-14,False,"[345, 351, 359, 348, 350, 355, 356]"
2025-12-27,18,Optimal,0.0003964708623905414,336.03500014631396,0.14541129997815005,1,1,757,4,9.094947017729282e-13,0.0,False,"[347, 341, 358, 333, 343, 334, 335]"
2025-12-28,0,Optimal,0.0005610219422522824,62902.30590634312,0.5881120999983978,16,7,7288,14,1.3891110484109959e-12,1.1368683772161603e-13,False,"[350, 353, 360, 355, 358, 337, 338]"
2025-12-28,6,Optimal,0.000366092748877416,-542.5819972801514,0.36634910001885146,10,6,4582,7,1.2505552149377763e-12,0.0,False,"[351, 343, 347, 349, 342, 359, 358]"
2025-12-28,12,Optimal,6.359611353290642e-06,198.01254293383442,0.39853640002547763,4,3,2128,12,7.958078640513122e-13,2.1316282072803006e-14,False,"[345, 358, 359, 348, 350, 355, 356]"
2025-12-28,18,Optimal,0.000510604990683587,436.3566595436058,0.05938089999835938,1,1,757,2,3.410605131648481e-13,0.0,False,"[347, 354, 351, 348, 343, 334, 335]"
2025-12-29,0,Optimal,0.0004041950565984116,61718.91349077409,0.42457470000954345,17,7,7649,15,9.094947017729282e-13,0.0,False,"[350, 361, 345, 355, 358, 337, 338]"
2025-12-29,6,Optimal,0.0005906549266038539,2315.8094657308325,2.971134399995208,9,5,4329,16,1.8189894035458565e-12,1.1368683772161603e-13,False,"[351, 352, 347, 361, 342, 359, 358]"
2025-12-29,12,Optimal,0.00048534462011517933,836.4662189602668,0.6557272000063676,4,3,2128,16,1.8189894035458565e-12,2.2737367544323206e-13,False,"[345, 358, 359, 348, 350, 355, 356]"
2025-12-29,18,Optimal,0.0,490.0527962171298,0.12539169998490252,1,1,757,4,9.094947017729282e-13,3.730349362740526e-14,False,"[360, 346, 350, 349, 343, 334, 335]"
2025-12-30,0,Optimal,0.0003504565234078636,61275.91348890307,2.3953091999865137,18,7,8010,648,2.2168933355715126e-12,2.220446049250313e-16,False,"[350, 361, 345, 359, 340, 335, 338]"
2025-12-30,6,Optimal,0.0,3435.3170925279687,3.4490404999814928,9,5,4329,14,1.1368683772161603e-12,2.220446049250313e-16,False,"[351, 343, 347, 361, 350, 359, 358]"
2025-12-30,12,Optimal,0.0002019205776326159,100.29050204554375,0.3310942999960389,4,3,2128,14,1.1368683772161603e-12,2.2737367544323206e-13,False,"[347, 351, 361, 336, 350, 355, 356]"
2025-12-30,18,Optimal,0.00028784079053358053,414.8403432952977,0.09883960001752712,1,1,757,5,5.684341886080801e-13,0.0,False,"[360, 346, 345, 362, 353, 337, 335]"
2025-12-31,0,Optimal,0.00031668916560246267,63235.581182091635,2.4352779000182636,18,7,8010,648,2.7284841053187847e-12,1.1368683772161603e-13,False,"[350, 361, 354, 351, 341, 347, 338]"
2025-12-31,6,Optimal,0.0,484.1547419329444,0.2598164999799337,10,6,4582,6,6.252776074688882e-12,1.1368683772161603e-13,False,"[363, 362, 347, 361, 350, 359, 358]"
2025-12-31,12,Optimal,2.172280192793433e-05,1599.4492190887995,1.4515318000048865,4,3,2128,17,2.1600499167107046e-12,5.782580924284849e-14,False,"[346, 363, 360, 341, 350, 355, 356]"
2025-12-31,18,Optimal,0.0007868366825170741,1263.110203859673,0.054132599994773045,1,1,757,3,6.821210263296962e-13,0.0,False,"[360, 346, 350, 362, 353, 342, 338]"
