date,interval,timestamp,purchase_kwh,adjusted_purchase_kwh,load_kwh,pv_kwh,price_yuan_per_kwh,charge_kwh,discharge_kwh,emergency_kwh,unused_kwh,soc_start_kwh,soc_end_kwh
2025-02-01,0,2025-02-01 00:00:00,1315.9473583333336,1315.9473583333336,422.0303666666667,0.0,0.4248,833.3333333333333,0.0,0.0,60.58365833333369,1200.0,1950.0
2025-02-01,1,2025-02-01 00:10:00,1332.7277666666664,1332.7277666666664,415.4073166666667,0.0,0.4245,833.3333333333333,0.0,0.0,83.98711666666645,1950.0,2700.0
2025-02-01,2,2025-02-01 00:20:00,1339.8474999999999,1339.8474999999999,410.7166666666667,0.0,0.4269,833.3333333333333,0.0,0.0,95.7974999999999,2700.0,3450.0
2025-02-01,3,2025-02-01 00:30:00,1353.8832583333333,1353.8832583333333,430.29479999999995,0.0,0.4272,833.3333333333333,0.0,0.0,90.25512500000013,3450.0,4200.0
2025-02-01,4,2025-02-01 00:40:00,1371.232566666667,1371.232566666667,424.4105833333333,0.0,0.4271,833.3333333333333,0.0,0.0,113.48865000000046,4200.0,4950.0
2025-02-01,5,2025-02-01 00:50:00,1359.8533333333328,1359.8533333333328,406.0516666666667,0.0,0.4285,833.3333333333333,0.0,0.0,120.4683333333328,4950.0,5700.0
2025-02-01,6,2025-02-01 01:00:00,1195.828266666669,1195.828266666669,436.7501833333333,0.0,0.4311,759.0780833333358,0.0,2.2737367544323206e-13,0.0,5700.0,6383.170275000002
2025-02-01,7,2025-02-01 01:10:00,1390.438108333333,1390.438108333333,451.7976833333333,0.0,0.4302,833.3333333333333,0.0,0.0,105.30709166666657,6383.170275000002,7133.170275000002
2025-02-01,8,2025-02-01 01:20:00,1358.6975,1358.6975,446.08,0.0,0.4279,833.3333333333333,0.0,0.0,79.2841666666668,7133.170275000002,7883.170275000002
2025-02-01,9,2025-02-01 01:30:00,531.2846583333334,531.2846583333334,471.7663333333333,0.0,0.4312,59.518325000000104,0.0,4.263256414560601e-14,0.0,7883.170275000002,7936.736767500002
2025-02-01,10,2025-02-01 01:40:00,517.8182416666666,517.8182416666666,448.02596666666665,0.0,0.4333,69.79227499999979,0.0,0.0,1.7053025658242404e-13,7936.736767500002,7999.549815000002
2025-02-01,11,2025-02-01 01:50:00,1399.2925,1399.2925,397.40333333333336,0.0,0.4311,833.3333333333333,0.0,0.0,168.55583333333334,7999.549815000002,8749.549815000002
2025-02-01,12,2025-02-01 02:00:00,1360.0340916666667,1360.0340916666667,434.0906333333333,0.0,0.4293,833.3333333333333,0.0,0.0,92.61012500000015,8749.549815000002,9499.549815000002
2025-02-01,13,2025-02-01 02:10:00,517.505325,517.505325,490.5609166666666,0.0,0.4324,26.944408333333236,0.0,0.0,1.0658141036401503e-13,9499.549815000002,9523.799782500002
2025-02-01,14,2025-02-01 02:20:00,526.4441666666665,526.4441666666665,503.22,0.0,0.4367,23.22416666666565,0.0,0.0,8.704148513061227e-13,9523.799782500002,9544.701532500001
2025-02-01,15,2025-02-01 02:30:00,510.6483666666667,510.6483666666667,474.0728166666667,0.0,0.4348,36.575549999999765,0.0,0.0,1.9895196601282805e-13,9544.701532500001,9577.619527500001
2025-02-01,16,2025-02-01 02:40:00,528.0237333333334,528.0237333333334,461.38439999999997,0.0,0.4335,66.63933333333262,0.0,0.0,8.526512829121202e-13,9577.619527500001,9637.5949275
2025-02-01,17,2025-02-01 02:50:00,545.1875,545.1875,476.94166666666666,0.0,0.4357,68.24583333333268,0.0,0.0,6.536993168992922e-13,9637.5949275,9699.0161775
2025-02-01,18,2025-02-01 03:00:00,540.8829916666666,540.8829916666666,483.39955000000003,0.0,0.4374,57.483441666665584,0.0,0.0,9.947598300641403e-13,9699.0161775,9750.751274999999
2025-02-01,19,2025-02-01 03:10:00,534.7263666666666,534.7263666666666,486.6019166666667,0.0,0.4371,48.12444999999975,0.0,0.0,2.2026824808563106e-13,9750.751274999999,9794.063279999998
2025-02-01,20,2025-02-01 03:20:00,543.9658333333334,543.9658333333334,498.84833333333336,0.0,0.4356,45.117500000000696,0.0,6.323830348264892e-13,0.0,9794.063279999998,9834.66903
2025-02-01,21,2025-02-01 03:30:00,524.7456083333333,524.7456083333333,518.3097333333334,0.0,0.4353,6.435875000000427,0.0,5.302425165609748e-13,0.0,9834.66903,9840.4613175
2025-02-01,22,2025-02-01 03:40:00,541.2369416666667,541.2369416666667,509.13346666666666,0.0,0.436,32.103474999999484,0.0,0.0,5.186961971048731e-13,9840.4613175,9869.354444999999
2025-02-01,23,2025-02-01 03:50:00,558.875,558.875,483.6166666666666,0.0,0.4378,75.25833333333341,0.0,2.842170943040401e-14,0.0,9869.354444999999,9937.086945
2025-02-01,24,2025-02-01 04:00:00,545.9538749999999,545.9538749999999,491.1868,0.0,0.4401,54.76707499999975,0.0,0.0,1.7053025658242404e-13,9937.086945,9986.377312499999
2025-02-01,25,2025-02-01 04:10:00,539.2541416666667,539.2541416666667,504.64528333333334,0.0,0.4389,15.13631944444569,0.0,0.0,19.47253888888764,9986.377312499999,10000.0
2025-02-01,26,2025-02-01 04:20:00,560.2125,560.2125,505.5783333333333,0.0,0.4364,0.0,0.0,0.0,54.63416666666666,10000.0,10000.0
2025-02-01,27,2025-02-01 04:30:00,565.779,565.779,503.2309666666667,0.0,0.4393,0.0,0.0,0.0,62.54803333333331,10000.0,10000.0
2025-02-01,28,2025-02-01 04:40:00,576.8102249999998,576.8102249999998,502.84698333333336,0.00023333333333333333,0.4422,0.0,0.0,0.0,73.96347499999979,10000.0,10000.0
2025-02-01,29,2025-02-01 04:50:00,566.9600000000002,566.9600000000002,499.64166666666665,0.0,0.4395,0.0,0.0,0.0,67.3183333333335,10000.0,10000.0
2025-02-01,30,2025-02-01 05:00:00,573.8300916666667,573.8300916666667,488.78358333333335,0.0,0.4333,0.0,0.0,0.0,85.04650833333335,10000.0,10000.0
2025-02-01,31,2025-02-01 05:10:00,601.1648083333332,601.1648083333332,498.51875,0.003316666666666667,0.4439,0.0,0.0,0.0,102.6493749999999,10000.0,10000.0
2025-02-01,32,2025-02-01 05:20:00,1437.9158333333332,1437.9158333333332,529.2233333333334,0.0,0.4301,111.11111111111111,0.0,0.0,797.5813888888888,10000.0,10100.0
2025-02-01,33,2025-02-01 05:30:00,1447.4050749999997,1447.4050749999997,547.4103166666666,0.0,0.3713,777.7777777777777,0.0,0.0,122.21698055555532,10100.0,10800.0
2025-02-01,34,2025-02-01 05:40:00,569.7530083333332,569.7530083333332,531.2274,0.04623333333333333,0.5708,0.0,0.0,0.0,38.571841666666614,10800.0,10800.0
2025-02-01,35,2025-02-01 05:50:00,0.0,0.0,510.98333333333335,0.0,0.9099,0.0,510.98333333333323,1.1368683772161603e-13,0.0,10800.0,10232.24074074074
2025-02-01,36,2025-02-01 06:00:00,0.0,0.0,535.1871833333333,0.0,0.9368,0.0,535.1871833333333,0.0,0.0,10232.24074074074,9637.588314814815
2025-02-01,37,2025-02-01 06:10:00,0.0,0.0,533.9993499999999,0.6440166666666667,0.8758,0.0,533.3553333333329,4.547473508864641e-13,0.0,9637.588314814815,9044.971277777779
2025-02-01,38,2025-02-01 06:20:00,0.0,0.0,504.52,0.0,0.8759,0.0,504.5200000000006,0.0,6.252776074688882e-13,9044.971277777779,8484.3935
2025-02-01,39,2025-02-01 06:30:00,0.0,0.0,519.5536833333333,0.0,0.8601,0.0,519.5536833333335,0.0,2.2737367544323206e-13,8484.3935,7907.1116296296295
2025-02-01,40,2025-02-01 06:40:00,0.0,0.0,566.415,14.934916666666666,0.8442,0.0,551.4800833333331,1.1368683772161603e-13,0.0,7907.1116296296295,7294.355981481482
2025-02-01,41,2025-02-01 06:50:00,0.0,0.0,608.7916666666666,56.75,0.8334,0.0,552.0416666666666,0.0,0.0,7294.355981481482,6680.976351851852
2025-02-01,42,2025-02-01 07:00:00,0.0,0.0,617.2140499999999,102.656,0.8092,0.0,514.5580499999999,0.0,0.0,6680.976351851852,6109.245185185186
2025-02-01,43,2025-02-01 07:10:00,0.0,0.0,595.3964666666667,147.48791666666668,0.7972,0.0,447.9085500000004,0.0,3.979039320256561e-13,6109.245185185186,5611.5690185185185
2025-02-01,44,2025-02-01 07:20:00,0.0,0.0,579.5366666666666,190.11249999999998,0.7644,0.0,389.4241666666666,5.684341886080802e-14,0.0,5611.5690185185185,5178.8755
2025-02-01,45,2025-02-01 07:30:00,0.0,0.0,609.0003666666667,231.34661666666668,0.6899,0.0,377.6537500000001,0.0,1.7053025658242404e-13,5178.8755,4759.260222222222
2025-02-01,46,2025-02-01 07:40:00,0.0,0.0,640.2366833333333,279.07533333333333,0.86,0.0,361.1613499999998,1.7053025658242404e-13,0.0,4759.260222222222,4357.969833333334
2025-02-01,47,2025-02-01 07:50:00,0.0,0.0,633.9416666666667,334.01875,1.1617,0.0,299.9229166666667,0.0,0.0,4357.969833333334,4024.7221481481483
2025-02-01,48,2025-02-01 08:00:00,0.0,0.0,590.91065,388.68441666666666,1.1683,0.0,202.2262333333336,0.0,2.2737367544323206e-13,4024.7221481481483,3800.0263333333332
2025-02-01,49,2025-02-01 08:10:00,0.0,0.0,568.5581666666667,438.7655666666667,1.0956,0.0,129.79259999999996,2.842170943040401e-14,0.0,3800.0263333333332,3655.8123333333333
2025-02-01,50,2025-02-01 08:20:00,0.0,0.0,574.2283333333334,487.94374999999997,1.0849,0.0,86.28458333333337,1.4210854715202004e-14,0.0,3655.8123333333333,3559.940574074074
2025-02-01,51,2025-02-01 08:30:00,0.0,0.0,577.8523166666666,541.8831666666666,1.061,0.0,35.96914999999999,2.1316282072803006e-14,0.0,3559.940574074074,3519.974851851852
2025-02-01,52,2025-02-01 08:40:00,0.0,0.0,649.0800333333333,586.6261000000001,1.043,0.0,62.453933333333225,0.0,0.0,3519.974851851852,3450.5815925925926
2025-02-01,53,2025-02-01 08:50:00,0.0,0.0,737.1266666666667,621.9499999999999,1.036,0.0,115.1766666666666,1.2789769243681803e-13,0.0,3450.5815925925926,3322.6075185185186
2025-02-01,54,2025-02-01 09:00:00,0.0,0.0,711.2534166666666,665.4293,1.0147,0.0,45.8241166666664,1.5631940186722204e-13,0.0,3322.6075185185186,3271.6918333333338
2025-02-01,55,2025-02-01 09:10:00,0.0,0.0,698.3616999999999,729.7222,0.9922,31.36050000000018,0.0,6.394884621840902e-14,0.0,3271.6918333333338,3299.916283333334
2025-02-01,56,2025-02-01 09:20:00,0.0,0.0,736.3866666666667,798.0875,0.97,61.70083333333322,0.0,0.0,9.947598300641403e-14,3299.916283333334,3355.447033333334
2025-02-01,57,2025-02-01 09:30:00,0.0,0.0,733.2125666666667,838.3206833333334,0.9422,105.10811666666642,0.0,0.0,2.4158453015843406e-13,3355.447033333334,3450.0443383333336
2025-02-01,58,2025-02-01 09:40:00,0.0,0.0,697.1223666666666,867.3196166666667,0.9569,166.61740185185155,0.0,0.0,3.5798481481485,3450.0443383333336,3600.0
2025-02-01,59,2025-02-01 09:50:00,0.0,0.0,678.5883333333334,894.0187500000001,0.9977,215.43041666666693,0.0,2.2737367544323206e-13,0.0,3600.0,3793.8873750000002
2025-02-01,60,2025-02-01 10:00:00,0.0,0.0,711.4322000000001,911.8498333333333,0.9919,200.41763333333316,0.0,0.0,8.526512829121202e-14,3793.8873750000002,3974.263245
2025-02-01,61,2025-02-01 10:10:00,0.0,0.0,706.70705,933.6272333333333,0.9588,226.9201833333328,0.0,0.0,4.831690603168681e-13,3974.263245,4178.49141
2025-02-01,62,2025-02-01 10:20:00,0.0,0.0,666.9933333333333,959.21875,0.9549,292.22541666666683,0.0,1.7053025658242404e-13,0.0,4178.49141,4441.494285
2025-02-01,63,2025-02-01 10:30:00,0.0,0.0,678.7204333333333,979.8081666666667,0.9839,287.22857222222245,0.0,0.0,13.85916111111095,4441.494285,4700.0
2025-02-01,64,2025-02-01 10:40:00,0.0,0.0,678.1305,1021.3479000000001,0.799,333.3333333333333,0.0,0.0,9.884066666666797,4700.0,5000.0
2025-02-01,65,2025-02-01 10:50:00,0.0,0.0,652.9250000000001,1060.2749999999999,0.5025,333.3333333333333,0.0,0.0,74.01666666666648,5000.0,5300.0
2025-02-01,66,2025-02-01 11:00:00,292.6136107338832,0.0,657.69435,1046.1778166666666,0.4662,333.3333333333333,0.0,0.0,55.15013333333326,5300.0,5600.0
2025-02-01,67,2025-02-01 11:10:00,0.0,0.0,656.1017166666667,1051.3417833333333,0.5007,222.22222222222223,0.0,0.0,173.0178444444444,5600.0,5800.0
2025-02-01,68,2025-02-01 11:20:00,0.0,0.0,654.535,1099.0625,0.4827,333.3333333333333,0.0,0.0,111.19416666666672,5800.0,6100.0
2025-02-01,69,2025-02-01 11:30:00,0.0,0.0,692.20855,1136.31565,0.4785,222.22222222222223,0.0,0.0,221.88487777777783,6100.0,6300.0
2025-02-01,70,2025-02-01 11:40:00,452.32568611111094,0.0,680.1494833333334,1128.4168166666666,0.4662,333.3333333333333,0.0,0.0,114.93399999999991,6300.0,6600.0
2025-02-01,71,2025-02-01 11:50:00,441.4617833333331,18.503182755378873,640.0333333333333,1100.65625,0.4432,333.3333333333333,0.0,0.0,145.7927660887123,6600.0,6900.0
2025-02-01,72,2025-02-01 12:00:00,450.61515277777767,358.89474836876525,676.8413833333333,1105.4832,0.4411,787.5365650354322,0.0,3.410605131648481e-13,0.0,6900.0,7608.782908531889
2025-02-01,73,2025-02-01 12:10:00,0.0,0.0,663.0938,1089.4810666666667,0.4551,426.3872666666662,0.0,0.0,5.115907697472721e-13,7608.782908531889,7992.531448531889
2025-02-01,74,2025-02-01 12:20:00,275.0599583333345,0.0,594.0216666666666,1052.4125000000001,0.4463,458.39083333333394,0.0,4.547473508864641e-13,0.0,7992.531448531889,8405.08319853189
2025-02-01,75,2025-02-01 12:30:00,516.8732777777775,491.18117777777786,601.1141666666666,1052.0977666666665,0.4113,833.3333333333333,0.0,0.0,108.8314444444444,8405.08319853189,9155.08319853189
2025-02-01,76,2025-02-01 12:40:00,0.0,0.0,633.3353666666667,1058.98975,0.5682,425.65438333333276,0.0,0.0,5.115907697472721e-13,9155.08319853189,9538.172143531889
2025-02-01,77,2025-02-01 12:50:00,0.0,0.0,638.6816666666667,1052.2250000000001,0.8279,290.9198405201237,0.0,0.0,122.62349281320968,9538.172143531889,9800.0
2025-02-01,78,2025-02-01 13:00:00,0.0,0.0,619.3742333333333,1041.0229166666666,0.8636,222.22222222222223,0.0,0.0,199.426461111111,9800.0,10000.0
2025-02-01,79,2025-02-01 13:10:00,0.0,0.0,606.5044,1029.2288333333333,0.8416,222.22222222222223,0.0,0.0,200.50221111111108,10000.0,10200.0
2025-02-01,80,2025-02-01 13:20:00,0.0,0.0,607.0133333333333,1017.28125,0.8618,222.22222222222223,0.0,0.0,188.04569444444445,10200.0,10400.0
2025-02-01,81,2025-02-01 13:30:00,0.0,0.0,606.3183333333333,998.79405,0.8623,111.11111111111111,0.0,0.0,281.3646055555556,10400.0,10500.0
2025-02-01,82,2025-02-01 13:40:00,0.0,0.0,624.9272166666666,948.6343499999999,0.9026,111.11111111111111,0.0,0.0,212.59602222222222,10500.0,10600.0
2025-02-01,83,2025-02-01 13:50:00,0.0,0.0,641.645,875.1875,0.9754,111.11111111111111,0.0,0.0,122.4313888888889,10600.0,10700.0
2025-02-01,84,2025-02-01 14:00:00,0.0,0.0,612.7233833333333,815.6234166666667,1.0002,111.11111111111111,0.0,0.0,91.78892222222223,10700.0,10800.0
2025-02-01,85,2025-02-01 14:10:00,0.0,0.0,603.26775,769.5365666666667,0.9978,0.0,0.0,0.0,166.26881666666668,10800.0,10800.0
2025-02-01,86,2025-02-01 14:20:00,0.0,0.0,610.8116666666666,727.4,1.0271,0.0,0.0,0.0,116.58833333333337,10800.0,10800.0
2025-02-01,87,2025-02-01 14:30:00,0.0,0.0,571.6230833333333,684.0674,1.0906,0.0,0.0,0.0,112.44431666666674,10800.0,10800.0
2025-02-01,88,2025-02-01 14:40:00,0.0,0.0,554.5942,648.3614333333334,0.9376,0.0,0.0,0.0,93.76723333333337,10800.0,10800.0
2025-02-01,89,2025-02-01 14:50:00,142.70085000000006,51.28232931843411,578.9233333333333,614.725,0.6694,0.0,0.0,0.0,87.08399598510084,10800.0,10800.0
2025-02-01,90,2025-02-01 15:00:00,489.17073885459564,82.06377459799762,593.822,565.3928500000001,0.66,0.0,0.0,0.0,53.634624597997686,10800.0,10800.0
2025-02-01,91,2025-02-01 15:10:00,248.6349694444445,143.43689659313878,603.3700333333334,505.4359666666667,0.7217,0.0,0.0,0.0,45.50282992647203,10800.0,10800.0
2025-02-01,92,2025-02-01 15:20:00,290.9852833333333,188.03522499999985,608.655,450.6375,0.7308,0.0,0.0,0.0,30.017724999999928,10800.0,10800.0
2025-02-01,93,2025-02-01 15:30:00,346.1481027777778,246.02429166666673,596.7886500000001,413.6283,0.7534,0.0,0.0,0.0,62.86394166666662,10800.0,10800.0
2025-02-01,94,2025-02-01 15:40:00,386.99705833333326,275.4859602061329,570.11095,375.9729,0.7823,0.0,0.0,0.0,81.34791020613284,10800.0,10800.0
2025-02-01,95,2025-02-01 15:50:00,394.2920666666667,307.52591312350756,548.75,328.93125000000003,0.8055,0.0,0.0,0.0,87.7071631235076,10800.0,10800.0
2025-02-01,96,2025-02-01 16:00:00,437.6855138888891,323.40543102383924,554.0824,281.17405,0.8271,0.0,0.0,0.0,50.4970810238392,10800.0,10800.0
2025-02-01,97,2025-02-01 16:10:00,456.62114444444467,398.0217527777778,559.0360666666667,240.44151666666667,0.8519,0.0,0.0,0.0,79.42720277777778,10800.0,10800.0
2025-02-01,98,2025-02-01 16:20:00,502.60204999999996,458.7636249999994,563.1066666666667,202.36249999999998,0.8791,0.0,0.0,0.0,98.01945833333275,10800.0,10800.0
2025-02-01,99,2025-02-01 16:30:00,514.5579583333331,481.9225195160345,580.2863,155.51903333333334,0.9024,0.0,0.0,0.0,57.15525284936791,10800.0,10800.0
2025-02-01,100,2025-02-01 16:40:00,481.8310203333338,452.98438644810795,532.8180166666667,106.71146666666668,0.9163,0.0,0.0,0.0,26.877836448107928,10800.0,10800.0
2025-02-01,101,2025-02-01 16:50:00,433.4230833333332,433.4230833333332,446.78,59.706250000000004,0.9264,0.0,0.0,0.0,46.34933333333322,10800.0,10800.0
2025-02-01,102,2025-02-01 17:00:00,449.1497916666666,438.8310026864962,433.5435166666667,15.897433333333334,0.9462,0.0,0.0,0.0,21.184919353162854,10800.0,10800.0
2025-02-01,103,2025-02-01 17:10:00,459.84554166666663,459.84554166666663,439.7808,0.0,0.9742,0.0,0.0,0.0,20.064741666666635,10800.0,10800.0
2025-02-01,104,2025-02-01 17:20:00,482.0040416666667,482.0040416666667,436.1366666666667,0.0,0.9862,0.0,0.0,0.0,45.86737499999998,10800.0,10800.0
2025-02-01,105,2025-02-01 17:30:00,479.1279999999988,479.1279999999988,445.99516666666665,0.68945,0.976,0.0,0.0,0.0,33.822283333332166,10800.0,10800.0
2025-02-01,106,2025-02-01 17:40:00,461.9491083333332,461.9491083333332,439.8926333333333,0.0,1.0742,0.0,0.0,0.0,22.056474999999864,10800.0,10800.0
2025-02-01,107,2025-02-01 17:50:00,0.0,0.0,428.47,0.0,1.2313,0.0,428.47000000000065,0.0,6.252776074688882e-13,10800.0,10323.922222222222
2025-02-01,108,2025-02-01 18:00:00,0.0,0.0,454.18455,0.049499999999999995,1.2561,0.0,454.13504999999935,6.252776074688882e-13,0.0,10323.922222222222,9819.327722222222
2025-02-01,109,2025-02-01 18:10:00,0.0,0.0,472.26531666666665,0.0,1.2447,0.0,472.26531666666654,1.1368683772161603e-13,0.0,9819.327722222222,9294.588481481482
2025-02-01,110,2025-02-01 18:20:00,0.0,0.0,454.16833333333335,0.0,1.2545,0.0,454.16833333333324,1.1368683772161603e-13,0.0,9294.588481481482,8789.957
2025-02-01,111,2025-02-01 18:30:00,0.0,0.0,418.3761833333333,0.0035499999999999998,1.2522,0.0,418.37263333333397,0.0,6.821210263296962e-13,8789.957,8325.098518518518
2025-02-01,112,2025-02-01 18:40:00,0.0,0.0,414.0822333333333,0.0,1.2881,0.0,414.082233333333,2.8421709430404007e-13,0.0,8325.098518518518,7865.007148148148
2025-02-01,113,2025-02-01 18:50:00,0.0,0.0,432.1383333333333,0.0,1.3466,0.0,432.138333333333,3.410605131648481e-13,0.0,7865.007148148148,7384.853444444445
2025-02-01,114,2025-02-01 19:00:00,0.0,0.0,424.0143666666667,0.00025,1.3523,0.0,424.0141166666669,0.0,1.7053025658242404e-13,7384.853444444445,6913.726648148148
2025-02-01,115,2025-02-01 19:10:00,0.0,0.0,442.41246666666666,0.0,1.3445,0.0,442.4124666666665,1.7053025658242404e-13,0.0,6913.726648148148,6422.157240740741
2025-02-01,116,2025-02-01 19:20:00,0.0,0.0,483.74666666666667,0.0,1.3483,0.0,483.7466666666667,0.0,5.684341886080802e-14,6422.157240740741,5884.660944444445
2025-02-01,117,2025-02-01 19:30:00,0.0,0.0,481.18446666666665,0.0,1.349,0.0,481.1844666666664,2.2737367544323206e-13,0.0,5884.660944444445,5350.011537037038
2025-02-01,118,2025-02-01 19:40:00,0.0,0.0,444.76593333333335,0.0,1.3473,0.0,444.7659333333337,0.0,3.410605131648481e-13,5350.011537037038,4855.827166666667
2025-02-01,119,2025-02-01 19:50:00,0.0,0.0,418.095,0.0,1.3482,0.0,418.0950000000002,0.0,1.7053025658242404e-13,4855.827166666667,4391.277166666667
2025-02-01,120,2025-02-01 20:00:00,0.0,0.0,436.7405166666667,0.0,1.3513,0.0,436.74051666666674,0.0,5.684341886080802e-14,4391.277166666667,3906.009925925926
2025-02-01,121,2025-02-01 20:10:00,0.0,0.0,452.69785,0.0,1.34,0.0,452.69784999999985,1.7053025658242404e-13,0.0,3906.009925925926,3403.012314814815
2025-02-01,122,2025-02-01 20:20:00,0.0,0.0,449.9683333333333,0.0,1.3489,0.0,449.9683333333334,0.0,1.1368683772161603e-13,3403.012314814815,2903.0475
2025-02-01,123,2025-02-01 20:30:00,0.0,0.0,455.0667,0.0,1.3952,0.0,455.0667,0.0,0.0,2903.0475,2397.4178333333334
2025-02-01,124,2025-02-01 20:40:00,0.0,0.0,454.01236666666665,0.0,1.2226,0.0,454.01236666666665,0.0,0.0,2397.4178333333334,1892.9596481481483
2025-02-01,125,2025-02-01 20:50:00,512.2516666666666,526.7997168276033,459.405,0.0,0.9332,67.39471682760343,0.0,7.105427357601002e-14,0.0,1892.9596481481483,1953.6148932929914
2025-02-01,126,2025-02-01 21:00:00,503.95718333333326,509.64463333333333,497.4207666666667,0.0,0.9068,12.223866666666556,0.0,0.0,9.592326932761353e-14,1953.6148932929914,1964.6163732929913
2025-02-01,127,2025-02-01 21:10:00,472.4623416666666,488.0706615364535,503.28313333333335,0.0,0.9371,0.0,15.212471796879823,4.440892098500626e-14,0.0,1964.6163732929913,1947.7136268520137
2025-02-01,128,2025-02-01 21:20:00,472.2767127071818,490.22072889442376,477.5566666666667,0.0,0.9371,12.66406222775711,0.0,2.4868995751603507e-14,0.0,1947.7136268520137,1959.111282856995
2025-02-01,129,2025-02-01 21:30:00,456.75252499999976,503.378992513796,479.13595000000004,0.0,0.9871,24.24304251379605,0.0,9.237055564881302e-14,0.0,1959.111282856995,1980.9300211194115
2025-02-01,130,2025-02-01 21:40:00,440.58891229281926,475.4092916666667,450.2041,0.0,0.7764,25.205191666666703,0.0,0.0,3.197442310920451e-14,1980.9300211194115,2003.6146936194116
2025-02-01,131,2025-02-01 21:50:00,445.24152062614957,445.07448347456415,392.08500000000004,0.0,0.4209,52.98948347456417,0.0,5.684341886080802e-14,0.0,2003.6146936194116,2051.3052287465193
2025-02-01,132,2025-02-01 22:00:00,663.9738425425744,663.9738425425744,371.76981666666666,0.0,0.3859,292.204025875908,0.0,2.2737367544323206e-13,0.0,2051.3052287465193,2314.2888520348365
2025-02-01,133,2025-02-01 22:10:00,433.77342500000003,433.77342500000003,363.5782166666667,0.0,0.4368,70.19520833333344,0.0,1.2789769243681803e-13,0.0,2314.2888520348365,2377.4645395348366
2025-02-01,134,2025-02-01 22:20:00,467.1183333333332,467.1183333333332,359.1566666666667,0.0,0.4198,107.96166666666673,0.0,1.9895196601282805e-13,0.0,2377.4645395348366,2474.6300395348367
2025-02-01,135,2025-02-01 22:30:00,444.3966666666666,444.3966666666666,382.05071666666663,0.0,0.4186,62.34595,0.0,4.263256414560601e-14,0.0,2474.6300395348367,2530.7413945348367
2025-02-01,136,2025-02-01 22:40:00,424.7899416666667,424.7899416666667,417.16841666666664,0.0,0.4241,7.62152500000007,0.0,0.0,6.217248937900877e-15,2530.7413945348367,2537.6007670348367
2025-02-01,137,2025-02-01 22:50:00,430.38249999999994,430.38249999999994,431.7966666666667,0.0,0.4237,0.0,1.4141666666665516,1.9317880628477724e-13,0.0,2537.6007670348367,2536.0294707385406
2025-02-01,138,2025-02-01 23:00:00,420.60845833333326,420.60845833333326,406.46495,0.0,0.4248,14.143508333333253,0.0,0.0,1.9539925233402755e-14,2536.0294707385406,2548.7586282385405
2025-02-01,139,2025-02-01 23:10:00,427.1534416666666,427.1534416666666,400.95986666666664,0.0,0.424,26.193575000000035,0.0,8.171241461241152e-14,0.0,2548.7586282385405,2572.3328457385405
2025-02-01,140,2025-02-01 23:20:00,441.8266666666667,441.8266666666667,409.945,0.0,0.422,31.881666666666508,0.0,0.0,2.0961010704922955e-13,2572.3328457385405,2601.0263457385404
2025-02-01,141,2025-02-01 23:30:00,441.8593333333334,441.8593333333334,387.2367,0.0,0.424,54.6226333333334,0.0,0.0,0.0,2601.0263457385404,2650.1867157385404
2025-02-01,142,2025-02-01 23:40:00,498.0293916666667,498.0293916666667,454.71015000000006,0.0,0.4271,43.319241666666436,0.0,0.0,2.0605739337042905e-13,2650.1867157385404,2689.1740332385402
2025-02-01,143,2025-02-01 23:50:00,604.6624999999999,604.6624999999999,580.8233333333334,0.0,0.4276,23.839166666666642,0.0,1.1368683772161603e-13,0.0,2689.1740332385402,2710.62928323854
2025-02-02,0,2025-02-02 00:00:00,1497.287291666667,1497.287291666667,598.66405,0.0,0.4248,833.3333333333333,0.0,0.0,65.28990833333376,2710.62928323854,3460.62928323854
2025-02-02,1,2025-02-02 00:10:00,1492.6692083333332,1492.6692083333332,581.7344833333333,0.0,0.4245,833.3333333333338,0.0,0.0,77.60139166666613,3460.62928323854,4210.629283238541
2025-02-02,2,2025-02-02 00:20:00,1482.095833333333,1482.095833333333,584.5933333333334,0.0,0.4269,833.3333333333333,0.0,0.0,64.16916666666646,4210.629283238541,4960.629283238541
2025-02-02,3,2025-02-02 00:30:00,1524.6115416666664,1524.6115416666664,586.1028666666667,0.0,0.4272,833.3333333333333,0.0,0.0,105.17534166666644,4960.629283238541,5710.629283238541
2025-02-02,4,2025-02-02 00:40:00,1532.4521416666666,1532.4521416666666,587.1968666666667,0.0,0.4271,833.3333333333333,0.0,0.0,111.92194166666673,5710.629283238541,6460.629283238541
2025-02-02,5,2025-02-02 00:50:00,1516.0399999999995,1516.0399999999995,596.0733333333334,0.0,0.4285,833.3333333333333,0.0,0.0,86.63333333333287,6460.629283238541,7210.629283238541
2025-02-02,6,2025-02-02 01:00:00,654.7604166666667,654.7604166666667,612.0548166666666,0.0,0.4311,42.70560000000033,0.0,2.1316282072803006e-13,0.0,7210.629283238541,7249.064323238541
2025-02-02,7,2025-02-02 01:10:00,1365.899893623843,1365.899893623843,598.3243,0.0,0.4302,767.575593623843,0.0,1.1368683772161603e-13,0.0,7249.064323238541,7939.8823575
2025-02-02,8,2025-02-02 01:20:00,1538.2424999999996,1538.2424999999996,572.2333333333333,0.0,0.4279,833.3333333333323,0.0,0.0,132.6758333333339,7939.8823575,8689.882357499999
2025-02-02,9,2025-02-02 01:30:00,644.3636916666666,644.3636916666666,591.6527333333333,0.0,0.4312,52.710958333332705,0.0,0.0,5.186961971048731e-13,8689.882357499999,8737.322219999998
2025-02-02,10,2025-02-02 01:40:00,641.0796499999999,641.0796499999999,624.2957,0.0,0.4333,16.783950000000104,0.0,2.1316282072803006e-13,0.0,8737.322219999998,8752.427774999998
2025-02-02,11,2025-02-02 01:50:00,668.0508333333335,668.0508333333335,628.665,0.0,0.4311,39.385833333332506,0.0,0.0,9.876544027065393e-13,8752.427774999998,8787.875024999998
2025-02-02,12,2025-02-02 02:00:00,1528.9860833333337,1528.9860833333337,599.0741166666667,0.0,0.4293,833.3333333333333,0.0,0.0,96.57863333333376,8787.875024999998,9537.875024999998
2025-02-02,13,2025-02-02 02:10:00,695.2058916666667,695.2058916666667,611.8605833333334,0.0,0.4324,83.34530833333297,0.0,0.0,4.121147867408581e-13,9537.875024999998,9612.885802499997
2025-02-02,14,2025-02-02 02:20:00,697.5458333333332,697.5458333333332,647.1383333333333,0.0,0.4367,50.40749999999914,0.0,0.0,7.744915819785092e-13,9612.885802499997,9658.252552499996
2025-02-02,15,2025-02-02 02:30:00,680.4377416666666,680.4377416666666,618.5352333333334,0.0,0.4348,61.90250833333266,0.0,0.0,5.684341886080801e-13,9658.252552499996,9713.964809999996
2025-02-02,16,2025-02-02 02:40:00,687.0806666666667,687.0806666666667,632.8425166666667,0.0,0.4335,54.23814999999902,0.0,0.0,1.0018652574217413e-12,9713.964809999996,9762.779144999995
2025-02-02,17,2025-02-02 02:50:00,700.5658333333333,700.5658333333333,682.7416666666667,0.0,0.4357,17.824166666667022,0.0,3.659295089164516e-13,0.0,9762.779144999995,9778.820894999995
2025-02-02,18,2025-02-02 03:00:00,681.8397916666668,681.8397916666668,650.2912666666667,0.0,0.4374,31.548525000000357,0.0,3.161915174132446e-13,0.0,9778.820894999995,9807.214567499996
2025-02-02,19,2025-02-02 03:10:00,688.2237749999998,688.2237749999998,625.2837000000001,0.0,0.4371,62.94007499999982,0.0,7.105427357601002e-14,0.0,9807.214567499996,9863.860634999995
2025-02-02,20,2025-02-02 03:20:00,713.075,713.075,648.8266666666667,0.0,0.4356,64.2483333333338,0.0,4.689582056016661e-13,0.0,9863.860634999995,9921.684134999996
2025-02-02,21,2025-02-02 03:30:00,683.7549333333333,683.7549333333333,667.2369666666667,0.0,0.4353,16.51796666666592,0.0,0.0,6.323830348264892e-13,9921.684134999996,9936.550304999995
2025-02-02,22,2025-02-02 03:40:00,681.57255,681.57255,658.5555,0.0,0.436,23.017050000000584,0.0,6.572520305780927e-13,0.0,9936.550304999995,9957.265649999996
2025-02-02,23,2025-02-02 03:50:00,712.5883333333334,712.5883333333334,637.655,0.0,0.4378,74.93333333333389,0.0,4.973799150320701e-13,0.0,9957.265649999996,10024.705649999996
2025-02-02,24,2025-02-02 04:00:00,721.130175,721.130175,636.6545833333333,0.0,0.4401,83.66038888889307,0.0,0.0,0.8152027777736066,10024.705649999996,10100.0
2025-02-02,25,2025-02-02 04:10:00,708.1123249999999,708.1123249999999,645.9066666666666,0.0,0.4389,0.0,0.0,0.0,62.205658333333304,10100.0,10100.0
2025-02-02,26,2025-02-02 04:20:00,718.5666666666666,718.5666666666666,652.965,0.0,0.4364,0.0,0.0,0.0,65.60166666666657,10100.0,10100.0
2025-02-02,27,2025-02-02 04:30:00,720.9611666666667,720.9611666666667,656.2554833333334,0.0,0.4393,0.0,0.0,0.0,64.70568333333335,10100.0,10100.0
2025-02-02,28,2025-02-02 04:40:00,730.7051583333333,730.7051583333333,665.3873333333333,0.00023333333333333333,0.4422,0.0,0.0,0.0,65.31805833333328,10100.0,10100.0
2025-02-02,29,2025-02-02 04:50:00,709.5058333333334,709.5058333333334,681.0333333333333,0.0,0.4395,0.0,0.0,0.0,28.472500000000082,10100.0,10100.0
2025-02-02,30,2025-02-02 05:00:00,724.5075416666668,724.5075416666668,691.0207666666666,0.0,0.4333,0.0,0.0,0.0,33.48677500000019,10100.0,10100.0
2025-02-02,31,2025-02-02 05:10:00,766.0162083333332,766.0162083333332,679.2231166666667,0.00315,0.4439,0.0,0.0,0.0,86.79624166666656,10100.0,10100.0
2025-02-02,32,2025-02-02 05:20:00,1591.9650000000001,1591.9650000000001,647.9466666666666,0.0,0.4301,0.0,0.0,0.0,944.0183333333335,10100.0,10100.0
2025-02-02,33,2025-02-02 05:30:00,1563.9286583333333,1563.9286583333333,633.4947,0.0,0.3713,777.7777777777777,0.0,0.0,152.65618055555558,10100.0,10800.0
2025-02-02,34,2025-02-02 05:40:00,775.3305749999998,775.3305749999998,723.7820499999999,0.04398333333333334,0.5708,0.0,0.0,0.0,51.592508333333285,10800.0,10800.0
2025-02-02,35,2025-02-02 05:50:00,913.6591666666667,913.6591666666667,855.5333333333333,0.0,0.9099,0.0,0.0,0.0,58.12583333333339,10800.0,10800.0
2025-02-02,36,2025-02-02 06:00:00,255.2335277777778,108.2948173220193,867.2495166666666,0.0,0.9368,0.0,758.9546993446477,0.0,3.410605131648481e-13,10800.0,9956.71700072817
2025-02-02,37,2025-02-02 06:10:00,907.8828833333332,869.845063555746,855.2815166666666,0.6127,0.8758,15.176246889079469,0.0,0.0,2.4868995751603507e-14,9956.71700072817,9970.37562292834
2025-02-02,38,2025-02-02 06:20:00,914.1694333333334,873.2400352609019,873.5016666666667,0.0,0.8759,0.0,0.26163140576427396,5.002109837448643e-13,0.0,9970.37562292834,9970.08492136638
2025-02-02,39,2025-02-02 06:30:00,909.3528722222221,889.3443054165859,876.0123666666667,0.0,0.8601,13.331938749918965,0.0,0.0,2.6645352591003757e-13,9970.08492136638,9982.083666241308
2025-02-02,40,2025-02-02 06:40:00,889.4274805555556,854.6643357619278,853.8498833333333,19.09655,0.8442,19.91100242859425,0.0,0.0,1.7763568394002505e-13,9982.083666241308,10000.003568427042
2025-02-02,41,2025-02-02 06:50:00,848.5550499999998,807.632761224549,832.265,64.34375,0.8334,39.71151122454911,0.0,1.2789769243681803e-13,0.0,10000.003568427042,10035.743928529137
2025-02-02,42,2025-02-02 07:00:00,834.1753083333333,824.4353620866308,845.0358,109.53881666666666,0.8092,88.93837875329659,0.0,0.0,8.668621376273222e-13,10035.743928529137,10115.788469407104
2025-02-02,43,2025-02-02 07:10:00,797.8676444444445,797.8676444444445,865.4190666666667,156.74493333333334,0.7972,89.19351111111204,0.0,8.384404281969182e-13,0.0,10115.788469407104,10196.062629407104
2025-02-02,44,2025-02-02 07:20:00,738.1017333333334,724.4718599215148,862.9766666666666,206.4,0.7644,4.374856214328449,0.0,0.0,63.52033704051976,10196.062629407104,10200.0
2025-02-02,45,2025-02-02 07:30:00,1522.9170249999997,1459.3945296988907,851.2133,252.16675,0.6899,666.6666666666666,0.0,0.0,193.68131303222412,10200.0,10800.0
2025-02-02,46,2025-02-02 07:40:00,732.9879111111111,713.5292916666666,963.0563333333333,294.4087666666667,0.86,0.0,0.0,0.0,44.88172499999996,10800.0,10800.0
2025-02-02,47,2025-02-02 07:50:00,69.88548333333347,80.01170000000002,1143.6366666666665,332.4875,1.1617,0.0,731.1374666666674,0.0,7.958078640513122e-13,10800.0,9987.625037037036
2025-02-02,48,2025-02-02 08:00:00,0.0,0.0,1189.9577666666667,367.12641666666667,1.1683,0.0,822.8313500000003,0.0,3.410605131648481e-13,9987.625037037036,9073.36798148148
2025-02-02,49,2025-02-02 08:10:00,0.0,0.0,1173.5552,414.6793333333333,1.0956,0.0,758.8758666666666,1.1368683772161603e-13,0.0,9073.36798148148,8230.172574074073
2025-02-02,50,2025-02-02 08:20:00,0.0,0.0,1167.535,474.96875,1.0849,0.0,692.5662499999997,3.410605131648481e-13,0.0,8230.172574074073,7460.654518518518
2025-02-02,51,2025-02-02 08:30:00,0.0,0.0,1171.4924666666668,531.3649666666666,1.061,0.0,640.1274999999999,2.2737367544323206e-13,0.0,7460.654518518518,6749.40174074074
2025-02-02,52,2025-02-02 08:40:00,0.0,0.0,1169.5395833333334,583.4552833333333,1.043,0.0,586.0843000000002,0.0,1.1368683772161603e-13,6749.40174074074,6098.196962962962
2025-02-02,53,2025-02-02 08:50:00,0.0,0.0,1159.6966666666667,638.49375,1.036,0.0,521.2029166666669,0.0,1.1368683772161603e-13,6098.196962962962,5519.08261111111
2025-02-02,54,2025-02-02 09:00:00,0.0,0.0,1155.84485,701.0060166666667,1.0147,0.0,454.8388333333332,5.684341886080802e-14,0.0,5519.08261111111,5013.706129629629
2025-02-02,55,2025-02-02 09:10:00,0.0,0.0,1166.1131666666668,752.3296,0.9922,0.0,413.78356666666645,2.8421709430404007e-13,0.0,5013.706129629629,4553.9466111111105
2025-02-02,56,2025-02-02 09:20:00,0.0,0.0,1171.27,796.9875000000001,0.97,0.0,374.2825000000001,0.0,1.7053025658242404e-13,4553.9466111111105,4138.077166666666
2025-02-02,57,2025-02-02 09:30:00,60.99203888889065,0.0,1143.4297833333333,854.4570666666667,0.9422,0.0,288.97271666666666,0.0,1.1368683772161603e-13,4138.077166666666,3816.9963703703697
2025-02-02,58,2025-02-02 09:40:00,0.0,0.0,1121.5185833333333,890.1131833333334,0.9569,0.0,231.40540000000007,0.0,1.9895196601282805e-13,3816.9963703703697,3559.8792592592586
2025-02-02,59,2025-02-02 09:50:00,0.0,0.0,1126.9816666666668,904.61875,0.9977,0.0,222.362916666667,0.0,1.7053025658242404e-13,3559.8792592592586,3312.809351851851
2025-02-02,60,2025-02-02 10:00:00,0.0,0.0,1143.2435833333334,932.48405,0.9919,0.0,210.75953333333334,2.842170943040401e-14,0.0,3312.809351851851,3078.6320925925916
2025-02-02,61,2025-02-02 10:10:00,0.0,0.0,1140.95675,948.9234666666666,0.9588,0.0,192.03328333333326,1.7053025658242404e-13,0.0,3078.6320925925916,2865.261777777777
2025-02-02,62,2025-02-02 10:20:00,0.0,0.0,1120.825,955.75,0.9549,0.0,165.07499999999987,1.7053025658242404e-13,0.0,2865.261777777777,2681.8451111111103
2025-02-02,63,2025-02-02 10:30:00,0.0,0.0,1112.39495,985.7863000000001,0.9839,0.0,126.60864999999986,1.5631940186722204e-13,0.0,2681.8451111111103,2541.1688333333327
2025-02-02,64,2025-02-02 10:40:00,262.44866111111105,149.37461802849703,1127.6572666666666,1027.8570166666666,0.799,49.5743680284972,0.0,1.7763568394002505e-13,0.0,2541.1688333333327,2585.78576455898
2025-02-02,65,2025-02-02 10:50:00,1121.3408666666667,940.903486850917,1140.545,1055.08125,0.5025,833.3333333333333,0.0,0.0,22.106403517583658,2585.78576455898,3335.78576455898
2025-02-02,66,2025-02-02 11:00:00,1155.2606027777779,883.6732649956045,1114.6941166666668,1054.1732,0.4662,823.1523483289377,0.0,0.0,0.0,3335.78576455898,4076.622878055024
2025-02-02,67,2025-02-02 11:10:00,1148.6730222222218,892.9921559027741,1103.5297833333334,1079.4850666666666,0.5007,833.3333333333338,0.0,0.0,35.61410590277353,4076.622878055024,4826.622878055025
2025-02-02,68,2025-02-02 11:20:00,1118.319775,922.5649852578704,1132.0416666666667,1117.6375,0.4827,833.3333333333333,0.0,0.0,74.82748525787042,4826.622878055025,5576.622878055025
2025-02-02,69,2025-02-02 11:30:00,1061.1008194444444,873.8419916666664,1160.9295666666667,1105.8838833333332,0.4785,803.7523577166394,0.0,0.0,15.043950616693564,5576.622878055025,6300.0
2025-02-02,70,2025-02-02 11:40:00,1005.410263888889,803.7523371946966,1105.1401166666667,1117.75745,0.4662,666.6666666666666,0.0,0.0,149.7030038613633,6300.0,6900.0
2025-02-02,71,2025-02-02 11:50:00,1012.5552999999998,773.9237463174456,1014.6033333333334,1148.0062500000001,0.4432,666.6666666666666,0.0,0.0,240.6599963174458,6900.0,7500.0
2025-02-02,72,2025-02-02 12:00:00,1009.9450583333335,834.0168527837977,1029.2584666666667,1115.8952,0.4411,833.3333333333333,0.0,0.0,87.32025278379774,7500.0,8250.0
2025-02-02,73,2025-02-02 12:10:00,1021.7422166666669,844.2324276428744,1068.5136,1090.4079333333334,0.4551,833.3333333333333,0.0,0.0,32.793427642874576,8250.0,9000.0
2025-02-02,74,2025-02-02 12:20:00,969.2845249999998,855.210186775126,1060.23,1099.76875,0.4463,833.3333333333333,0.0,0.0,61.415603441792655,9000.0,9750.0
2025-02-02,75,2025-02-02 12:30:00,978.8294250000001,843.7736231689933,1017.6193333333334,1101.54775,0.4113,833.3333333333333,0.0,0.0,94.36870650232652,9750.0,10500.0
2025-02-02,76,2025-02-02 12:40:00,1012.7275583333334,458.70203331948386,1029.4667166666666,1088.6407833333333,0.5682,333.3333333333333,0.0,0.0,184.5427666528173,10500.0,10800.0
2025-02-02,77,2025-02-02 12:50:00,194.96785000000023,125.38796666666656,1087.325,1067.8625,0.8279,0.0,0.0,0.0,105.92546666666635,10800.0,10800.0
2025-02-02,78,2025-02-02 13:00:00,201.44822222222228,93.28949864823505,1097.3868833333333,1051.91705,0.8636,0.0,0.0,0.0,47.81966531490184,10800.0,10800.0
2025-02-02,79,2025-02-02 13:10:00,204.14733333333345,56.10385615064706,1085.0511,1058.2799166666666,0.8416,0.0,0.0,0.0,29.332672817313778,10800.0,10800.0
2025-02-02,80,2025-02-02 13:20:00,204.5994416666672,68.97906800026522,1084.2633333333333,1061.6875,0.8618,0.0,0.0,0.0,46.403234666931894,10800.0,10800.0
2025-02-02,81,2025-02-02 13:30:00,279.3922861111108,110.93047788360798,1095.6653166666667,1017.2032333333333,0.8623,0.0,0.0,0.0,32.468394550274525,10800.0,10800.0
2025-02-02,82,2025-02-02 13:40:00,341.86986111111116,0.0,1079.5258000000001,974.22565,0.9026,0.0,105.30015000000003,1.1368683772161603e-13,0.0,10800.0,10682.999833333333
2025-02-02,83,2025-02-02 13:50:00,0.0,0.0,1048.8616666666667,949.0,0.9754,0.0,99.86166666666723,0.0,5.542233338928781e-13,10682.999833333333,10572.042425925925
2025-02-02,84,2025-02-02 14:00:00,0.0,0.0,1057.3207333333332,911.0906666666666,1.0002,0.0,146.23006666666717,0.0,5.400124791776761e-13,10572.042425925925,10409.564574074073
2025-02-02,85,2025-02-02 14:10:00,0.0,0.0,1072.0557666666666,871.6022166666667,0.9978,0.0,200.45355000000055,0.0,5.968558980384842e-13,10409.564574074073,10186.838407407406
2025-02-02,86,2025-02-02 14:20:00,0.0,0.0,1068.7783333333334,838.68125,1.0271,0.0,230.09708333333364,0.0,1.9895196601282805e-13,10186.838407407406,9931.17498148148
2025-02-02,87,2025-02-02 14:30:00,0.0,0.0,1055.7741666666668,802.7843166666667,1.0906,0.0,252.9898500000003,0.0,1.4210854715202004e-13,9931.17498148148,9650.075148148146
2025-02-02,88,2025-02-02 14:40:00,96.96007699999693,0.0,1047.2526166666667,741.1351666666666,0.9376,0.0,306.1174499999994,6.821210263296962e-13,0.0,9650.075148148146,9309.944648148146
2025-02-02,89,2025-02-02 14:50:00,1288.4780333333333,1260.9938142883234,1038.28,665.11875,0.6694,0.0,0.0,0.0,887.8325642883235,9309.944648148146,9309.944648148146
2025-02-02,90,2025-02-02 15:00:00,1339.4731555555552,1316.9273411553547,1015.9704166666667,610.73905,0.66,544.5059465020596,0.0,0.0,367.19002798662837,9309.944648148146,9800.0
2025-02-02,91,2025-02-02 15:10:00,1383.9242305555554,1324.6175018211968,1014.6231666666666,563.84555,0.7217,666.6666666666666,0.0,0.0,207.17321848786355,9800.0,10400.0
2025-02-02,92,2025-02-02 15:20:00,1443.7609916666665,1134.0811977295223,1031.7616666666665,511.72499999999997,0.7308,444.44444444444446,0.0,0.0,169.60008661841118,10400.0,10800.0
2025-02-02,93,2025-02-02 15:30:00,652.6133777777775,661.3904246213531,1031.36365,456.01683333333335,0.7534,0.0,0.0,0.0,86.04360795468642,10800.0,10800.0
2025-02-02,94,2025-02-02 15:40:00,704.9479555555557,695.0363626027101,1036.5344,398.35275,0.7823,0.0,0.0,0.0,56.85471260271015,10800.0,10800.0
2025-02-02,95,2025-02-02 15:50:00,712.3636666666666,721.0370194221293,1043.1516666666666,343.0625,0.8055,0.0,0.0,0.0,20.94785275546269,10800.0,10800.0
2025-02-02,96,2025-02-02 16:00:00,790.7354250000001,781.1984767327026,1023.52795,294.6661833333333,0.8271,0.0,0.0,0.0,52.336710066035835,10800.0,10800.0
2025-02-02,97,2025-02-02 16:10:00,814.2367416666668,829.2021321027948,1022.9147333333334,247.29463333333334,0.8519,0.0,0.0,0.0,53.58203210279487,10800.0,10800.0
2025-02-02,98,2025-02-02 16:20:00,870.1055416666666,886.2322499581966,1037.415,198.84375,0.8791,0.0,0.0,0.0,47.6609999581965,10800.0,10800.0
2025-02-02,99,2025-02-02 16:30:00,902.9567861111109,905.1447601455981,1017.6533,152.69565,0.9024,0.0,0.0,0.0,40.187110145598126,10800.0,10800.0
2025-02-02,100,2025-02-02 16:40:00,950.8395388888891,959.2013690657085,1001.7467,108.53166666666668,0.9163,0.0,0.0,0.0,65.9863357323751,10800.0,10800.0
2025-02-02,101,2025-02-02 16:50:00,989.7476666666666,998.0670111249109,1004.9983333333333,63.43125,0.9264,0.0,0.0,0.0,56.499927791577534,10800.0,10800.0
2025-02-02,102,2025-02-02 17:00:00,1015.5431805555554,1007.0020062544987,1004.3622999999999,18.726033333333334,0.9462,0.0,0.0,0.0,21.36573958783208,10800.0,10800.0
2025-02-02,103,2025-02-02 17:10:00,1023.5621111111111,1001.8687834585705,1005.3769000000001,0.0,0.9742,0.0,3.508116541430354,0.0,7.958078640513122e-13,10800.0,10796.102092731744
2025-02-02,104,2025-02-02 17:20:00,1049.5742,1029.7054603356894,1026.9183333333333,0.0,0.9862,2.7871270023570105,0.0,9.094947017729282e-13,0.0,10796.102092731744,10798.610507033865
2025-02-02,105,2025-02-02 17:30:00,1083.5960583333335,1083.5960583333335,1050.86015,0.5959666666666666,0.976,1.543881073482933,0.0,0.0,31.787993926517377,10798.610507033865,10800.0
2025-02-02,106,2025-02-02 17:40:00,941.4618833333332,941.4618833333332,902.1030666666667,0.0,1.0742,0.0,0.0,0.0,39.358816666666485,10800.0,10800.0
2025-02-02,107,2025-02-02 17:50:00,750.1406689691358,736.282306685973,680.3766666666667,0.0,1.2313,0.0,0.0,0.0,55.90564001930636,10800.0,10800.0
2025-02-02,108,2025-02-02 18:00:00,722.9171666666667,720.4999289355076,682.6128333333334,0.04278333333333333,1.2561,0.0,0.0,0.0,37.92987893550753,10800.0,10800.0
2025-02-02,109,2025-02-02 18:10:00,748.0842500000001,745.4189833333334,745.4169166666667,0.0,1.2447,0.0,0.0,0.0,0.0020666666666784295,10800.0,10800.0
2025-02-02,110,2025-02-02 18:20:00,723.85,723.85,755.2766666666666,0.0,1.2545,0.0,31.426666666666097,5.222489107836736e-13,0.0,10800.0,10765.081481481482
2025-02-02,111,2025-02-02 18:30:00,741.9745416666666,739.7325886976431,754.6055166666666,0.0030666666666666668,1.2522,0.0,14.86986130235764,0.0,7.72715225139109e-13,10765.081481481482,10748.559413367751
2025-02-02,112,2025-02-02 18:40:00,448.17382975720244,448.17382975720244,737.466,0.0,1.2881,0.0,289.29217024279734,2.2737367544323206e-13,0.0,10748.559413367751,10427.123668653532
2025-02-02,113,2025-02-02 18:50:00,0.0,0.0,720.6283333333334,0.0,1.3466,0.0,720.628333333334,0.0,5.684341886080801e-13,10427.123668653532,9626.425520505383
2025-02-02,114,2025-02-02 19:00:00,0.0,0.0,734.1430166666668,0.00021666666666666666,1.3523,0.0,734.1428000000005,0.0,4.547473508864641e-13,9626.425520505383,8810.71129828316
2025-02-02,115,2025-02-02 19:10:00,0.0,0.0,718.8030333333332,0.0,1.3445,0.0,718.8030333333335,0.0,2.2737367544323206e-13,8810.71129828316,8012.041261246123
2025-02-02,116,2025-02-02 19:20:00,0.0,0.0,688.355,0.0,1.3483,0.0,688.3549999999997,3.410605131648481e-13,0.0,8012.041261246123,7247.202372357235
2025-02-02,117,2025-02-02 19:30:00,0.0,0.0,714.8059333333334,0.0,1.349,0.0,714.8059333333331,3.410605131648481e-13,0.0,7247.202372357235,6452.97355754242
2025-02-02,118,2025-02-02 19:40:00,0.0,0.0,724.8145166666667,0.0,1.3473,0.0,724.8145166666668,0.0,1.1368683772161603e-13,6452.97355754242,5647.624094579457
2025-02-02,119,2025-02-02 19:50:00,0.0,0.0,705.315,0.0,1.3482,0.0,705.315,0.0,0.0,5647.624094579457,4863.940761246124
2025-02-02,120,2025-02-02 20:00:00,0.0,0.0,714.35385,0.0,1.3513,0.0,714.3538499999999,1.1368683772161603e-13,0.0,4863.940761246124,4070.214261246124
2025-02-02,121,2025-02-02 20:10:00,0.0,0.0,707.17605,0.0,1.34,0.0,707.1760500000003,0.0,2.2737367544323206e-13,4070.214261246124,3284.463094579457
2025-02-02,122,2025-02-02 20:20:00,0.0,0.0,689.7199999999999,0.0,1.3489,0.0,689.7199999999999,0.0,0.0,3284.463094579457,2518.1075390239016
2025-02-02,123,2025-02-02 20:30:00,0.0,0.0,715.1150166666666,0.0,1.3952,0.0,715.1150166666666,0.0,0.0,2518.1075390239016,1723.535298283161
2025-02-02,124,2025-02-02 20:40:00,726.2071583333335,720.7922908211247,719.2343500000001,0.0,1.2226,1.5579408211245511,0.0,0.0,3.7969627442180354e-14,1723.535298283161,1724.937445022173
2025-02-02,125,2025-02-02 20:50:00,760.8225,759.6122420652166,695.3299999999999,0.0,0.9332,64.28224206521665,0.0,0.0,2.842170943040401e-14,1724.937445022173,1782.791462880868
2025-02-02,126,2025-02-02 21:00:00,760.9223999999999,760.9223999999999,701.5716666666667,0.0,0.9068,59.35073333333321,0.0,0.0,0.0,1782.791462880868,1836.207122880868
2025-02-02,127,2025-02-02 21:10:00,751.1580431069958,751.1580431069958,707.7024666666666,0.0,0.9371,43.455576440329274,0.0,7.815970093361102e-14,0.0,1836.207122880868,1875.3171416771643
2025-02-02,128,2025-02-02 21:20:00,750.9975000000001,750.9975000000001,707.6866666666666,0.0,0.9371,43.31083333333355,0.0,9.947598300641403e-14,0.0,1875.3171416771643,1914.2968916771645
2025-02-02,129,2025-02-02 21:30:00,760.1139333333333,760.1139333333333,718.29075,0.0,0.9871,41.82318333333342,0.0,1.1368683772161603e-13,0.0,1914.2968916771645,1951.9377566771645
2025-02-02,130,2025-02-02 21:40:00,697.5109524691363,695.7810583333332,663.7065,0.0,0.7764,32.074558333333194,0.0,0.0,4.973799150320701e-14,1951.9377566771645,1980.8048591771644
2025-02-02,131,2025-02-02 21:50:00,602.3941666666666,598.8133439693494,566.7516666666667,0.0,0.4209,32.06167730268261,0.0,0.0,9.947598300641403e-14,1980.8048591771644,2009.6603687495788
2025-02-02,132,2025-02-02 22:00:00,656.4921768518515,656.4921768518516,536.4216666666667,0.0,0.3859,120.07051018518496,0.0,1.1368683772161603e-13,0.0,2009.6603687495788,2117.723827916245
2025-02-02,133,2025-02-02 22:10:00,573.9799916666667,573.9799916666667,538.9398166666666,0.0,0.4368,35.04017500000019,0.0,9.947598300641403e-14,0.0,2117.723827916245,2149.2599854162454
2025-02-02,134,2025-02-02 22:20:00,600.7416666666667,600.7416666666667,541.5966666666667,0.0,0.4198,59.14500000000013,0.0,1.4921397450962104e-13,0.0,2149.2599854162454,2202.4904854162455
2025-02-02,135,2025-02-02 22:30:00,603.10195,602.93718166177,546.5506666666666,0.0,0.4186,56.38651499510312,0.0,0.0,1.9184653865522705e-13,2202.4904854162455,2253.2383489118383
2025-02-02,136,2025-02-02 22:40:00,604.8803416666667,604.8803416666667,543.9407,0.0,0.4241,60.939641666666624,0.0,0.0,9.237055564881302e-14,2253.2383489118383,2308.0840264118383
2025-02-02,137,2025-02-02 22:50:00,617.3025,617.3025,541.5416666666666,0.0,0.4237,75.76083333333321,0.0,0.0,1.7053025658242404e-13,2308.0840264118383,2376.268776411838
2025-02-02,138,2025-02-02 23:00:00,608.2523583333334,608.2523583333334,556.7465333333333,0.0,0.4248,51.505825000000286,0.0,2.1316282072803006e-13,0.0,2376.268776411838,2422.6240189118384
2025-02-02,139,2025-02-02 23:10:00,602.4124416666666,599.4297515969147,562.4285333333333,0.0,0.424,37.0012182635815,0.0,1.6342482922482304e-13,0.0,2422.6240189118384,2455.925115349062
2025-02-02,140,2025-02-02 23:20:00,604.0400000000001,604.0400000000001,548.4583333333334,0.0,0.422,55.58166666666693,0.0,2.2737367544323206e-13,0.0,2455.925115349062,2505.948615349062
2025-02-02,141,2025-02-02 23:30:00,617.4717250000001,617.4717250000001,537.1479166666667,0.0,0.424,80.32380833333364,0.0,2.1316282072803006e-13,0.0,2505.948615349062,2578.2400428490623
2025-02-02,142,2025-02-02 23:40:00,621.8187583333333,621.8187583333333,563.8254499999999,0.0,0.4271,57.99330833333342,0.0,1.4210854715202004e-14,0.0,2578.2400428490623,2630.4340203490624
2025-02-02,143,2025-02-02 23:50:00,619.1533333333334,619.1533333333334,591.3766666666667,0.0,0.4276,27.776666666666944,0.0,1.8829382497642655e-13,0.0,2630.4340203490624,2655.4330203490626
2025-02-03,0,2025-02-03 00:00:00,1473.2365666666665,1473.2365666666665,553.21265,0.0,0.4248,833.3333333333333,0.0,0.0,86.69058333333317,2655.4330203490626,3405.4330203490626
2025-02-03,1,2025-02-03 00:10:00,1488.121325,1488.121325,559.5310666666667,0.0,0.4245,833.3333333333333,0.0,0.0,95.25692500000014,3405.4330203490626,4155.433020349063
2025-02-03,2,2025-02-03 00:20:00,1488.0,1488.0,609.62,0.0,0.4269,833.3333333333333,0.0,0.0,45.04666666666674,4155.433020349063,4905.433020349063
2025-02-03,3,2025-02-03 00:30:00,1507.5180416666667,1507.5180416666667,592.4176333333334,0.0,0.4272,833.3333333333333,0.0,0.0,81.76707500000009,4905.433020349063,5655.433020349063
2025-02-03,4,2025-02-03 00:40:00,1513.0360666666666,1513.0360666666666,575.3122333333333,0.0,0.4271,833.3333333333333,0.0,0.0,104.39049999999997,5655.433020349063,6405.433020349063
2025-02-03,5,2025-02-03 00:50:00,1520.36,1520.36,583.5600000000001,0.0,0.4285,833.3333333333333,0.0,0.0,103.46666666666658,6405.433020349063,7155.433020349063
2025-02-03,6,2025-02-03 01:00:00,649.1175333333333,649.1175333333333,575.2487333333333,0.0,0.4311,73.86880000000019,0.0,2.2737367544323206e-13,0.0,7155.433020349063,7221.914940349063
2025-02-03,7,2025-02-03 01:10:00,1429.355357945486,1429.355357945486,590.3534333333333,0.0,0.4302,833.3333333333333,0.0,0.0,5.668591278819463,7221.914940349063,7971.914940349063
2025-02-03,8,2025-02-03 01:20:00,1539.0483333333334,1539.0483333333334,615.8633333333333,0.0,0.4279,833.3333333333333,0.0,0.0,89.8516666666668,7971.914940349063,8721.914940349063
2025-02-03,9,2025-02-03 01:30:00,655.0391916666666,655.0391916666666,596.38565,0.0,0.4312,58.653541666666975,0.0,4.050093593832571e-13,0.0,8721.914940349063,8774.703127849063
2025-02-03,10,2025-02-03 01:40:00,656.7730916666666,656.7730916666666,600.7105,0.0,0.4333,56.06259166666657,0.0,2.1316282072803006e-14,0.0,8774.703127849063,8825.159460349063
2025-02-03,11,2025-02-03 01:50:00,674.2816666666666,674.2816666666666,638.3183333333333,0.0,0.4311,35.963333333333544,0.0,1.7763568394002505e-13,0.0,8825.159460349063,8857.526460349063
2025-02-03,12,2025-02-03 02:00:00,1525.6620666666665,1525.6620666666665,646.8180833333333,0.0,0.4293,833.3333333333333,0.0,0.0,45.51064999999994,8857.526460349063,9607.526460349063
2025-02-03,13,2025-02-03 02:10:00,676.3234333333332,676.3234333333332,640.0752166666667,0.0,0.4324,36.248216666667254,0.0,7.460698725481052e-13,0.0,9607.526460349063,9640.149855349064
2025-02-03,14,2025-02-03 02:20:00,665.4075,665.4075,630.405,0.0,0.4367,35.0024999999995,0.0,0.0,5.542233338928781e-13,9640.149855349064,9671.652105349063
2025-02-03,15,2025-02-03 02:30:00,672.6639250000001,672.6639250000001,614.5355333333333,0.0,0.4348,58.12839166666688,0.0,1.3500311979441904e-13,0.0,9671.652105349063,9723.967657849063
2025-02-03,16,2025-02-03 02:40:00,689.9703333333334,689.9703333333334,612.5439833333334,0.0,0.4335,77.42634999999912,0.0,0.0,9.521272659185342e-13,9723.967657849063,9793.651372849063
2025-02-03,17,2025-02-03 02:50:00,685.0124999999999,685.0124999999999,633.125,0.0,0.4357,51.88749999999951,0.0,0.0,4.192202140984591e-13,9793.651372849063,9840.350122849062
2025-02-03,18,2025-02-03 03:00:00,676.4054,676.4054,664.07795,0.0,0.4374,12.327449999999468,0.0,0.0,5.311306949806749e-13,9840.350122849062,9851.444827849062
2025-02-03,19,2025-02-03 03:10:00,677.0442666666667,677.0442666666667,680.1285666666666,0.0,0.4371,0.0,3.084299999999712,2.7267077484793845e-13,0.0,9851.444827849062,9848.017827849062
2025-02-03,20,2025-02-03 03:20:00,675.9508333333333,675.9508333333333,668.3533333333334,0.0,0.4356,7.597500000000663,0.0,6.945555242054979e-13,0.0,9848.017827849062,9854.855577849063
2025-02-03,21,2025-02-03 03:30:00,674.0019583333333,674.0019583333333,641.0808499999999,0.0,0.4353,32.9211083333333,0.0,0.0,3.552713678800501e-14,9854.855577849063,9884.484575349063
2025-02-03,22,2025-02-03 03:40:00,695.5560083333332,695.5560083333332,647.1126,0.0,0.436,48.44340833333263,0.0,0.0,5.684341886080801e-13,9884.484575349063,9928.083642849062
2025-02-03,23,2025-02-03 03:50:00,723.5416666666667,723.5416666666667,679.9033333333333,0.0,0.4378,43.63833333333282,0.0,0.0,6.181721801112872e-13,9928.083642849062,9967.358142849062
2025-02-03,24,2025-02-03 04:00:00,709.2215333333335,709.2215333333335,689.4757833333333,0.0,0.4401,19.74574999999984,0.0,0.0,3.161915174132446e-13,9967.358142849062,9985.129317849061
2025-02-03,25,2025-02-03 04:10:00,722.6868,722.6868,706.4074,0.0,0.4389,16.279399999999036,0.0,0.0,8.597567102697212e-13,9985.129317849061,9999.78077784906
2025-02-03,26,2025-02-03 04:20:00,738.0441666666666,738.0441666666666,716.1750000000001,0.0,0.4364,0.0,0.0,0.0,21.8691666666665,9999.78077784906,9999.78077784906
2025-02-03,27,2025-02-03 04:30:00,723.18285,723.18285,670.2347,0.0,0.4393,0.0,0.0,0.0,52.948150000000055,9999.78077784906,9999.78077784906
2025-02-03,28,2025-02-03 04:40:00,717.7811416666667,717.7811416666667,643.91015,0.0,0.4422,0.0,0.0,0.0,73.87099166666667,9999.78077784906,9999.78077784906
2025-02-03,29,2025-02-03 04:50:00,714.7683333333337,714.7683333333337,657.01,0.0,0.4395,0.0,0.0,0.0,57.75833333333367,9999.78077784906,9999.78077784906
2025-02-03,30,2025-02-03 05:00:00,737.6623750000001,737.6623750000001,657.9167666666666,0.0,0.4333,0.0,0.0,0.0,79.74560833333351,9999.78077784906,9999.78077784906
2025-02-03,31,2025-02-03 05:10:00,767.5751166666668,767.5751166666668,657.1276333333334,0.00225,0.4439,0.0,0.0,0.0,110.44973333333337,9999.78077784906,9999.78077784906
2025-02-03,32,2025-02-03 05:20:00,1594.4366666666665,1594.4366666666665,658.715,0.0,0.4301,111.35469127882162,0.0,0.0,824.3669753878448,9999.78077784906,10100.0
2025-02-03,33,2025-02-03 05:30:00,1570.6191999999999,1570.6191999999999,664.1767333333333,0.0,0.3713,777.7777777777777,0.0,0.0,128.6646888888888,10100.0,10800.0
2025-02-03,34,2025-02-03 05:40:00,780.8253499999998,780.8253499999998,749.9262666666667,0.031266666666666665,0.5708,0.0,0.0,0.0,30.93034999999975,10800.0,10800.0
2025-02-03,35,2025-02-03 05:50:00,904.8941666666668,904.8941666666668,864.9966666666666,0.0,0.9099,0.0,0.0,0.0,39.897500000000264,10800.0,10800.0
2025-02-03,36,2025-02-03 06:00:00,203.86173055555946,151.39146903572873,873.5690833333333,0.0,0.9368,0.0,722.1776142976054,0.0,7.958078640513122e-13,10800.0,9997.580428558216
2025-02-03,37,2025-02-03 06:10:00,900.0745055555553,897.9655509290053,879.8802000000001,0.4354166666666666,0.8758,18.52076759567151,0.0,0.0,4.298783551348606e-13,9997.580428558216,10014.24911939432
2025-02-03,38,2025-02-03 06:20:00,915.400875,914.1199517307746,913.7266666666666,0.0,0.8759,0.3932850641083658,0.0,3.663180869750704e-13,0.0,10014.24911939432,10014.603075952018
2025-02-03,39,2025-02-03 06:30:00,909.8122750000001,909.8122750000001,899.8708166666667,0.0,0.8601,9.941458333333786,0.0,3.2862601528904634e-13,0.0,10014.603075952018,10023.550388452019
2025-02-03,40,2025-02-03 06:40:00,893.3714027777778,891.2902477652555,884.9485833333333,23.41371666666667,0.8442,29.755381098588664,0.0,0.0,1.6342482922482304e-13,10023.550388452019,10050.330231440748
2025-02-03,41,2025-02-03 06:50:00,849.9737666666665,846.4713521416085,896.64,72.22500000000001,0.8334,22.05635214160793,0.0,0.0,5.684341886080801e-13,10050.330231440748,10070.180948368195
2025-02-03,42,2025-02-03 07:00:00,838.0913138888889,821.3403554418433,912.4627166666668,124.02591666666666,0.8092,32.903555441842194,0.0,0.0,1.0018652574217413e-12,10070.180948368195,10099.794148265853
2025-02-03,43,2025-02-03 07:10:00,792.1567138888889,772.642408667662,913.3213333333333,177.8089,0.7972,37.12997533432927,0.0,5.542233338928781e-13,0.0,10099.794148265853,10133.21112606675
2025-02-03,44,2025-02-03 07:20:00,715.0575000000001,700.2450195440299,889.6833333333334,231.61249999999998,0.7644,0.0,0.0,0.0,42.17418621069646,10133.21112606675,10133.21112606675
2025-02-03,45,2025-02-03 07:30:00,1470.0482722222223,1430.6468836526076,868.6105666666667,281.95355,0.6899,740.8765265925002,0.0,0.0,103.11334039344058,10133.21112606675,10800.0
2025-02-03,46,2025-02-03 07:40:00,685.1577388888888,642.3112906544311,980.7109333333333,344.27818333333335,0.86,0.0,0.0,0.0,5.878540654431163,10800.0,10800.0
2025-02-03,47,2025-02-03 07:50:00,29.791633333333834,0.0,1150.2316666666668,412.66875,1.1617,0.0,737.5629166666673,0.0,5.684341886080801e-13,10800.0,9980.485648148147
2025-02-03,48,2025-02-03 08:00:00,0.0,0.0,1159.6443333333334,462.7847,1.1683,0.0,696.8596333333343,0.0,7.958078640513122e-13,9980.485648148147,9206.197166666665
2025-02-03,49,2025-02-03 08:10:00,0.0,0.0,1145.7172666666668,501.0844333333334,1.0956,0.0,644.6328333333342,0.0,9.094947017729282e-13,9206.197166666665,8489.93846296296
2025-02-03,50,2025-02-03 08:20:00,0.0,0.0,1171.835,537.8937500000001,1.0849,0.0,633.94125,0.0,0.0,8489.93846296296,7785.559296296294
2025-02-03,51,2025-02-03 08:30:00,0.0,0.0,1162.5689833333333,579.7282833333334,1.061,0.0,582.8407,0.0,0.0,7785.559296296294,7137.958518518516
2025-02-03,52,2025-02-03 08:40:00,0.0,0.0,1144.5487666666666,633.07805,1.043,0.0,511.4707166666669,0.0,2.8421709430404007e-13,7137.958518518516,6569.6577222222195
2025-02-03,53,2025-02-03 08:50:00,0.0,0.0,1155.2116666666668,675.69375,1.036,0.0,479.51791666666685,0.0,5.684341886080802e-14,6569.6577222222195,6036.860037037034
2025-02-03,54,2025-02-03 09:00:00,0.0,0.0,1194.7454,678.8150333333333,1.0147,0.0,515.9303666666668,0.0,1.1368683772161603e-13,6036.860037037034,5463.604074074071
2025-02-03,55,2025-02-03 09:10:00,0.0,0.0,1185.6460166666668,700.1302166666666,0.9922,0.0,485.5158000000004,0.0,1.7053025658242404e-13,5463.604074074071,4924.1420740740705
2025-02-03,56,2025-02-03 09:20:00,0.0,0.0,1150.5683333333334,759.6625,0.97,0.0,390.9058333333338,0.0,4.547473508864641e-13,4924.1420740740705,4489.802259259255
2025-02-03,57,2025-02-03 09:30:00,300.7075833333333,0.0,1182.0311,821.3364833333334,0.9422,0.0,360.6946166666665,5.684341886080802e-14,0.0,4489.802259259255,4089.030462962959
2025-02-03,58,2025-02-03 09:40:00,0.0,0.0,1180.3323,864.0758500000001,0.9569,0.0,316.2564499999999,5.684341886080802e-14,0.0,4089.030462962959,3737.6344074074036
2025-02-03,59,2025-02-03 09:50:00,0.0,0.0,1131.1766666666667,894.3874999999999,0.9977,0.0,236.7891666666666,1.9895196601282805e-13,0.0,3737.6344074074036,3474.5353333333296
2025-02-03,60,2025-02-03 10:00:00,0.0,0.0,1127.21535,931.1940500000001,0.9919,0.0,196.02129999999988,0.0,0.0,3474.5353333333296,3256.7338888888853
2025-02-03,61,2025-02-03 10:10:00,0.0,0.0,1150.4726333333333,951.3732666666666,0.9588,0.0,199.0993666666668,0.0,1.1368683772161603e-13,3256.7338888888853,3035.5123703703666
2025-02-03,62,2025-02-03 10:20:00,0.0,0.0,1169.385,943.9375,0.9549,0.0,225.44750000000005,0.0,5.684341886080802e-14,3035.5123703703666,2785.0151481481444
2025-02-03,63,2025-02-03 10:30:00,0.0,0.0,1169.2210166666666,931.8442,0.9839,0.0,237.37681666666668,0.0,5.684341886080802e-14,2785.0151481481444,2521.263129629626
2025-02-03,64,2025-02-03 10:40:00,307.40840000000014,188.07436693463762,1141.5322333333334,978.0195166666667,0.799,0.0,0.0,0.0,24.56165026797089,2521.263129629626,2521.263129629626
2025-02-03,65,2025-02-03 10:50:00,1203.9539166666668,1042.2553980997493,1105.5366666666666,1059.3687499999999,0.5025,643.0409670781935,0.0,0.0,353.04651435488904,2521.263129629626,3100.0
2025-02-03,66,2025-02-03 11:00:00,1259.5343111111113,1058.8501904198604,1098.6052333333334,1081.04355,0.4662,777.7777777777777,0.0,0.0,263.5107293087493,3100.0,3800.0
2025-02-03,67,2025-02-03 11:10:00,1231.904997222222,1038.955105712238,1124.6678166666668,1046.2020166666666,0.5007,777.7777777777777,0.0,0.0,182.71152793446015,3800.0,4500.0
2025-02-03,68,2025-02-03 11:20:00,1174.920675,1023.8637365660112,1156.5683333333334,1028.5062500000001,0.4827,777.7777777777777,0.0,0.0,118.02387545490035,4500.0,5200.0
2025-02-03,69,2025-02-03 11:30:00,1149.6888777777779,1033.6513166666664,1151.0741333333333,1095.2074,0.4785,777.7777777777777,0.0,0.0,200.00680555555562,5200.0,5900.0
2025-02-03,70,2025-02-03 11:40:00,1112.9801972222224,982.4937274685516,1092.8585333333333,1115.0872333333334,0.4662,777.7777777777777,0.0,0.0,226.94464969077387,5900.0,6600.0
2025-02-03,71,2025-02-03 11:50:00,1095.190716666667,927.5114343422321,1029.86,1065.4875,0.4432,777.7777777777777,0.0,0.0,185.36115656445452,6600.0,7300.0
2025-02-03,72,2025-02-03 12:00:00,1071.5886861111112,892.5557963165332,1033.50395,1051.1764666666666,0.4411,833.3333333333333,0.0,0.0,76.8949796498664,7300.0,8050.0
2025-02-03,73,2025-02-03 12:10:00,1096.0256222222222,923.1695403223247,1047.28925,1052.4270166666668,0.4551,833.3333333333333,0.0,0.0,94.97397365565803,8050.0,8800.0
2025-02-03,74,2025-02-03 12:20:00,1042.8151166666667,904.2786835165527,1034.2983333333334,1027.65625,0.4463,833.3333333333333,0.0,0.0,64.30326684988609,8800.0,9550.0
2025-02-03,75,2025-02-03 12:30:00,1044.6718444444443,880.6033782167051,1016.9696333333333,970.1857166666667,0.4113,833.3333333333333,0.0,0.0,0.48612821670542417,9550.0,10300.0
2025-02-03,76,2025-02-03 12:40:00,1083.013438888889,669.671109704351,1042.71135,963.7200666666666,0.5682,555.5555555555555,0.0,0.0,35.124270815461955,10300.0,10800.0
2025-02-03,77,2025-02-03 12:50:00,245.02445000000023,146.77709000472453,1079.7466666666667,996.4125,0.8279,0.0,0.0,0.0,63.44292333805788,10800.0,10800.0
2025-02-03,78,2025-02-03 13:00:00,260.6434027777775,143.97609651041444,1054.4313166666668,975.5898333333333,0.8636,0.0,0.0,0.0,65.13461317708084,10800.0,10800.0
2025-02-03,79,2025-02-03 13:10:00,280.9957277777776,152.78856103387454,1058.88185,954.2882500000001,0.8416,0.0,0.0,0.0,48.194961033874506,10800.0,10800.0
2025-02-03,80,2025-02-03 13:20:00,296.43598333333364,162.7214357885024,1086.8616666666667,952.96875,0.8618,0.0,0.0,0.0,28.828519121835598,10800.0,10800.0
2025-02-03,81,2025-02-03 13:30:00,365.41714166666645,221.19346108453487,1043.8305333333333,933.8155499999999,0.8623,0.0,0.0,0.0,111.17847775120163,10800.0,10800.0
2025-02-03,82,2025-02-03 13:40:00,430.1214472222222,157.7221370928668,1038.3026499999999,906.7374333333333,0.9026,0.0,0.0,0.0,26.15692042620026,10800.0,10800.0
2025-02-03,83,2025-02-03 13:50:00,0.0,0.0,1080.1766666666667,886.0187500000001,0.9754,0.0,194.1579166666661,5.684341886080801e-13,0.0,10800.0,10584.268981481482
2025-02-03,84,2025-02-03 14:00:00,0.0,0.0,1067.1981166666667,875.0711,1.0002,0.0,192.12701666666598,7.105427357601002e-13,0.0,10584.268981481482,10370.79451851852
2025-02-03,85,2025-02-03 14:10:00,0.0,0.0,1049.5025833333334,866.85145,0.9978,0.0,182.65113333333412,0.0,7.105427357601002e-13,10370.79451851852,10167.848814814815
2025-02-03,86,2025-02-03 14:20:00,0.0,0.0,1055.555,845.5187500000001,1.0271,0.0,210.0362499999992,7.958078640513122e-13,0.0,10167.848814814815,9934.475203703705
2025-02-03,87,2025-02-03 14:30:00,0.0,0.0,1060.2434833333334,795.3512333333333,1.0906,0.0,264.89224999999954,5.684341886080801e-13,0.0,9934.475203703705,9640.150481481483
2025-02-03,88,2025-02-03 14:40:00,0.0,0.0,1068.9835333333333,726.3919333333333,0.9376,0.0,342.5915999999994,5.684341886080801e-13,0.0,9640.150481481483,9259.49314814815
2025-02-03,89,2025-02-03 14:50:00,1380.8255666666664,1296.3613796830487,1075.6566666666665,659.3874999999999,0.6694,267.22983539094355,0.0,0.0,612.8623776254384,9259.49314814815,9500.0
2025-02-03,90,2025-02-03 15:00:00,1409.0926527777779,1345.886352051923,1060.6084166666667,609.9134166666666,0.66,777.7777777777777,0.0,0.0,117.41357427414539,9500.0,10200.0
2025-02-03,91,2025-02-03 15:10:00,1441.6263250000002,518.6886425227742,1030.15925,557.16815,0.7217,0.0,0.0,0.0,45.697542522774256,10200.0,10200.0
2025-02-03,92,2025-02-03 15:20:00,1481.7496666666666,1431.0262416666667,1014.54,495.8125,0.7308,666.6666666666666,0.0,0.0,245.6320750000001,10200.0,10800.0
2025-02-03,93,2025-02-03 15:30:00,1530.321966152261,652.675832609475,1037.4795666666666,442.11471666666665,0.7534,0.0,0.0,0.0,57.310982609475104,10800.0,10800.0
2025-02-03,94,2025-02-03 15:40:00,720.056175,675.1338254919938,1032.1572333333334,399.8736666666667,0.7823,0.0,0.0,0.0,42.850258825327046,10800.0,10800.0
2025-02-03,95,2025-02-03 15:50:00,688.2893166666669,688.2893166666669,1005.6666666666666,358.40000000000003,0.8055,0.0,0.0,0.0,41.022650000000226,10800.0,10800.0
2025-02-03,96,2025-02-03 16:00:00,796.0372805555559,778.688330316457,1029.39645,302.7615,0.8271,0.0,0.0,0.0,52.05338031645715,10800.0,10800.0
2025-02-03,97,2025-02-03 16:10:00,852.238252777778,852.238252777778,1047.8081833333333,245.00295000000003,0.8519,0.0,0.0,0.0,49.43301944444465,10800.0,10800.0
2025-02-03,98,2025-02-03 16:20:00,890.2313750000001,886.8177552666017,1037.545,193.7125,0.8791,0.0,0.0,0.0,42.9852552666016,10800.0,10800.0
2025-02-03,99,2025-02-03 16:30:00,890.2483,890.2483,1031.34085,147.41946666666666,0.9024,0.0,0.0,0.0,6.326916666666648,10800.0,10800.0
2025-02-03,100,2025-02-03 16:40:00,934.9785166666669,934.9785166666669,1026.8059833333334,105.53631666666666,0.9163,0.0,0.0,0.0,13.708850000000211,10800.0,10800.0
2025-02-03,101,2025-02-03 16:50:00,991.0961833333336,991.0961833333336,1021.5749999999999,63.88125,0.9264,0.0,0.0,0.0,33.40243333333353,10800.0,10800.0
2025-02-03,102,2025-02-03 17:00:00,1008.4754722222222,1000.1713567398159,1021.2386333333334,20.8122,0.9462,0.0,0.2550765935180607,0.0,5.457301277544957e-13,10800.0,10799.716581562758
2025-02-03,103,2025-02-03 17:10:00,1003.3205833333334,1002.1194699633858,1025.3728833333332,0.0,0.9742,0.0,23.253413369948248,0.0,7.958078640513122e-13,10799.716581562758,10773.879455596149
2025-02-03,104,2025-02-03 17:20:00,1035.430125,1035.430125,1037.3566666666668,0.0,0.9862,0.0,1.926541666666708,0.0,0.0,10773.879455596149,10771.738853744297
2025-02-03,105,2025-02-03 17:30:00,1078.0740250000001,1078.0740250000001,1038.9897333333333,0.44393333333333335,0.976,31.40127361744817,0.0,0.0,8.126951382551852,10771.738853744297,10800.0
2025-02-03,106,2025-02-03 17:40:00,935.2326083333334,935.2326083333334,913.5231166666667,0.0,1.0742,0.0,0.0,0.0,21.709491666666622,10800.0,10800.0
2025-02-03,107,2025-02-03 17:50:00,746.4430634283328,746.4430634283328,733.6383333333333,0.0,1.2313,0.0,0.0,0.0,12.804730094999513,10800.0,10800.0
2025-02-03,108,2025-02-03 18:00:00,716.9725916666665,716.9725916666665,707.6419333333333,0.03186666666666667,1.2561,0.0,0.0,0.0,9.362524999999891,10800.0,10800.0
2025-02-03,109,2025-02-03 18:10:00,729.1618583333335,729.1618583333335,734.1779,0.0,1.2447,0.0,5.016041666666934,0.0,4.0945025148175773e-13,10800.0,10794.42662037037
2025-02-03,110,2025-02-03 18:20:00,704.6458333333334,704.6458333333334,731.0016666666667,0.0,1.2545,0.0,26.355833333332885,4.085620730620576e-13,0.0,10794.42662037037,10765.142361111111
2025-02-03,111,2025-02-03 18:30:00,720.4504666666664,720.4504666666664,713.8544333333333,0.0022833333333333334,1.2522,6.598316666667314,0.0,8.08242361927114e-13,0.0,10765.142361111111,10771.080846111112
2025-02-03,112,2025-02-03 18:40:00,436.9931915000022,436.9931915000022,695.1395333333334,0.0,1.2881,0.0,258.14634183333095,2.2737367544323206e-13,0.0,10771.080846111112,10484.25157740741
2025-02-03,113,2025-02-03 18:50:00,0.0,0.0,690.79,0.0,1.3466,0.0,690.7899999999994,5.684341886080801e-13,0.0,10484.25157740741,9716.707132962967
2025-02-03,114,2025-02-03 19:00:00,0.0,0.0,712.6662,0.0,1.3523,0.0,712.6662000000006,0.0,5.684341886080801e-13,9716.707132962967,8924.855799629633
2025-02-03,115,2025-02-03 19:10:00,0.0,0.0,735.1843166666666,0.0,1.3445,0.0,735.1843166666667,0.0,1.1368683772161603e-13,8924.855799629633,8107.98433666667
2025-02-03,116,2025-02-03 19:20:00,0.0,0.0,738.1149999999999,0.0,1.3483,0.0,738.115,0.0,1.1368683772161603e-13,8107.98433666667,7287.856558888892
2025-02-03,117,2025-02-03 19:30:00,0.0,0.0,722.6534333333334,0.0,1.349,0.0,722.6534333333335,0.0,1.1368683772161603e-13,7287.856558888892,6484.908299629633
2025-02-03,118,2025-02-03 19:40:00,0.0,0.0,715.24385,0.0,1.3473,0.0,715.24385,0.0,0.0,6484.908299629633,5690.192910740744
2025-02-03,119,2025-02-03 19:50:00,0.0,0.0,717.8283333333334,0.0,1.3482,0.0,717.828333333333,3.410605131648481e-13,0.0,5690.192910740744,4892.605873703707
2025-02-03,120,2025-02-03 20:00:00,0.0,0.0,711.6539833333333,0.0,1.3513,0.0,711.6539833333335,0.0,2.2737367544323206e-13,4892.605873703707,4101.879225555559
2025-02-03,121,2025-02-03 20:10:00,0.0,0.0,716.3881333333334,0.0,1.34,0.0,716.3881333333334,0.0,0.0,4101.879225555559,3305.8924107407443
2025-02-03,122,2025-02-03 20:20:00,0.0,0.0,729.6016666666666,0.0,1.3489,0.0,729.6016666666666,0.0,0.0,3305.8924107407443,2495.223892222226
2025-02-03,123,2025-02-03 20:30:00,0.0,0.0,724.163,0.0,1.3952,0.0,724.163,0.0,0.0,2495.223892222226,1690.5983366666703
2025-02-03,124,2025-02-03 20:40:00,714.2170833333333,714.2170833333333,703.1593333333334,0.0,1.2226,11.057749999999942,0.0,0.0,0.0,1690.5983366666703,1700.5503116666703
2025-02-03,125,2025-02-03 20:50:00,750.9916666666666,750.9916666666666,697.4833333333332,0.0,0.9332,53.50833333333336,0.0,3.552713678800501e-14,0.0,1700.5503116666703,1748.7078116666703
2025-02-03,126,2025-02-03 21:00:00,770.2990166666666,770.2990166666666,731.9446333333334,0.0,0.9068,38.35438333333311,0.0,0.0,9.237055564881302e-14,1748.7078116666703,1783.22675666667
2025-02-03,127,2025-02-03 21:10:00,759.0317416666666,759.0317416666666,732.4464833333333,0.0,0.9371,26.58525833333341,0.0,1.2434497875801753e-13,0.0,1783.22675666667,1807.1534891666702
2025-02-03,128,2025-02-03 21:20:00,759.2124838333335,759.2124838333335,714.1750000000001,0.0,0.9371,45.03748383333358,0.0,1.2789769243681803e-13,0.0,1807.1534891666702,1847.6872246166704
2025-02-03,129,2025-02-03 21:30:00,779.4533083333334,779.4533083333334,748.8506333333333,0.0,0.9871,30.60267500000009,0.0,0.0,0.0,1847.6872246166704,1875.2296321166705
2025-02-03,130,2025-02-03 21:40:00,716.7734166666667,718.9115750000002,687.3082833333333,0.0,0.7764,31.60329166666694,0.0,3.552713678800501e-14,0.0,1875.2296321166705,1903.6725946166707
2025-02-03,131,2025-02-03 21:50:00,608.7363282921816,597.5763626181594,548.895,0.0,0.4209,48.681362618159355,0.0,0.0,1.4210854715202004e-14,1903.6725946166707,1947.4858209730141
2025-02-03,132,2025-02-03 22:00:00,679.4791355967078,679.4791355967078,517.5195666666667,0.0,0.3859,161.9595689300412,0.0,1.1368683772161603e-13,0.0,1947.4858209730141,2093.2494330100512
2025-02-03,133,2025-02-03 22:10:00,581.0793833333335,581.0793833333335,538.2651166666667,0.0,0.4368,42.814266666667,0.0,2.4868995751603507e-13,0.0,2093.2494330100512,2131.7822730100515
2025-02-03,134,2025-02-03 22:20:00,604.0300000000001,603.5085582972365,559.61,0.0,0.4198,43.89855829723628,0.0,0.0,2.1316282072803006e-13,2131.7822730100515,2171.290975477564
2025-02-03,135,2025-02-03 22:30:00,587.1915416666667,587.1915416666667,583.5960166666667,0.0,0.4186,3.595525000000129,0.0,1.7674750552032492e-13,0.0,2171.290975477564,2174.5269479775643
2025-02-03,136,2025-02-03 22:40:00,586.2043984999997,586.2043984999997,567.9212833333333,0.0,0.4241,18.283115166666196,0.0,0.0,1.3855583347321954e-13,2174.5269479775643,2190.981751627564
2025-02-03,137,2025-02-03 22:50:00,602.7625,602.7625,542.62,0.0,0.4237,60.142500000000226,0.0,1.8474111129762605e-13,0.0,2190.981751627564,2245.110001627564
2025-02-03,138,2025-02-03 23:00:00,582.7709500000001,582.7709500000001,577.0157333333333,0.0,0.4248,5.7552166666669615,0.0,1.6431300764452317e-13,0.0,2245.110001627564,2250.2896966275644
2025-02-03,139,2025-02-03 23:10:00,601.7593166666667,601.7593166666667,567.5697,0.0,0.424,34.18961666666645,0.0,0.0,2.1316282072803006e-13,2250.2896966275644,2281.060351627564
2025-02-03,140,2025-02-03 23:20:00,634.9866666666668,634.9866666666668,515.6166666666667,0.0,0.422,119.36999999999999,0.0,0.0,1.2789769243681803e-13,2281.060351627564,2388.493351627564
2025-02-03,141,2025-02-03 23:30:00,632.1721583333333,632.1721583333333,533.1497833333334,0.0,0.424,99.02237500000005,0.0,1.5631940186722204e-13,0.0,2388.493351627564,2477.613489127564
2025-02-03,142,2025-02-03 23:40:00,624.4200583333334,624.4200583333334,579.5267,0.0,0.4271,44.893358333333204,0.0,0.0,1.6342482922482304e-13,2477.613489127564,2518.017511627564
2025-02-03,143,2025-02-03 23:50:00,597.2125,597.2125,592.2033333333333,0.0,0.4276,5.009166666666513,0.0,0.0,2.0250467969162855e-13,2518.017511627564,2522.525761627564
2025-02-04,0,2025-02-04 00:00:00,1482.5769916666666,1482.5769916666666,556.1025333333333,0.0,0.4248,833.3333333333333,0.0,0.0,93.14112499999999,2522.525761627564,3272.525761627564
2025-02-04,1,2025-02-04 00:10:00,1500.7917083333334,1500.7917083333334,568.1499333333334,0.0,0.4245,833.3333333333333,0.0,0.0,99.3084416666668,3272.525761627564,4022.525761627564
2025-02-04,2,2025-02-04 00:20:00,1479.3183333333332,1479.3183333333332,610.0633333333334,0.0,0.4269,833.3333333333333,0.0,0.0,35.92166666666651,4022.525761627564,4772.525761627564
2025-02-04,3,2025-02-04 00:30:00,1509.4169666666667,1509.4169666666667,573.8968333333333,0.0,0.4272,833.3333333333333,0.0,0.0,102.18680000000006,4772.525761627564,5522.525761627564
2025-02-04,4,2025-02-04 00:40:00,1527.1060833333336,1527.1060833333336,559.6507833333334,0.0,0.4271,833.3333333333333,0.0,0.0,134.12196666666694,5522.525761627564,6272.525761627564
2025-02-04,5,2025-02-04 00:50:00,1532.648333333333,1532.648333333333,596.9716666666667,0.0,0.4285,833.3333333333333,0.0,0.0,102.34333333333313,6272.525761627564,7022.525761627564
2025-02-04,6,2025-02-04 01:00:00,673.5701166666668,673.5701166666668,610.0384333333333,0.0,0.4311,63.5316833333339,0.0,4.121147867408581e-13,0.0,7022.525761627564,7079.7042766275645
2025-02-04,7,2025-02-04 01:10:00,1549.79425,1549.79425,597.4533,0.0,0.4302,833.3333333333333,0.0,0.0,119.00761666666665,7079.7042766275645,7829.7042766275645
2025-02-04,8,2025-02-04 01:20:00,1535.2525,1535.2525,592.48,0.0,0.4279,833.3333333333333,0.0,0.0,109.43916666666678,7829.7042766275645,8579.704276627564
2025-02-04,9,2025-02-04 01:30:00,655.5973166666666,655.5973166666666,622.0757833333333,0.0,0.4312,33.52153333333263,0.0,0.0,6.821210263296962e-13,8579.704276627564,8609.873656627564
2025-02-04,10,2025-02-04 01:40:00,658.9879416666666,658.9879416666666,632.09725,0.0,0.4333,26.890691666667408,0.0,7.958078640513122e-13,0.0,8609.873656627564,8634.075279127564
2025-02-04,11,2025-02-04 01:50:00,694.5516666666666,694.5516666666666,613.9616666666667,0.0,0.4311,80.58999999999894,0.0,0.0,9.805489753489383e-13,8634.075279127564,8706.606279127564
2025-02-04,12,2025-02-04 02:00:00,1522.4931916666667,1522.4931916666667,613.2065333333334,0.0,0.4293,833.3333333333333,0.0,0.0,75.95332500000006,8706.606279127564,9456.606279127564
2025-02-04,13,2025-02-04 02:10:00,680.0834083333332,680.0834083333332,627.6478333333333,0.0,0.4324,52.43557499999952,0.0,0.0,3.410605131648481e-13,9456.606279127564,9503.798296627563
2025-02-04,14,2025-02-04 02:20:00,685.1333333333333,685.1333333333333,637.6,0.0,0.4367,47.53333333333406,0.0,7.602807272633072e-13,0.0,9503.798296627563,9546.578296627564
2025-02-04,15,2025-02-04 02:30:00,671.5366750000001,671.5366750000001,630.2638333333333,0.0,0.4348,41.27284166666666,0.0,0.0,9.237055564881302e-14,9546.578296627564,9583.723854127564
2025-02-04,16,2025-02-04 02:40:00,681.0851666666667,681.0851666666667,637.2846000000001,0.0,0.4335,43.800566666666576,0.0,0.0,9.237055564881302e-14,9583.723854127564,9623.144364127564
2025-02-04,17,2025-02-04 02:50:00,676.9658333333334,676.9658333333334,644.9433333333333,0.0,0.4357,32.02250000000074,0.0,5.897504706808832e-13,0.0,9623.144364127564,9651.964614127564
2025-02-04,18,2025-02-04 03:00:00,669.7426416666666,669.7426416666666,612.7784833333334,0.0,0.4374,56.964158333333515,0.0,2.984279490192421e-13,0.0,9651.964614127564,9703.232356627565
2025-02-04,19,2025-02-04 03:10:00,686.2555249999999,686.2555249999999,615.0598833333333,0.0,0.4371,71.19564166666653,0.0,0.0,4.263256414560601e-14,9703.232356627565,9767.308434127564
2025-02-04,20,2025-02-04 03:20:00,714.3283333333334,714.3283333333334,654.9766666666667,0.0,0.4356,59.351666666665956,0.0,0.0,7.318590178329032e-13,9767.308434127564,9820.724934127564
2025-02-04,21,2025-02-04 03:30:00,687.244675,687.244675,657.8822,0.0,0.4353,29.362475000000106,0.0,8.881784197001252e-14,0.0,9820.724934127564,9847.151161627564
2025-02-04,22,2025-02-04 03:40:00,672.80195,672.80195,638.8300666666667,0.0,0.436,33.9718833333326,0.0,0.0,7.815970093361102e-13,9847.151161627564,9877.725856627563
2025-02-04,23,2025-02-04 03:50:00,706.6891666666666,706.6891666666666,625.1233333333333,0.0,0.4378,81.56583333333401,0.0,7.958078640513122e-13,0.0,9877.725856627563,9951.135106627564
2025-02-04,24,2025-02-04 04:00:00,714.6569083333333,714.6569083333333,628.3736166666666,0.0,0.4401,86.28329166666744,0.0,8.100187187665142e-13,0.0,9951.135106627564,10028.790069127564
2025-02-04,25,2025-02-04 04:10:00,728.85545,728.85545,642.6335333333333,0.0,0.4389,0.0,0.0,0.0,86.22191666666674,10028.790069127564,10028.790069127564
2025-02-04,26,2025-02-04 04:20:00,716.9024999999999,716.9024999999999,659.7866666666666,0.0,0.4364,0.0,0.0,0.0,57.115833333333285,10028.790069127564,10028.790069127564
2025-02-04,27,2025-02-04 04:30:00,711.3282583333335,711.3282583333335,671.1028166666666,0.0,0.4393,0.0,0.0,0.0,40.225441666666825,10028.790069127564,10028.790069127564
2025-02-04,28,2025-02-04 04:40:00,726.2869666666667,726.2869666666667,658.5230333333333,0.0,0.4422,0.0,0.0,0.0,67.7639333333334,10028.790069127564,10028.790069127564
2025-02-04,29,2025-02-04 04:50:00,727.2716666666668,727.2716666666668,636.0516666666666,0.0,0.4395,0.0,0.0,0.0,91.22000000000014,10028.790069127564,10028.790069127564
2025-02-04,30,2025-02-04 05:00:00,738.4733666666668,738.4733666666668,641.5891833333334,0.0,0.4333,0.0,0.0,0.0,96.88418333333345,10028.790069127564,10028.790069127564
2025-02-04,31,2025-02-04 05:10:00,760.4834416666667,760.4834416666667,669.95545,0.0009833333333333332,0.4439,0.0,0.0,0.0,90.52897500000006,10028.790069127564,10028.790069127564
2025-02-04,32,2025-02-04 05:20:00,1608.4641666666666,1608.4641666666666,682.2866666666666,0.0,0.4301,79.12214541381722,0.0,0.0,847.0553545861828,10028.790069127564,10100.0
2025-02-04,33,2025-02-04 05:30:00,1573.9725666666666,1573.9725666666666,655.364,0.0,0.3713,777.7777777777777,0.0,0.0,140.83078888888883,10100.0,10800.0
2025-02-04,34,2025-02-04 05:40:00,790.9500333333333,790.9500333333333,711.06715,0.013783333333333333,0.5708,0.0,0.0,0.0,79.89666666666665,10800.0,10800.0
2025-02-04,35,2025-02-04 05:50:00,911.7275000000001,911.7275000000001,834.3983333333334,0.0,0.9099,0.0,0.0,0.0,77.32916666666665,10800.0,10800.0
2025-02-04,36,2025-02-04 06:00:00,273.7119700907491,240.38071659728848,879.7944166666666,0.0,0.9368,0.0,639.4137000693775,6.821210263296962e-13,0.0,10800.0,10089.540333256247
2025-02-04,37,2025-02-04 06:10:00,889.2719055555555,880.0497514809146,872.1903000000001,0.19186666666666666,0.8758,8.051318147580686,0.0,0.0,4.4231285301066237e-13,10089.540333256247,10096.78651958907
2025-02-04,38,2025-02-04 06:20:00,905.6935166666667,896.8009580347615,861.9566666666666,0.0,0.8759,34.84429136809518,0.0,2.7711166694643907e-13,0.0,10096.78651958907,10128.146381820356
2025-02-04,39,2025-02-04 06:30:00,934.7785916666667,934.7785916666667,868.5803666666667,1.2648666666666666,0.8601,67.46309166666632,0.0,0.0,3.126388037344441e-13,10128.146381820356,10188.863164320355
2025-02-04,40,2025-02-04 06:40:00,926.533636111111,918.0002735323942,866.2127833333334,21.132766666666665,0.8442,72.92025686572742,0.0,0.0,0.0,10188.863164320355,10254.49139549951
2025-02-04,41,2025-02-04 06:50:00,863.5873833333333,849.171736026216,859.36,59.53125,0.8334,49.34298602621614,0.0,1.8474111129762605e-13,0.0,10254.49139549951,10298.900082923104
2025-02-04,42,2025-02-04 07:00:00,822.3388138888889,802.4968759854198,877.2479333333334,99.16588333333334,0.8092,1.2221300854394535,0.0,0.0,23.192695899980272,10298.900082923104,10300.0
2025-02-04,43,2025-02-04 07:10:00,790.4115638888891,779.6638231216161,883.7370166666666,138.06231666666667,0.7972,0.0,0.0,0.0,33.98912312161622,10300.0,10300.0
2025-02-04,44,2025-02-04 07:20:00,743.3360416666668,719.0884687565116,863.89,179.3375,0.7644,0.0,0.0,0.0,34.53596875651158,10300.0,10300.0
2025-02-04,45,2025-02-04 07:30:00,1522.2504888888889,1515.6126384482418,861.2538,227.71018333333333,0.6899,555.5555555555555,0.0,0.0,326.51346622601966,10300.0,10800.0
2025-02-04,46,2025-02-04 07:40:00,733.2998222222222,730.8931128188456,991.6895333333333,289.41013333333336,0.86,0.0,0.0,0.0,28.613712818845556,10800.0,10800.0
2025-02-04,47,2025-02-04 07:50:00,64.59176666666701,64.59176666666701,1169.7483333333332,353.36875000000003,1.1617,0.0,751.7878166666654,7.958078640513122e-13,0.0,10800.0,9964.680203703705
2025-02-04,48,2025-02-04 08:00:00,17.669000000000096,17.669000000000096,1181.7572499999999,401.1414666666667,1.1683,0.0,762.9467833333329,2.2737367544323206e-13,0.0,9964.680203703705,9116.961555555557
2025-02-04,49,2025-02-04 08:10:00,0.0,0.0,1169.1234333333334,453.94939999999997,1.0956,0.0,715.1740333333328,6.821210263296962e-13,0.0,9116.961555555557,8322.323740740743
2025-02-04,50,2025-02-04 08:20:00,0.0,0.0,1184.5416666666667,509.2375,1.0849,0.0,675.3041666666671,0.0,3.410605131648481e-13,8322.323740740743,7571.98577777778
2025-02-04,51,2025-02-04 08:30:00,0.0,0.0,1144.4052666666666,540.1957,1.061,0.0,604.2095666666667,0.0,0.0,7571.98577777778,6900.641814814817
2025-02-04,52,2025-02-04 08:40:00,0.0,0.0,1133.9031833333333,558.4864166666667,1.043,0.0,575.4167666666665,1.1368683772161603e-13,0.0,6900.641814814817,6261.289851851854
2025-02-04,53,2025-02-04 08:50:00,0.0,0.0,1156.0583333333334,584.5124999999999,1.036,0.0,571.5458333333335,0.0,0.0,6261.289851851854,5626.238925925928
2025-02-04,54,2025-02-04 09:00:00,0.0,0.0,1130.2398,629.7986,1.0147,0.0,500.4412000000005,0.0,3.979039320256561e-13,5626.238925925928,5070.19314814815
2025-02-04,55,2025-02-04 09:10:00,0.0,0.0,1140.7403,676.07125,0.9922,0.0,464.66905000000025,0.0,2.8421709430404007e-13,5070.19314814815,4553.894203703705
2025-02-04,56,2025-02-04 09:20:00,0.0,0.0,1181.8866666666665,713.88125,0.97,0.0,468.0054166666666,0.0,5.684341886080802e-14,4553.894203703705,4033.8881851851866
2025-02-04,57,2025-02-04 09:30:00,452.3702277777779,452.3702277777779,1159.4286166666668,752.2742499999999,0.9422,45.215861111110925,0.0,0.0,1.2789769243681803e-13,4033.8881851851866,4074.5824601851864
2025-02-04,58,2025-02-04 09:40:00,53.354213888889674,53.354213888889674,1150.3997166666666,807.6507666666666,0.9569,0.0,289.39473611111015,5.684341886080802e-14,0.0,4074.5824601851864,3753.032753395064
2025-02-04,59,2025-02-04 09:50:00,0.0,0.0,1168.0783333333334,862.0187500000001,0.9977,0.0,306.0595833333333,0.0,0.0,3753.032753395064,3412.9665496913603
2025-02-04,60,2025-02-04 10:00:00,0.0,0.0,1143.4250166666668,878.7203,0.9919,0.0,264.7047166666668,5.684341886080802e-14,0.0,3412.9665496913603,3118.8501978395084
2025-02-04,61,2025-02-04 10:10:00,0.0,0.0,1109.0822833333334,889.2144333333334,0.9588,0.0,219.86785,0.0,2.842170943040401e-14,3118.8501978395084,2874.5525867283973
2025-02-04,62,2025-02-04 10:20:00,253.13485000000014,253.13485000000014,1097.4816666666668,909.8562499999999,0.9549,28.27490363511414,0.0,0.0,37.23452969821925,2874.5525867283973,2900.0
2025-02-04,63,2025-02-04 10:30:00,0.0,0.0,1107.1110333333334,930.5978333333334,0.9839,0.0,176.5132,0.0,2.842170943040401e-14,2900.0,2703.874222222222
2025-02-04,64,2025-02-04 10:40:00,283.9312583333334,283.9312583333334,1109.6992666666667,964.41005,0.799,0.0,0.0,0.0,138.64204166666673,2703.874222222222,2703.874222222222
2025-02-04,65,2025-02-04 10:50:00,1171.0571833333333,1171.0571833333333,1110.1933333333334,996.55625,0.5025,440.1397530864198,0.0,0.0,617.2803469135803,2703.874222222222,3100.0
2025-02-04,66,2025-02-04 11:00:00,1192.7416472222224,1146.789181628007,1136.1685166666666,997.7840833333333,0.4662,777.7777777777777,0.0,0.0,230.62697051689622,3100.0,3800.0
2025-02-04,67,2025-02-04 11:10:00,1156.4062944444445,1102.1431938177132,1149.0044166666667,1013.3618833333334,0.5007,777.7777777777777,0.0,0.0,188.72288270660204,3800.0,4500.0
2025-02-04,68,2025-02-04 11:20:00,1122.2913916666666,1098.1898616146782,1132.7533333333333,1046.2437499999999,0.4827,777.7777777777777,0.0,0.0,233.90250050356678,4500.0,5200.0
2025-02-04,69,2025-02-04 11:30:00,1123.3251555555557,1118.7732277777777,1107.65545,1058.0354333333332,0.4785,777.7777777777777,0.0,0.0,291.3754333333335,5200.0,5900.0
2025-02-04,70,2025-02-04 11:40:00,1047.8408861111116,1006.6359386354001,1080.1103333333333,1087.1373833333334,0.4662,777.7777777777777,0.0,0.0,235.88521085762238,5900.0,6600.0
2025-02-04,71,2025-02-04 11:50:00,1011.6972166666668,909.4723384623065,1053.4383333333333,1121.84375,0.4432,777.7777777777777,0.0,0.0,200.09997735119566,6600.0,7300.0
2025-02-04,72,2025-02-04 12:00:00,1032.4996944444447,847.3370897921902,1034.9545,1107.7744666666667,0.4411,833.3333333333333,0.0,0.0,86.82372312552366,7300.0,8050.0
2025-02-04,73,2025-02-04 12:10:00,1082.1373388888892,900.2432430350193,1042.7924666666665,1097.0343500000001,0.4551,833.3333333333333,0.0,0.0,121.15179303501964,8050.0,8800.0
2025-02-04,74,2025-02-04 12:20:00,1032.4437083333332,878.111113540092,1054.7216666666666,1106.9375,0.4463,833.3333333333333,0.0,0.0,96.99361354009216,8800.0,9550.0
2025-02-04,75,2025-02-04 12:30:00,1053.6305694444443,870.2692890839993,1033.3927,1097.3791166666667,0.4113,833.3333333333333,0.0,0.0,100.92237241733255,9550.0,10300.0
2025-02-04,76,2025-02-04 12:40:00,1096.9866555555554,660.1000193522149,1048.9965666666667,1049.34835,0.5682,555.5555555555555,0.0,0.0,104.8962471299925,10300.0,10800.0
2025-02-04,77,2025-02-04 12:50:00,276.56846666666695,129.34677013494343,1103.0016666666668,996.3375,0.8279,0.0,0.0,0.0,22.68260346827651,10800.0,10800.0
2025-02-04,78,2025-02-04 13:00:00,278.3325972222224,128.60805339640115,1119.7374499999999,984.5536999999999,0.8636,0.0,6.575696603599318,0.0,5.46229728115577e-13,10800.0,10792.693670440445
2025-02-04,79,2025-02-04 13:10:00,291.33487499999967,142.11498596673903,1099.6254999999999,930.76845,0.8416,0.0,26.742064033260977,0.0,4.618527782440651e-14,10792.693670440445,10762.980265959044
2025-02-04,80,2025-02-04 13:20:00,312.86945833333334,181.93743404525003,1070.535,852.8874999999999,0.8618,0.0,35.71006595474955,6.821210263296962e-13,0.0,10762.980265959044,10723.302414898211
2025-02-04,81,2025-02-04 13:30:00,343.76198888888894,248.41132250651344,1058.672,855.4041833333334,0.8623,45.14350583984601,0.0,0.0,9.592326932761353e-13,10723.302414898211,10763.931570154073
2025-02-04,82,2025-02-04 13:40:00,375.0148361111112,0.0,1054.2471666666668,857.1119666666667,0.9026,0.0,197.13520000000008,0.0,2.842170943040401e-14,10763.931570154073,10544.892459042961
2025-02-04,83,2025-02-04 13:50:00,0.0,0.0,1041.39,819.19375,0.9754,0.0,222.1962500000007,0.0,6.252776074688882e-13,10544.892459042961,10298.007736820739
2025-02-04,84,2025-02-04 14:00:00,0.0,0.0,1018.0360000000001,781.8597666666666,1.0002,0.0,236.17623333333395,0.0,4.831690603168681e-13,10298.007736820739,10035.5896997837
2025-02-04,85,2025-02-04 14:10:00,0.0,0.0,1022.6683666666667,741.0016833333334,0.9978,0.0,281.6666833333335,0.0,2.2737367544323206e-13,10035.5896997837,9722.62671830222
2025-02-04,86,2025-02-04 14:20:00,0.0,0.0,1042.865,696.81875,1.0271,0.0,346.04624999999925,7.389644451905042e-13,0.0,9722.62671830222,9338.130884968887
2025-02-04,87,2025-02-04 14:30:00,0.0,0.0,1028.2815,660.68405,1.0906,0.0,367.5974500000002,0.0,1.1368683772161603e-13,9338.130884968887,8929.689273857775
2025-02-04,88,2025-02-04 14:40:00,354.4202270000001,0.0,1019.0873833333334,623.4022166666667,0.9376,0.0,395.685166666666,6.252776074688882e-13,0.0,8929.689273857775,8490.03908867259
2025-02-04,89,2025-02-04 14:50:00,1587.879783333333,1350.1599202227362,1037.0366666666666,576.2125,0.6694,344.40101258601015,0.0,0.0,544.9347409700595,8490.03908867259,8800.0
2025-02-04,90,2025-02-04 15:00:00,1599.7240083333336,1387.7325928733303,1059.95045,523.5103,0.66,777.7777777777777,0.0,0.0,73.51466509555246,8800.0,9500.0
2025-02-04,91,2025-02-04 15:10:00,1615.2956111111112,1413.5362342984636,1058.3922,497.1272166666667,0.7217,777.7777777777777,0.0,0.0,74.4934731873526,9500.0,10200.0
2025-02-04,92,2025-02-04 15:20:00,1635.5692083333333,1287.2296661856199,1038.3416666666667,486.52500000000003,0.7308,666.6666666666666,0.0,0.0,68.74633285228663,10200.0,10800.0
2025-02-04,93,2025-02-04 15:30:00,1680.0279361111116,663.5024929951953,1032.3059333333333,448.28131666666667,0.7534,0.0,0.0,0.0,79.47787632852874,10800.0,10800.0
2025-02-04,94,2025-02-04 15:40:00,825.5657305555553,671.3354652957983,1032.2686,402.76174999999995,0.7823,0.0,0.0,0.0,41.828615295798045,10800.0,10800.0
2025-02-04,95,2025-02-04 15:50:00,798.6858500000001,688.3998118306972,1030.0433333333333,356.375,0.8055,0.0,0.0,0.0,14.731478497363923,10800.0,10800.0
2025-02-04,96,2025-02-04 16:00:00,840.905022222222,742.1678645822366,1028.1132,294.32956666666666,0.8271,0.0,0.0,0.0,8.384231248903234,10800.0,10800.0
2025-02-04,97,2025-02-04 16:10:00,905.834138888889,829.3209671721021,1029.81055,237.81556666666665,0.8519,0.0,0.0,0.0,37.32598383876871,10800.0,10800.0
2025-02-04,98,2025-02-04 16:20:00,946.5963750000001,878.9777732709761,1030.1883333333333,194.73749999999998,0.8791,0.0,0.0,0.0,43.52693993764274,10800.0,10800.0
2025-02-04,99,2025-02-04 16:30:00,949.3718138888886,898.7442229129196,1022.1719666666667,152.91453333333334,0.9024,0.0,0.0,0.0,29.486789579586116,10800.0,10800.0
2025-02-04,100,2025-02-04 16:40:00,965.7019361111112,933.7822471997886,1022.5867333333334,110.23756666666667,0.9163,0.0,0.0,0.0,21.433080533121824,10800.0,10800.0
2025-02-04,101,2025-02-04 16:50:00,991.4229833333334,983.8491720329545,1029.2683333333332,66.25,0.9264,0.0,0.0,0.0,20.830838699621154,10800.0,10800.0
2025-02-04,102,2025-02-04 17:00:00,1012.6668222222221,990.9468823313681,1021.5036333333334,23.697950000000002,0.9462,0.0,6.858801001964639,6.368239269249898e-13,0.0,10800.0,10792.379109997817
2025-02-04,103,2025-02-04 17:10:00,1011.5951888888889,1011.5951888888889,1005.1734499999999,1.5839833333333333,0.9742,8.005722222221973,0.0,0.0,3.161915174132446e-13,10792.379109997817,10799.584259997817
2025-02-04,104,2025-02-04 17:20:00,1050.9197749999998,1050.9197749999998,1005.9,0.0,0.9862,0.4619333357590626,0.0,0.0,44.557841664240804,10799.584259997817,10800.0
2025-02-04,105,2025-02-04 17:30:00,1089.2418166666669,1089.2418166666669,1024.7916,0.19343333333333335,0.976,0.0,0.0,0.0,64.6436500000002,10800.0,10800.0
2025-02-04,106,2025-02-04 17:40:00,940.0430583333334,939.5154883659096,923.1554833333333,0.0,1.0742,0.0,0.0,0.0,16.360005032576282,10800.0,10800.0
2025-02-04,107,2025-02-04 17:50:00,739.166,739.166,743.8966666666666,0.0,1.2313,0.0,4.730666666666912,0.0,3.1885605267234496e-13,10800.0,10794.743703703703
2025-02-04,108,2025-02-04 18:00:00,708.84235,708.84235,685.4067166666667,0.013883333333333333,1.2561,5.840329218107298,0.0,0.0,17.60918744855927,10794.743703703703,10800.0
2025-02-04,109,2025-02-04 18:10:00,724.5442500000001,724.5442500000001,702.891,0.0,1.2447,0.0,0.0,0.0,21.653250000000185,10800.0,10800.0
2025-02-04,110,2025-02-04 18:20:00,709.1083333333332,709.1083333333332,725.315,0.0,1.2545,0.0,16.20666666666657,2.4868995751603507e-13,0.0,10800.0,10781.992592592593
2025-02-04,111,2025-02-04 18:30:00,693.7854916666666,693.7854916666666,726.2679333333334,0.001,1.2522,0.0,32.48144166666625,5.471179065352771e-13,0.0,10781.992592592593,10745.902101851852
2025-02-04,112,2025-02-04 18:40:00,514.0139416666675,514.0139416666675,710.4002,0.0,1.2881,0.0,196.38625833333208,4.547473508864641e-13,0.0,10745.902101851852,10527.69514814815
2025-02-04,113,2025-02-04 18:50:00,0.0,0.0,696.9533333333334,0.0,1.3466,0.0,696.9533333333331,2.2737367544323206e-13,0.0,10527.69514814815,9753.302555555558
2025-02-04,114,2025-02-04 19:00:00,0.0,0.0,703.7154333333333,0.0,1.3523,0.0,703.7154333333334,0.0,1.1368683772161603e-13,9753.302555555558,8971.39651851852
2025-02-04,115,2025-02-04 19:10:00,0.0,0.0,714.0810333333334,0.0,1.3445,0.0,714.0810333333333,1.1368683772161603e-13,0.0,8971.39651851852,8177.97314814815
2025-02-04,116,2025-02-04 19:20:00,0.0,0.0,710.66,0.0,1.3483,0.0,710.6600000000001,0.0,1.1368683772161603e-13,8177.97314814815,7388.350925925928
2025-02-04,117,2025-02-04 19:30:00,0.0,0.0,696.9931333333334,0.0,1.349,0.0,696.9931333333336,0.0,2.2737367544323206e-13,7388.350925925928,6613.914111111113
2025-02-04,118,2025-02-04 19:40:00,0.0,0.0,724.3773166666666,0.0,1.3473,0.0,724.3773166666667,0.0,1.1368683772161603e-13,6613.914111111113,5809.050425925928
2025-02-04,119,2025-02-04 19:50:00,0.0,0.0,755.985,0.0,1.3482,0.0,755.9850000000002,0.0,2.2737367544323206e-13,5809.050425925928,4969.067092592594
2025-02-04,120,2025-02-04 20:00:00,0.0,0.0,703.86155,0.0,1.3513,0.0,703.86155,0.0,0.0,4969.067092592594,4186.998703703705
2025-02-04,121,2025-02-04 20:10:00,0.0,0.0,670.4458166666667,0.0,1.34,0.0,670.4458166666666,1.1368683772161603e-13,0.0,4186.998703703705,3442.058907407409
2025-02-04,122,2025-02-04 20:20:00,0.0,0.0,693.0166666666668,0.0,1.3489,0.0,693.0166666666669,0.0,1.1368683772161603e-13,3442.058907407409,2672.0403888888904
2025-02-04,123,2025-02-04 20:30:00,0.0,0.0,710.2774833333333,0.0,1.3952,0.0,710.2774833333334,0.0,1.1368683772161603e-13,2672.0403888888904,1882.8431851851867
2025-02-04,124,2025-02-04 20:40:00,716.5724916666667,716.5724916666667,721.3335999999999,0.0,1.2226,0.0,4.761108333333209,4.529709940470639e-14,0.0,1882.8431851851867,1877.5530648148165
2025-02-04,125,2025-02-04 20:50:00,740.7633333333331,740.7633333333331,725.1716666666666,0.0,0.9332,15.591666666666445,0.0,0.0,2.4868995751603507e-14,1877.5530648148165,1891.5855648148163
2025-02-04,126,2025-02-04 21:00:00,743.3432583333333,743.3432583333333,711.8187333333334,0.0,0.9068,31.524524999999812,0.0,0.0,1.1368683772161603e-13,1891.5855648148163,1919.957637314816
2025-02-04,127,2025-02-04 21:10:00,744.9001750000001,744.9001750000001,701.0101,0.0,0.9371,43.8900750000001,0.0,0.0,3.552713678800501e-14,1919.957637314816,1959.4587048148162
2025-02-04,128,2025-02-04 21:20:00,742.0124999999998,742.0124999999998,712.4833333333332,0.0,0.9371,29.529166666666494,0.0,0.0,8.881784197001252e-14,1959.4587048148162,1986.034954814816
2025-02-04,129,2025-02-04 21:30:00,775.6679583333333,775.6679583333333,733.6206333333333,0.0,0.9871,42.0473249999999,0.0,0.0,9.947598300641403e-14,1986.034954814816,2023.877547314816
2025-02-04,130,2025-02-04 21:40:00,707.3387083333334,709.4756012149311,660.7122666666667,0.0,0.7764,48.76333454826459,0.0,1.6342482922482304e-13,0.0,2023.877547314816,2067.764548408254
2025-02-04,131,2025-02-04 21:50:00,567.0591666666667,568.0680830164384,547.2216666666667,0.0,0.4209,20.846416349771868,0.0,1.2434497875801753e-13,0.0,2067.764548408254,2086.5263231230488
2025-02-04,132,2025-02-04 22:00:00,557.5282916666667,557.5282916666667,560.1954166666667,0.0,0.3859,0.0,2.6671249999999875,0.0,4.574118861455645e-14,2086.5263231230488,2083.5628509008266
2025-02-04,133,2025-02-04 22:10:00,574.50315,574.9422818853378,605.2482666666666,0.0,0.4368,0.0,30.305984781328608,1.8118839761882555e-13,0.0,2083.5628509008266,2049.889534477128
2025-02-04,134,2025-02-04 22:20:00,575.3641666666665,575.3641666666665,604.5283333333333,0.0,0.4198,0.0,29.164166666666894,0.0,9.237055564881302e-14,2049.889534477128,2017.4849048474982
2025-02-04,135,2025-02-04 22:30:00,585.9483666666665,585.9483666666665,572.15615,0.0,0.4186,13.792216666666565,0.0,7.460698725481052e-14,0.0,2017.4849048474982,2029.8978998474981
2025-02-04,136,2025-02-04 22:40:00,595.1209416666666,595.1209416666666,552.7785,0.0,0.4241,42.34244166666637,0.0,0.0,1.9184653865522705e-13,2029.8978998474981,2068.006097347498
2025-02-04,137,2025-02-04 22:50:00,606.3491666666666,606.3491666666666,554.7016666666667,0.0,0.4237,51.647500000000136,0.0,2.1316282072803006e-13,0.0,2068.006097347498,2114.488847347498
2025-02-04,138,2025-02-04 23:00:00,590.8592666666667,590.8592666666667,550.7949666666667,0.0,0.4248,40.0643000000001,0.0,9.947598300641403e-14,0.0,2114.488847347498,2150.546717347498
2025-02-04,139,2025-02-04 23:10:00,599.8111916666667,599.8111916666667,544.3329833333333,0.0,0.424,55.47820833333339,0.0,6.394884621840902e-14,0.0,2150.546717347498,2200.477104847498
2025-02-04,140,2025-02-04 23:20:00,611.6,611.6,545.5716666666666,0.0,0.422,66.02833333333365,0.0,2.2737367544323206e-13,0.0,2200.477104847498,2259.9026048474984
2025-02-04,141,2025-02-04 23:30:00,622.5178416666668,622.5178416666668,556.71645,0.0,0.424,65.80139166666666,0.0,0.0,8.526512829121202e-14,2259.9026048474984,2319.1238573474984
2025-02-04,142,2025-02-04 23:40:00,615.4541916666666,615.4541916666666,554.1323333333333,0.0,0.4271,61.32185833333298,0.0,0.0,2.5579538487363607e-13,2319.1238573474984,2374.313529847498
2025-02-04,143,2025-02-04 23:50:00,613.5541666666659,613.5745944698183,553.0016666666667,0.0,0.4276,60.57292780315139,0.0,0.0,2.4158453015843406e-13,2374.313529847498,2428.8291648703344
2025-02-05,0,2025-02-05 00:00:00,1456.3658916666666,1456.3658916666666,591.5752333333334,0.0,0.4248,833.3333333333333,0.0,0.0,31.45732499999997,2428.8291648703344,3178.8291648703344
2025-02-05,1,2025-02-05 00:10:00,1483.7341166666665,1483.7341166666665,621.0490666666667,0.0,0.4245,833.3333333333333,0.0,0.0,29.35171666666656,3178.8291648703344,3928.8291648703344
2025-02-05,2,2025-02-05 00:20:00,1507.0966666666666,1507.0966666666666,609.7866666666666,0.0,0.4269,833.3333333333333,0.0,0.0,63.97666666666669,3928.8291648703344,4678.829164870334
2025-02-05,3,2025-02-05 00:30:00,1494.5355749999999,1494.5355749999999,574.01075,0.0,0.4272,833.3333333333333,0.0,0.0,87.1914916666666,4678.829164870334,5428.829164870334
2025-02-05,4,2025-02-05 00:40:00,1509.851008333333,1509.851008333333,561.9263500000001,0.0,0.4271,833.3333333333333,0.0,0.0,114.59132499999976,5428.829164870334,6178.829164870334
2025-02-05,5,2025-02-05 00:50:00,1520.1399999999996,1520.1399999999996,589.7066666666666,0.0,0.4285,833.3333333333333,0.0,0.0,97.0999999999998,6178.829164870334,6928.829164870334
2025-02-05,6,2025-02-05 01:00:00,645.3890583333333,645.3890583333333,626.4330833333333,0.0,0.4311,18.955974999999953,0.0,0.0,1.4210854715202004e-14,6928.829164870334,6945.889542370334
2025-02-05,7,2025-02-05 01:10:00,1531.3306166666666,1531.3306166666666,615.2073833333333,0.0,0.4302,833.3333333333333,0.0,0.0,82.7899000000001,6945.889542370334,7695.889542370334
2025-02-05,8,2025-02-05 01:20:00,1535.3291666666667,1535.3291666666667,584.3233333333334,0.0,0.4279,833.3333333333333,0.0,0.0,117.67250000000001,7695.889542370334,8445.889542370334
2025-02-05,9,2025-02-05 01:30:00,644.2711333333333,644.2711333333333,613.65545,0.0,0.4312,30.615683333334243,0.0,9.201528428093297e-13,0.0,8445.889542370334,8473.443657370335
2025-02-05,10,2025-02-05 01:40:00,648.7113833333333,648.7113833333333,628.5016666666667,0.0,0.4333,20.20971666666608,0.0,0.0,5.435651928564766e-13,8473.443657370335,8491.632402370335
2025-02-05,11,2025-02-05 01:50:00,830.1950945885172,830.1950945885172,607.96,0.0,0.4311,222.2350945885167,0.0,0.0,5.115907697472721e-13,8491.632402370335,8691.6439875
2025-02-05,12,2025-02-05 02:00:00,1514.2503416666664,1514.2503416666664,611.2406500000001,0.0,0.4293,833.3333333333333,0.0,0.0,69.67635833333304,8691.6439875,9441.6439875
2025-02-05,13,2025-02-05 02:10:00,667.7211416666667,667.7211416666667,642.9325166666666,0.0,0.4324,24.788624999999026,0.0,0.0,9.983125437429408e-13,9441.6439875,9463.953749999999
2025-02-05,14,2025-02-05 02:20:00,665.0325000000001,665.0325000000001,663.7716666666666,0.0,0.4367,1.2608333333325088,0.0,0.0,9.85211912052364e-13,9463.953749999999,9465.088499999998
2025-02-05,15,2025-02-05 02:30:00,653.535975,653.535975,634.6239833333333,0.0,0.4348,18.91199166666613,0.0,0.0,5.933031843596837e-13,9465.088499999998,9482.109292499998
2025-02-05,16,2025-02-05 02:40:00,670.5750916666668,670.5750916666668,628.9928333333334,0.0,0.4335,41.582258333334416,0.0,9.450218385609332e-13,0.0,9482.109292499998,9519.533324999999
2025-02-05,17,2025-02-05 02:50:00,687.5566666666667,687.5566666666667,645.0166666666667,0.0,0.4357,42.54000000000006,0.0,0.0,1.4210854715202004e-14,9519.533324999999,9557.819324999999
2025-02-05,18,2025-02-05 03:00:00,674.7860333333333,674.7860333333333,614.88245,0.0,0.4374,59.9035833333336,0.0,2.4158453015843406e-13,0.0,9557.819324999999,9611.732549999999
2025-02-05,19,2025-02-05 03:10:00,693.2693249999999,693.2693249999999,617.1640666666666,0.0,0.4371,76.10525833333263,0.0,0.0,6.394884621840902e-13,9611.732549999999,9680.227282499998
2025-02-05,20,2025-02-05 03:20:00,713.5450000000001,713.5450000000001,650.17,0.0,0.4356,63.375000000000405,0.0,2.913225216616411e-13,0.0,9680.227282499998,9737.264782499999
2025-02-05,21,2025-02-05 03:30:00,686.86,686.86,634.0853666666667,0.0,0.4353,52.774633333333945,0.0,6.181721801112872e-13,0.0,9737.264782499999,9784.7619525
2025-02-05,22,2025-02-05 03:40:00,682.3324333333334,682.3324333333334,644.0988833333333,0.0,0.436,38.23355000000043,0.0,3.907985046680551e-13,0.0,9784.7619525,9819.1721475
2025-02-05,23,2025-02-05 03:50:00,721.3158333333333,721.3158333333333,692.7033333333334,0.0,0.4378,28.612499999999272,0.0,0.0,6.821210263296962e-13,9819.1721475,9844.923397499999
2025-02-05,24,2025-02-05 04:00:00,715.853275,715.853275,707.6073,0.0,0.4401,8.245975000000827,0.0,7.833733661755105e-13,0.0,9844.923397499999,9852.344775
2025-02-05,25,2025-02-05 04:10:00,722.5832166666667,722.5832166666667,688.7317166666667,0.0,0.4389,33.85150000000067,0.0,6.821210263296962e-13,0.0,9852.344775,9882.811125
2025-02-05,26,2025-02-05 04:20:00,714.3291666666667,714.3291666666667,663.7116666666667,0.0,0.4364,19.098749999999807,0.0,0.0,31.518750000000143,9882.811125,9900.0
2025-02-05,27,2025-02-05 04:30:00,723.7588499999999,723.7588499999999,660.5758333333333,0.0,0.4393,0.0,0.0,0.0,63.18301666666662,9900.0,9900.0
2025-02-05,28,2025-02-05 04:40:00,723.4611083333333,723.4611083333333,674.3040666666667,0.0,0.4422,0.0,0.0,0.0,49.1570416666666,9900.0,9900.0
2025-02-05,29,2025-02-05 04:50:00,710.1766666666667,710.1766666666667,680.2516666666667,0.0,0.4395,0.0,0.0,0.0,29.925000000000068,9900.0,9900.0
2025-02-05,30,2025-02-05 05:00:00,727.5881333333334,727.5881333333334,660.85955,0.0,0.4333,0.0,0.0,0.0,66.7285833333334,9900.0,9900.0
2025-02-05,31,2025-02-05 05:10:00,768.7200583333334,768.7200583333334,668.48275,0.00055,0.4439,0.0,0.0,0.0,100.2378583333334,9900.0,9900.0
2025-02-05,32,2025-02-05 05:20:00,1610.0324999999998,1610.0324999999998,693.4,0.0,0.4301,222.22222222222223,0.0,0.0,694.4102777777775,9900.0,10100.0
2025-02-05,33,2025-02-05 05:30:00,1582.8276416666665,1582.8276416666665,684.5589833333333,0.0,0.3713,777.7777777777777,0.0,0.0,120.49088055555546,10100.0,10800.0
2025-02-05,34,2025-02-05 05:40:00,781.2802999999999,781.2802999999999,738.0928666666667,0.00755,0.5708,0.0,0.0,0.0,43.1949833333332,10800.0,10800.0
2025-02-05,35,2025-02-05 05:50:00,930.2441666666667,930.2441666666667,846.645,0.0,0.9099,0.0,0.0,0.0,83.59916666666675,10800.0,10800.0
2025-02-05,36,2025-02-05 06:00:00,153.3310861111123,153.3310861111123,891.8195166666666,0.0,0.9368,0.0,738.4884305555548,0.0,5.684341886080801e-13,10800.0,9979.457299382717
2025-02-05,37,2025-02-05 06:10:00,894.822922222222,875.9574189062618,876.81275,0.10516666666666667,0.8758,0.0,0.7501644270714678,1.1368683772161603e-13,0.0,9979.457299382717,9978.623783352637
2025-02-05,38,2025-02-05 06:20:00,904.27935,869.2031424549644,861.8433333333334,0.0,0.8759,7.359809121630355,0.0,0.0,7.327471962526033e-13,9978.623783352637,9985.247611562105
2025-02-05,39,2025-02-05 06:30:00,908.3040083333333,900.543926111096,894.1213333333334,2.514866666666667,0.8601,8.937459444429502,0.0,2.646771690706373e-13,0.0,9985.247611562105,9993.291325062091
2025-02-05,40,2025-02-05 06:40:00,893.6444777777778,887.1461547776471,875.4965000000001,25.5822,0.8442,37.23185477764774,0.0,6.679101716144942e-13,0.0,9993.291325062091,10026.799994361974
2025-02-05,41,2025-02-05 06:50:00,839.7182166666665,815.7903328590636,829.6750000000001,66.31875000000001,0.8334,52.43408285906399,0.0,4.405364961712621e-13,0.0,10026.799994361974,10073.990668935132
2025-02-05,42,2025-02-05 07:00:00,801.4530861111111,801.4530861111111,880.12755,104.37171666666667,0.8092,25.69725277777858,0.0,8.313350008393172e-13,0.0,10073.990668935132,10097.118196435133
2025-02-05,43,2025-02-05 07:10:00,774.8950333333333,774.8950333333333,919.7687666666667,147.26575,0.7972,2.392016666666071,0.0,0.0,6.061817714453355e-13,10097.118196435133,10099.271011435132
2025-02-05,44,2025-02-05 07:20:00,734.4605250000001,734.4605250000001,879.355,196.13125,0.7644,51.2367749999996,0.0,0.0,4.831690603168681e-13,10099.271011435132,10145.384108935132
2025-02-05,45,2025-02-05 07:30:00,1504.9748944444443,1451.511491182872,825.8605166666666,241.90098333333333,0.6899,727.3509900720759,0.0,0.0,140.20096777746278,10145.384108935132,10800.0
2025-02-05,46,2025-02-05 07:40:00,696.4337083333332,696.4337083333332,967.0914333333334,289.03178333333335,0.86,0.0,0.0,0.0,18.37405833333321,10800.0,10800.0
2025-02-05,47,2025-02-05 07:50:00,38.234066666667104,59.31319357205939,1200.3066666666666,340.49375000000003,1.1617,0.0,800.4997230946077,0.0,5.684341886080801e-13,10800.0,9910.555863228214
2025-02-05,48,2025-02-05 08:00:00,11.396769444444544,18.921816154949056,1204.0784166666667,393.14304999999996,1.1683,0.0,792.0135505117186,0.0,7.958078640513122e-13,9910.555863228214,9030.540807104082
2025-02-05,49,2025-02-05 08:10:00,0.0,0.0,1152.6886666666667,439.8263833333333,1.0956,0.0,712.8622833333338,0.0,4.547473508864641e-13,9030.540807104082,8238.471603400378
2025-02-05,50,2025-02-05 08:20:00,0.0,0.0,1159.5366666666666,481.00624999999997,1.0849,0.0,678.5304166666668,0.0,1.1368683772161603e-13,8238.471603400378,7484.548918215192
2025-02-05,51,2025-02-05 08:30:00,0.0,0.0,1161.7982,522.9470333333334,1.061,0.0,638.8511666666666,0.0,0.0,7484.548918215192,6774.714288585563
2025-02-05,52,2025-02-05 08:40:00,0.0,0.0,1146.9846833333334,561.4147166666667,1.043,0.0,585.5699666666665,2.2737367544323206e-13,0.0,6774.714288585563,6124.080992289267
2025-02-05,53,2025-02-05 08:50:00,0.0,0.0,1136.32,601.875,1.036,0.0,534.4449999999998,1.1368683772161603e-13,0.0,6124.080992289267,5530.253214511489
2025-02-05,54,2025-02-05 09:00:00,0.0,0.0,1152.8601999999998,651.7544833333333,1.0147,0.0,501.1057166666663,2.8421709430404007e-13,0.0,5530.253214511489,4973.46908488186
2025-02-05,55,2025-02-05 09:10:00,0.0,0.0,1153.7968666666668,678.9477,0.9922,0.0,474.84916666666686,0.0,1.1368683772161603e-13,4973.46908488186,4445.858899696675
2025-02-05,56,2025-02-05 09:20:00,0.0,0.0,1148.6183333333333,693.6062499999999,0.97,0.0,455.01208333333324,1.7053025658242404e-13,0.0,4445.858899696675,3940.289918215193
2025-02-05,57,2025-02-05 09:30:00,456.06726388888865,456.06726388888865,1182.0016666666668,740.2985,0.9422,14.364097222221769,0.0,2.4868995751603507e-14,0.0,3940.289918215193,3953.217605715193
2025-02-05,58,2025-02-05 09:40:00,0.0,0.0,1169.2063666666666,793.1286666666666,0.9569,0.0,376.07769999999994,0.0,0.0,3953.217605715193,3535.353494604082
2025-02-05,59,2025-02-05 09:50:00,0.0,0.0,1122.435,830.1750000000001,0.9977,0.0,292.2599999999998,5.684341886080802e-14,0.0,3535.353494604082,3210.6201612707487
2025-02-05,60,2025-02-05 10:00:00,0.0,0.0,1142.073,854.2055333333333,0.9919,0.0,287.86746666666687,0.0,5.684341886080802e-14,3210.6201612707487,2890.7674205300077
2025-02-05,61,2025-02-05 10:10:00,0.0,0.0,1164.1096666666667,877.9533166666666,0.9588,0.0,286.15635000000015,0.0,5.684341886080802e-14,2890.7674205300077,2572.8159205300076
2025-02-05,62,2025-02-05 10:20:00,64.68978333333104,64.68978333333104,1152.3933333333332,913.3125,0.9549,0.0,174.39105000000205,1.7053025658242404e-13,0.0,2572.8159205300076,2379.048087196672
2025-02-05,63,2025-02-05 10:30:00,0.0,0.0,1137.1978833333333,958.9389166666666,0.9839,0.0,178.25896666666685,0.0,1.9895196601282805e-13,2379.048087196672,2180.9825686781533
2025-02-05,64,2025-02-05 10:40:00,189.26662499999986,189.26662499999986,1132.3663833333333,975.3284333333332,0.799,32.22867499999969,0.0,0.0,1.4921397450962104e-13,2180.9825686781533,2209.988376178153
2025-02-05,65,2025-02-05 10:50:00,1050.6045666666664,1050.6045666666664,1133.5666666666666,969.1374999999999,0.5025,833.3333333333333,0.0,0.0,52.84206666666637,2209.988376178153,2959.988376178153
2025-02-05,66,2025-02-05 11:00:00,1109.0201333333334,1043.8876194273828,1124.43865,985.4887666666667,0.4662,833.3333333333333,0.0,0.0,71.60440276071608,2959.988376178153,3709.988376178153
2025-02-05,67,2025-02-05 11:10:00,1081.76935,1045.966342378917,1095.5459333333333,1001.3044166666667,0.5007,833.3333333333333,0.0,0.0,118.39149237891729,3709.988376178153,4459.988376178153
2025-02-05,68,2025-02-05 11:20:00,1025.5062166666667,1025.5062166666667,1081.6299999999999,989.525,0.4827,833.3333333333333,0.0,0.0,100.06788333333361,4459.988376178153,5209.988376178153
2025-02-05,69,2025-02-05 11:30:00,999.4199666666666,999.4199666666666,1119.2675,953.7839166666666,0.4785,833.3333333333333,0.0,0.0,0.6030499999999392,5209.988376178153,5959.988376178153
2025-02-05,70,2025-02-05 11:40:00,964.1681333333336,964.1681333333336,1090.8107499999999,961.6698666666666,0.4662,833.3333333333333,0.0,0.0,1.6939166666670644,5959.988376178153,6709.988376178153
2025-02-05,71,2025-02-05 11:50:00,953.2828166666666,953.2828166666666,1013.3683333333333,1003.4499999999999,0.4432,833.3333333333333,0.0,0.0,110.03115000000003,6709.988376178153,7459.988376178153
2025-02-05,72,2025-02-05 12:00:00,949.8165861111111,949.8165861111111,1022.4408166666667,1006.8023,0.4411,833.3333333333333,0.0,0.0,100.84473611111093,7459.988376178153,8209.988376178153
2025-02-05,73,2025-02-05 12:10:00,965.1960555555557,957.5073691233056,1036.8490666666667,1018.89845,0.4551,833.3333333333333,0.0,0.0,106.2234191233058,8209.988376178153,8959.988376178153
2025-02-05,74,2025-02-05 12:20:00,919.7607916666665,919.7607916666665,1029.9366666666667,1054.34375,0.4463,833.3333333333333,0.0,0.0,110.83454166666661,8959.988376178153,9709.988376178153
2025-02-05,75,2025-02-05 12:30:00,953.7774027777775,904.2984113552947,1056.7029833333333,1071.42575,0.4113,833.3333333333333,0.0,0.0,85.68784468862805,9709.988376178153,10459.988376178153
2025-02-05,76,2025-02-05 12:40:00,1001.4528555555555,511.4579935923696,1059.7011833333333,1057.9177166666666,0.5682,377.7906931353856,0.0,0.0,131.88383379031723,10459.988376178153,10800.0
2025-02-05,77,2025-02-05 12:50:00,162.51116666666667,109.17941711417461,1028.135,1030.1875,0.8279,0.0,0.0,0.0,111.23191711417462,10800.0,10800.0
2025-02-05,78,2025-02-05 13:00:00,173.4925388888887,117.2017146126932,1020.20095,1018.3896166666667,0.8636,0.0,0.0,0.0,115.39038127935999,10800.0,10800.0
2025-02-05,79,2025-02-05 13:10:00,154.1032972222224,134.89764916454226,1063.26285,1025.3448666666666,0.8416,0.0,0.0,0.0,96.97966583120888,10800.0,10800.0
2025-02-05,80,2025-02-05 13:20:00,152.40014166666685,131.29394342977048,1110.3233333333333,1038.23125,0.8618,0.0,0.0,0.0,59.20186009643726,10800.0,10800.0
2025-02-05,81,2025-02-05 13:30:00,188.02070277777784,162.14707289534817,1087.30595,1034.4723666666666,0.8623,0.0,0.0,0.0,109.31348956201487,10800.0,10800.0
2025-02-05,82,2025-02-05 13:40:00,227.91663055555557,107.10013904527806,1070.8111999999999,988.7683999999999,0.9026,0.0,0.0,0.0,25.057339045278013,10800.0,10800.0
2025-02-05,83,2025-02-05 13:50:00,0.0,0.0,1078.4733333333334,919.7875,0.9754,0.0,158.6858333333341,0.0,7.673861546209082e-13,10800.0,10623.682407407407
2025-02-05,84,2025-02-05 14:00:00,0.0,0.0,1054.6681333333333,870.9164666666667,1.0002,0.0,183.7516666666661,5.684341886080801e-13,0.0,10623.682407407407,10419.513888888889
2025-02-05,85,2025-02-05 14:10:00,0.0,0.0,1037.92595,809.1190666666666,0.9978,0.0,228.80688333333384,0.0,4.263256414560601e-13,10419.513888888889,10165.284018518518
2025-02-05,86,2025-02-05 14:20:00,0.0,0.0,1040.2716666666668,748.1875,1.0271,0.0,292.0841666666662,5.684341886080801e-13,0.0,10165.284018518518,9840.746055555555
2025-02-05,87,2025-02-05 14:30:00,0.0,0.0,1031.3853333333334,735.8543333333333,1.0906,0.0,295.5309999999998,2.8421709430404007e-13,0.0,9840.746055555555,9512.378277777778
2025-02-05,88,2025-02-05 14:40:00,0.0,0.0,1016.0362,694.75385,0.9376,0.0,321.28235000000024,0.0,2.8421709430404007e-13,9512.378277777778,9155.397888888889
2025-02-05,89,2025-02-05 14:50:00,1417.6332499999999,1302.9939343723254,1008.6216666666666,625.53125,0.6694,382.89123456790145,0.0,0.0,537.0122831377573,9155.397888888889,9500.0
2025-02-05,90,2025-02-05 15:00:00,1425.036733333333,1320.0828476297568,1017.9043499999999,607.1355666666667,0.66,777.7777777777777,0.0,0.0,131.53628651864574,9500.0,10200.0
2025-02-05,91,2025-02-05 15:10:00,1459.399386111111,1324.3179289904285,1029.2022166666668,593.5285833333334,0.7217,666.6666666666666,0.0,0.0,221.97762899042857,10200.0,10800.0
2025-02-05,92,2025-02-05 15:20:00,1516.5320250000002,600.6419241027018,1028.14,548.50625,0.7308,0.0,0.0,0.0,121.00817410270179,10800.0,10800.0
2025-02-05,93,2025-02-05 15:30:00,690.7686222222219,627.2134040325852,1015.65305,482.58636666666666,0.7534,0.0,0.0,0.0,94.14672069925189,10800.0,10800.0
2025-02-05,94,2025-02-05 15:40:00,712.1820305555555,647.8698645990587,1026.5716666666667,422.96655000000004,0.7823,0.0,0.0,0.0,44.26474793239208,10800.0,10800.0
2025-02-05,95,2025-02-05 15:50:00,709.8440855281206,655.7711343337712,1043.5466666666666,376.7,0.8055,0.0,11.075532332895092,2.717825964282383e-13,0.0,10800.0,10787.69385296345
2025-02-05,96,2025-02-05 16:00:00,770.7801138888889,736.8114868610867,1017.9052333333334,329.46504999999996,0.8271,13.67349670727789,0.0,0.0,34.69780682047541,10787.69385296345,10800.0
2025-02-05,97,2025-02-05 16:10:00,828.6430222222223,792.1538463516134,1014.0983333333334,276.98318333333333,0.8519,0.0,0.0,0.0,55.03869635161345,10800.0,10800.0
2025-02-05,98,2025-02-05 16:20:00,888.2057,857.8949138584758,1036.2566666666667,221.03125,0.8791,0.0,0.0,0.0,42.669497191809114,10800.0,10800.0
2025-02-05,99,2025-02-05 16:30:00,918.3690138888882,892.6940101172498,1024.7574166666666,166.6285,0.9024,0.0,0.0,0.0,34.56509345058316,10800.0,10800.0
2025-02-05,100,2025-02-05 16:40:00,951.6174027777778,931.2054527571753,1019.5386833333333,118.31631666666668,0.9163,0.0,0.0,0.0,29.983086090508664,10800.0,10800.0
2025-02-05,101,2025-02-05 16:50:00,995.0419666666664,960.0289275982642,1029.695,73.25625000000001,0.9264,0.0,0.0,0.0,3.5901775982642903,10800.0,10800.0
2025-02-05,102,2025-02-05 17:00:00,1034.5744972222221,1020.8162607831888,1020.5993333333332,27.790283333333335,0.9462,0.0,0.0,0.0,28.007210783188953,10800.0,10800.0
2025-02-05,103,2025-02-05 17:10:00,1027.7678583333334,1008.6631314544636,1009.5527166666667,2.76905,0.9742,0.0,0.0,0.0,1.8794647877969055,10800.0,10800.0
2025-02-05,104,2025-02-05 17:20:00,1036.9151000000002,1014.2842861294487,1026.4333333333334,0.0,0.9862,0.0,12.149047203884766,0.0,4.618527782440651e-14,10800.0,10786.50105866235
2025-02-05,105,2025-02-05 17:30:00,1061.0151833333337,1061.0151833333337,1055.6221,0.10844999999999999,0.976,5.501533333333807,0.0,2.5224267119483557e-13,0.0,10786.50105866235,10791.45243866235
2025-02-05,106,2025-02-05 17:40:00,923.8489916666667,918.7733102329213,917.6028166666666,0.0,1.0742,1.1704935662540568,0.0,0.0,6.064038160502605e-13,10791.45243866235,10792.50588287198
2025-02-05,107,2025-02-05 17:50:00,735.1591666666666,716.9426470694843,709.9233333333333,0.0,1.2313,7.0193137361517675,0.0,7.194245199571014e-13,0.0,10792.50588287198,10798.823265234516
2025-02-05,108,2025-02-05 18:00:00,698.047375,690.6076765356703,720.3368833333334,0.007783333333333333,1.2561,0.0,29.721423464329746,0.0,0.0,10798.823265234516,10765.79946138526
2025-02-05,109,2025-02-05 18:10:00,712.6475083333335,710.4377013352901,737.1997166666666,0.0,1.2447,0.0,26.76201533137628,2.948752353404416e-13,0.0,10765.79946138526,10736.063888794843
2025-02-05,110,2025-02-05 18:20:00,701.4891666666666,701.4891666666666,691.0116666666667,0.0,1.2545,10.477499999999257,0.0,0.0,7.069900220812997e-13,10736.063888794843,10745.493638794842
2025-02-05,111,2025-02-05 18:30:00,723.9602277777797,723.9602277777797,721.9354833333333,0.0005666666666666666,1.2522,2.0253111111136,0.0,5.306866057708248e-13,0.0,10745.493638794842,10747.316418794844
2025-02-05,112,2025-02-05 18:40:00,429.9238916666665,429.9238916666665,732.9156666666667,0.0,1.2881,0.0,302.9917749999997,4.547473508864641e-13,0.0,10747.316418794844,10410.658891017067
2025-02-05,113,2025-02-05 18:50:00,0.0,0.0,702.9499999999999,0.0,1.3466,0.0,702.9499999999992,6.821210263296962e-13,0.0,10410.658891017067,9629.603335461512
2025-02-05,114,2025-02-05 19:00:00,0.0,0.0,716.2875666666667,0.0,1.3523,0.0,716.2875666666669,0.0,1.1368683772161603e-13,9629.603335461512,8833.728261387438
2025-02-05,115,2025-02-05 19:10:00,0.0,0.0,727.47285,0.0,1.3445,0.0,727.47285,0.0,0.0,8833.728261387438,8025.425094720771
2025-02-05,116,2025-02-05 19:20:00,0.0,0.0,716.5083333333333,0.0,1.3483,0.0,716.5083333333334,0.0,1.1368683772161603e-13,8025.425094720771,7229.304724350401
2025-02-05,117,2025-02-05 19:30:00,0.0,0.0,713.56065,0.0,1.349,0.0,713.5606500000002,0.0,2.2737367544323206e-13,7229.304724350401,6436.459557683734
2025-02-05,118,2025-02-05 19:40:00,0.0,0.0,712.4080333333333,0.0,1.3473,0.0,712.4080333333333,0.0,0.0,6436.459557683734,5644.895076202252
2025-02-05,119,2025-02-05 19:50:00,0.0,0.0,710.0949999999999,0.0,1.3482,0.0,710.0950000000001,0.0,2.2737367544323206e-13,5644.895076202252,4855.900631757808
2025-02-05,120,2025-02-05 20:00:00,0.0,0.0,713.5870166666667,0.0,1.3513,0.0,713.587016666667,0.0,2.2737367544323206e-13,4855.900631757808,4063.0261687948446
2025-02-05,121,2025-02-05 20:10:00,0.0,0.0,717.44265,0.0,1.34,0.0,717.4426500000001,0.0,1.1368683772161603e-13,4063.0261687948446,3265.8676687948446
2025-02-05,122,2025-02-05 20:20:00,0.0,0.0,712.3833333333333,0.0,1.3489,0.0,712.3833333333333,0.0,0.0,3265.8676687948446,2474.3306317578076
2025-02-05,123,2025-02-05 20:30:00,0.0,0.0,697.4539333333333,0.0,1.3952,0.0,697.4539333333333,0.0,0.0,2474.3306317578076,1699.3818169429928
2025-02-05,124,2025-02-05 20:40:00,729.8221916666668,729.8221916666668,705.0999666666667,0.0,1.2226,24.722225000000183,0.0,8.881784197001252e-14,0.0,1699.3818169429928,1721.631819442993
2025-02-05,125,2025-02-05 20:50:00,772.4224999999999,764.4267045594593,724.6433333333333,0.0,0.9332,39.783371226126036,0.0,8.526512829121202e-14,0.0,1721.631819442993,1757.4368535465064
2025-02-05,126,2025-02-05 21:00:00,766.6561333333335,766.6561333333335,714.3782833333333,0.0,0.9068,52.27785000000014,0.0,0.0,2.842170943040401e-14,1757.4368535465064,1804.4869185465066
2025-02-05,127,2025-02-05 21:10:00,760.4461681069959,759.7798701261089,712.6025666666666,0.0,0.9371,47.1773034594422,0.0,0.0,1.2789769243681803e-13,1804.4869185465066,1846.9464916600045
2025-02-05,128,2025-02-05 21:20:00,775.5858333333335,775.5858333333335,737.0733333333333,0.0,0.9371,38.51250000000037,0.0,9.947598300641403e-14,0.0,1846.9464916600045,1881.6077416600049
2025-02-05,129,2025-02-05 21:30:00,783.9819416666668,778.555603012471,749.3397666666666,0.0,0.9871,29.21583634580429,0.0,0.0,1.1368683772161603e-13,1881.6077416600049,1907.9019943712287
2025-02-05,130,2025-02-05 21:40:00,723.6466750000002,725.4443639501027,658.0401833333334,0.0,0.7764,67.40418061676918,0.0,0.0,9.947598300641403e-14,1907.9019943712287,1968.565756926321
2025-02-05,131,2025-02-05 21:50:00,619.9024999999998,609.1964807429039,529.4916666666667,0.0,0.4209,79.70481407623714,0.0,0.0,5.684341886080802e-14,1968.565756926321,2040.3000895949344
2025-02-05,132,2025-02-05 22:00:00,698.6570115226335,698.6570115226335,531.5314666666667,0.0,0.3859,167.12554485596684,0.0,0.0,0.0,2040.3000895949344,2190.7130799653046
2025-02-05,133,2025-02-05 22:10:00,578.5775583333334,578.5775583333334,561.1682333333333,0.0,0.4368,17.409325000000234,0.0,1.5276668818842154e-13,0.0,2190.7130799653046,2206.381472465305
2025-02-05,134,2025-02-05 22:20:00,600.6091666666667,600.6091666666667,557.53,0.0,0.4198,43.07916666666693,0.0,1.6342482922482304e-13,0.0,2206.381472465305,2245.152722465305
2025-02-05,135,2025-02-05 22:30:00,570.1483416666667,570.1483416666667,559.9172166666666,0.0,0.4186,10.231125000000247,0.0,1.1368683772161603e-13,0.0,2245.152722465305,2254.3607349653053
2025-02-05,136,2025-02-05 22:40:00,577.0067416666667,577.0067416666667,562.0598166666667,0.0,0.4241,14.946924999999787,0.0,0.0,1.7763568394002505e-13,2254.3607349653053,2267.812967465305
2025-02-05,137,2025-02-05 22:50:00,618.88,618.88,557.3083333333333,0.0,0.4237,61.57166666666651,0.0,0.0,2.0605739337042905e-13,2267.812967465305,2323.227467465305
2025-02-05,138,2025-02-05 23:00:00,581.2659500000001,581.2659500000001,551.1639666666666,0.0,0.4248,30.101983333333415,0.0,0.0,4.973799150320701e-14,2323.227467465305,2350.319252465305
2025-02-05,139,2025-02-05 23:10:00,580.0184583333333,580.0184583333333,548.7622333333334,0.0,0.424,31.256224999999883,0.0,0.0,8.881784197001252e-14,2350.319252465305,2378.449854965305
2025-02-05,140,2025-02-05 23:20:00,596.8783333333333,596.8783333333333,554.8916666666667,0.0,0.422,41.98666666666668,0.0,0.0,0.0,2378.449854965305,2416.237854965305
2025-02-05,141,2025-02-05 23:30:00,612.5620083333333,611.6913243309464,567.9411666666666,0.0,0.424,43.75015766427977,0.0,1.4210854715202004e-14,0.0,2416.237854965305,2455.6129968631567
2025-02-05,142,2025-02-05 23:40:00,614.6622833333333,614.6622833333333,563.16125,0.0,0.4271,51.5010333333334,0.0,6.394884621840902e-14,0.0,2455.6129968631567,2501.9639268631568
2025-02-05,143,2025-02-05 23:50:00,606.5798605833335,606.5798605833335,554.965,0.0,0.4276,51.61486058333341,0.0,0.0,2.842170943040401e-14,2501.9639268631568,2548.417301388157
2025-02-06,0,2025-02-06 00:00:00,1457.1576416666664,1457.1576416666664,582.9868166666666,0.0,0.4248,833.3333333333333,0.0,0.0,40.83749166666655,2548.417301388157,3298.417301388157
2025-02-06,1,2025-02-06 00:10:00,1478.36905,1478.36905,609.20425,0.0,0.4245,833.3333333333333,0.0,0.0,35.831466666666756,3298.417301388157,4048.417301388157
2025-02-06,2,2025-02-06 00:20:00,1490.6408333333336,1490.6408333333336,603.9183333333334,0.0,0.4269,833.3333333333338,0.0,0.0,53.38916666666637,4048.417301388157,4798.417301388157
2025-02-06,3,2025-02-06 00:30:00,1529.6030749999998,1529.6030749999998,579.4073166666667,0.0,0.4272,833.3333333333333,0.0,0.0,116.8624249999998,4798.417301388157,5548.417301388157
2025-02-06,4,2025-02-06 00:40:00,1546.5120583333335,1546.5120583333335,598.6182666666667,0.0,0.4271,833.3333333333333,0.0,0.0,114.56045833333349,5548.417301388157,6298.417301388157
2025-02-06,5,2025-02-06 00:50:00,1532.6941666666671,1532.6941666666671,638.7183333333334,0.0,0.4285,833.3333333333333,0.0,0.0,60.642500000000496,6298.417301388157,7048.417301388157
2025-02-06,6,2025-02-06 01:00:00,664.4515916666667,664.4515916666667,614.9688333333334,0.0,0.4311,49.48275833333355,0.0,2.2737367544323206e-13,0.0,7048.417301388157,7092.9517838881575
2025-02-06,7,2025-02-06 01:10:00,1550.1594333333335,1550.1594333333335,585.4109,0.0,0.4302,833.3333333333333,0.0,0.0,131.41520000000025,7092.9517838881575,7842.9517838881575
2025-02-06,8,2025-02-06 01:20:00,1545.8833333333332,1545.8833333333332,596.0716666666666,0.0,0.4279,833.3333333333343,0.0,0.0,116.47833333333233,7842.9517838881575,8592.951783888158
2025-02-06,9,2025-02-06 01:30:00,659.3816833333334,659.3816833333334,630.7460333333333,0.0,0.4312,28.635650000000574,0.0,5.186961971048731e-13,0.0,8592.951783888158,8618.723868888159
2025-02-06,10,2025-02-06 01:40:00,666.5763499999999,666.5763499999999,623.3894,0.0,0.4333,43.18694999999934,0.0,0.0,5.684341886080801e-13,8618.723868888159,8657.592123888158
2025-02-06,11,2025-02-06 01:50:00,721.9743873464918,721.9743873464918,585.6633333333333,0.0,0.4311,136.31105401315935,0.0,8.810729923425242e-13,0.0,8657.592123888158,8780.272072500002
2025-02-06,12,2025-02-06 02:00:00,1510.04895,1510.04895,591.2717,0.0,0.4293,833.3333333333333,0.0,0.0,85.44391666666684,8780.272072500002,9530.272072500002
2025-02-06,13,2025-02-06 02:10:00,672.1157333333333,672.1157333333333,605.29385,0.0,0.4324,66.82188333333316,0.0,0.0,1.2789769243681803e-13,9530.272072500002,9590.411767500002
2025-02-06,14,2025-02-06 02:20:00,674.9891666666667,674.9891666666667,603.9350000000001,0.0,0.4367,71.05416666666618,0.0,0.0,4.973799150320701e-13,9590.411767500002,9654.360517500001
2025-02-06,15,2025-02-06 02:30:00,640.18975,640.18975,606.1612,0.0,0.4348,34.0285500000007,0.0,7.034373084024992e-13,0.0,9654.360517500001,9684.986212500002
2025-02-06,16,2025-02-06 02:40:00,679.7709833333333,679.7709833333333,641.834,0.0,0.4335,37.93698333333345,0.0,6.394884621840902e-14,0.0,9684.986212500002,9719.129497500002
2025-02-06,17,2025-02-06 02:50:00,721.8233333333334,721.8233333333334,673.0266666666666,0.0,0.4357,48.79666666666607,0.0,0.0,6.679101716144942e-13,9719.129497500002,9763.046497500001
2025-02-06,18,2025-02-06 03:00:00,684.0853,684.0853,633.0727499999999,0.0,0.4374,51.01254999999987,0.0,0.0,1.6342482922482304e-13,9763.046497500001,9808.957792500001
2025-02-06,19,2025-02-06 03:10:00,675.5496916666665,675.5496916666665,615.73635,0.0,0.4371,59.81334166666581,0.0,0.0,6.608047442568932e-13,9808.957792500001,9862.7898
2025-02-06,20,2025-02-06 03:20:00,700.2283333333332,700.2283333333332,643.4383333333334,0.0,0.4356,56.78999999999885,0.0,0.0,1.0018652574217413e-12,9862.7898,9913.9008
2025-02-06,21,2025-02-06 03:30:00,686.7200166666667,686.7200166666667,651.5094166666667,0.0,0.4353,35.21059999999933,0.0,0.0,6.679101716144942e-13,9913.9008,9945.590339999999
2025-02-06,22,2025-02-06 03:40:00,671.9246333333333,671.9246333333333,672.6969833333334,0.0,0.436,0.0,0.7723500000001877,0.0,1.1368683772161603e-13,9945.590339999999,9944.732173333332
2025-02-06,23,2025-02-06 03:50:00,705.0675,705.0675,694.66,0.0,0.4378,10.407499999999143,0.0,0.0,8.846257060213247e-13,9944.732173333332,9954.098923333331
2025-02-06,24,2025-02-06 04:00:00,704.80345,704.80345,661.1745833333333,0.0,0.4401,43.62886666666681,0.0,1.2789769243681803e-13,0.0,9954.098923333331,9993.364903333331
2025-02-06,25,2025-02-06 04:10:00,703.3482666666666,703.3482666666666,621.9300333333333,0.0,0.4389,7.372329629631874,0.0,0.0,74.04590370370144,9993.364903333331,10000.0
2025-02-06,26,2025-02-06 04:20:00,710.2374999999998,710.2374999999998,625.25,0.0,0.4364,0.0,0.0,0.0,84.98749999999984,10000.0,10000.0
2025-02-06,27,2025-02-06 04:30:00,727.715175,727.715175,669.3978000000001,0.0,0.4393,0.0,0.0,0.0,58.31737499999997,10000.0,10000.0
2025-02-06,28,2025-02-06 04:40:00,727.6121166666666,727.6121166666666,671.7769166666667,0.0,0.4422,0.0,0.0,0.0,55.83519999999987,10000.0,10000.0
2025-02-06,29,2025-02-06 04:50:00,724.6500000000002,724.6500000000002,641.3516666666667,0.0,0.4395,0.0,0.0,0.0,83.29833333333352,10000.0,10000.0
2025-02-06,30,2025-02-06 05:00:00,719.6544666666668,719.6544666666668,663.6617833333333,0.0,0.4333,0.0,0.0,0.0,55.9926833333335,10000.0,10000.0
2025-02-06,31,2025-02-06 05:10:00,763.0926,763.0926,686.6046833333334,0.0,0.4439,0.0,0.0,0.0,76.48791666666659,10000.0,10000.0
2025-02-06,32,2025-02-06 05:20:00,1599.0608333333332,1599.0608333333332,665.695,0.0,0.4301,111.11111111111111,0.0,0.0,822.2547222222221,10000.0,10100.0
2025-02-06,33,2025-02-06 05:30:00,1580.5957583333334,1580.5957583333334,629.3025,0.0023,0.3713,777.7777777777777,0.0,0.0,173.51778055555576,10100.0,10800.0
2025-02-06,34,2025-02-06 05:40:00,783.23405,783.23405,714.7110666666667,0.0,0.5708,0.0,0.0,0.0,68.52298333333329,10800.0,10800.0
2025-02-06,35,2025-02-06 05:50:00,925.8275,925.8275,869.9333333333334,0.0,0.9099,0.0,0.0,0.0,55.89416666666659,10800.0,10800.0
2025-02-06,36,2025-02-06 06:00:00,265.4133888888889,255.2719711452728,897.4281166666666,0.031966666666666664,0.9368,0.0,642.124178854727,1.1368683772161603e-13,0.0,10800.0,10086.528690161414
2025-02-06,37,2025-02-06 06:10:00,909.384247222222,895.4303480927465,877.5651333333334,0.0,0.8758,17.865214759414002,0.0,8.952838470577262e-13,0.0,10086.528690161414,10102.607383444887
2025-02-06,38,2025-02-06 06:20:00,909.5205583333334,902.9664855638316,872.2049999999999,0.0,0.8759,30.761485563830824,0.0,0.0,8.597567102697212e-13,10102.607383444887,10130.292720452335
2025-02-06,39,2025-02-06 06:30:00,889.7687666666667,878.1681005472877,860.8367333333334,4.339733333333333,0.8601,21.671100547288614,0.0,9.485745522397337e-13,0.0,10130.292720452335,10149.796710944895
2025-02-06,40,2025-02-06 06:40:00,880.4816111111111,868.1292705534077,854.2185,28.7697,0.8442,42.68047055340705,0.0,0.0,7.105427357601002e-13,10149.796710944895,10188.209134442961
2025-02-06,41,2025-02-06 06:50:00,851.4139666666665,829.1067247155902,856.2733333333334,71.11874999999999,0.8334,43.952141382257345,0.0,6.039613253960852e-13,0.0,10188.209134442961,10227.766061686993
2025-02-06,42,2025-02-06 07:00:00,827.7579583333334,806.930749619351,859.3665333333333,112.87596666666667,0.8092,60.44018295268365,0.0,0.0,7.318590178329032e-13,10227.766061686993,10282.162226344408
2025-02-06,43,2025-02-06 07:10:00,799.6325694444445,785.2755577019517,870.3003833333333,153.93370000000002,0.7972,0.0,0.0,0.0,68.9088743686184,10282.162226344408,10282.162226344408
2025-02-06,44,2025-02-06 07:20:00,749.0912416666667,714.6278888070358,856.125,199.26874999999998,0.7644,0.0,0.0,0.0,57.77163880703574,10282.162226344408,10282.162226344408
2025-02-06,45,2025-02-06 07:30:00,1539.679125,1520.187712542026,804.7368833333334,250.22391666666667,0.6899,575.375304061769,0.0,0.0,390.2994418135902,10282.162226344408,10800.0
2025-02-06,46,2025-02-06 07:40:00,755.123511111111,739.9684571306638,945.2685666666666,293.40281666666664,0.86,0.0,0.0,0.0,88.1027071306637,10800.0,10800.0
2025-02-06,47,2025-02-06 07:50:00,83.29975000000047,57.997587598055816,1197.21,330.16249999999997,1.1617,0.0,809.0499124019437,5.684341886080801e-13,0.0,10800.0,9901.05565288673
2025-02-06,48,2025-02-06 08:00:00,41.962594444444335,3.7842409867487277,1228.4800166666666,374.09381666666667,1.1683,0.0,833.3333333333327,17.2686256799185,0.0,9901.05565288673,8975.129726960804
2025-02-06,49,2025-02-06 08:10:00,0.0,0.0,1176.5219666666667,414.99291666666664,1.0956,0.0,761.5290499999999,2.2737367544323206e-13,0.0,8975.129726960804,8128.986338071915
2025-02-06,50,2025-02-06 08:20:00,0.0,0.0,1165.76,460.03749999999997,1.0849,0.0,705.7224999999999,2.2737367544323206e-13,0.0,8128.986338071915,7344.850226960804
2025-02-06,51,2025-02-06 08:30:00,0.0,0.0,1179.1270666666667,529.0055333333333,1.061,0.0,650.1215333333332,1.1368683772161603e-13,0.0,7344.850226960804,6622.492967701545
2025-02-06,52,2025-02-06 08:40:00,0.0,0.0,1173.57255,599.1421166666667,1.043,0.0,574.4304333333338,0.0,3.410605131648481e-13,6622.492967701545,5984.236930664508
2025-02-06,53,2025-02-06 08:50:00,0.0,0.0,1148.7416666666666,664.05625,1.036,0.0,484.6854166666662,3.979039320256561e-13,0.0,5984.236930664508,5445.6975788126565
2025-02-06,54,2025-02-06 09:00:00,0.0,0.0,1139.0543833333334,732.1472166666667,1.0147,0.0,406.90716666666657,5.684341886080802e-14,0.0,5445.6975788126565,4993.5785047385825
2025-02-06,55,2025-02-06 09:10:00,0.0,0.0,1129.0098333333333,764.6891833333334,0.9922,0.0,364.32065000000006,0.0,1.7053025658242404e-13,4993.5785047385825,4588.77778251636
2025-02-06,56,2025-02-06 09:20:00,0.0,0.0,1131.8683333333333,773.11875,0.97,0.0,358.74958333333353,0.0,1.7053025658242404e-13,4588.77778251636,4190.167134368212
2025-02-06,57,2025-02-06 09:30:00,442.4761472222224,290.46536952150893,1173.7682833333333,812.9432833333334,0.9422,0.0,70.35963047849137,0.0,3.694822225952521e-13,4190.167134368212,4111.989767169888
2025-02-06,58,2025-02-06 09:40:00,0.0,0.0,1170.69045,867.3697666666667,0.9569,0.0,303.3206833333334,0.0,5.684341886080802e-14,4111.989767169888,3774.9667856884066
2025-02-06,59,2025-02-06 09:50:00,0.0,0.0,1133.3066666666666,909.71875,0.9977,0.0,223.58791666666676,0.0,1.4210854715202004e-13,3774.9667856884066,3526.535767169888
2025-02-06,60,2025-02-06 10:00:00,0.0,0.0,1153.0248333333334,926.0610166666667,0.9919,0.0,226.96381666666653,1.9895196601282805e-13,0.0,3526.535767169888,3274.3537486513696
2025-02-06,61,2025-02-06 10:10:00,0.0,0.0,1157.6561166666668,919.3588,0.9588,0.0,238.29731666666703,0.0,2.2737367544323206e-13,3274.3537486513696,3009.578952355073
2025-02-06,62,2025-02-06 10:20:00,77.31452222222114,0.0,1128.7016666666666,928.11875,0.9549,0.0,200.58291666666673,0.0,1.1368683772161603e-13,3009.578952355073,2786.7090449476655
2025-02-06,63,2025-02-06 10:30:00,0.0,0.0,1125.8002,994.4434500000001,0.9839,0.0,131.35674999999966,1.4210854715202004e-13,0.0,2786.7090449476655,2640.7571005032214
2025-02-06,64,2025-02-06 10:40:00,234.35513333333336,234.35513333333336,1138.2993833333333,1051.4787333333334,0.799,0.0,0.0,0.0,147.53448333333358,2640.7571005032214,2640.7571005032214
2025-02-06,65,2025-02-06 10:50:00,1088.9545833333332,1068.3920375470516,1157.585,1057.925,0.5025,510.269888329754,0.0,0.0,458.46214921729774,2640.7571005032214,3100.0
2025-02-06,66,2025-02-06 11:00:00,1184.1062777777774,1102.4044828780775,1181.4920833333333,1032.1531166666666,0.4662,777.7777777777777,0.0,0.0,175.2877384336333,3100.0,3800.0
2025-02-06,67,2025-02-06 11:10:00,1202.2091638888887,1108.0862556474237,1155.3655666666666,1017.1279,0.5007,777.7777777777777,0.0,0.0,192.07081120297914,3800.0,4500.0
2025-02-06,68,2025-02-06 11:20:00,1176.19535,1099.6502231776062,1110.6933333333334,1026.5375000000001,0.4827,777.7777777777777,0.0,0.0,237.71661206649503,4500.0,5200.0
2025-02-06,69,2025-02-06 11:30:00,1182.019761111111,1117.1678330039836,1129.13785,1039.4856666666667,0.4785,777.7777777777777,0.0,0.0,249.7378718928727,5200.0,5900.0
2025-02-06,70,2025-02-06 11:40:00,1184.294205555556,1079.4191824259365,1102.4864,1037.4036666666666,0.4662,777.7777777777777,0.0,0.0,236.55867131482535,5900.0,6600.0
2025-02-06,71,2025-02-06 11:50:00,1217.2052333333331,1049.6101957762894,1042.2383333333335,1032.28125,0.4432,777.7777777777777,0.0,0.0,261.87533466517823,6600.0,7300.0
2025-02-06,72,2025-02-06 12:00:00,1166.8228250000002,916.482849926087,1071.7905666666668,1048.5316,0.4411,833.3333333333333,0.0,0.0,59.89054992608703,7300.0,8050.0
2025-02-06,73,2025-02-06 12:10:00,1184.6159333333335,925.2494196855909,1093.7313166666665,1044.5252166666667,0.4551,833.3333333333333,0.0,0.0,42.7099863522576,8050.0,8800.0
2025-02-06,74,2025-02-06 12:20:00,1155.8062499999999,919.2171994910293,1060.4716666666666,1021.8249999999999,0.4463,833.3333333333333,0.0,0.0,47.237199491029514,8800.0,9550.0
2025-02-06,75,2025-02-06 12:30:00,1134.7803166666667,860.1336746268315,1031.2081,1029.116,0.4113,833.3333333333333,0.0,0.0,24.708241293498304,9550.0,10300.0
2025-02-06,76,2025-02-06 12:40:00,1144.4985833333335,604.188676070598,1060.9568833333333,1062.3577,0.5682,555.5555555555555,0.0,0.0,50.03393718170912,10300.0,10800.0
2025-02-06,77,2025-02-06 12:50:00,311.26633333333314,74.33608946433378,1115.4983333333332,1078.6187499999999,0.8279,0.0,0.0,0.0,37.456506131000424,10800.0,10800.0
2025-02-06,78,2025-02-06 13:00:00,339.4169333333332,94.82890988741337,1108.627,1039.7489333333333,0.8636,0.0,0.0,0.0,25.95084322074672,10800.0,10800.0
2025-02-06,79,2025-02-06 13:10:00,336.1350361111113,115.05084223986296,1092.0028666666667,1022.0953333333333,0.8416,0.0,0.0,0.0,45.143308906529455,10800.0,10800.0
2025-02-06,80,2025-02-06 13:20:00,357.3646416666669,143.77972876875197,1101.3433333333335,1021.1062499999999,0.8618,0.0,0.0,0.0,63.542645435418535,10800.0,10800.0
2025-02-06,81,2025-02-06 13:30:00,403.46202222222234,184.82798385200533,1114.0181,959.3697833333334,0.8623,0.0,0.0,0.0,30.179667185338758,10800.0,10800.0
2025-02-06,82,2025-02-06 13:40:00,455.93706944444455,234.24476383430533,1083.2505333333334,903.4992166666666,0.9026,0.0,0.0,0.0,54.49344716763858,10800.0,10800.0
2025-02-06,83,2025-02-06 13:50:00,0.0,0.0,1042.8866666666665,872.5187500000001,0.9754,0.0,170.36791666666687,0.0,3.979039320256561e-13,10800.0,10610.702314814815
2025-02-06,84,2025-02-06 14:00:00,0.0,0.0,1066.7925,820.7799166666667,1.0002,0.0,246.01258333333354,0.0,2.5579538487363607e-13,10610.702314814815,10337.355
2025-02-06,85,2025-02-06 14:10:00,0.0,0.0,1051.1921833333333,781.0027666666666,0.9978,0.0,270.1894166666667,0.0,0.0,10337.355,10037.144537037037
2025-02-06,86,2025-02-06 14:20:00,0.0,0.0,998.4066666666666,757.5500000000001,1.0271,0.0,240.85666666666677,0.0,1.9895196601282805e-13,10037.144537037037,9769.526018518518
2025-02-06,87,2025-02-06 14:30:00,0.0,0.0,1018.9243666666666,716.4793666666666,1.0906,0.0,302.44499999999937,6.821210263296962e-13,0.0,9769.526018518518,9433.476018518519
2025-02-06,88,2025-02-06 14:40:00,410.99297700000307,0.0,1052.9395833333333,665.7651333333333,0.9376,0.0,387.1744499999995,4.547473508864641e-13,0.0,9433.476018518519,9003.282185185186
2025-02-06,89,2025-02-06 14:50:00,1543.1129499999995,1329.1315066570855,1061.2266666666667,615.5500000000001,0.6694,440.7975720164601,0.0,0.0,442.65726797395894,9003.282185185186,9400.0
2025-02-06,90,2025-02-06 15:00:00,1574.3443416666664,1382.6433761663263,1061.5078666666666,570.3152166666666,0.66,777.7777777777777,0.0,0.0,113.67294838854866,9400.0,10100.0
2025-02-06,91,2025-02-06 15:10:00,1583.6066194444445,1395.1829541928107,1041.4771833333332,545.7321166666667,0.7217,777.7777777777777,0.0,0.0,121.66010974836661,10100.0,10800.0
2025-02-06,92,2025-02-06 15:20:00,1602.615875,568.2004682470072,1013.6383333333333,524.96875,0.7308,0.0,0.0,0.0,79.53088491367384,10800.0,10800.0
2025-02-06,93,2025-02-06 15:30:00,1635.0081861111114,617.5593538062571,1012.0978,473.19825,0.7534,0.0,0.0,0.0,78.65980380625706,10800.0,10800.0
2025-02-06,94,2025-02-06 15:40:00,797.6412055555556,636.3050999689628,1025.60625,423.26800000000003,0.7823,0.0,0.0,0.0,33.96684996896283,10800.0,10800.0
2025-02-06,95,2025-02-06 15:50:00,799.9958166666656,683.861252993228,1039.1583333333333,381.24375000000003,0.8055,0.0,0.0,0.0,25.946669659894724,10800.0,10800.0
2025-02-06,96,2025-02-06 16:00:00,860.4361638888889,750.5785998658221,1045.8108,321.01515,0.8271,0.0,0.0,0.0,25.782949865822047,10800.0,10800.0
2025-02-06,97,2025-02-06 16:10:00,905.8994472222224,819.172048241474,1039.6489,263.03333333333336,0.8519,0.0,0.0,0.0,42.55648157480755,10800.0,10800.0
2025-02-06,98,2025-02-06 16:20:00,925.6625750000001,851.7963847956988,1027.7533333333333,215.05625,0.8791,0.0,0.0,0.0,39.099301462365474,10800.0,10800.0
2025-02-06,99,2025-02-06 16:30:00,932.6180638888886,882.6169959903189,1024.869,164.82161666666667,0.9024,0.0,0.0,0.0,22.569612656985555,10800.0,10800.0
2025-02-06,100,2025-02-06 16:40:00,971.511727777778,940.5734471655163,1025.4657166666666,118.72831666666667,0.9163,0.0,0.0,0.0,33.83604716551645,10800.0,10800.0
2025-02-06,101,2025-02-06 16:50:00,1004.5160500000001,1003.1021893278487,1027.2433333333333,76.04375,0.9264,0.0,0.0,0.0,51.9026059945154,10800.0,10800.0
2025-02-06,102,2025-02-06 17:00:00,1020.3940749999999,1009.3445605205463,1032.4466333333332,30.944983333333337,0.9462,0.0,0.0,0.0,7.842910520546411,10800.0,10800.0
2025-02-06,103,2025-02-06 17:10:00,1014.1933333333334,1007.6136626526608,1029.1106666666667,4.45175,0.9742,0.0,17.045254014005334,6.572520305780927e-13,0.0,10800.0,10781.060828873327
2025-02-06,104,2025-02-06 17:20:00,1052.2958916666666,1045.3951273052264,1032.79,0.0,0.9862,12.605127305226535,0.0,7.460698725481052e-14,0.0,10781.060828873327,10792.405443448031
2025-02-06,105,2025-02-06 17:30:00,1076.5135944444446,1076.3344312267811,1047.8633833333333,0.0,0.976,8.43839616885412,0.0,0.0,20.032651724593684,10792.405443448031,10800.0
2025-02-06,106,2025-02-06 17:40:00,924.5279972222221,924.5279972222221,920.9471666666667,0.022866666666666664,1.0742,0.0,0.0,0.0,3.603697222222081,10800.0,10800.0
2025-02-06,107,2025-02-06 17:50:00,730.64,730.64,722.7600000000001,0.0,1.2313,0.0,0.0,0.0,7.879999999999882,10800.0,10800.0
2025-02-06,108,2025-02-06 18:00:00,712.3292583333333,712.3292583333333,696.5744500000001,0.0,1.2561,0.0,0.0,0.0,15.754808333333244,10800.0,10800.0
2025-02-06,109,2025-02-06 18:10:00,738.5188166666669,738.5188166666669,725.3809833333333,0.0016333333333333332,1.2447,0.0,0.0,0.0,13.139466666666863,10800.0,10800.0
2025-02-06,110,2025-02-06 18:20:00,737.2833333333332,737.2833333333332,713.9516666666667,0.0,1.2545,0.0,0.0,0.0,23.33166666666648,10800.0,10800.0
2025-02-06,111,2025-02-06 18:30:00,741.3062916666667,741.3062916666667,688.7923000000001,0.0,1.2522,0.0,0.0,0.0,52.513991666666584,10800.0,10800.0
2025-02-06,112,2025-02-06 18:40:00,438.0878944444466,438.0878944444466,701.2760666666667,0.0,1.2881,0.0,263.1881722222195,5.684341886080801e-13,0.0,10800.0,10507.568697530867
2025-02-06,113,2025-02-06 18:50:00,0.0,0.0,738.1166666666667,0.0,1.3466,0.0,738.1166666666667,0.0,0.0,10507.568697530867,9687.439067901238
2025-02-06,114,2025-02-06 19:00:00,0.0,0.0,736.8278666666666,0.0,1.3523,0.0,736.827866666666,6.821210263296962e-13,0.0,9687.439067901238,8868.741438271609
2025-02-06,115,2025-02-06 19:10:00,0.0,0.0,715.8313666666667,0.0,1.3445,0.0,715.8313666666667,0.0,0.0,8868.741438271609,8073.373253086424
2025-02-06,116,2025-02-06 19:20:00,0.0,0.0,697.4050000000001,0.0,1.3483,0.0,697.4049999999997,3.410605131648481e-13,0.0,8073.373253086424,7298.478808641979
2025-02-06,117,2025-02-06 19:30:00,0.0,0.0,685.9789333333333,0.0,1.349,0.0,685.9789333333333,0.0,0.0,7298.478808641979,6536.279993827165
2025-02-06,118,2025-02-06 19:40:00,0.0,0.0,683.2323833333334,0.0,1.3473,0.0,683.2323833333331,2.2737367544323206e-13,0.0,6536.279993827165,5777.132901234572
2025-02-06,119,2025-02-06 19:50:00,0.0,0.0,692.54,0.0,1.3482,0.0,692.5400000000002,0.0,2.2737367544323206e-13,5777.132901234572,5007.644012345683
2025-02-06,120,2025-02-06 20:00:00,0.0,0.0,714.0837666666666,0.0,1.3513,0.0,714.0837666666665,1.1368683772161603e-13,0.0,5007.644012345683,4214.217604938276
2025-02-06,121,2025-02-06 20:10:00,0.0,0.0,727.5424333333334,0.0,1.34,0.0,727.5424333333335,0.0,1.1368683772161603e-13,4214.217604938276,3405.8371234567944
2025-02-06,122,2025-02-06 20:20:00,0.0,0.0,731.2533333333334,0.0,1.3489,0.0,731.2533333333337,0.0,2.2737367544323206e-13,3405.8371234567944,2593.3334197530903
2025-02-06,123,2025-02-06 20:30:00,0.0,0.0,736.3145,0.0,1.3952,0.0,736.3145000000002,0.0,2.2737367544323206e-13,2593.3334197530903,1775.206197530868
2025-02-06,124,2025-02-06 20:40:00,733.9936333333334,733.9936333333334,712.8330333333333,0.0,1.2226,21.16060000000011,0.0,6.394884621840902e-14,0.0,1775.206197530868,1794.250737530868
2025-02-06,125,2025-02-06 20:50:00,775.7466666666667,775.7466666666667,693.2116666666667,0.0,0.9332,82.53500000000005,0.0,8.526512829121202e-14,0.0,1794.250737530868,1868.532237530868
2025-02-06,126,2025-02-06 21:00:00,754.1622083333334,754.1622083333334,739.1151,0.0,0.9068,15.047108333333451,0.0,2.4868995751603507e-14,0.0,1868.532237530868,1882.0746350308682
2025-02-06,127,2025-02-06 21:10:00,751.1851764403291,751.1851764403291,744.7547833333333,0.0,0.9371,6.43039310699578,0.0,0.0,0.0,1882.0746350308682,1887.8619888271644
2025-02-06,128,2025-02-06 21:20:00,756.1000000000001,756.1000000000001,714.52,0.0,0.9371,41.58000000000028,0.0,1.2789769243681803e-13,0.0,1887.8619888271644,1925.2839888271646
2025-02-06,129,2025-02-06 21:30:00,784.7171166666668,784.7171166666668,743.8754166666666,0.0,0.9871,40.841700000000095,0.0,0.0,7.815970093361102e-14,1925.2839888271646,1962.0415188271647
2025-02-06,130,2025-02-06 21:40:00,705.3178166666667,706.9660780814784,690.7555666666667,0.0,0.7764,16.210511414811762,0.0,9.947598300641403e-14,0.0,1962.0415188271647,1976.6309791004953
2025-02-06,131,2025-02-06 21:50:00,603.6466666666666,592.5619037480617,568.9283333333334,0.0,0.4209,23.633570414728336,0.0,3.907985046680551e-14,0.0,1976.6309791004953,1997.9011924737508
2025-02-06,132,2025-02-06 22:00:00,705.451789711934,705.4517897119345,547.7698,0.0,0.3859,157.68198971193442,0.0,0.0,0.0,1997.9011924737508,2139.814983214492
2025-02-06,133,2025-02-06 22:10:00,577.6630583333334,577.6630583333334,555.69155,0.0,0.4368,21.97150833333328,0.0,0.0,1.3855583347321954e-13,2139.814983214492,2159.5893407144918
2025-02-06,134,2025-02-06 22:20:00,599.9025,599.9025,553.6783333333334,0.0,0.4198,46.224166666666456,0.0,0.0,1.7763568394002505e-13,2159.5893407144918,2201.1910907144916
2025-02-06,135,2025-02-06 22:30:00,594.7891833333333,594.7891833333333,576.5417333333334,0.0,0.4186,18.247449999999944,0.0,0.0,1.4210854715202004e-14,2201.1910907144916,2217.6137957144915
2025-02-06,136,2025-02-06 22:40:00,590.2994083333333,590.2994083333333,576.81875,0.0,0.4241,13.480658333333444,0.0,1.6342482922482304e-13,0.0,2217.6137957144915,2229.7463882144916
2025-02-06,137,2025-02-06 22:50:00,618.24,618.24,558.4283333333334,0.0,0.4237,59.811666666666696,0.0,8.526512829121202e-14,0.0,2229.7463882144916,2283.5768882144916
2025-02-06,138,2025-02-06 23:00:00,581.7384916666667,581.7384916666667,571.3184666666667,0.0,0.4248,10.420025000000047,0.0,3.730349362740526e-14,0.0,2283.5768882144916,2292.9549107144917
2025-02-06,139,2025-02-06 23:10:00,582.5654,582.5654,561.8386166666667,0.0,0.424,20.72678333333341,0.0,1.2434497875801753e-13,0.0,2292.9549107144917,2311.6090157144918
2025-02-06,140,2025-02-06 23:20:00,618.9516666666667,618.9516666666667,546.8416666666667,0.0,0.422,72.10999999999987,0.0,0.0,1.4210854715202004e-13,2311.6090157144918,2376.5080157144916
2025-02-06,141,2025-02-06 23:30:00,638.5526083333334,638.5526083333334,586.3870499999999,0.0,0.424,52.16555833333334,0.0,0.0,1.4210854715202004e-13,2376.5080157144916,2423.4570182144917
2025-02-06,142,2025-02-06 23:40:00,571.146225,571.146225,534.0754833333334,0.0,0.4271,37.070741666666436,0.0,0.0,1.1368683772161603e-13,2423.4570182144917,2456.8206857144914
2025-02-06,143,2025-02-06 23:50:00,459.3658333333334,459.3658333333334,407.77,0.0,0.4276,51.59583333333355,0.0,1.3500311979441904e-13,0.0,2456.8206857144914,2503.2569357144916
2025-02-07,0,2025-02-07 00:00:00,1223.175825,1223.175825,386.25111666666663,0.0,0.4248,833.3333333333333,0.0,0.0,3.5913750000001983,2503.2569357144916,3253.2569357144916
2025-02-07,1,2025-02-07 00:10:00,1182.9809211045135,1182.9809211045135,425.2661166666667,0.0,0.4245,757.7148044378469,0.0,0.0,0.0,3253.2569357144916,3935.200259708554
2025-02-07,2,2025-02-07 00:20:00,1255.8973099108405,1255.8973099108405,446.935,0.0,0.4269,808.9623099108404,0.0,0.0,1.1368683772161603e-13,3935.200259708554,4663.26633862831
2025-02-07,3,2025-02-07 00:30:00,1276.4155,1276.4155,419.25316666666663,0.0,0.4272,833.3333333333333,0.0,0.0,23.82900000000018,4663.26633862831,5413.26633862831
2025-02-07,4,2025-02-07 00:40:00,1245.3743083333334,1245.3743083333334,393.4852,0.0,0.4271,833.3333333333333,0.0,0.0,18.55577500000004,5413.26633862831,6163.26633862831
2025-02-07,5,2025-02-07 00:50:00,1253.6966666666667,1253.6966666666667,392.01666666666665,0.0,0.4285,833.3333333333333,0.0,0.0,28.346666666666806,6163.26633862831,6913.26633862831
2025-02-07,6,2025-02-07 01:00:00,1117.4474631794512,1117.4474631794512,396.33161666666666,0.0,0.4311,721.1158465127846,0.0,0.0,0.0,6913.26633862831,7562.270600489816
2025-02-07,7,2025-02-07 01:10:00,447.5022500000001,447.5022500000001,420.4836666666667,0.0,0.4302,27.018583333332977,0.0,0.0,4.476419235288631e-13,7562.270600489816,7586.587325489816
2025-02-07,8,2025-02-07 01:20:00,1243.9183333333333,1243.9183333333333,452.355,0.0,0.4279,791.5633333333325,0.0,0.0,7.958078640513122e-13,7586.587325489816,8298.994325489815
2025-02-07,9,2025-02-07 01:30:00,465.67752499999983,465.67752499999983,456.81645000000003,0.0,0.4312,8.861075000000305,0.0,5.044853423896711e-13,0.0,8298.994325489815,8306.969292989816
2025-02-07,10,2025-02-07 01:40:00,539.6872833333333,539.6872833333333,446.0461833333333,0.0,0.4333,93.64110000000032,0.0,3.268496584496461e-13,0.0,8306.969292989816,8391.246282989816
2025-02-07,11,2025-02-07 01:50:00,408.72916666666674,408.72916666666674,442.72333333333336,0.0,0.4311,0.0,33.99416666666639,2.2737367544323206e-13,0.0,8391.246282989816,8353.47498669352
2025-02-07,12,2025-02-07 02:00:00,1277.3047916666665,1277.3047916666665,460.24303333333336,0.0,0.4293,817.0617583333336,0.0,5.684341886080801e-13,0.0,8353.47498669352,9088.83056919352
2025-02-07,13,2025-02-07 02:10:00,492.0563,492.0563,481.9864166666667,0.0,0.4324,10.069883333332351,0.0,0.0,9.85878045867139e-13,9088.83056919352,9097.89346419352
2025-02-07,14,2025-02-07 02:20:00,516.7266666666667,516.7266666666667,490.3566666666666,0.0,0.4367,26.370000000000193,0.0,1.3145040611561853e-13,0.0,9097.89346419352,9121.62646419352
2025-02-07,15,2025-02-07 02:30:00,491.4125083333332,491.4125083333332,480.2542,0.0,0.4348,11.158308333332469,0.0,0.0,7.265299473147024e-13,9121.62646419352,9131.668941693519
2025-02-07,16,2025-02-07 02:40:00,504.1413083333333,504.1413083333333,469.7928,0.0,0.4335,34.348508333332575,0.0,0.0,7.389644451905042e-13,9131.668941693519,9162.582599193518
2025-02-07,17,2025-02-07 02:50:00,551.8166666666667,551.8166666666667,465.8066666666667,0.0,0.4357,86.00999999999961,0.0,0.0,4.405364961712621e-13,9162.582599193518,9239.991599193518
2025-02-07,18,2025-02-07 03:00:00,571.0625249999999,571.0625249999999,464.89213333333333,0.0,0.4374,106.17039166666574,0.0,0.0,8.668621376273222e-13,9239.991599193518,9335.544951693517
2025-02-07,19,2025-02-07 03:10:00,592.3260666666666,592.3260666666666,488.78473333333335,0.0,0.4371,103.54133333333367,0.0,3.836930773104541e-13,0.0,9335.544951693517,9428.732151693517
2025-02-07,20,2025-02-07 03:20:00,586.5949999999999,586.5949999999999,521.2133333333334,0.0,0.4356,65.3816666666656,0.0,0.0,9.521272659185342e-13,9428.732151693517,9487.575651693516
2025-02-07,21,2025-02-07 03:30:00,551.5892,551.5892,516.0483333333333,0.0,0.4353,35.540866666665856,0.0,0.0,8.597567102697212e-13,9487.575651693516,9519.562431693515
2025-02-07,22,2025-02-07 03:40:00,542.5181416666668,542.5181416666668,486.52849999999995,0.0,0.436,55.9896416666662,0.0,0.0,6.394884621840902e-13,9519.562431693515,9569.953109193515
2025-02-07,23,2025-02-07 03:50:00,587.3933333333334,587.3933333333334,481.44166666666666,0.0,0.4378,105.95166666666651,0.0,0.0,2.5579538487363607e-13,9569.953109193515,9665.309609193515
2025-02-07,24,2025-02-07 04:00:00,576.5447583333333,576.5447583333333,533.01275,0.0,0.4401,43.53200833333378,0.0,4.263256414560601e-13,0.0,9665.309609193515,9704.488416693515
2025-02-07,25,2025-02-07 04:10:00,551.7559105668705,551.7559105668705,532.86585,0.0,0.4389,18.890060566870186,0.0,0.0,3.019806626980426e-13,9704.488416693515,9721.489471203698
2025-02-07,26,2025-02-07 04:20:00,531.3741666666666,531.3741666666666,485.66166666666663,0.0,0.4364,45.712500000000645,0.0,6.679101716144942e-13,0.0,9721.489471203698,9762.630721203699
2025-02-07,27,2025-02-07 04:30:00,549.8997916666667,549.8997916666667,500.8403,0.0,0.4393,49.05949166666687,0.0,1.7053025658242404e-13,0.0,9762.630721203699,9806.7842637037
2025-02-07,28,2025-02-07 04:40:00,568.3296916666667,568.3296916666667,516.8358833333333,0.0,0.4422,51.49380833333352,0.0,1.2789769243681803e-13,0.0,9806.7842637037,9853.1286912037
2025-02-07,29,2025-02-07 04:50:00,546.6683333333333,546.6683333333333,507.6066666666666,0.0,0.4395,0.0,0.0,0.0,39.06166666666667,9853.1286912037,9853.1286912037
2025-02-07,30,2025-02-07 05:00:00,569.6097500000001,569.6097500000001,511.0962666666667,0.00045000000000000004,0.4333,0.0,0.0,0.0,58.5139333333334,9853.1286912037,9853.1286912037
2025-02-07,31,2025-02-07 05:10:00,596.2317333333333,596.2317333333333,503.64925,0.0,0.4439,0.0,0.0,0.0,92.5824833333333,9853.1286912037,9853.1286912037
2025-02-07,32,2025-02-07 05:20:00,1355.6316666666667,1355.6316666666667,492.76666666666665,0.0,0.4301,385.41256532922284,0.0,0.0,477.45243467077717,9853.1286912037,10200.0
2025-02-07,33,2025-02-07 05:30:00,1343.5250833333332,1343.5250833333332,511.77753333333334,0.006216666666666666,0.3713,666.6666666666666,0.0,0.0,165.08709999999985,10200.0,10800.0
2025-02-07,34,2025-02-07 05:40:00,484.62671893674127,484.62671893674127,510.8942666666667,0.0,0.5708,0.0,26.267547729924992,4.192202140984591e-13,0.0,10800.0,10770.813835855639
2025-02-07,35,2025-02-07 05:50:00,0.0,0.0,494.3066666666667,0.0,0.9099,0.0,494.30666666666696,0.0,2.8421709430404007e-13,10770.813835855639,10221.584206226009
2025-02-07,36,2025-02-07 06:00:00,0.0,0.0,515.1796,0.0866,0.9368,0.0,515.0929999999997,3.410605131648481e-13,0.0,10221.584206226009,9649.258650670454
2025-02-07,37,2025-02-07 06:10:00,0.0,0.0,524.36125,0.0,0.8758,0.0,524.3612499999992,7.958078640513122e-13,0.0,9649.258650670454,9066.635039559344
2025-02-07,38,2025-02-07 06:20:00,0.0,0.0,512.1366666666667,0.0,0.8759,0.0,512.1366666666662,4.547473508864641e-13,0.0,9066.635039559344,8497.594298818603
2025-02-07,39,2025-02-07 06:30:00,0.0,0.0,524.8191333333333,5.850533333333334,0.8601,0.0,518.9685999999999,0.0,0.0,8497.594298818603,7920.962521040826
2025-02-07,40,2025-02-07 06:40:00,0.0,0.0,568.2667333333333,32.229283333333335,0.8442,0.0,536.0374499999998,1.1368683772161603e-13,0.0,7920.962521040826,7325.365354374159
2025-02-07,41,2025-02-07 06:50:00,0.0,0.0,610.3083333333333,74.69375000000001,0.8334,0.0,535.6145833333334,0.0,1.1368683772161603e-13,7325.365354374159,6730.2380395593445
2025-02-07,42,2025-02-07 07:00:00,0.0,0.0,610.2927833333333,114.13258333333333,0.8092,0.0,496.1602000000001,0.0,1.1368683772161603e-13,6730.2380395593445,6178.948928448233
2025-02-07,43,2025-02-07 07:10:00,0.0,0.0,600.39795,159.0646,0.7972,0.0,441.3333499999997,2.8421709430404007e-13,0.0,6178.948928448233,5688.578539559345
2025-02-07,44,2025-02-07 07:20:00,0.0,0.0,585.395,207.55625,0.7644,0.0,377.8387499999999,1.1368683772161603e-13,0.0,5688.578539559345,5268.757706226012
2025-02-07,45,2025-02-07 07:30:00,0.0,0.0,547.1815833333334,246.9202,0.6899,0.0,300.26138333333375,0.0,3.979039320256561e-13,5268.757706226012,4935.133946966752
2025-02-07,46,2025-02-07 07:40:00,0.0,0.0,555.4435166666666,291.0269333333333,0.86,0.0,264.41658333333373,0.0,4.547473508864641e-13,4935.133946966752,4641.337743263048
2025-02-07,47,2025-02-07 07:50:00,0.0,0.0,602.9183333333334,341.84375,1.1617,0.0,261.07458333333307,3.410605131648481e-13,0.0,4641.337743263048,4351.254872892678
2025-02-07,48,2025-02-07 08:00:00,0.0,0.0,611.12665,385.65754999999996,1.1683,0.0,225.46910000000034,0.0,2.5579538487363607e-13,4351.254872892678,4100.733650670455
2025-02-07,49,2025-02-07 08:10:00,0.0,0.0,611.9631499999999,421.0529833333333,1.0956,0.0,190.91016666666678,0.0,1.7053025658242404e-13,4100.733650670455,3888.6112432630475
2025-02-07,50,2025-02-07 08:20:00,0.0,0.0,612.3733333333333,451.59999999999997,1.0849,0.0,160.7733333333336,0.0,2.2737367544323206e-13,3888.6112432630475,3709.97420622601
2025-02-07,51,2025-02-07 08:30:00,0.0,0.0,592.43045,481.7972833333333,1.061,0.0,110.63316666666674,0.0,1.1368683772161603e-13,3709.97420622601,3587.0484654852694
2025-02-07,52,2025-02-07 08:40:00,0.0,0.0,633.5669666666666,513.4377333333333,1.043,0.0,120.12923333333343,0.0,9.947598300641403e-14,3587.0484654852694,3453.5715395593434
2025-02-07,53,2025-02-07 08:50:00,0.0,0.0,713.6633333333333,556.6999999999999,1.036,0.0,156.96333333333337,0.0,0.0,3453.5715395593434,3279.1678358556396
2025-02-07,54,2025-02-07 09:00:00,0.0,0.0,720.2574166666667,617.9059666666667,1.0147,0.0,102.35145000000011,0.0,1.1368683772161603e-13,3279.1678358556396,3165.444002522306
2025-02-07,55,2025-02-07 09:10:00,0.0,0.0,695.7480833333334,654.5119166666667,0.9922,0.0,41.23616666666676,0.0,7.105427357601002e-14,3165.444002522306,3119.626039559343
2025-02-07,56,2025-02-07 09:20:00,0.0,0.0,684.1350000000001,677.2875,0.97,0.0,6.847500000000219,0.0,1.3677947663381929e-13,3119.626039559343,3112.0177062260095
2025-02-07,57,2025-02-07 09:30:00,0.0,0.0,687.5160999999999,738.5819833333334,0.9422,51.06588333333345,0.0,2.1316282072803006e-14,0.0,3112.0177062260095,3157.9770012260096
2025-02-07,58,2025-02-07 09:40:00,0.0,0.0,695.2513333333333,796.9299500000001,0.9569,101.67861666666694,0.0,1.2789769243681803e-13,0.0,3157.9770012260096,3249.48775622601
2025-02-07,59,2025-02-07 09:50:00,0.0,0.0,710.315,840.9499999999999,0.9977,130.63500000000002,0.0,1.4210854715202004e-13,0.0,3249.48775622601,3367.05925622601
2025-02-07,60,2025-02-07 10:00:00,0.0,0.0,739.0829666666667,899.3371333333333,0.9919,160.2541666666664,0.0,0.0,1.9895196601282805e-13,3367.05925622601,3511.2880062260097
2025-02-07,61,2025-02-07 10:10:00,0.0,0.0,738.0801833333334,945.4178833333334,0.9588,207.33770000000024,0.0,1.9895196601282805e-13,0.0,3511.2880062260097,3697.89193622601
2025-02-07,62,2025-02-07 10:20:00,0.0,0.0,697.6999999999999,969.0437499999999,0.9549,271.3437499999999,0.0,0.0,1.1368683772161603e-13,3697.89193622601,3942.10131122601
2025-02-07,63,2025-02-07 10:30:00,0.0,0.0,654.7754666666666,988.2511666666666,0.9839,333.4757000000001,0.0,1.1368683772161603e-13,0.0,3942.10131122601,4242.22944122601
2025-02-07,64,2025-02-07 10:40:00,0.0,0.0,643.9374833333333,1009.6573166666667,0.799,365.71983333333367,0.0,2.2737367544323206e-13,0.0,4242.22944122601,4571.37729122601
2025-02-07,65,2025-02-07 10:50:00,0.0,0.0,655.145,1029.73125,0.5025,374.58625000000006,0.0,0.0,0.0,4571.37729122601,4908.50491622601
2025-02-07,66,2025-02-07 11:00:00,298.73712940354676,0.0,651.0688166666666,1047.3021166666667,0.4662,396.23330000000044,0.0,3.410605131648481e-13,0.0,4908.50491622601,5265.114886226011
2025-02-07,67,2025-02-07 11:10:00,0.0,0.0,657.9662333333333,1095.7004,0.5007,437.73416666666685,0.0,2.2737367544323206e-13,0.0,5265.114886226011,5659.075636226011
2025-02-07,68,2025-02-07 11:20:00,0.0,0.0,679.74,1154.375,0.4827,378.80484863776576,0.0,0.0,95.83015136223423,5659.075636226011,6000.0
2025-02-07,69,2025-02-07 11:30:00,0.0,0.0,687.2059333333333,1162.9343000000001,0.4785,333.3333333333333,0.0,0.0,142.39503333333352,6000.0,6300.0
2025-02-07,70,2025-02-07 11:40:00,445.2603277777778,0.0,674.1133833333333,1151.2699333333333,0.4662,333.3333333333333,0.0,0.0,143.8232166666666,6300.0,6600.0
2025-02-07,71,2025-02-07 11:50:00,467.2728666666666,399.2051048305766,648.5600000000001,1156.875,0.4432,777.7777777777777,0.0,0.0,129.74232705279883,6600.0,7300.0
2025-02-07,72,2025-02-07 12:00:00,494.43685000000005,0.0,632.2008500000001,1189.1374833333332,0.4411,0.0,0.0,0.0,556.9366333333331,7300.0,7300.0
2025-02-07,73,2025-02-07 12:10:00,482.5382583333335,0.0,663.7916666666666,1209.4297833333333,0.4551,0.0,0.0,0.0,545.6381166666666,7300.0,7300.0
2025-02-07,74,2025-02-07 12:20:00,540.2484750000001,0.0,686.8083333333334,1207.70625,0.4463,333.3333333333333,0.0,0.0,187.56458333333325,7300.0,7600.0
2025-02-07,75,2025-02-07 12:30:00,517.2061277777776,0.0,609.0269666666667,1207.49265,0.4113,444.44444444444446,0.0,0.0,154.02123888888877,7600.0,8000.0
2025-02-07,76,2025-02-07 12:40:00,0.0,0.0,584.9959166666666,1205.0933666666667,0.5682,444.44444444444446,0.0,0.0,175.65300555555564,8000.0,8400.0
2025-02-07,77,2025-02-07 12:50:00,0.0,0.0,643.4783333333334,1192.9375,0.8279,333.3333333333333,0.0,0.0,216.12583333333333,8400.0,8700.0
2025-02-07,78,2025-02-07 13:00:00,0.0,0.0,658.9243833333334,1169.4465666666667,0.8636,333.3333333333333,0.0,0.0,177.18885000000006,8700.0,9000.0
2025-02-07,79,2025-02-07 13:10:00,0.0,0.0,642.3615,1143.4470333333334,0.8416,333.3333333333333,0.0,0.0,167.75220000000007,9000.0,9300.0
2025-02-07,80,2025-02-07 13:20:00,0.0,0.0,630.6616666666666,1124.7749999999999,0.8618,333.3333333333333,0.0,0.0,160.77999999999992,9300.0,9600.0
2025-02-07,81,2025-02-07 13:30:00,0.0,0.0,638.5031333333333,1112.9225666666666,0.8623,333.3333333333333,0.0,0.0,141.08610000000004,9600.0,9900.0
2025-02-07,82,2025-02-07 13:40:00,0.0,0.0,634.8740166666666,1074.3136333333334,0.9026,222.22222222222223,0.0,0.0,217.21739444444455,9900.0,10100.0
2025-02-07,83,2025-02-07 13:50:00,0.0,0.0,613.785,1014.6750000000001,0.9754,222.22222222222223,0.0,0.0,178.66777777777787,10100.0,10300.0
2025-02-07,84,2025-02-07 14:00:00,0.0,0.0,599.4534166666666,974.18645,1.0002,222.22222222222223,0.0,0.0,152.5108111111112,10300.0,10500.0
2025-02-07,85,2025-02-07 14:10:00,0.0,0.0,591.9970666666667,940.1702333333333,0.9978,111.11111111111111,0.0,0.0,237.06205555555547,10500.0,10600.0
2025-02-07,86,2025-02-07 14:20:00,0.0,0.0,594.1766666666666,875.7875,1.0271,111.11111111111111,0.0,0.0,170.4997222222223,10600.0,10700.0
2025-02-07,87,2025-02-07 14:30:00,0.0,0.0,609.9267666666666,763.6327166666666,1.0906,111.11111111111111,0.0,0.0,42.594838888888916,10700.0,10800.0
2025-02-07,88,2025-02-07 14:40:00,0.0,0.0,612.9406166666666,700.4348,0.9376,0.0,0.0,0.0,87.49418333333335,10800.0,10800.0
2025-02-07,89,2025-02-07 14:50:00,233.40491666666685,0.0,599.545,691.1125000000001,0.6694,0.0,0.0,0.0,91.56750000000011,10800.0,10800.0
2025-02-07,90,2025-02-07 15:00:00,574.6369147119337,12.738294393193655,588.4408,647.9628666666666,0.66,0.0,0.0,0.0,72.26036105986032,10800.0,10800.0
2025-02-07,91,2025-02-07 15:10:00,218.4440694444445,67.2477729853349,568.4414666666667,593.1736166666667,0.7217,0.0,0.0,0.0,91.97992298533495,10800.0,10800.0
2025-02-07,92,2025-02-07 15:20:00,218.42079999999987,127.3516583016339,561.2966666666667,544.61875,0.7308,0.0,0.0,0.0,110.67374163496709,10800.0,10800.0
2025-02-07,93,2025-02-07 15:30:00,283.10795277777777,160.53885035505,600.74205,490.32346666666666,0.7534,0.0,0.0,0.0,50.1202670217167,10800.0,10800.0
2025-02-07,94,2025-02-07 15:40:00,318.6318833333333,185.77716188013136,609.5497,431.4903166666666,0.7823,0.0,0.0,0.0,7.717778546797945,10800.0,10800.0
2025-02-07,95,2025-02-07 15:50:00,314.51906666666656,235.92071321202667,574.5766666666667,375.97499999999997,0.8055,0.0,0.0,0.0,37.319046545359924,10800.0,10800.0
2025-02-07,96,2025-02-07 16:00:00,367.27955555555536,292.54286376379275,561.7056833333334,330.04720000000003,0.8271,0.0,0.0,0.0,60.88438043045949,10800.0,10800.0
2025-02-07,97,2025-02-07 16:10:00,399.5532944444446,355.53759433411744,582.7407,282.18295,0.8519,0.0,0.0,0.0,54.9798443341175,10800.0,10800.0
2025-02-07,98,2025-02-07 16:20:00,427.80920833333323,397.74738765052496,610.2166666666667,228.44375,0.8791,0.0,0.0,0.0,15.974470983858282,10800.0,10800.0
2025-02-07,99,2025-02-07 16:30:00,485.4313555555554,436.2191023583546,597.8580166666667,175.82764999999998,0.9024,0.0,0.0,0.0,14.188735691687839,10800.0,10800.0
2025-02-07,100,2025-02-07 16:40:00,443.08623611111113,405.06799938666734,525.7680833333333,126.69066666666667,0.9163,0.0,0.0,0.0,5.9905827200007025,10800.0,10800.0
2025-02-07,101,2025-02-07 16:50:00,383.3723666666668,365.6051847640326,441.87833333333333,79.34375,0.9264,0.0,0.0,0.0,3.0706014306992415,10800.0,10800.0
2025-02-07,102,2025-02-07 17:00:00,393.7537472222222,393.7537472222222,424.84591666666665,33.73643333333333,0.9462,0.0,0.0,0.0,2.6442638888888723,10800.0,10800.0
2025-02-07,103,2025-02-07 17:10:00,432.6148722222222,432.6148722222222,433.6899833333334,6.557950000000001,0.9742,0.0,0.0,0.0,5.482838888888807,10800.0,10800.0
2025-02-07,104,2025-02-07 17:20:00,448.1646916666665,446.0236704783729,426.55,0.0,0.9862,0.0,0.0,0.0,19.473670478372867,10800.0,10800.0
2025-02-07,105,2025-02-07 17:30:00,456.04238611111134,456.04238611111134,404.77126666666663,0.0,0.976,0.0,0.0,0.0,51.27111944444471,10800.0,10800.0
2025-02-07,106,2025-02-07 17:40:00,436.15914999999984,427.724090184839,420.2600333333333,0.11385,1.0742,0.0,0.0,0.0,7.577906851505702,10800.0,10800.0
2025-02-07,107,2025-02-07 17:50:00,0.0,0.0,458.4433333333333,0.0,1.2313,0.0,458.44333333333327,5.684341886080802e-14,0.0,10800.0,10290.618518518519
2025-02-07,108,2025-02-07 18:00:00,0.0,0.0,450.43323333333336,0.0,1.2561,0.0,450.4332333333341,0.0,7.389644451905042e-13,10290.618518518519,9790.137148148147
2025-02-07,109,2025-02-07 18:10:00,0.0,0.0,424.76516666666663,0.008166666666666668,1.2447,0.0,424.757,0.0,5.684341886080802e-14,9790.137148148147,9318.184925925925
2025-02-07,110,2025-02-07 18:20:00,0.0,0.0,424.08166666666665,0.0,1.2545,0.0,424.08166666666733,0.0,6.821210263296962e-13,9318.184925925925,8846.983074074073
2025-02-07,111,2025-02-07 18:30:00,0.0,0.0,461.0551666666667,0.0,1.2522,0.0,461.0551666666659,7.958078640513122e-13,0.0,8846.983074074073,8334.699555555555
2025-02-07,112,2025-02-07 18:40:00,0.0,0.0,476.0302,0.0005833333333333334,1.2881,0.0,476.029616666667,0.0,3.410605131648481e-13,8334.699555555555,7805.777759259258
2025-02-07,113,2025-02-07 18:50:00,0.0,0.0,461.7733333333333,0.0,1.3466,0.0,461.7733333333331,2.2737367544323206e-13,0.0,7805.777759259258,7292.696277777777
2025-02-07,114,2025-02-07 19:00:00,0.0,0.0,461.83781666666664,0.0,1.3523,0.0,461.8378166666668,0.0,1.7053025658242404e-13,7292.696277777777,6779.543148148147
2025-02-07,115,2025-02-07 19:10:00,0.0,0.0,444.27945,0.0,1.3445,0.0,444.27945000000017,0.0,1.7053025658242404e-13,6779.543148148147,6285.899314814814
2025-02-07,116,2025-02-07 19:20:00,0.0,0.0,423.1016666666667,0.0,1.3483,0.0,423.10166666666686,0.0,1.7053025658242404e-13,6285.899314814814,5815.786351851851
2025-02-07,117,2025-02-07 19:30:00,0.0,0.0,450.1251666666667,0.0,1.349,0.0,450.125166666667,0.0,2.8421709430404007e-13,5815.786351851851,5315.647277777776
2025-02-07,118,2025-02-07 19:40:00,0.0,0.0,468.84560000000005,0.0,1.3473,0.0,468.8456000000001,0.0,5.684341886080802e-14,5315.647277777776,4794.707722222221
2025-02-07,119,2025-02-07 19:50:00,0.0,0.0,458.3633333333333,0.0,1.3482,0.0,458.3633333333336,0.0,3.410605131648481e-13,4794.707722222221,4285.415129629628
2025-02-07,120,2025-02-07 20:00:00,0.0,0.0,451.9560333333333,0.0,1.3513,0.0,451.9560333333333,0.0,0.0,4285.415129629628,3783.2417592592574
2025-02-07,121,2025-02-07 20:10:00,0.0,0.0,447.0254,0.0,1.34,0.0,447.0253999999999,1.1368683772161603e-13,0.0,3783.2417592592574,3286.5468703703687
2025-02-07,122,2025-02-07 20:20:00,0.0,0.0,455.01,0.0,1.3489,0.0,455.00999999999993,5.684341886080802e-14,0.0,3286.5468703703687,2780.980203703702
2025-02-07,123,2025-02-07 20:30:00,0.0,0.0,491.07015,0.0,1.3952,0.0,491.07014999999996,5.684341886080802e-14,0.0,2780.980203703702,2235.346703703702
2025-02-07,124,2025-02-07 20:40:00,16.53972629423845,16.53972629423845,494.0659166666667,0.0,1.2226,0.0,477.5261903724281,1.1368683772161603e-13,0.0,2235.346703703702,1704.7620477343376
2025-02-07,125,2025-02-07 20:50:00,449.95916666666665,449.95916666666665,465.96166666666664,0.0,0.9332,0.0,16.00250000000001,0.0,1.0658141036401503e-14,1704.7620477343376,1686.981492178782
2025-02-07,126,2025-02-07 21:00:00,442.51724999999993,442.51724999999993,468.9965833333333,0.0,0.9068,0.0,26.47933333333342,0.0,3.552713678800501e-14,1686.981492178782,1657.5600106973004
2025-02-07,127,2025-02-07 21:10:00,469.0175916666666,469.0175916666666,478.27185000000003,0.0,0.9371,0.0,9.254258333333382,5.684341886080802e-14,0.0,1657.5600106973004,1647.277501438041
2025-02-07,128,2025-02-07 21:20:00,511.16143076131664,511.16143076131664,480.8233333333333,0.0,0.9371,30.33809742798338,0.0,6.750155989720952e-14,0.0,1647.277501438041,1674.5817891232261
2025-02-07,129,2025-02-07 21:30:00,493.07872499999996,493.07872499999996,483.9696333333333,0.0,0.9871,9.1090916666667,0.0,5.684341886080802e-14,0.0,1674.5817891232261,1682.7799716232262
2025-02-07,130,2025-02-07 21:40:00,452.3472416666667,452.3472416666667,441.14691666666664,0.0,0.7764,11.200325000000046,0.0,0.0,3.197442310920451e-14,1682.7799716232262,1692.8602641232262
2025-02-07,131,2025-02-07 21:50:00,452.44416666666666,433.87025514703515,371.28,0.0,0.4209,62.5902551470353,0.0,1.2079226507921703e-13,0.0,1692.8602641232262,1749.191493755558
2025-02-07,132,2025-02-07 22:00:00,463.6431666666667,423.1314096957107,353.10609999999997,0.0,0.3859,70.02530969571075,0.0,0.0,0.0,1749.191493755558,1812.2142724816977
2025-02-07,133,2025-02-07 22:10:00,409.90293008333333,409.90293008333333,385.8838166666667,0.0,0.4368,24.01911341666669,0.0,4.973799150320701e-14,0.0,1812.2142724816977,1833.8314745566977
2025-02-07,134,2025-02-07 22:20:00,425.17583333333323,425.17583333333323,416.99333333333334,0.0,0.4198,8.18249999999984,0.0,0.0,5.1514348342607263e-14,1833.8314745566977,1841.1957245566975
2025-02-07,135,2025-02-07 22:30:00,421.66728333333333,421.66728333333333,393.1725666666667,0.0,0.4186,28.49471666666659,0.0,0.0,5.684341886080802e-14,1841.1957245566975,1866.8409695566975
2025-02-07,136,2025-02-07 22:40:00,421.48701666666665,428.1157333333333,379.79866666666663,0.0,0.4241,48.317066666666555,0.0,0.0,1.2079226507921703e-13,1866.8409695566975,1910.3263295566974
2025-02-07,137,2025-02-07 22:50:00,419.0441666666666,440.7433333333333,396.27500000000003,0.0,0.4237,44.46833333333315,0.0,0.0,9.947598300641403e-14,1910.3263295566974,1950.3478295566972
2025-02-07,138,2025-02-07 23:00:00,421.77600000000007,421.77600000000007,400.1374666666666,0.0,0.4248,21.63853333333337,0.0,0.0,7.105427357601002e-14,1950.3478295566972,1969.8225095566972
2025-02-07,139,2025-02-07 23:10:00,417.3991583333333,417.3991583333333,404.3171333333333,0.0,0.424,13.082025000000057,0.0,6.927791673660977e-14,0.0,1969.8225095566972,1981.5963320566973
2025-02-07,140,2025-02-07 23:20:00,405.55749999999995,405.55749999999995,412.805,0.0,0.422,0.0,7.2475000000001275,0.0,6.838973831690964e-14,1981.5963320566973,1973.5435542789194
2025-02-07,141,2025-02-07 23:30:00,423.3027333333333,423.3027333333333,411.11786666666666,0.0,0.424,12.184866666666746,0.0,8.171241461241152e-14,0.0,1973.5435542789194,1984.5099342789194
2025-02-07,142,2025-02-07 23:40:00,432.6980916666665,433.7025893298474,405.0134333333333,0.0,0.4271,28.689155996514224,0.0,1.2079226507921703e-13,0.0,1984.5099342789194,2010.3301746757822
2025-02-07,143,2025-02-07 23:50:00,428.475,440.78954996199354,397.4316666666667,0.0,0.4276,43.357883295327106,0.0,2.3447910280083306e-13,0.0,2010.3301746757822,2049.3522696415766
