date,start,end,intervals,emergency_kwh,cost_yuan
2025-02-01,03:30,03:40,1,12.86080000000004,27.991531200000086
2025-02-01,15:10,15:50,4,109.38135000000011,406.63403531666705
2025-02-01,16:00,16:20,2,36.3068833333333,152.3617849583332
2025-02-01,17:40,17:50,1,175.96572683333707,945.1119188218535
2025-02-02,01:40,01:50,1,17.257849999999962,37.38913202499992
2025-02-02,02:40,03:10,3,85.36464999999998,186.0458450666666
2025-02-02,13:00,13:10,1,1.4179999999998927,6.1229239999995375
2025-02-02,16:20,16:30,1,1.3420833333332212,5.899127291666174
2025-02-02,18:20,18:40,2,34.069299999999885,213.68169479999926
2025-02-03,02:10,02:20,1,9.363700000000108,20.244319400000233
2025-02-03,03:00,03:30,3,66.96561666666673,146.20429432500015
2025-02-03,04:10,04:20,1,7.078583333333427,15.533951125000206
2025-02-03,12:50,13:40,5,325.71705,1388.1458843416667
2025-02-03,13:50,14:20,3,408.20442433333415,2017.0917105323372
2025-02-03,16:10,17:20,7,92.61018333333345,422.34181885000044
2025-02-03,18:10,18:40,3,45.21703333333346,283.0258838250008
2025-02-04,02:10,02:20,1,5.111633333333316,11.051351266666629
2025-02-04,07:40,07:50,1,39.92739999999992,171.68781999999965
2025-02-04,08:00,08:30,3,141.04486666666628,772.7948995249975
2025-02-04,08:50,09:00,1,12.604283333333115,65.29018766666553
2025-02-04,10:00,10:10,1,8.301683333333415,41.172198491667075
2025-02-04,13:10,13:30,2,34.354866666666794,146.96903685000058
2025-02-04,14:00,14:50,5,370.21114383333463,1882.52135449384
2025-02-04,15:20,15:30,1,0.8158333333333303,2.981054999999989
2025-02-04,16:00,16:20,2,51.090883333333295,214.35436842499985
2025-02-04,16:50,17:00,1,6.091249999999832,28.21466999999922
2025-02-04,17:50,18:00,1,6.81666666666672,41.96680833333366
2025-02-04,18:20,18:40,2,27.52135000000021,172.397039016668
2025-02-05,01:40,01:50,1,14.535116666666681,31.490330258333366
2025-02-05,03:50,04:10,2,1.297583333333364,2.852207958333401
2025-02-05,06:00,06:20,2,48.65101666666669,216.19509898333345
2025-02-05,07:00,07:20,2,24.52875000000006,98.16382550000026
2025-02-05,16:30,16:50,2,27.80029999999988,126.36322571666611
2025-02-05,17:20,17:40,2,31.143450000000144,152.7259960000007
2025-02-05,18:00,18:20,2,41.79829999999994,261.12705404999963
2025-02-05,18:40,19:10,3,50.721400000000926,336.130023500006
2025-02-05,22:20,22:40,2,18.256550000000196,38.26648295000042
2025-02-06,03:40,03:50,1,2.781600000000026,6.063888000000056
2025-02-06,04:50,05:00,1,3.3266666666667106,7.310350000000096
2025-02-06,07:50,08:10,2,29.40810000000147,171.32531990000854
2025-02-06,13:20,13:50,3,187.0473666666668,818.6929078583339
2025-02-06,14:10,14:20,1,6.047516666666695,30.17106065000014
2025-02-06,15:50,16:00,1,6.682916666666642,26.9154468749999
2025-02-06,16:20,16:40,2,20.71688333333327,91.15156759999972
2025-02-06,19:00,19:10,1,2.3235999999986916,15.711021399991154
2025-02-07,02:10,02:20,1,14.212666666666678,30.727785333333358
2025-02-07,03:20,03:40,2,30.507616666666706,66.41077517500008
2025-02-07,04:40,04:50,1,3.2992666666666537,7.294678599999971
2025-02-07,15:40,16:00,2,29.127266666666742,114.77099856666698
2025-02-07,18:40,18:50,1,44.6948833333326,287.8573961083286
2025-02-07,19:10,19:20,1,10.773616666667294,72.4256380416709
2025-02-07,19:30,19:50,2,23.10711666666657,155.71656837499935
2025-02-08,01:00,01:10,1,2.516549999999995,5.424423524999989
2025-02-08,02:50,03:20,3,25.30918333333335,55.30353601666671
2025-02-08,03:50,04:40,5,47.67073333333343,104.38033806666688
2025-02-08,04:50,05:20,3,34.25113333333326,75.0028999666665
2025-02-08,15:20,15:30,1,3.683333333333394,13.458900000000222
2025-02-08,16:00,16:30,3,76.25193333333334,322.83431229999997
2025-02-08,16:40,17:00,2,21.857366666666735,100.77639350833364
2025-02-08,17:20,18:20,6,1782.8887231666668,10676.459028977752
2025-02-08,18:40,19:20,4,113.08418333333424,757.5316378083394
2025-02-08,20:30,20:50,2,69.05308333333386,461.7840435000036
2025-02-08,22:00,22:30,3,84.69494999999989,178.17037034999979
2025-02-08,23:20,23:30,1,1.3266666666667106,2.7992666666667594
2025-02-09,01:30,01:40,1,23.515250000000037,50.69887900000008
2025-02-09,02:10,02:20,1,27.33361666666667,59.09527923333334
2025-02-09,03:10,03:30,2,22.512033333333193,49.11909884999969
2025-02-09,03:50,04:20,3,68.32510000000013,150.2038286500003
2025-02-09,04:40,04:50,1,21.45428333333325,47.43542044999982
2025-02-09,05:40,06:20,4,20.020838500000536,72.07042668075218
2025-02-09,06:50,07:30,4,73.68095000000078,294.85404945000323
2025-02-09,09:10,10:50,10,987.7112000000006,4602.151272016669
2025-02-09,12:50,13:20,3,370.288466666667,1566.4501259833348
2025-02-09,13:40,14:30,5,917.3404523333369,4509.0328502828515
2025-02-09,17:00,17:20,2,23.508533333333503,113.18482586666745
2025-02-09,17:40,18:10,3,58.48600000000003,363.0896302250002
2025-02-09,19:30,20:00,3,24.5238999999998,165.29555032499866
2025-02-09,20:50,21:10,2,8.439700000000084,39.2808602000004
2025-02-09,21:20,21:40,2,35.42541666666682,169.45839395833406
2025-02-09,22:00,22:20,2,29.86539999999991,61.99893118333317
2025-02-09,22:50,23:10,2,3.074299999999994,6.525110699999987
2025-02-09,23:20,23:50,3,39.30686666666668,83.49737578333337
2025-02-10,02:20,03:00,4,48.976,106.51693719166666
2025-02-10,03:40,03:50,1,6.822983333333241,14.874103666666466
2025-02-10,04:30,05:20,5,130.4011333333333,287.03163107499995
2025-02-10,05:40,06:00,2,22.550466666666694,92.82432923333357
2025-02-10,07:50,08:20,3,41.94866666666485,242.42240673332304
2025-02-10,15:30,16:10,4,31.200733333333346,124.87908840833342
2025-02-10,18:40,19:00,2,82.3371333333339,545.7309447333372
2025-02-10,21:50,22:10,2,15.421183333334305,30.008523658335392
2025-02-10,22:50,23:00,1,7.051666666666733,14.938955833333475
2025-02-10,23:10,24:00,5,149.60519999999997,316.8323092916666
2025-02-11,02:10,02:20,1,2.7417500000000246,5.927663500000053
2025-02-11,02:30,02:40,1,7.891849999999977,17.15688189999995
2025-02-11,03:00,03:20,2,46.530816666666624,101.73192604999991
2025-02-11,03:40,03:50,1,3.277583333333382,7.1451316666667735
2025-02-11,04:10,05:10,6,75.83161666666683,166.47163828333368
2025-02-11,05:40,05:50,1,0.07855000000006385,0.22418170000018223
2025-02-11,06:00,06:10,1,5.328050000000076,24.956586200000356
2025-02-11,06:30,06:50,2,20.555850000001282,87.05343792500553
2025-02-11,07:10,07:30,2,66.67690000000016,258.2417400666673
2025-02-11,07:50,08:20,3,72.055066666666,411.78017616666295
2025-02-11,08:30,10:40,13,961.9492166666669,4736.753691633336
2025-02-11,13:40,14:20,4,183.0110361666665,884.5051137361659
2025-02-11,17:10,17:30,2,21.707750000000146,106.51955025000072
2025-02-11,18:00,18:20,2,12.368416666666718,77.11634932500031
2025-02-11,18:40,19:50,7,110.01918333333231,738.8143181249932
2025-02-11,20:10,21:40,9,187.84656666666626,1073.6391260166636
2025-02-11,22:50,23:50,6,94.59510000000012,200.57748955000025
2025-02-12,02:40,02:50,1,5.614550000000008,12.169537125000017
2025-02-12,03:00,03:20,2,17.782500000000255,38.86672662500055
2025-02-12,03:30,03:40,1,8.952666666666687,19.485479000000044
2025-02-12,04:20,04:50,3,74.4218166666667,163.5718934833334
2025-02-12,06:50,07:00,1,32.22946666666712,134.3001876000019
2025-02-12,07:20,07:30,1,13.981666666666683,53.437930000000065
2025-02-12,13:10,14:50,10,758.6677614999985,3682.290270853159
2025-02-12,15:10,15:50,4,225.41683333333287,859.3718302166649
2025-02-12,16:00,16:20,2,34.761499999999955,147.07556818333316
2025-02-12,17:10,17:20,1,2.8746499999998605,14.002420149999319
2025-02-12,17:50,18:00,1,0.4283333333332848,2.637034166666368
2025-02-12,18:20,18:40,2,31.797366666667834,199.3750416333407
2025-02-12,19:50,20:10,2,14.61891666666827,98.72698597501082
2025-02-12,20:30,22:00,9,121.94153333333395,599.3550619500037
2025-02-12,22:50,23:40,5,72.54866666666692,153.7237232666672
2025-02-13,01:40,01:50,1,14.816649999999981,32.10027222499996
2025-02-13,02:10,02:40,3,32.11643333333336,69.70397040000006
2025-02-13,03:00,03:50,5,74.00498333333337,161.45712990000007
2025-02-13,04:10,04:30,2,61.497100000000046,134.52234428333344
2025-02-13,04:50,05:10,2,54.62159999999983,119.30877139999961
2025-02-13,05:40,06:00,2,43.67739833333451,135.92121131750542
2025-02-13,06:50,07:20,3,34.17228333333467,138.91790510000556
2025-02-13,07:40,07:50,1,16.767833333333442,72.1016833333338
2025-02-13,18:30,18:50,2,27.908516666666195,176.3982813749969
2025-02-13,19:20,20:00,4,149.246450000001,1006.0848342500069
2025-02-13,21:30,21:40,1,18.09146666666586,89.29043373332935
2025-02-13,23:20,23:30,1,32.59166666666658,68.76841666666648
2025-02-14,01:00,01:10,1,11.47031666666669,24.724267575000052
2025-02-14,02:30,03:20,5,121.2713666666665,264.42789579999965
2025-02-14,03:40,03:50,1,3.154850000000067,6.877573000000147
2025-02-14,04:20,04:40,2,2.9510999999999967,6.470080316666659
2025-02-14,05:40,06:20,4,154.74404983333272,551.7657013909974
2025-02-14,07:30,08:00,3,69.54564999999937,279.02086375833125
2025-02-14,15:30,16:20,5,184.39491666666663,757.9571796916665
2025-02-14,16:40,18:30,11,1098.984691999998,6153.360070589655
2025-02-15,01:00,01:20,2,5.3513666666666495,11.513195774999964
2025-02-15,01:30,01:40,1,6.560666666666634,14.144797333333264
2025-02-15,02:10,02:50,4,145.7240666666666,316.41049499999986
2025-02-15,03:30,03:50,2,46.58881666666673,101.48330023333347
2025-02-15,04:40,05:00,2,25.88810000000001,57.051254100000016
2025-02-15,05:20,05:30,1,23.528333333333308,50.59768083333328
2025-02-15,05:40,06:20,4,121.6127636666663,553.9317639213326
2025-02-15,06:30,07:00,3,90.91243333333352,384.20939897500085
2025-02-15,15:40,16:00,2,69.65821666666659,276.88640949166637
2025-02-15,17:00,17:20,2,40.29238333333325,193.49373454999957
2025-02-15,17:30,17:50,2,93.80777033333607,503.01480502701475
2025-02-15,18:00,18:20,2,21.50631666666527,134.2137479249912
2025-02-15,18:40,18:50,1,10.305783333333522,66.37439755833455
2025-02-15,19:40,20:00,2,40.216683333333435,270.9886872750007
2025-02-15,21:00,21:50,5,124.27186666666617,568.9355252916644
2025-02-15,22:20,23:20,6,181.43436666666656,382.21152344999973
2025-02-15,23:30,24:00,3,26.837616666666634,57.30639179999993
2025-02-16,01:30,01:50,2,17.114599999999996,37.010268749999994
2025-02-16,02:20,02:50,3,31.32370000000003,68.02081341666673
2025-02-16,03:30,03:50,2,37.91723333333334,82.57399926666669
2025-02-16,04:10,04:30,2,114.3884833333334,249.89871417500012
2025-02-16,04:50,05:00,1,24.600000000000023,54.058500000000045
2025-02-16,05:50,06:10,2,78.96845549999966,359.5912274472485
2025-02-16,06:20,07:00,4,53.1144166666671,224.60981674166854
2025-02-16,08:00,08:50,5,138.90583333333313,761.0616429833325
2025-02-16,09:50,10:50,6,400.0203166666664,1878.394529274999
2025-02-16,13:00,13:20,2,13.881399999999985,59.67397669999995
2025-02-16,13:30,14:40,7,458.89932666666925,2248.661114096681
2025-02-16,16:20,17:10,5,158.763283333333,724.9252487166651
2025-02-16,17:30,17:50,2,78.54574999999988,402.7429238166661
2025-02-16,18:50,19:30,4,49.91438333333156,336.6659480749881
2025-02-16,20:20,20:40,2,30.130466666666166,208.19374505832997
2025-02-16,21:00,21:20,2,34.06306666666649,157.71063504166585
2025-02-16,21:30,21:50,2,42.939649999999915,183.47104405833292
2025-02-16,22:20,23:00,4,78.48771666666664,165.82279714999993
2025-02-16,23:20,23:40,2,38.075583333333384,80.5457700000001
2025-02-17,01:30,01:50,2,62.43426666666676,134.98310040833354
2025-02-17,02:10,02:20,1,32.162366666666685,69.53503673333337
2025-02-17,03:00,03:30,3,72.49968333333322,158.32522119999976
2025-02-17,04:20,04:30,1,5.338333333333367,11.648243333333406
2025-02-17,06:00,06:10,1,2.7366000000000668,12.818234400000312
2025-02-17,06:50,07:10,2,18.72116666666693,77.78229856666776
2025-02-17,15:30,16:00,3,65.95091666666667,259.1494988333334
2025-02-17,16:20,16:30,1,19.22416666666652,84.4998245833327
2025-02-17,16:50,17:20,3,42.80701666666664,201.08020384999986
2025-02-17,17:30,17:40,1,1.8150833333334049,8.857606666667015
2025-02-17,18:10,18:50,4,43.39708333333274,273.1307181749963
2025-02-17,19:00,19:30,3,123.2546666666642,830.5278160333168
2025-02-17,20:10,20:30,2,22.319366666666042,150.1231516666625
2025-02-17,21:10,21:20,1,3.3372333333332107,15.636606783332759
2025-02-17,21:30,21:40,1,8.82039999999995,43.533084199999756
2025-02-17,22:10,23:30,8,110.13021666666657,234.4534529833331
2025-02-18,03:10,03:30,2,14.809183333333408,32.29598267500016
2025-02-18,03:40,04:30,5,95.75216666666654,209.80295503333303
2025-02-18,04:50,05:00,1,12.50666666666666,27.483399999999985
2025-02-18,05:10,05:20,1,8.307383333333291,18.43823730833324
2025-02-18,05:40,06:00,2,71.89886666666564,316.40054149999526
2025-02-18,07:40,07:50,1,13.229300000000102,56.88599000000043
2025-02-18,08:20,08:50,3,233.03221666666502,1238.325763399991
2025-02-18,12:50,13:00,1,27.367083333333312,113.28604145833324
2025-02-18,13:20,14:50,9,882.416096833332,4417.88786540466
2025-02-18,15:10,15:30,2,21.26331666666647,77.56318610833262
2025-02-18,15:50,17:00,7,99.98896666666667,431.0630188
2025-02-18,17:20,18:20,6,80.429033333333,421.9496714833315
2025-02-18,18:30,18:50,2,27.297483333333275,172.60892050833294
2025-02-18,22:00,22:20,2,16.167100000000982,31.610713583335247
2025-02-18,22:40,22:50,1,8.571333333333428,18.175512333333533
2025-02-18,23:10,23:30,2,9.778183333333232,20.670515333333118
2025-02-18,23:50,24:00,1,7.376666666666665,15.77131333333333
2025-02-19,01:30,01:50,2,27.14644999999996,58.774946824999915
2025-02-19,02:20,03:10,5,142.53506666666658,310.62387431666644
2025-02-19,03:20,03:40,2,25.22040000000004,54.92025310000008
2025-02-19,04:40,05:20,4,71.42791666666676,156.60061575833356
2025-02-19,05:50,06:00,1,34.50166666666621,156.96533249999794
2025-02-19,06:20,06:30,1,45.472916666666606,199.1486385416664
2025-02-19,07:00,07:20,2,53.39511666666649,214.55014503333263
2025-02-19,08:40,10:30,11,931.6269268333335,4584.636376357418
2025-02-19,13:20,14:00,4,90.33407266666734,407.86553111966964
2025-02-19,15:10,15:40,3,184.3828666666667,669.8624922000001
2025-02-19,15:50,16:20,3,82.66491666666684,339.98552220833403
2025-02-19,16:40,16:50,1,15.03683333333322,68.89125191666615
2025-02-19,17:20,17:30,1,7.043333333333294,34.730676666666476
2025-02-19,18:00,18:10,1,3.221849999999854,20.234828924999086
2025-02-19,18:40,19:20,4,34.76118333333204,233.27603870832476
2025-02-19,19:40,21:20,10,140.9611000000009,842.0001601583391
2025-02-19,21:40,23:00,8,173.32044999999994,380.9841996166665
2025-02-19,23:30,24:00,3,133.88535000000002,285.4076701916667
2025-02-20,02:20,02:30,1,0.2333333333332348,0.5094833333331182
2025-02-20,02:40,03:00,2,53.03143333333344,115.43159341666689
2025-02-20,03:50,04:20,3,54.31524999999999,119.30238495833332
2025-02-20,04:30,04:50,2,60.29988333333347,133.0005359500003
2025-02-20,05:50,06:20,3,58.56984900000111,270.64965525050513
2025-02-20,07:50,08:40,5,193.86336666666648,1086.4759969249988
2025-02-20,16:30,18:00,9,174.78051666666693,838.1384413166678
2025-02-20,18:10,18:40,3,79.31576666666672,496.50934280833366
2025-02-20,22:50,23:20,3,84.06481666666578,178.3568957416648
2025-02-20,23:50,24:00,1,12.86833333333334,27.512496666666678
2025-02-21,01:00,01:20,2,11.128633333333369,23.944058100000078
2025-02-21,01:30,02:00,3,60.617133333333356,130.79131017500006
2025-02-21,03:50,04:30,4,87.14986666666653,190.70298579999968
2025-02-21,04:50,05:30,4,88.88220000000013,193.59945150000027
2025-02-21,15:40,16:00,2,45.94605000000024,181.83816457500097
2025-02-21,16:30,16:50,2,18.787666666666837,85.56653899166744
2025-02-21,17:30,17:50,2,466.26849299999725,2496.2612896029855
2025-02-21,18:10,18:30,2,22.50391666666593,141.10197037499537
2025-02-21,22:50,23:10,2,40.19471666666641,85.28458508333279
2025-02-21,23:40,24:00,2,44.71960000000007,95.54400580000015
2025-02-22,01:00,01:20,2,14.314166666666608,30.82151054999988
2025-02-22,01:40,02:00,2,62.2344833333334,134.25028147500015
2025-02-22,02:40,04:30,11,185.33981666666665,404.95034629166656
2025-02-22,05:00,05:20,2,28.4214833333333,62.29180169166659
2025-02-22,15:30,16:10,4,151.53313333333318,605.5035604083328
2025-02-22,16:20,16:40,2,26.27968333333331,117.52751849166656
2025-02-22,17:00,17:20,2,56.86048333333338,273.41979098333354
2025-02-22,17:30,18:10,4,1164.17554116667,6770.373142838938
2025-02-22,21:50,22:10,2,40.69626666666665,79.42878569999998
2025-02-22,22:50,23:00,1,17.27000000000004,36.586495000000085
2025-02-22,23:30,24:00,3,71.1596833333333,151.9449779333333
2025-02-23,02:10,02:20,1,10.66680000000008,23.061621600000173
2025-02-23,03:00,03:20,2,89.7946833333333,196.31286092499994
2025-02-23,03:50,04:00,1,15.306666666666615,33.50629333333322
2025-02-23,04:30,04:50,2,72.96343333333346,160.48046186666696
2025-02-23,05:00,05:20,2,112.82936666666671,248.93211823333343
2025-02-23,06:00,06:10,1,9.445366666666814,44.24209746666736
2025-02-23,07:40,08:20,4,62.85446666666701,339.45547762500206
2025-02-23,15:20,15:40,2,29.861533333333227,111.21441523333294
2025-02-23,17:20,17:30,1,11.278333333333421,55.6134616666671
2025-02-23,18:00,18:20,2,39.48423333333335,247.20367590000012
2025-02-23,20:20,20:50,3,29.011033333331852,198.25181730832338
2025-02-23,21:00,21:30,3,55.26558333333355,255.75436403333438
2025-02-23,21:40,22:30,5,80.68143333333353,183.38832545833384
2025-02-23,23:00,23:30,3,69.59491666666656,147.37729819999979
2025-02-23,23:50,24:00,1,12.543333333333408,26.817646666666825
2025-02-24,03:00,03:10,1,5.8351166666667496,12.761400150000183
2025-02-24,04:40,05:10,3,69.0802000000001,151.3924501250002
2025-02-24,06:00,06:20,2,53.117016666666586,240.81101231666628
2025-02-24,15:30,18:10,16,520.0450333333329,2381.339566166665
2025-02-24,21:40,22:20,4,77.72506666666558,180.99729665832905
2025-02-24,22:40,22:50,1,0.024816666666652054,0.05262374166663568
2025-02-24,23:20,23:30,1,0.9883333333333439,2.085383333333356
2025-02-25,02:10,02:20,1,47.262583333333396,102.1817051666668
2025-02-25,02:40,03:40,6,119.16021666666654,259.6035325416664
2025-02-25,04:10,04:20,1,1.3052000000000135,2.8642614000000295
2025-02-25,05:00,05:10,1,7.626500000000078,16.52281225000017
2025-02-25,05:40,06:00,2,53.069792833334645,180.00539948692284
2025-02-25,06:10,06:30,2,34.8291333333334,152.532322366667
2025-02-25,06:50,07:30,4,131.45693333333432,529.9566326333374
2025-02-25,07:40,08:00,2,74.81411366666566,370.6590562666619
2025-02-25,17:40,18:30,5,23.075916666667126,139.23504865833607
2025-02-25,18:50,19:10,2,82.16789999999969,553.673911974998
2025-02-25,19:30,19:40,1,10.627849999998489,71.68484824998981
2025-02-25,21:20,22:50,9,129.4556833333324,318.3297997833295
2025-02-25,23:10,23:50,4,88.26998333333336,186.97762697500005
2025-02-26,01:30,01:40,1,35.42139999999995,76.36853839999989
2025-02-26,02:10,02:20,1,16.255583333333334,35.144571166666665
2025-02-26,03:00,03:20,2,51.106766666666545,111.71149639999973
2025-02-26,03:50,04:00,1,1.136666666666656,2.48816333333331
2025-02-26,04:10,04:30,2,75.76756666666665,165.6164458833333
2025-02-26,05:10,05:20,1,5.795700000000011,12.863556150000024
2025-02-26,05:40,06:00,2,23.241861666666864,78.67101164416738
2025-02-26,08:50,09:10,2,111.02076666666926,571.8254514833467
2025-02-26,09:30,10:00,3,35.03073333333313,168.02840083333237
2025-02-26,13:40,15:00,8,837.2524833333337,4066.3976367250016
2025-02-26,15:10,16:30,8,350.686683333333,1402.798356599999
2025-02-26,16:50,17:20,3,65.7922500000002,309.1494212500009
2025-02-26,17:30,18:00,3,63.605049999999665,338.06880591666487
2025-02-26,18:20,18:30,1,32.60333333333335,204.50440833333346
2025-02-26,18:40,19:10,3,1038.9352795000004,6817.696022723504
2025-02-27,01:30,01:50,2,5.524733333333415,11.961617441666846
2025-02-27,02:20,02:30,1,7.915000000000077,17.28240250000017
2025-02-27,03:10,03:40,3,99.79668333333336,217.49682767500002
2025-02-27,04:10,04:30,2,20.694266666666636,45.21035986666659
2025-02-27,05:50,06:00,1,0.5766666666672791,2.6235450000027862
2025-02-27,06:20,06:40,2,44.5423499999996,193.0306096749983
2025-02-27,07:30,08:30,6,333.27725000000015,1704.5072849916671
2025-02-27,08:40,10:20,10,1159.6402166666667,5755.197535041667
2025-02-27,17:20,18:30,7,77.83561666666681,438.1178457666674
2025-02-27,18:40,20:00,8,96.6324666666651,648.3694265666562
2025-02-27,21:10,21:40,3,59.99380000000053,284.14214573333584
2025-02-27,23:30,23:40,1,0.7734833333332745,1.6397846666665419
2025-02-28,01:00,01:20,2,42.028216666666594,90.52879192499984
2025-02-28,01:30,01:50,2,38.9881666666667,84.18494093333341
2025-02-28,02:20,02:40,2,13.395733333333396,29.177851766666805
2025-02-28,03:00,03:20,2,45.448350000000005,99.3460629
2025-02-28,04:00,04:20,2,25.41373333333337,55.91454150000008
2025-02-28,04:30,05:20,5,119.05228333333332,261.90275590833335
2025-02-28,06:10,06:30,2,48.1103999999994,210.68426576666405
2025-02-28,16:10,16:50,4,47.535683333333395,208.9594920833336
2025-02-28,17:10,17:30,2,29.028650000000027,142.69955415000013
2025-02-28,17:40,18:00,2,889.7137888333309,5135.231130635735
2025-02-28,19:10,19:20,1,0.4422499999962497,2.9730256249747886
2025-02-28,19:50,20:40,5,111.14029999999968,754.5015556166645
2025-02-28,21:00,21:20,2,5.573733333333143,25.41917850833247
2025-02-28,21:30,21:50,2,64.68978333333322,288.48939815833285
2025-02-28,22:00,22:20,2,16.1512166666667,33.893285058333404
2025-02-28,23:10,23:30,2,49.14824999999996,103.87633999999991
2025-03-01,01:30,01:40,1,22.54309999999998,48.60292359999996
2025-03-01,02:20,02:30,1,9.516666666666652,20.779641666666635
2025-03-01,15:40,16:30,5,184.1523666666668,760.7913208833339
2025-03-01,16:40,17:10,3,60.515049999999974,281.66050571666653
2025-03-01,18:50,19:20,3,40.779783333332944,275.07104845833067
2025-03-01,20:20,20:30,1,10.839433333332465,73.10655811666082
2025-03-01,21:10,21:20,1,20.38163333333331,95.49814298333322
2025-03-01,22:20,22:50,3,36.614033333335556,76.743397683338
2025-03-01,23:10,23:30,2,33.44425000000001,70.79534333333336
2025-03-02,02:30,02:50,2,15.37048333333314,33.37034384166625
2025-03-02,04:00,04:10,1,2.7967166666666117,6.154175024999879
2025-03-02,12:50,14:50,12,2605.9528999999993,12512.937375325
2025-03-02,15:10,16:00,5,173.54763333333324,644.908267483333
2025-03-02,16:30,16:50,2,43.611933333333354,197.54725841666675
2025-03-02,17:00,19:10,13,969.0640668333326,6081.005469347162
2025-03-02,21:20,21:40,2,27.918199999999793,136.74620526666567
2025-03-02,22:30,22:50,2,40.47138333333328,85.26915769166655
2025-03-02,23:00,23:20,2,27.25956666666673,57.84092973333347
2025-03-02,23:30,24:00,3,38.8453333333332,82.77199446666638
2025-03-03,01:30,01:50,2,75.81438333333335,163.95336941666673
2025-03-03,02:30,02:50,2,16.13503333333324,35.0313777999998
2025-03-03,03:20,03:40,2,29.913716666666573,65.1455418249998
2025-03-03,07:40,08:10,3,18.35256666666544,105.56334774999293
2025-03-03,09:20,10:10,5,448.02179999999976,2162.2057231499994
2025-03-03,15:20,15:40,2,86.70695,317.7153602333334
2025-03-03,15:50,16:40,5,274.3765500000004,1160.6225694333348
2025-03-03,17:00,17:10,1,0.7864000000000715,3.720458400000338
2025-03-03,18:10,18:30,2,35.54293333333317,222.85372559999897
2025-03-03,18:50,19:50,6,120.4556919999975,812.2798557026499
2025-03-03,21:10,21:30,2,73.00481666666626,342.0640684916648
2025-03-03,22:10,22:50,4,59.965366666666796,126.22472316666695
2025-03-03,23:30,24:00,3,53.745399999999904,114.66685700833312
2025-03-04,01:30,01:50,2,71.6063999999999,154.99163364999978
2025-03-04,03:50,04:10,2,4.93850000000009,10.828088416666864
2025-03-04,17:00,17:30,3,39.332483333333016,192.25638798333182
2025-03-04,18:30,18:40,1,4.874333333333311,30.518200999999863
2025-03-04,20:50,21:00,1,16.741150000000744,78.11420590000347
2025-03-04,21:20,21:50,3,21.220400000000154,96.90521695833404
2025-03-04,22:20,22:30,1,43.35833333333335,91.00914166666671
2025-03-04,22:50,23:20,3,61.8592000000001,131.23663836666688
2025-03-04,23:30,24:00,3,91.73678333333328,195.75016469166655
2025-03-05,13:20,14:20,6,429.08207183333417,2023.6896235515042
2025-03-05,17:10,17:20,1,9.145233333333294,44.54643156666647
2025-03-05,17:30,17:40,1,4.875183333333325,23.790894666666627
2025-03-05,18:30,18:50,2,63.48361666666581,403.2035526249946
2025-03-05,20:10,20:50,4,82.03353333333234,553.9417201166601
2025-03-05,21:00,21:20,2,37.4543000000001,173.8897223000005
2025-03-05,22:00,22:20,2,35.17609999999996,70.54360178333324
2025-03-05,22:30,22:50,2,54.33481666666671,114.58796528333343
2025-03-05,23:40,24:00,2,39.89503333333346,85.2600936833336
2025-03-06,02:30,02:50,2,52.77834999999993,114.52595367499984
2025-03-06,15:10,17:00,11,573.3724833333338,2338.990048658335
2025-03-06,17:20,18:10,5,86.28196666666645,464.2220124916651
2025-03-06,18:40,19:00,2,21.845466666667903,144.87311556667487
2025-03-06,22:20,24:00,10,249.07776666666484,527.9891259083295
2025-03-07,01:10,01:20,1,1.1834666666666749,2.545636800000018
2025-03-07,01:50,02:10,2,31.795416666666597,68.37640687499986
2025-03-07,02:50,03:00,1,9.839999999999975,21.43643999999994
2025-03-07,15:40,16:10,3,57.6085833333334,229.06712957500025
2025-03-07,16:50,17:10,2,43.93011666666666,207.34333195
2025-03-07,17:30,17:50,2,450.8958731666684,2416.9199919615094
2025-03-07,18:10,18:20,1,19.655983333335143,122.32901227501125
2025-03-07,19:00,19:10,1,6.45588333333319,43.65145515833237
2025-03-07,22:20,22:40,2,31.68303333333307,66.32129676666611
2025-03-07,23:20,23:40,2,14.429400000000044,30.494028000000093
2025-03-08,00:50,01:10,2,17.58036666666669,37.74946535000005
2025-03-08,01:40,02:10,3,78.00770000000006,167.9402807166668
2025-03-08,02:30,03:50,8,143.2787166666667,311.89886040833335
2025-03-08,04:10,05:30,8,213.36006666666674,467.5645429666668
2025-03-08,16:20,16:50,3,87.11138333333349,394.09014180833407
2025-03-08,17:40,18:10,3,69.60631666666654,421.8853556416659
2025-03-08,22:40,22:50,1,18.958099999998353,40.2006510499965
2025-03-08,23:40,24:00,2,4.971766666666667,10.617228550000002
2025-03-09,01:30,01:50,2,40.55916666666667,87.68018093333333
2025-03-09,02:10,02:20,1,33.405700000000024,72.22312340000005
2025-03-09,02:50,04:00,7,128.19495000000018,279.67689315000035
2025-03-09,04:30,05:10,4,75.82715000000007,166.52983771666686
2025-03-09,08:10,08:30,2,36.5206999999985,198.69119584999177
2025-03-09,10:00,10:10,1,6.18941666666683,30.696411958334142
2025-03-09,14:40,15:00,2,103.57668333333197,357.3980639666604
2025-03-09,15:10,15:20,1,11.033599999999979,39.814745599999924
2025-03-09,15:30,15:50,2,25.27014999999983,97.07794895833268
2025-03-09,16:20,16:30,1,25.576666666666824,112.42223833333404
2025-03-09,16:50,17:00,1,12.070416666666574,55.91016999999957
2025-03-09,18:20,18:50,3,93.61736666666695,592.9529431416685
2025-03-09,19:10,19:20,1,8.950316666665117,60.16850379165625
2025-03-09,21:40,22:50,7,106.58669999999879,234.10965384166218
2025-03-10,02:10,02:30,2,70.13408333333336,152.4616873333334
2025-03-10,04:10,05:20,7,176.4664333333335,386.9565447500004
2025-03-10,05:40,06:00,2,31.168750166666086,115.24208009158073
2025-03-10,08:00,08:10,1,2.673200000001202,15.615497800007022
2025-03-10,08:30,10:20,11,650.2069333333338,3276.4588185750026
2025-03-10,14:00,15:00,6,456.2360000000001,2205.210699891667
2025-03-10,15:10,16:00,5,88.73464999999976,329.27209550833254
2025-03-10,16:20,17:30,7,209.99428333333287,979.7576188833312
2025-03-10,17:50,18:10,2,47.00818333333325,291.1044554249995
2025-03-10,18:20,20:10,11,2378.585969166667,15821.40672647875
2025-03-10,22:50,23:30,4,112.01179999999974,237.22254269166612
2025-03-10,23:50,24:00,1,4.863333333333344,10.397806666666689
2025-03-11,02:10,02:30,2,38.324449999999956,83.30921173333323
2025-03-11,02:50,03:10,2,1.7399166666666588,3.8007635833333167
2025-03-11,04:10,04:20,1,5.802899999999909,12.7344640499998
2025-03-11,04:50,05:20,3,56.98013333333324,125.0618157999998
2025-03-11,14:40,14:50,1,8.176533333329473,38.331588266648566
2025-03-11,15:10,17:10,12,525.5622833333333,2170.0598497833334
2025-03-11,17:30,18:30,6,133.75329999999985,776.287161941666
2025-03-11,19:20,19:30,1,3.9206499999992275,26.431061974994794
2025-03-11,20:00,20:10,1,3.092099999999391,20.891773649995883
2025-03-11,22:00,22:20,2,25.62073333333317,54.84467457499968
2025-03-11,22:30,22:50,2,83.02218333333337,174.88262821666675
2025-03-12,01:30,01:50,2,94.7322333333334,204.79895409166681
2025-03-12,02:10,02:30,2,34.95816666666667,75.69264633333334
2025-03-12,02:50,03:10,2,71.5762666666667,156.16795603333338
2025-03-12,03:30,03:50,2,84.33450000000005,183.73199628333344
2025-03-12,04:30,05:00,3,59.81841666666662,131.7861568999999
2025-03-12,05:40,05:50,1,2.5061166666665713,7.152456966666395
2025-03-12,14:00,14:10,1,29.110783333333416,145.5830274500004
2025-03-12,16:40,17:00,2,50.71990000000005,233.9127353916669
2025-03-12,17:20,17:30,1,37.52374999999995,185.02961124999976
2025-03-12,17:40,18:30,5,127.3771333333334,784.8354254583338
2025-03-12,18:50,19:00,1,8.970400000001177,60.39770320000793
2025-03-12,19:20,19:40,2,15.582249999998908,105.0679191416593
2025-03-12,21:40,23:30,11,246.56548333333336,538.2898950916664
2025-03-13,01:40,01:50,1,11.119016666666653,24.089349608333304
2025-03-13,02:20,02:30,1,24.88333333333344,54.332758333333565
2025-03-13,02:50,03:10,2,74.63711666666666,162.8222549833333
2025-03-13,04:20,04:40,2,4.511966666666694,9.86655145000006
2025-03-13,04:50,05:10,2,9.39059999999995,20.50004489999989
2025-03-13,05:40,06:20,4,106.70066666666753,483.98451075000395
2025-03-13,09:20,11:00,10,1409.5551,6581.751897141667
2025-03-13,13:00,13:40,4,140.2864833333333,599.2321813583333
2025-03-13,14:00,14:50,5,351.17050000000006,1759.7428263583338
2025-03-13,17:00,17:20,2,88.25530000000003,421.4960789666668
2025-03-13,18:00,20:10,13,2865.1489686666696,19055.201893328347
2025-03-13,21:50,22:30,4,91.52981666666601,188.33967414999864
2025-03-13,23:10,23:50,4,42.432333333333304,89.84655418333328
2025-03-14,00:50,01:00,1,31.148333333333312,66.73530416666662
2025-03-14,01:30,03:20,11,241.15450000000004,523.4538571
2025-03-14,04:00,04:20,2,39.73855000000003,87.36330977500006
2025-03-14,04:30,05:00,3,60.02758333333338,132.39431286666678
2025-03-14,05:20,05:30,1,1.7849999999999682,3.838642499999932
2025-03-14,05:40,06:20,4,160.8184403333338,608.9762982946685
2025-03-14,06:40,07:20,4,62.79009999999974,256.54742293333226
2025-03-14,07:40,07:50,1,24.638683333333336,105.94633833333334
2025-03-14,15:40,16:00,2,45.4371666666666,179.6461174166664
2025-03-14,16:20,16:40,2,27.52613333333329,121.65098089166648
2025-03-14,17:10,18:00,5,643.6249871666655,3502.977013249909
2025-03-14,18:20,18:30,1,32.016883333332885,200.82590070833052
2025-03-14,19:50,20:50,6,103.42793333333327,700.276717758333
2025-03-14,22:40,23:10,3,45.537533333333556,96.50616800000046
2025-03-14,23:20,23:40,2,23.37270000000001,49.45074066666669
2025-03-15,01:00,01:20,2,46.94740000000013,101.0745758250003
2025-03-15,02:10,02:50,4,63.23184999999995,137.59769536666656
2025-03-15,03:00,03:10,1,4.600216666666711,10.060673850000098
2025-03-15,04:20,04:30,1,13.529999999999973,29.52245999999994
2025-03-15,05:00,05:30,3,47.51180000000005,104.5128022500001
2025-03-15,05:50,06:30,4,86.46769999999952,389.74533282499783
2025-03-15,06:50,07:50,6,99.10278333333346,389.57394095000046
2025-03-15,16:50,17:30,4,48.533750000000225,233.45431275000107
2025-03-15,17:40,17:50,1,278.6352656666612,1496.5500118956375
2025-03-15,18:00,18:40,4,99.43183333333246,621.8087095416612
2025-03-15,19:00,19:20,2,32.5109333333325,219.22031748332773
2025-03-15,20:30,21:40,7,191.72209999999978,1105.7633379666654
2025-03-15,21:50,22:10,2,2.2010166666667033,4.447236658333411
2025-03-15,22:40,24:00,8,203.83516666666657,433.3142095166665
2025-03-16,02:20,02:50,3,50.80824999999993,110.33345955833317
2025-03-16,03:00,03:20,2,31.884083333333365,69.71874900000007
2025-03-16,03:40,03:50,1,0.10443333333330429,0.22766466666660337
2025-03-16,04:10,04:40,3,33.374866666666776,73.05818280000024
2025-03-16,05:40,06:20,4,176.6254713333335,757.5154149310007
2025-03-16,07:00,07:50,5,130.40058333333388,502.5012868166689
2025-03-16,08:10,08:40,3,79.08295000000066,426.77116075000356
2025-03-16,13:10,13:30,2,28.464733333333243,121.43098994999963
2025-03-16,13:40,15:00,8,509.662060833335,2513.4984092450077
2025-03-16,15:10,16:20,7,338.42553333333296,1296.6647677499986
2025-03-16,16:30,17:00,3,85.06975,389.943072975
2025-03-16,17:20,18:20,6,177.31209999999976,984.5536637249987
2025-03-16,23:50,24:00,1,7.97553333333094,17.05169026666155
2025-03-17,02:30,03:10,4,51.96145000000001,112.97652727500002
2025-03-17,03:40,04:10,3,74.84915000000012,164.02149595000026
2025-03-17,04:30,04:50,2,7.486816666666755,16.53199049166686
2025-03-17,15:40,15:50,1,7.745349999999917,30.295936524999675
2025-03-17,16:10,16:40,3,86.19988333333345,380.16862868333385
2025-03-17,17:30,17:50,2,11.823583333333318,59.61696539999993
2025-03-17,18:00,18:20,2,26.643766666666806,166.73178560000088
2025-03-17,18:30,18:50,2,13.904549999999745,89.15108074999839
2025-03-17,21:40,21:50,1,6.631499999999301,25.743482999997283
2025-03-17,23:30,23:50,2,37.00258333333329,78.69789597499991
2025-03-18,01:30,01:40,1,6.693899999999985,14.43204839999997
2025-03-18,02:10,02:20,1,10.23554999999999,22.129259099999977
2025-03-18,03:10,03:30,2,65.24331666666671,142.2828060750001
2025-03-18,03:50,04:00,1,29.940000000000055,65.53866000000012
2025-03-18,04:20,04:50,3,94.64575000000002,207.87579709166675
2025-03-18,05:50,06:20,3,45.14453333333256,208.1297671333299
2025-03-18,07:30,10:00,15,1788.472533333333,9184.296039816665
2025-03-18,14:10,15:00,5,277.06668333333334,1389.29808675
2025-03-18,16:20,16:50,3,69.59458333333373,314.3768130166684
2025-03-18,17:10,17:50,4,32.174433333333695,157.50280881666845
2025-03-18,18:00,19:20,8,1194.7268526666717,7790.1946587297
2025-03-18,21:50,22:00,1,5.894433333332902,12.404834949999092
2025-03-18,22:10,22:30,2,24.186566666666636,51.34120326666661
2025-03-18,22:50,23:10,2,80.27281666666659,170.16781259999982
2025-03-18,23:20,24:00,4,133.38790000000006,284.2083882750001
2025-03-19,02:30,02:50,2,25.957983333333345,56.36969048333336
2025-03-19,03:10,03:30,2,19.321050000000014,42.09959227500003
2025-03-19,04:00,04:20,2,35.20674999999994,77.33030817499989
2025-03-19,05:50,06:30,4,90.5594666666675,411.03339153333724
2025-03-19,14:20,14:50,3,104.7561333333327,540.7538364416639
2025-03-19,15:10,15:50,4,145.54679999999985,536.3203126333327
2025-03-19,17:30,17:50,2,12.214883333333205,62.442224399999326
2025-03-19,18:40,19:00,2,45.86153333333277,302.7894929333296
2025-03-20,01:30,01:40,1,25.02621666666664,53.956523133333285
2025-03-20,02:30,02:40,1,3.74378333333334,8.138984966666682
2025-03-20,03:00,04:00,6,146.15346666666676,319.08281725833353
2025-03-20,04:50,05:20,3,28.434683333333396,62.44272702500014
2025-03-20,05:50,06:00,1,16.272329333329935,74.03096230198454
2025-03-20,14:10,15:00,5,259.74320000000023,1287.9867232916674
2025-03-20,15:10,17:00,11,782.503266666667,3205.2023664250005
2025-03-20,17:10,17:30,2,33.22929999999997,163.46667029999983
2025-03-20,18:00,18:20,2,15.004899999999793,93.4170279499987
2025-03-20,18:40,19:10,3,1143.7511781666713,7538.765020321197
2025-03-20,23:40,23:50,1,7.411466666665682,15.827187066664562
2025-03-21,01:00,01:40,4,99.91299999999984,214.50177809999968
2025-03-21,02:10,02:50,4,131.82786666666652,286.4594267166663
2025-03-21,03:20,04:00,4,113.55986666666672,247.3527216833334
2025-03-21,04:20,04:30,1,28.063333333333276,61.23419333333321
2025-03-21,05:00,05:30,3,62.45516666666663,136.44726544999992
2025-03-21,05:40,05:50,1,6.803735166666968,19.417860165667527
2025-03-21,06:40,07:00,2,78.7596166666676,330.3746344500039
2025-03-21,07:10,07:30,2,38.21583333333352,146.63669166666742
2025-03-21,18:50,20:00,7,101.00421666666665,680.8838681249999
2025-03-21,20:20,20:40,2,36.96684999999985,252.41227960833237
2025-03-21,21:00,21:50,5,72.36796666666649,332.27015391666583
2025-03-21,22:00,22:40,4,114.3347333333333,241.6749426583333
2025-03-21,22:50,23:00,1,10.0,21.185000000000002
2025-03-21,23:20,23:30,1,13.964999999999975,29.466149999999946
2025-03-21,23:50,24:00,1,16.610000000000014,35.51218000000003
2025-03-22,00:50,01:00,1,11.24666666666667,24.09598333333334
2025-03-22,01:30,01:50,2,62.39448333333337,134.81152101666675
2025-03-22,02:50,03:00,1,20.189999999999998,43.98391499999999
2025-03-22,03:20,03:40,2,37.445716666666726,81.54655232500014
2025-03-22,04:00,04:20,2,35.21590000000003,77.43496205000007
2025-03-22,04:30,05:10,4,64.44566666666657,142.07540681666646
2025-03-22,05:40,05:50,1,50.82017883333333,145.04079039033334
2025-03-22,15:50,16:40,5,219.44380000000018,920.9698079916675
2025-03-22,17:00,17:20,2,16.307116666666616,77.94563194999975
2025-03-22,17:40,18:20,4,1563.867834000007,9450.19654316571
2025-03-23,01:30,01:50,2,3.9244333333332406,8.470543491666467
2025-03-23,02:20,02:50,3,56.41736666666691,122.77471222500053
2025-03-23,03:20,03:40,2,61.04148333333342,132.93316347500019
2025-03-23,04:00,04:20,2,64.96813333333341,142.77920430000017
2025-03-23,04:40,05:20,4,142.23421666666673,312.0401412250001
2025-03-23,06:00,07:00,6,122.7178833333328,533.3683131166644
2025-03-23,07:50,08:10,2,29.46656666666769,171.72054833333925
2025-03-23,17:10,17:50,4,51.67841666666641,255.48784879999872
2025-03-23,18:40,20:00,8,192.24438333333217,1292.7116756999922
2025-03-23,20:20,20:40,2,52.9688666666666,360.74816074999956
2025-03-23,20:50,21:10,2,35.57838333333348,164.44079003333403
2025-03-23,21:40,22:10,3,53.22113333333334,125.57598397499996
2025-03-24,01:30,01:40,1,6.801983333333396,14.665076066666803
2025-03-24,02:20,02:30,1,12.37833333333333,27.028090833333327
2025-03-24,02:50,03:40,5,81.00171666666665,176.6705955083333
2025-03-24,04:10,04:30,2,45.506500000000074,99.54951425000016
2025-03-24,04:50,05:20,3,103.43390000000022,226.3788312000005
2025-03-24,05:40,06:30,5,127.26349983333387,514.4220466667524
2025-03-24,08:30,09:10,4,103.44183333333356,541.9773968750013
2025-03-24,14:20,18:30,25,1268.6214146090522,5427.886587568204
2025-03-24,18:40,19:20,4,626.3618518333317,4048.4872156825736
2025-03-24,23:00,23:10,1,30.016916666666884,63.755931000000466
2025-03-24,23:30,24:00,3,127.1112833333334,270.9561961750002
2025-03-25,01:30,01:50,2,14.5623833333334,31.461019741666814
2025-03-25,02:30,03:20,5,122.34253333333356,266.5781088250005
2025-03-25,03:30,04:10,4,98.5981833333334,215.52080981666683
2025-03-25,05:00,05:20,2,7.482216666666773,16.60064337500023
2025-03-25,05:40,06:00,2,117.6559634999993,451.9705501182468
2025-03-25,06:10,07:10,6,234.22903333333318,1007.1960879499993
2025-03-25,09:30,10:40,7,436.3920211666664,2113.682672391165
2025-03-25,14:30,14:50,2,149.57218333333333,730.8260074666665
2025-03-25,15:30,15:50,2,24.720283333333327,95.1734048
2025-03-25,16:00,17:00,6,232.57403333333366,1030.3875994000014
2025-03-25,17:40,18:10,3,91.6873666666645,573.7635416249865
2025-03-25,18:40,19:00,2,1115.874341499998,7302.257895194487
2025-03-25,19:20,20:30,7,173.11409999999853,1166.3025091583236
2025-03-25,20:50,21:30,4,131.2853666666666,608.7327974416664
2025-03-25,22:00,22:10,1,2.4295666666666875,4.687848883333373
2025-03-25,22:30,22:50,2,80.90711666666675,170.3201962250002
2025-03-25,23:10,23:30,2,103.06113333333326,217.9926693333332
2025-03-26,01:30,01:50,2,50.794149999999945,109.72519354999989
2025-03-26,02:20,02:30,1,22.254999999999995,48.59379249999999
2025-03-26,03:00,03:20,2,10.065416666666579,22.00700037499981
2025-03-26,03:40,04:40,6,88.11606666666671,192.57781895000008
2025-03-26,05:00,05:20,2,34.31583333333322,75.36670601666641
2025-03-26,05:40,06:00,2,36.16662799999904,131.50266316099555
2025-03-26,07:40,08:20,4,176.68678333333133,977.2312379833245
2025-03-26,08:40,09:00,2,25.75214999999963,133.87925599999807
2025-03-26,17:50,18:00,1,15.127083333333303,93.12988854166649
2025-03-26,19:10,20:30,8,147.54925000000173,993.9249123250117
2025-03-26,21:10,21:20,1,0.8583666666664158,4.021877016665491
2025-03-26,22:00,22:50,5,133.5288499999998,281.93169527499964
2025-03-26,23:20,24:00,4,90.4774166666665,191.94775648333297
2025-03-27,02:10,03:00,5,187.75231666666662,407.91845913333316
2025-03-27,03:50,05:00,7,130.82278333333375,287.0501550000009
2025-03-27,05:40,05:50,1,2.1015833333333376,5.997918833333346
2025-03-27,09:30,09:40,1,3.1386458333301555,14.786160520818363
2025-03-27,14:20,15:10,5,109.97617427983516,441.3183223401227
2025-03-27,15:20,17:30,13,740.7145166666667,3181.299358533333
2025-03-27,18:40,19:10,3,1924.4261733333306,12802.896374693315
2025-03-27,19:40,20:00,2,27.02604999999994,182.1280808249996
2025-03-27,21:40,22:00,2,45.802316666666,164.85846829999747
2025-03-27,22:20,23:30,7,209.41101666666657,442.7674336749998
2025-03-27,23:50,24:00,1,10.404999999999973,22.24588999999994
2025-03-28,00:50,01:20,3,66.40915000000007,142.8847393916668
2025-03-28,01:40,02:10,3,62.03008333333338,134.0152178750001
2025-03-28,02:20,02:30,1,6.829999999999984,14.913304999999966
2025-03-28,03:00,03:20,2,75.1559166666666,164.30820572499985
2025-03-28,04:00,04:20,2,20.826116666666678,45.805614525000024
2025-03-28,04:40,04:50,1,4.850216666666654,10.72382904999997
2025-03-28,05:20,05:30,1,12.910000000000025,27.762955000000055
2025-03-28,07:30,07:50,2,138.89208333333275,534.1846794833313
2025-03-28,17:30,18:30,6,60.39848333333333,349.01190705000005
2025-03-29,00:50,01:30,4,99.63051666666678,213.87935190000024
2025-03-29,01:50,02:30,4,104.67444999999992,225.78023588333315
2025-03-29,02:50,03:00,1,5.908333333333303,12.871304166666599
2025-03-29,03:20,03:50,3,21.506566666666572,46.82554902499979
2025-03-29,04:10,04:30,2,14.876599999999996,32.58551119999999
2025-03-29,04:40,05:00,2,15.614400000000046,34.3364634000001
2025-03-29,16:00,16:50,5,235.4760999999998,1020.348252024999
2025-03-29,17:20,17:40,2,25.60573333333332,125.58104741666659
2025-03-29,18:10,18:20,1,3.933093833333203,24.477609471749187
2025-03-29,18:40,18:50,1,4.5417666666659215,29.251248216661867
2025-03-29,19:20,19:30,1,18.468250000000182,124.50370737500124
2025-03-29,20:00,21:30,9,127.77704999999946,762.5551345833298
2025-03-29,21:50,23:00,7,63.45505000000014,131.49869859166697
2025-03-30,01:30,01:50,2,54.11710000000005,117.21292362500012
2025-03-30,02:10,02:20,1,6.346933333333368,13.722069866666741
2025-03-30,02:50,03:10,2,49.29790000000003,107.61916313333339
2025-03-30,03:30,04:10,4,100.22539999999981,218.71240047499958
2025-03-30,04:50,05:20,3,35.34758333333332,77.6548553083333
2025-03-30,05:40,05:50,1,32.34179216666638,92.30347484366585
2025-03-30,08:30,09:20,5,302.31761666666614,1547.553529224997
2025-03-30,14:10,15:50,10,479.6829166666661,2013.3426236166645
2025-03-30,16:50,17:00,1,21.05666666666673,97.53448000000029
2025-03-30,18:00,19:20,8,1077.9603195000016,7027.952103493512
2025-03-30,23:40,24:00,2,26.647500000000036,56.95913208333341
2025-03-31,01:30,01:50,2,38.59531666666669,83.45065335833338
2025-03-31,02:10,02:20,1,4.987866666666719,10.783767733333445
2025-03-31,02:30,02:50,2,18.41930000000002,39.97561402500004
2025-03-31,04:00,04:10,1,8.888283333333447,19.55866747500025
2025-03-31,04:30,05:00,3,72.1075833333332,159.10445265833303
2025-03-31,05:40,06:00,2,42.32043416666795,162.85236859958914
2025-03-31,14:00,15:00,6,423.60159999999985,2080.2919756833326
2025-03-31,15:10,17:20,13,683.5663500000002,2888.501835916668
2025-03-31,17:30,17:40,1,7.788916666666637,38.00991333333319
2025-03-31,18:00,18:10,1,128.44980000000146,806.7289689000091
2025-03-31,18:40,19:10,3,1644.1245013333298,10872.67260176531
2025-03-31,19:20,20:30,7,123.95838333333381,835.04453204167
2025-03-31,21:00,21:10,1,0.2069833333333464,0.9384624333333927
2025-03-31,21:20,22:00,4,62.42666666666662,247.19281122499996
2025-03-31,22:30,22:40,1,4.635150000000067,9.70136895000014
2025-03-31,23:10,23:30,2,50.09781666666663,105.72178799999992
2025-04-01,02:10,03:00,5,159.24344999999994,346.5104395916665
2025-04-01,03:20,03:40,2,82.61673333333329,179.8998825999999
2025-04-01,04:10,05:20,7,201.18646666666677,441.17725970000026
2025-04-01,05:40,06:00,2,10.512166166667384,34.01378304191982
2025-04-01,09:50,10:00,1,57.27666666666687,285.7246516666677
2025-04-01,14:30,14:50,2,189.24166666666702,944.425004833335
2025-04-01,15:10,15:40,3,95.75539999999978,348.9284089749992
2025-04-01,16:00,16:20,2,19.588999999999942,82.08465996666641
2025-04-01,17:30,18:10,4,92.84786666666696,533.2193456666682
2025-04-01,18:40,19:10,3,1136.3408160000015,7475.279643928011
2025-04-01,20:30,20:50,2,41.506366666665485,260.52450128332515
2025-04-01,21:30,21:50,2,87.34384999999997,387.40790063333327
2025-04-01,22:50,23:00,1,17.90666666666675,37.93527333333351
2025-04-01,23:50,24:00,1,12.358333333333348,26.4221166666667
2025-04-02,02:10,02:20,1,16.45343333333335,35.5723228666667
2025-04-02,02:30,02:50,2,87.02848333333338,188.85608305833344
2025-04-02,03:10,04:20,7,90.25006666666684,197.52017552500038
2025-04-02,04:30,05:20,5,142.49895000000004,313.53172907500004
2025-04-02,05:50,10:20,27,2500.144740166666,12468.598105713249
2025-04-02,18:00,18:50,5,89.51998333333324,560.0207919916661
2025-04-02,20:30,21:00,3,47.35206666666545,315.77042669999156
2025-04-02,21:10,21:30,2,1.868883333333315,8.756652858333247
2025-04-02,21:40,22:00,2,42.36618333333331,114.56517369999982
2025-04-02,22:50,23:20,3,86.44231666666656,183.48357453333313
2025-04-02,23:30,23:50,2,6.800433333333444,14.52185805833357
2025-04-03,01:30,01:50,2,8.715549999999894,18.81513847499977
2025-04-03,02:10,02:20,1,0.3737666666665973,0.8080835333331834
2025-04-03,03:00,03:20,2,69.97751666666659,152.98613002499982
2025-04-03,03:30,03:50,2,14.83773333333329,32.3295787749999
2025-04-03,04:00,04:30,3,32.50774999999976,71.23530437499947
2025-04-03,05:00,05:20,2,53.75115000000005,118.63624910833344
2025-04-03,05:50,06:10,2,79.63083433333327,364.53036317449966
2025-04-03,06:40,07:10,3,98.52973333333242,408.77903773332946
2025-04-03,07:20,07:30,1,1.3712500000001455,5.240917500000556
2025-04-03,14:30,17:00,15,965.152412345679,3882.9573899740744
2025-04-03,17:20,19:30,13,540.0106156666649,3411.051215559489
2025-04-03,23:20,23:50,3,117.72975000000022,250.30106370000044
2025-04-04,00:50,01:00,1,15.486666666666679,33.18018333333336
2025-04-04,01:20,01:40,2,35.46251666666666,76.11932093333331
2025-04-04,02:10,02:50,4,24.390600000000006,53.01354762500001
2025-04-04,03:30,05:20,11,251.03234999999984,550.0115030999997
2025-04-04,06:50,07:00,1,4.7249166666664735,19.688727749999195
2025-04-04,17:00,17:20,2,68.8108666666667,330.3535695333335
2025-04-04,20:50,21:00,1,26.509050000000695,123.69122730000325
2025-04-04,21:50,22:10,2,24.81628333333333,51.36102410833333
2025-04-04,22:20,22:30,1,8.123333333333335,17.05087666666667
2025-04-04,22:40,23:10,3,43.15923333333342,91.48066200000018
2025-04-05,00:30,00:40,1,26.567983333333302,56.749212399999934
2025-04-05,01:00,01:50,5,101.43713333333335,218.50889243333336
2025-04-05,02:10,02:30,2,48.87923333333339,106.25263663333345
2025-04-05,03:00,03:20,2,24.190000000000055,52.88676800000012
2025-04-05,03:30,04:10,4,113.6268500000001,248.48569060833356
2025-04-05,04:20,04:40,2,17.531216666666637,38.363163241666605
2025-04-05,05:20,05:30,1,15.446666666666715,33.21805666666677
2025-04-05,05:40,06:20,4,63.841224999999895,251.68653910833288
2025-04-05,16:10,16:40,3,67.25456666666673,294.6996636333336
2025-04-05,17:10,19:00,11,2855.246940000005,17346.9673446367
2025-04-05,19:30,19:50,2,56.9824499999998,384.073761083332
2025-04-05,21:50,22:10,2,17.459283333334167,34.494956358335095
2025-04-05,22:40,22:50,1,6.766850000000034,14.34910542500007
2025-04-05,23:00,23:50,5,127.30214999999998,269.74294799166665
2025-04-06,02:30,02:50,2,63.57839999999999,138.06749619166663
2025-04-06,03:00,03:20,2,26.74986666666655,58.46327824999974
2025-04-06,04:20,05:00,4,134.61834999999996,294.97612320833326
2025-04-06,05:40,06:00,2,6.126483333333567,20.76083072500111
2025-04-06,06:30,07:00,3,57.2486999999993,240.43470944999703
2025-04-06,07:20,08:10,5,284.4621166666659,1289.7538688166642
2025-04-06,17:20,17:30,1,22.258333333333212,109.75584166666607
2025-04-06,17:50,18:00,1,20.118749999999977,123.86108437499986
2025-04-06,18:50,19:00,1,56.02948333333279,377.2465112833297
2025-04-06,19:30,20:30,6,103.69561666666459,698.2566103916527
2025-04-06,20:50,21:00,1,42.79398333333311,199.67672623333232
2025-04-06,21:20,21:50,3,69.65338333333318,315.35223205833273
2025-04-06,23:00,23:20,2,22.92403333333334,48.64984846666668
2025-04-06,23:30,23:40,1,9.177599999999984,19.456511999999968
2025-04-07,02:20,04:40,14,352.5946666666666,770.3222893166667
2025-04-07,05:00,05:20,2,53.607183333333296,117.93594542499991
2025-04-07,14:30,15:00,3,148.44103333333328,684.4743255166666
2025-04-07,16:00,16:30,3,58.12183333333337,249.7488077500002
2025-04-07,17:50,19:00,7,765.6462391666591,4906.1285022112015
2025-04-07,22:10,23:30,8,210.6159333333321,448.0942914499973
2025-04-07,23:40,24:00,2,21.54576666666651,46.057138883332996
2025-04-08,01:30,01:50,2,31.775583333333316,68.73932706666663
2025-04-08,03:10,03:20,1,6.110349999999926,13.354169924999836
2025-04-08,03:50,04:00,1,3.808333333333394,8.336441666666799
2025-04-08,04:10,04:40,3,35.417766666666694,77.43380711666673
2025-04-08,05:50,07:50,12,678.7691500000008,2786.49783556667
2025-04-08,08:00,09:40,10,765.4417166666666,4049.8919561749995
2025-04-08,15:20,16:10,5,85.04210000000023,328.4275214250008
2025-04-08,16:30,17:40,7,423.8114333333333,1999.8942475166666
2025-04-08,18:00,19:00,6,145.8628333333328,921.7398832499963
2025-04-08,22:00,24:00,12,248.11266666666495,524.72778518333
2025-04-09,01:40,01:50,1,6.872966666666798,14.890282283333619
2025-04-09,02:20,02:30,1,13.366666666666674,29.186116666666685
2025-04-09,02:50,03:00,1,27.930000000000064,60.84550500000013
2025-04-09,03:40,04:10,3,31.032916666666438,67.9904787999995
2025-04-09,04:20,04:40,2,2.192250000000058,4.798795458333462
2025-04-09,14:10,16:00,11,783.511933333333,3094.3649234916647
2025-04-09,16:10,16:30,2,24.06746666666686,105.45728093333416
2025-04-09,18:10,18:30,2,32.074516666666455,200.00122114166533
2025-04-09,18:40,19:30,5,3360.1360295000013,22462.824886257597
2025-04-09,22:20,22:50,3,136.62163333333163,287.0196201166631
2025-04-09,23:20,24:00,4,65.99576666666667,140.07125455
2025-04-10,01:30,01:50,2,37.54278333333343,81.1546241916669
2025-04-10,02:50,03:50,6,71.2695,155.30432065833332
2025-04-10,04:30,05:10,4,75.05436666666651,165.30485214999965
2025-04-10,06:00,06:40,4,44.9961833333324,195.74535053332863
2025-04-10,15:50,17:30,10,535.7285666666663,2385.8028770166648
2025-04-10,17:50,18:20,3,76.87576666666655,479.46309771666597
2025-04-10,18:30,18:40,1,9.938916666666728,62.22755725000039
2025-04-10,20:00,20:10,1,10.459199999999782,70.66758479999854
2025-04-10,21:30,22:30,6,143.00688333333338,419.04176007499984
2025-04-10,23:10,23:30,2,20.909299999999917,44.13671599999982
2025-04-10,23:50,24:00,1,19.95666666666665,42.667353333333295
2025-04-11,00:30,00:40,1,10.4065333333333,22.228355199999932
2025-04-11,01:00,01:30,3,127.83414999999991,274.6443188666665
2025-04-11,02:50,03:30,4,114.61500000000001,250.14763960000002
2025-04-11,03:50,04:20,3,33.338366666666616,73.16359524999989
2025-04-11,04:50,05:20,3,66.18873333333329,144.83135281666657
2025-04-11,05:40,06:30,5,188.87169816666648,762.0212386093323
2025-04-11,17:50,18:10,2,48.18946666666642,299.94367119999845
2025-04-11,18:50,19:40,5,162.7398833333345,1096.9693704166746
2025-04-11,23:10,24:00,5,84.28548333333336,179.0596770416667
2025-04-12,00:30,01:00,3,60.03909999999996,128.27614888333324
2025-04-12,01:40,01:50,1,10.211583333333294,22.123395291666583
2025-04-12,02:30,02:50,2,47.04931666666664,102.11244757499995
2025-04-12,03:10,03:50,4,49.389383333333285,107.59067244999989
2025-04-12,05:00,05:30,3,45.0282499999999,98.90369585833312
2025-04-12,05:50,06:00,1,1.8179166666664628,8.270611874999073
2025-04-12,16:10,16:50,4,152.5763999999998,685.9339217583324
2025-04-12,17:40,18:40,6,1746.304410666663,10547.064218389976
2025-04-12,22:50,23:10,2,12.250966666667226,25.97147390833452
2025-04-12,23:50,24:00,1,20.86500000000001,44.60937000000002
2025-04-13,01:30,01:40,1,0.6572333333333518,1.4169950666667066
2025-04-13,02:10,02:40,3,76.95859999999982,167.7720375999996
2025-04-13,03:30,03:40,1,8.787483333333284,19.125957474999893
2025-04-13,05:00,05:20,2,60.219766666666715,132.26178303333344
2025-04-13,05:40,09:50,25,1102.3014666666654,5291.549783399994
2025-04-13,15:30,18:00,15,502.3082333333339,2318.118761400002
2025-04-13,18:20,18:40,2,41.34524999999985,258.95930608333236
2025-04-13,21:50,22:00,1,28.78478333333264,60.577576524998534
2025-04-13,22:20,23:00,4,82.52018333333342,174.32797284166685
2025-04-14,01:30,01:40,1,11.500333333333401,24.794718666666814
2025-04-14,02:10,03:10,6,74.60916666666674,161.76700239166684
2025-04-14,03:40,04:00,2,19.529150000000072,42.661132000000165
2025-04-14,04:40,05:10,3,96.60100000000011,212.13525623333356
2025-04-14,05:40,06:10,3,87.89730950000148,343.40510364525676
2025-04-14,14:50,15:00,1,1.769583333333344,5.922795416666702
2025-04-14,18:30,18:50,2,55.994083333332036,357.2164499083251
2025-04-14,19:00,19:20,2,60.60921666666775,408.188175691674
2025-04-14,19:30,20:00,3,53.02246666666633,357.323349858331
2025-04-14,20:30,20:50,2,76.84853333333331,507.48955068333316
2025-04-14,21:10,21:40,3,58.06615000000011,276.99178332500054
2025-04-14,22:10,22:20,1,0.33293333333335795,0.7271264000000538
2025-04-14,23:00,23:10,1,6.9586499999999205,14.780172599999831
2025-04-14,23:30,23:50,2,43.201950000000124,92.0217940333336
2025-04-15,01:30,01:40,1,2.569433333333336,5.539698266666673
2025-04-15,02:10,02:30,2,34.52356666666674,75.18529863333349
2025-04-15,02:50,03:20,3,39.64621666666676,86.57594458333355
2025-04-15,03:50,04:00,1,22.098333333333358,48.37325166666672
2025-04-15,05:10,05:20,1,2.0131666666667343,4.468223416666817
2025-04-15,05:40,05:50,1,7.259332333333532,20.7181344793339
2025-04-15,14:30,16:30,12,936.647166666667,3624.5431164583356
2025-04-15,16:40,17:10,3,72.23333333333323,334.99633805833287
2025-04-15,17:30,17:50,2,16.802200000000084,82.58135825000046
2025-04-15,18:40,19:50,7,929.0980375000008,6065.280894554172
2025-04-15,21:40,22:00,2,59.57076666666664,185.53937870000004
2025-04-15,23:30,23:40,1,0.18753333333324917,0.39757066666648827
2025-04-16,01:00,01:10,1,14.891849999999977,32.09938267499995
2025-04-16,01:30,01:50,2,65.46653333333325,141.57727984166647
2025-04-16,02:10,02:40,3,47.18105000000003,102.5905398333334
2025-04-16,03:10,03:30,2,10.748383333333322,23.461754274999976
2025-04-16,03:40,04:00,2,29.716766666666672,64.98856133333334
2025-04-16,04:50,05:20,3,92.72838333333345,203.20166517500027
2025-04-16,05:50,06:10,2,33.154800000001046,151.0546707500048
2025-04-16,07:30,07:50,2,40.29118333333457,172.18890663333752
2025-04-16,08:10,09:50,10,648.3418833333329,3393.697356266664
2025-04-16,14:30,14:50,2,98.05226666666681,484.68509988333403
2025-04-16,15:10,15:30,2,107.20545000000016,388.3814863250006
2025-04-16,16:00,16:20,2,41.70021666666662,174.00550129166646
2025-04-16,16:30,16:50,2,44.58353333333321,203.24284208333276
2025-04-16,17:50,18:00,1,14.654583333333335,90.22094229166667
2025-04-16,18:30,19:50,8,3192.7001754999974,21285.66533681657
2025-04-16,22:10,22:20,1,4.403666666666754,9.617608000000192
2025-04-16,22:40,23:10,3,80.21761666666657,170.04412580833315
2025-04-16,23:30,24:00,3,30.008100000000013,63.964319125000024
2025-04-17,02:10,02:30,2,33.12118333333342,72.06408503333353
2025-04-17,02:50,03:00,1,30.258333333333212,65.91777916666639
2025-04-17,03:20,03:30,1,5.311666666666724,11.568810000000125
2025-04-17,03:50,04:10,2,56.51265000000012,123.79563382500027
2025-04-17,05:40,06:00,2,44.41479550000008,152.44766102725026
2025-04-17,06:20,06:50,3,22.772716666667463,97.82432624167016
2025-04-17,14:20,14:50,3,76.34684999999979,381.25761167499894
2025-04-17,15:40,15:50,1,1.638533333333271,6.40912313333309
2025-04-17,16:10,17:30,8,286.39191666666693,1325.8206115750013
2025-04-17,18:00,18:30,3,11.573049999999967,72.31079507499979
2025-04-17,18:50,19:00,1,22.62338333333173,152.32323998332257
2025-04-17,19:50,20:40,5,59.91215,404.94398686666665
2025-04-17,21:10,21:30,2,46.512516666666556,217.93439684166617
2025-04-17,22:40,23:10,3,95.24450000000002,201.91563844166672
2025-04-17,23:30,23:50,2,24.56478333333331,52.34923184999995
2025-04-18,00:30,01:10,4,28.547533333333377,61.10224129166676
2025-04-18,01:40,03:00,8,345.69409999999993,749.6295745666664
2025-04-18,03:20,03:40,2,3.779100000000085,8.226756150000185
2025-04-18,04:10,04:50,4,19.449016666666807,42.66385905000031
2025-04-18,18:30,18:40,1,9.070099999996728,56.78789609997951
2025-04-18,23:00,23:10,1,7.277099999998882,15.456560399997626
2025-04-19,00:50,01:00,1,15.481666666666683,33.16947083333337
2025-04-19,01:20,01:30,1,15.633333333333383,33.44751666666677
2025-04-19,01:50,02:30,4,167.8334666666667,361.98738931666685
2025-04-19,02:50,03:00,1,0.8216666666667152,1.7900008333334387
2025-04-19,03:50,04:20,3,82.26285000000001,180.691232925
2025-04-19,04:40,05:10,3,12.22909999999996,26.922082641666577
2025-04-19,05:40,05:50,1,11.239497833333303,32.07752681633325
2025-04-19,07:10,07:30,2,62.93963333333275,246.459970133331
2025-04-19,17:20,17:40,2,56.247899999999845,276.44604824999925
2025-04-19,19:00,19:20,2,60.82133333333405,409.9163188833382
2025-04-19,23:40,23:50,1,5.871583333333591,12.538766208333884
2025-04-20,02:10,02:20,1,27.527000000000044,59.51337400000009
2025-04-20,02:50,03:10,2,34.06034999999997,74.2021046166666
2025-04-20,03:20,04:20,6,154.72900000000004,338.9479448583334
2025-04-20,04:40,05:00,2,86.21458333333328,189.91979374999988
2025-04-20,05:40,06:40,6,228.7103923333322,885.817332369329
2025-04-20,08:20,08:50,3,135.3636000000001,721.2579377000006
2025-04-20,14:20,14:30,1,2.0062500000001364,10.3030968750007
2025-04-20,16:10,16:40,3,162.84836666666672,720.5191187333336
2025-04-20,16:50,18:30,10,231.7191333333344,1238.6645067333402
2025-04-20,18:40,19:10,3,398.9722654999999,2576.274093252749
2025-04-20,23:50,24:00,1,57.756716666667856,123.48386023333588
2025-04-21,01:30,01:40,1,5.177966666666634,11.163696133333264
2025-04-21,02:30,02:40,1,8.617916666666588,18.73535083333316
2025-04-21,03:00,03:40,4,118.77938333333316,259.2303447499996
2025-04-21,04:00,04:50,5,53.069383333333235,116.37829103333311
2025-04-21,05:00,05:20,2,27.319266666666636,60.595512533333256
2025-04-21,05:40,05:50,1,26.745805500000415,76.33252889700118
2025-04-21,06:20,06:40,2,33.685799999997585,147.36575633332274
2025-04-21,15:00,15:40,4,69.30874999999992,250.4680282166663
2025-04-21,17:50,18:20,3,66.40346666666665,414.5013219666665
2025-04-21,19:00,19:10,1,0.44926666666481196,3.037716566654126
2025-04-21,21:10,21:30,2,38.892766666667356,182.23205821666988
2025-04-21,21:50,22:10,2,29.46010000000001,59.02784628333335
2025-04-21,22:30,23:00,3,156.08203333333336,329.4485055166667
2025-04-22,01:00,01:10,1,16.23739999999998,34.99971569999995
2025-04-22,01:30,02:00,3,19.39029999999991,41.94971580833314
2025-04-22,02:10,02:20,1,20.728116666666665,44.814188233333326
2025-04-22,02:30,03:00,3,60.206800000000044,130.6667058750001
2025-04-22,03:20,03:50,3,127.54414999999995,277.77695391666657
2025-04-22,04:00,04:30,3,102.07425,223.45663235833337
2025-04-22,04:50,05:20,3,110.98801666666668,242.515796575
2025-04-22,05:40,06:30,5,80.81196016666445,320.6288729406598
2025-04-22,06:50,08:10,8,488.69803333333334,2070.9505529666667
2025-04-22,09:00,09:20,2,35.93971666666659,182.07923500833292
2025-04-22,14:20,15:40,8,573.6553666666666,2243.0255846583327
2025-04-22,16:20,16:50,3,101.51024999999993,458.6238396666663
2025-04-22,17:20,17:30,1,6.611249999999927,32.600073749999645
2025-04-22,17:50,18:00,1,16.52708333333328,101.74898854166635
2025-04-22,18:10,19:20,7,2765.094506666666,18425.10386809166
2025-04-22,22:10,22:40,3,88.50049999999922,188.2416008999983
2025-04-22,23:00,23:30,3,82.37286666666671,174.64904826666677
2025-04-22,23:40,24:00,2,94.7850166666667,202.5843239250001
2025-04-23,02:10,02:20,1,19.710550000000012,42.614209100000025
2025-04-23,02:50,03:40,5,69.68535000000008,151.85346351666686
2025-04-23,04:10,04:30,2,48.99828333333335,107.35423277500003
2025-04-23,05:00,05:20,2,27.529366666666533,60.165088916666384
2025-04-23,05:40,05:50,1,92.07089683333413,262.7703395623356
2025-04-23,14:40,14:50,1,4.840483333333168,22.69218586666589
2025-04-23,15:50,16:00,1,7.721666666666579,31.099012499999645
2025-04-23,16:40,16:50,1,3.5008666666669797,16.039220633334768
2025-04-23,17:00,17:50,5,143.57521666666673,707.576523016667
2025-04-23,18:20,18:40,2,21.306166666666787,133.6066274083341
2025-04-24,01:40,01:50,1,2.134333333333302,4.6240331666665995
2025-04-24,02:10,02:50,4,39.11541666666665,84.9199871333333
2025-04-24,03:10,03:40,3,25.984616666666625,56.58446787499991
2025-04-24,04:00,04:20,2,21.62021666666658,47.45478307499981
2025-04-24,05:40,06:40,6,133.04896099999962,547.6443539689999
2025-04-24,15:50,16:00,1,34.507499999999936,138.97895624999973
2025-04-24,16:20,17:50,9,265.7485499999998,1281.3982845916655
2025-04-24,18:10,19:00,5,97.30426666666665,616.2666051166665
2025-04-24,22:30,22:40,1,0.05079999999713891,0.10632439999401173
2025-04-24,23:10,23:30,2,31.348133333333294,66.27744266666659
2025-04-24,23:40,24:00,2,29.581216666666705,63.235884025000075
2025-04-25,00:30,00:50,2,60.48531666666662,129.1795452249999
2025-04-25,01:20,01:40,2,39.59461666666681,84.87891353333364
2025-04-25,04:00,04:20,2,35.46305000000001,77.88586202500002
2025-04-25,04:50,05:00,1,11.710000000000036,25.732725000000077
2025-04-25,05:20,05:30,1,13.115833333333342,28.205599583333353
2025-04-25,17:30,17:50,2,232.55341600000327,1242.0592840360177
2025-04-25,20:10,20:30,2,37.586149999997986,253.13654333331985
2025-04-25,21:00,21:40,4,59.56916666666651,284.19837799999925
2025-04-25,22:00,22:20,2,39.84068333333329,81.11163108333325
2025-04-25,22:30,23:00,3,100.94583333333327,213.34162837499986
2025-04-25,23:20,23:50,3,127.69044999999994,271.09108979999985
2025-04-26,00:20,02:00,10,212.45184999999998,455.9071848666666
2025-04-26,02:30,03:00,3,59.500266666666676,129.1822622666667
2025-04-26,03:10,03:30,2,24.43861666666669,53.30220922500004
2025-04-26,04:20,04:30,1,65.78666666666669,143.54650666666672
2025-04-26,04:50,05:20,3,59.509233333333384,129.51008363333344
2025-04-26,05:40,06:10,3,98.00098333333318,413.59795747499925
2025-04-26,16:20,19:00,16,2316.463933833332,13414.61396143624
2025-04-26,19:30,20:30,6,40.38149999999848,271.7979053416564
2025-04-26,20:40,21:10,3,52.50648333333345,265.40006181666735
2025-04-26,21:30,22:00,3,47.228833333333284,160.15214944166644
2025-04-26,22:20,23:50,9,205.7209666666667,433.8531989416667
2025-04-27,01:00,01:10,1,15.647500000000036,33.72818625000008
2025-04-27,02:30,02:50,2,15.231616666666696,33.0355944333334
2025-04-27,03:20,04:00,4,92.82583333333343,202.29129437500023
2025-04-27,04:20,04:30,1,12.174999999999955,26.5658499999999
2025-04-27,05:40,06:00,2,28.927149999999642,122.90038922499926
2025-04-27,06:20,09:10,17,965.3907333333331,4654.579683858333
2025-04-27,14:50,15:20,3,63.28944999999965,217.04438296666547
2025-04-27,15:30,17:30,12,508.95906666666644,2296.1132289416655
2025-04-27,17:50,18:10,2,255.15708333333282,1598.8036718749968
2025-04-27,18:30,18:50,2,691.2958026666628,4450.168023591308
2025-04-27,19:30,20:30,6,114.10304999999846,768.3705081416563
2025-04-27,21:00,21:20,2,65.41056666666671,301.93960371666685
2025-04-27,21:30,21:50,2,17.669016666666607,77.56892679166643
2025-04-27,22:10,22:30,2,22.120049999999992,46.68243919999999
2025-04-27,22:50,23:20,3,49.28406666666672,104.54280286666678
2025-04-27,23:50,24:00,1,13.19166666666672,28.203783333333444
2025-04-28,01:00,01:10,1,43.055366666666714,92.8058428500001
2025-04-28,01:40,01:50,1,68.75800000000004,148.9642070000001
2025-04-28,02:20,02:30,1,2.158333333333303,4.712720833333267
2025-04-28,02:50,03:00,1,24.889999999999986,54.22286499999996
2025-04-28,03:20,03:30,1,0.5199999999999818,1.1325599999999603
2025-04-28,03:50,04:00,1,22.934999999999945,50.20471499999988
2025-04-28,04:20,04:30,1,21.043333333333294,45.91655333333325
2025-04-28,05:50,06:00,1,11.75606666666738,53.484225300003246
2025-04-28,09:10,09:50,4,294.31933900000115,1419.9215096456721
2025-04-28,14:20,16:10,11,478.06835,2015.874515108334
2025-04-28,17:40,17:50,1,4.600850000000037,24.7111653500002
2025-04-28,18:20,20:00,10,5054.681487499999,33834.88458092083
2025-04-28,21:50,22:20,3,21.05801666666723,43.21796935833453
2025-04-28,23:20,23:30,1,30.004999999999995,63.310549999999985
2025-04-28,23:50,24:00,1,28.681666666666615,61.32140333333322
2025-04-29,02:30,02:50,2,9.10895000000005,19.790170816666773
2025-04-29,03:50,04:10,2,25.712083333333453,56.315322708333596
2025-04-29,04:30,04:50,2,36.68873333333329,80.74294118333324
2025-04-29,15:30,15:50,2,122.34455000000014,468.2783925833339
2025-04-29,16:00,17:10,7,257.2004499999997,1129.4473950416655
2025-04-29,18:00,18:20,2,47.290616666666736,296.3149557750004
2025-04-29,18:30,18:50,2,18.245566666666832,116.7915220416677
2025-04-29,19:10,19:30,2,26.351683333332176,177.53390954165886
2025-04-29,20:00,20:40,4,121.75609999999915,823.8525945999943
2025-04-29,22:20,23:00,4,10.969966666666664,23.076089191666664
2025-04-29,23:30,23:40,1,24.006816666666623,50.894451333333244
2025-04-30,01:10,01:20,1,28.872883333333334,62.105572050000006
2025-04-30,01:30,01:40,1,6.181466666666665,13.327242133333332
2025-04-30,02:10,02:50,4,163.1016833333333,354.6418722333333
2025-04-30,03:40,04:00,2,23.59366666666665,51.5971383333333
2025-04-30,04:30,04:50,2,27.760966666666718,61.07845675833345
2025-04-30,06:10,08:30,14,504.65013333333195,2110.4601586666604
2025-04-30,18:00,18:10,1,110.02521066666426,691.0133355919849
2025-04-30,19:10,19:50,4,98.57249999999772,664.5459394916513
2025-04-30,20:10,21:20,7,144.77286666666544,737.3457945583252
2025-04-30,22:00,22:30,3,72.3829833333333,151.46714779999994
2025-04-30,23:20,24:00,4,129.63605000000007,276.4867468666668
2025-05-01,01:30,01:40,1,1.0644666666667035,2.294990133333413
2025-05-01,02:10,02:40,3,25.33663333333334,54.96908970000001
2025-05-01,03:00,03:30,3,60.352649999999926,131.83618064999985
2025-05-01,03:40,04:10,3,91.69411666666667,200.59750914166668
2025-05-01,04:20,04:50,3,107.68073333333325,236.06759295833317
2025-05-01,05:00,05:20,2,46.38504999999998,102.33981120833329
2025-05-01,06:30,09:10,16,1168.7938000000001,5933.2311603166645
2025-05-01,14:50,24:00,55,4231.142434166666,20252.64248861708
2025-05-02,00:20,00:30,1,19.521666666666704,41.66899750000008
2025-05-02,01:00,02:20,8,89.65153333333308,193.46417332499948
2025-05-02,02:40,03:00,2,47.39964999999995,103.01749970833322
2025-05-02,03:30,04:00,3,57.00126666666665,124.31281189166664
2025-05-02,04:20,05:30,7,161.6671999999998,354.2277045249996
2025-05-02,05:50,06:20,3,93.86763333333315,427.3279588083325
2025-05-02,07:10,07:30,2,10.51608333333304,41.256461499998835
2025-05-02,16:10,22:40,39,5028.735366333337,28031.298276436515
2025-05-02,22:50,24:00,7,267.4906166666666,569.4070150749999
2025-05-03,00:30,00:40,1,10.26503333333335,21.926111200000037
2025-05-03,01:10,02:10,6,172.08224999999993,369.83329037499993
2025-05-03,03:30,04:20,5,127.76483333333317,279.7207858166663
2025-05-03,04:30,05:00,3,27.593083333333368,60.87166389166674
2025-05-03,05:20,05:30,1,32.544583333333435,69.98712645833355
2025-05-03,16:10,16:20,1,27.020483333333345,115.09374875833339
2025-05-03,16:50,17:00,1,1.8312500000000114,8.482350000000052
2025-05-03,17:20,17:30,1,39.05708333333337,192.59047791666683
2025-05-03,18:00,22:40,28,1822.7607500000008,10122.703872725002
2025-05-03,22:50,24:00,7,210.0456666666666,445.7407044749998
2025-05-04,01:30,01:50,2,39.2810833333333,84.9717000416666
2025-05-04,02:40,03:20,4,98.5233166666668,215.22134567500026
2025-05-04,04:00,04:20,2,59.59286666666662,130.9542204999999
2025-05-04,04:30,04:50,2,7.586116666666726,16.694291958333466
2025-05-04,05:00,05:20,2,66.99501666666652,147.26445450833302
2025-05-04,05:40,05:50,1,42.90734900000098,122.45757404600279
2025-05-04,16:20,16:50,3,44.19073333333358,197.88985770000107
2025-05-04,17:00,23:50,41,2646.883666666666,13147.44494888333
2025-05-05,01:30,01:40,1,8.861466666666615,19.105322133333225
2025-05-05,02:10,02:20,1,82.33781666666664,178.01435963333327
2025-05-05,03:30,04:00,3,46.53854999999999,101.58931694166665
2025-05-05,04:40,05:20,4,112.33369999999991,246.93724014166645
2025-05-05,05:40,05:50,1,97.54626949999943,278.39705315299835
2025-05-05,06:00,09:30,21,2387.3185833333337,11050.466393100003
2025-05-05,14:50,15:40,5,108.82466666666699,389.8948893750011
2025-05-05,16:00,17:50,11,1009.3177166666668,4752.3055658250005
2025-05-05,18:00,24:00,36,2768.1748878333315,14526.999866607252
2025-05-06,02:10,02:40,3,84.86049999999989,184.65157416666642
2025-05-06,03:00,03:40,4,100.28334999999993,219.00780717499984
2025-05-06,04:00,05:20,8,233.9391666666669,513.1987661000005
2025-05-06,05:40,06:00,2,73.43097350000085,225.44832946392086
2025-05-06,15:00,15:20,2,64.40911666666705,218.69446407500135
2025-05-06,15:30,16:00,3,217.42706666666652,848.7515520916662
2025-05-06,16:40,24:00,44,2843.6970999999985,13122.807212374988
2025-05-07,01:40,01:50,1,9.998899999999935,21.66261684999986
2025-05-07,02:50,03:40,5,105.18363333333332,229.44167784999996
2025-05-07,04:00,04:20,2,82.06153333333327,180.28381629999987
2025-05-07,04:40,05:20,4,106.87786666666659,234.77874242499985
2025-05-07,05:40,06:00,2,146.13109649999973,420.51767586933363
2025-05-07,14:30,23:30,54,5611.552489333336,29075.840679944016
2025-05-08,02:30,03:10,4,65.89218333333326,143.2515745166665
2025-05-08,04:50,05:20,3,161.8391499999999,354.06459495833315
2025-05-08,05:40,05:50,1,49.95888833333305,142.58266730333253
2025-05-08,14:20,15:00,4,299.71659999999997,1495.57501955
2025-05-08,15:10,15:20,1,31.09164999999996,112.19421902499985
2025-05-08,15:30,15:50,2,22.354416666666793,86.78170537500051
2025-05-08,16:00,16:20,2,40.15796666666688,166.5111998833342
2025-05-08,17:40,17:50,1,12.396233333333157,66.5801692333324
2025-05-08,18:40,19:10,3,1150.3182156666658,7748.391632930161
2025-05-08,19:20,19:30,1,9.505666666666798,64.08245183333422
2025-05-08,20:00,20:20,2,228.4887499999994,1536.586359724996
2025-05-08,21:40,22:00,2,113.12248333333264,364.61386779999714
2025-05-08,22:20,22:40,2,22.520450000000096,47.2529518500002
2025-05-08,23:40,24:00,2,63.045366666666666,134.68745551666666
2025-05-09,00:30,01:20,5,229.55478333333326,491.6220920583331
2025-05-09,01:40,02:00,2,21.427483333333385,46.28318097500011
2025-05-09,02:20,03:20,6,137.30986666666672,299.10224985000013
2025-05-09,03:50,04:10,2,23.936283333333392,52.51738480833346
2025-05-09,05:40,05:50,1,20.440631333333727,58.337561825334454
2025-05-09,06:40,06:50,1,12.72960000000029,53.73164160000122
2025-05-09,07:10,07:30,2,51.80489999999994,201.7010897333331
2025-05-09,16:20,16:30,1,4.632916666666688,20.36398520833343
2025-05-09,16:50,18:00,7,481.49157483333204,2439.9149432280756
2025-05-09,19:10,19:30,2,42.99010000000146,289.7712072500098
2025-05-09,20:10,20:20,1,14.441399999999305,96.75737999999535
2025-05-09,20:30,20:50,2,25.355433333333394,170.10964190000044
2025-05-09,21:10,21:40,3,108.75928333333331,511.1663137249999
2025-05-09,23:10,23:20,1,0.954366666666715,2.023257333333436
2025-05-10,00:40,01:00,2,13.004733333333263,27.81490303333318
2025-05-10,01:50,02:00,1,7.085000000000036,15.271717500000078
2025-05-10,02:20,03:30,7,171.0012666666666,373.07067963333316
2025-05-10,04:00,04:20,2,44.06571666666673,96.88117402500013
2025-05-10,04:40,04:50,1,9.848133333333294,21.77422279999991
2025-05-10,05:10,05:30,2,38.03421666666651,82.14658514166634
2025-05-10,05:40,05:50,1,1.811935166666899,5.17126296566733
2025-05-10,16:10,16:50,4,197.44610000000011,881.3796685000004
2025-05-10,17:50,18:50,6,1366.0078641666698,8517.854672902104
2025-05-10,22:20,23:30,7,191.77876666666776,405.8127567333356
2025-05-11,01:30,01:40,1,28.65913333333333,61.78909146666666
2025-05-11,02:10,02:50,4,148.3825333333333,322.13021464999997
2025-05-11,03:20,04:00,4,95.57808333333321,208.76010117499973
2025-05-11,04:20,05:20,6,138.42443333333358,303.63378425833383
2025-05-11,05:50,06:10,2,2.7523666666653526,12.87785088332729
2025-05-11,14:10,15:00,5,218.91171666666696,1065.7418837250013
2025-05-11,17:00,17:20,2,6.7378833333332295,31.91861338333283
2025-05-11,17:30,17:50,2,48.48208333333332,248.64101926666666
2025-05-11,18:10,18:50,4,158.6873666666664,995.2920736916651
2025-05-11,19:10,19:30,2,136.00028333333182,916.2479430416565
2025-05-11,20:20,20:40,2,37.12436666666542,250.85752011665824
2025-05-11,22:20,22:30,1,48.649999999999864,102.11634999999973
2025-05-11,22:50,24:00,7,188.4369333333333,400.35911799166655
2025-05-12,01:30,01:50,2,91.21620000000007,197.22316337500018
2025-05-12,02:20,03:20,6,210.03818333333334,458.1025368416667
2025-05-12,04:00,04:40,4,71.59741666666673,156.8220055416668
2025-05-12,05:40,06:30,5,120.16074999999901,543.6142345833288
2025-05-12,15:50,17:30,10,623.3109166666668,2857.861802908333
2025-05-12,17:40,18:00,2,75.95838333333324,465.7731670916662
2025-05-12,18:20,18:30,1,47.97208333333333,300.9048927083333
2025-05-12,19:10,19:40,3,64.74691666666718,436.27507579167
2025-05-12,21:50,22:00,1,8.347016666665876,17.566296574998336
2025-05-12,22:20,22:30,1,6.861666666666679,14.40263833333336
2025-05-12,22:50,23:10,2,36.176150000000234,76.6499051000005
2025-05-13,01:00,01:10,1,9.56666666666672,20.620950000000114
2025-05-13,01:40,02:00,2,28.903800000000047,62.4952327000001
2025-05-13,02:40,03:00,2,12.762000000000057,27.710878333333454
2025-05-13,04:50,05:00,1,9.010000000000105,19.79947500000023
2025-05-13,05:40,06:10,3,84.02018333333399,339.3815074000017
2025-05-13,06:20,09:20,18,1690.083633333334,8324.916962408333
2025-05-13,14:50,15:20,3,28.372266666666405,95.58763469166574
2025-05-13,16:10,16:30,2,9.921583333333274,43.26443754166642
2025-05-13,19:00,19:10,1,29.099845666669353,196.75860647518482
2025-05-13,19:30,20:00,3,66.0303499999992,444.9419396833279
2025-05-13,20:10,20:30,2,58.470600000000104,393.5680266666674
2025-05-13,21:00,21:20,2,48.09373333333322,218.53639100833286
2025-05-13,23:00,23:40,4,53.33428333333336,112.9697391333334
2025-05-14,02:10,02:20,1,6.7922000000000935,14.684736400000201
2025-05-14,03:10,04:10,6,171.6894666666666,375.03598769999985
2025-05-14,04:30,05:00,3,64.05769999999995,141.1741120749999
2025-05-14,05:40,07:00,8,307.36650883333186,1317.2768876519933
2025-05-14,07:20,07:40,2,28.553416666666294,100.38447358333198
2025-05-14,16:00,16:10,1,14.176666666666506,58.62760499999933
2025-05-14,16:50,17:50,6,278.6019166666666,1358.4264965833331
2025-05-14,18:10,19:10,6,104.45849999999905,667.3721551166603
2025-05-15,01:40,01:50,1,18.792466666666655,40.71387903333331
2025-05-15,02:30,03:00,3,53.40101666666658,116.07325733333313
2025-05-15,03:20,03:40,2,10.39513333333332,22.63605019999997
2025-05-15,03:50,04:00,1,1.7133333333333667,3.7504866666667396
2025-05-15,04:10,04:50,4,142.96895000000006,313.4991619166668
2025-05-15,06:00,06:20,2,1.8188999999988482,8.386747599994699
2025-05-15,07:00,08:00,6,296.1669166666664,1180.0293992666661
2025-05-15,14:20,16:50,15,1419.6036333333336,5706.921341808334
2025-05-15,17:10,17:30,2,117.3143500000001,577.7254488500005
2025-05-15,18:10,18:30,2,18.871633333333307,118.2814879666665
2025-05-15,18:40,19:00,2,128.1652148333376,862.220478222862
2025-05-16,00:20,00:40,2,64.87975000000012,138.49514850000025
2025-05-16,01:20,01:40,2,45.193299999999965,96.95591729999992
2025-05-16,02:00,02:20,2,47.01386666666667,101.21479558333334
2025-05-16,03:10,03:20,1,2.8201833333332615,6.163510674999842
2025-05-16,03:40,04:00,2,4.6488333333333,10.166481666666595
2025-05-16,04:30,05:20,5,135.34165000000002,297.29932351666673
2025-05-16,05:50,06:10,2,37.31791666666672,173.3345238333336
2025-05-16,17:30,17:40,1,23.272916666666674,113.57183333333337
2025-05-16,18:40,19:00,2,22.924666666663256,150.43822816664468
2025-05-16,21:50,22:00,1,1.9960166666663888,4.200617074999415
2025-05-16,22:10,24:00,11,475.55178333333345,1009.3924754250004
2025-05-17,00:00,00:10,1,36.56091666666674,77.65538700000016
2025-05-17,00:20,00:30,1,20.519999999999982,43.799939999999964
2025-05-17,01:00,01:50,5,90.5565666666667,195.13207064166673
2025-05-17,02:00,02:20,2,77.58701666666667,167.2169145916667
2025-05-17,02:40,02:50,1,17.958216666666658,38.92443462499998
2025-05-17,03:20,04:00,4,176.61248333333327,384.69916678333317
2025-05-17,04:10,04:40,3,34.871716666666714,76.25821869166677
2025-05-17,04:50,05:20,3,66.47589999999997,145.18107189999992
2025-05-17,16:20,18:50,15,2649.986198833332,15876.393929861075
2025-05-17,19:20,19:50,3,81.66869999999813,550.5984559333207
2025-05-17,20:10,20:40,3,115.17043333333407,782.256290100005
2025-05-17,22:30,23:00,3,72.45324999999991,153.36532145833314
2025-05-17,23:30,24:00,3,122.37473333333338,260.69894774166676
2025-05-18,01:30,01:50,2,54.249083333333374,117.24351304166676
2025-05-18,02:10,02:30,2,48.785933333333446,106.09718286666691
2025-05-18,02:50,03:10,2,81.84568333333323,178.52556694999976
2025-05-18,03:30,04:30,6,127.17538333333323,277.7037505999998
2025-05-18,04:50,05:00,1,10.406666666666638,22.868649999999935
2025-05-18,05:40,06:00,2,75.21210233333306,259.66803922599956
2025-05-18,06:20,08:50,15,1523.5703999999994,7311.651246466665
2025-05-18,17:50,18:00,1,3.167083333333153,19.498148541665557
2025-05-18,20:20,20:30,1,5.2366666666667925,35.31869833333418
2025-05-19,02:10,02:20,1,1.8407499999999573,3.9797014999999076
2025-05-19,03:10,03:50,4,55.0554166666667,119.93085450000007
2025-05-19,04:30,04:40,1,4.479333333333329,9.83885566666666
2025-05-19,05:10,05:20,1,0.04156666666665387,0.09225721666663828
2025-05-19,05:40,05:50,1,40.60854883333394,115.89679837033508
2025-05-19,15:20,15:30,1,9.936666666666724,36.30858000000021
2025-05-19,15:50,16:40,5,357.0259666666665,1500.6999192916658
2025-05-19,17:50,18:10,2,21.025416666666388,130.66494604166493
2025-05-19,18:40,19:00,2,36.22548333333316,236.48287540833218
2025-05-19,20:10,20:40,3,207.86358333333396,1417.4675546416709
2025-05-19,21:10,21:40,3,171.60813333333317,809.7823545666658
2025-05-19,22:00,22:20,2,26.50529999999992,53.88574933333318
2025-05-19,22:30,22:40,1,29.442833333333397,61.6238501666668
2025-05-19,23:10,24:00,5,150.69198333333327,320.62661760833316
2025-05-20,01:10,01:20,1,5.85506666666663,12.594248399999923
2025-05-20,02:10,02:30,2,41.82683333333341,90.8859153333335
2025-05-20,02:40,03:10,3,29.814166666666665,64.99639155
2025-05-20,03:20,04:00,4,68.13258333333317,148.7388272416663
2025-05-20,05:00,05:20,2,8.244516666666527,17.993737441666358
2025-05-20,14:00,14:10,1,14.661533333333182,73.32232819999923
2025-05-20,14:40,15:50,7,847.2002999999996,3152.4032223416652
2025-05-20,16:30,16:50,2,49.500983333333465,224.26785114166725
2025-05-20,18:00,18:20,2,108.0931333333333,676.0544826999998
2025-05-20,18:30,19:50,8,4783.374277166667,32206.762373624915
2025-05-20,20:00,20:20,2,58.846133333333455,395.36783376666756
2025-05-20,20:40,20:50,1,13.372633333333145,81.74690756666551
2025-05-20,21:20,22:20,6,276.04385,816.4765060499997
2025-05-20,22:30,23:00,3,56.00434999999993,118.36770613333319
2025-05-20,23:20,24:00,4,119.71466666666663,254.92170275833323
2025-05-21,02:30,03:10,4,139.4824166666666,303.39222017499986
2025-05-21,04:30,04:40,1,12.68489999999997,27.86238284999994
2025-05-21,05:40,05:50,1,9.933735666668099,28.350881592670756
2025-05-21,14:40,15:00,2,11.816250000000515,40.31056500000241
2025-05-21,15:10,16:10,6,227.71069999999975,847.0292919083323
2025-05-21,16:20,17:20,6,186.6000833333328,861.1058388999976
2025-05-21,17:50,18:00,1,18.766250000000014,115.53441812500009
2025-05-21,18:20,18:40,2,52.15716666666651,327.0922319583324
2025-05-21,19:30,19:50,2,48.96871666666607,330.2710026916626
2025-05-21,20:50,21:10,2,59.147400000000744,270.82182680000346
2025-05-21,21:30,21:50,2,33.03929999999991,147.4713298916663
2025-05-21,22:10,22:30,2,43.20183333333341,90.68689566666684
2025-05-21,22:50,23:00,1,37.735000000000014,79.94159750000003
2025-05-21,23:20,24:00,4,147.81124999999997,312.9962473583333
2025-05-22,01:00,01:20,2,66.72309999999993,143.67504847499987
2025-05-22,01:30,01:40,1,19.267849999999953,41.541484599999905
2025-05-22,02:10,02:20,1,24.780566666666687,53.57558513333338
2025-05-22,03:00,03:20,2,18.238283333333356,39.87142737500005
2025-05-22,03:40,04:20,4,82.90120000000013,181.85254115833362
2025-05-22,05:40,05:50,1,89.35683266666598,255.0244004306647
2025-05-22,06:40,08:30,11,648.2934999999998,3087.867018499999
2025-05-22,16:50,17:10,2,90.45663333333368,421.9416923000016
2025-05-22,17:50,18:30,4,234.71440000000007,1466.3632012833336
2025-05-22,18:40,19:00,2,252.71633316666555,1649.480164961159
2025-05-22,19:10,20:00,5,128.9635166666676,869.0055788833396
2025-05-22,20:20,20:50,3,100.46869999999979,687.535948783332
2025-05-22,22:20,23:10,5,113.80569999999989,240.1155277583331
2025-05-23,00:40,01:20,4,98.66248333333334,212.18933592500002
2025-05-23,01:50,02:00,1,16.764999999999986,36.13695749999997
2025-05-23,02:10,03:40,9,257.63516666666646,561.7505180916662
2025-05-23,04:00,04:30,3,56.55006666666674,124.10517240000016
2025-05-23,05:40,05:50,1,34.69499283333323,99.01950954633304
2025-05-23,06:10,07:00,5,86.09681666666654,371.11294758333275
2025-05-23,17:40,18:20,4,991.3325605000014,6153.663541363426
2025-05-23,18:30,18:50,2,17.729233333332786,113.58479850832987
2025-05-23,19:00,19:20,2,73.03298333333282,492.3301359083299
2025-05-23,19:40,20:00,2,78.84534999999875,531.3988302749916
2025-05-23,20:50,21:00,1,39.18565000000051,182.84024290000238
2025-05-23,22:00,22:20,2,87.90934999999985,182.37111665833302
2025-05-23,22:40,22:50,1,20.540633333333346,43.55641298333336
2025-05-24,00:00,00:10,1,4.717849999999942,10.020713399999877
2025-05-24,00:20,01:10,5,134.11684999999994,287.3397635499999
2025-05-24,01:40,02:50,7,132.27964999999983,286.93031185833297
2025-05-24,03:00,03:10,1,16.169783333333328,35.363316149999996
2025-05-24,03:50,04:10,2,46.53688333333332,102.03273177499997
2025-05-24,04:30,04:50,2,49.962416666666684,110.10953794166672
2025-05-24,06:00,06:20,2,22.681183333332967,101.64625739999832
2025-05-24,17:50,18:10,2,62.54726666666525,386.1583549666579
2025-05-25,01:00,01:10,1,23.776700000000005,51.25067685000001
2025-05-25,01:50,02:00,1,0.27499999999997726,0.592762499999951
2025-05-25,02:30,02:50,2,23.20416666666665,50.374635774999966
2025-05-25,03:10,03:20,1,2.0520500000000084,4.484755275000018
2025-05-25,04:00,04:10,1,14.442750000000046,31.781271375000102
2025-05-25,04:30,04:50,2,14.785933333333332,32.67694170833333
2025-05-25,05:00,05:20,2,9.658933333333266,21.437931866666517
2025-05-25,05:40,06:20,4,64.77660550000007,269.7645834720013
2025-05-25,06:40,07:10,3,68.49935000000065,287.26097426666945
2025-05-25,15:40,16:40,6,349.67443333333347,1458.7168742500007
2025-05-25,16:50,18:00,7,320.9977166666664,1603.3975829999988
2025-05-25,18:10,19:00,5,91.12651666666633,593.4019767749978
2025-05-25,19:30,19:50,2,45.93774999999937,309.6259967416624
2025-05-25,20:00,20:20,2,55.581950000000575,374.1671458666706
2025-05-25,20:40,21:00,2,109.31881666666597,521.5931829499959
2025-05-25,21:30,21:50,2,66.65931666666677,295.6733950666671
2025-05-25,22:30,23:00,3,96.38488333333328,203.5277326083332
2025-05-26,01:10,01:20,1,7.63483333333329,16.422526499999908
2025-05-26,01:30,01:40,1,15.337616666666577,33.06790153333314
2025-05-26,02:00,02:10,1,17.4684666666667,37.49606370000007
2025-05-26,02:40,02:50,1,19.410383333333357,42.07200587500005
2025-05-26,04:20,05:20,6,190.28591666666694,416.77659604166723
2025-05-26,05:40,06:00,2,21.97461666666669,85.88526992500034
2025-05-26,06:40,09:10,15,1528.1980808333321,7226.331808683326
2025-05-26,14:50,15:10,2,124.31925000000012,412.5070770833338
2025-05-26,16:40,17:40,6,261.2332666666671,1257.4056156333354
2025-05-26,18:10,19:40,9,3884.54822533333,26081.790722731643
2025-05-26,22:40,23:00,2,101.27308333333266,214.57355987499858
2025-05-27,01:30,01:40,1,26.49316666666664,57.119267333333276
2025-05-27,02:10,04:00,11,192.89065000000028,420.391848358334
2025-05-27,04:20,05:00,4,129.05201666666653,283.50472492499966
2025-05-27,05:10,05:20,1,3.432050000000004,7.617434975000009
2025-05-27,05:50,06:20,3,24.771883333334642,115.4396719500059
2025-05-27,15:50,16:20,3,110.99453333333315,460.2060582666658
2025-05-27,17:50,18:00,1,7.749583333333362,47.710309791666845
2025-05-27,20:30,20:40,1,12.105933333331109,84.45099093331781
2025-05-27,21:00,21:20,2,76.51564999999994,353.40915174999975
2025-05-27,22:10,22:30,2,94.96684999999991,200.55178373333317
2025-05-27,22:50,23:00,1,25.49333333333334,54.00762666666668
2025-05-27,23:30,24:00,3,26.63970000000006,56.7588808416668
2025-05-28,01:00,01:20,2,47.50371666666672,102.30940095000011
2025-05-28,02:10,02:20,1,17.8739833333334,38.643551966666806
2025-05-28,03:00,03:50,5,123.48181666666687,269.2562438916671
2025-05-28,04:10,04:30,2,9.642016666666677,21.143718075000024
2025-05-28,05:00,05:20,2,20.134400000000028,44.3018044833334
2025-05-28,05:40,08:20,16,901.4466833333319,4111.734859808327
2025-05-28,08:40,09:20,4,132.27990000000008,674.7338737583337
2025-05-28,09:30,09:50,2,9.004733333333661,43.00074333333488
2025-05-28,16:30,18:00,9,392.89326666666614,1928.569259241664
2025-05-28,18:40,19:10,3,1161.7037409999978,7815.1304237214845
2025-05-28,20:00,20:20,2,43.81161666666537,294.1908238249913
2025-05-28,21:50,22:20,3,60.61793333333346,118.28812983333361
2025-05-28,22:30,22:40,1,10.92313333333334,22.862118066666678
2025-05-28,23:10,23:20,1,24.850583333333248,52.68323666666649
2025-05-28,23:50,24:00,1,3.3933333333333167,7.254946666666631
2025-05-29,02:20,03:00,4,105.72320000000002,229.88696060833337
2025-05-29,03:20,03:30,1,19.924999999999955,43.3966499999999
2025-05-29,04:10,05:20,7,222.87231666666685,487.7754352083337
2025-05-29,05:40,05:50,1,19.925384333332886,56.86704688733206
2025-05-29,07:50,08:40,5,415.89488333333,2288.7023647833144
2025-05-29,09:10,09:20,1,1.316356833333927,6.5304462501696126
2025-05-29,14:50,15:30,4,155.90953333333323,549.6376868833331
2025-05-29,15:40,16:50,7,386.29120000000034,1653.722959541668
2025-05-29,17:00,17:50,5,102.37356666666699,513.3040305000014
2025-05-29,18:20,20:20,12,1295.9408901666707,8684.362402878613
2025-05-29,21:10,21:50,4,158.67475000000016,749.4452776500007
2025-05-29,22:10,22:20,1,9.068149999999946,19.804839599999884
2025-05-29,22:50,23:10,2,31.688766666666652,67.1499612333333
2025-05-29,23:20,23:50,3,65.37271666666663,138.64026174999995
2025-05-30,01:30,01:50,2,9.44206666666662,20.406819183333234
2025-05-30,02:00,02:20,2,18.577883333333375,39.94106363333343
2025-05-30,02:40,03:00,2,27.51991666666669,59.755844375000045
2025-05-30,03:20,03:50,3,132.7020999999998,289.02548414166625
2025-05-30,04:40,05:10,3,23.580383333333316,51.625447783333286
2025-05-30,05:40,06:10,3,80.04775000000004,341.2889764166666
2025-05-30,16:10,17:40,9,540.9318833333335,2518.5857334916673
2025-05-30,17:50,18:30,4,1180.5685443333334,7354.396243064168
2025-05-30,22:00,22:10,1,3.377799999996648,6.517465099993532
2025-05-30,22:20,22:50,3,77.87434999999988,163.27139650833308
2025-05-30,23:30,23:50,2,35.722050000000024,76.09164980833339
2025-05-31,00:00,00:10,1,0.3998333333332198,0.8492459999997589
2025-05-31,00:30,01:00,3,50.00891666666672,106.81128741666677
2025-05-31,01:20,01:40,2,47.37083333333334,101.69946416666667
2025-05-31,02:30,03:40,7,172.85881666666666,376.37810954166656
2025-05-31,03:50,04:30,4,65.40988333333337,143.43250050833342
2025-05-31,04:50,05:20,3,95.59278333333327,209.1093138583332
2025-05-31,06:20,07:20,6,212.52946666666648,895.9272062249992
2025-05-31,18:20,18:30,1,10.316616666666278,64.71097804166422
2025-05-31,18:50,19:10,2,17.71768333333239,119.33220403332697
2025-05-31,20:00,20:10,1,17.446450000000254,117.87693942500172
2025-05-31,23:00,23:20,2,12.004816666666816,25.49369433333365
2025-05-31,23:40,24:00,2,168.61586666666665,360.4222832666666
2025-06-01,01:30,01:50,2,122.50940000000014,264.86327560000035
2025-06-01,02:10,04:00,11,497.7113333333331,1083.3687864333326
2025-06-01,04:10,04:40,3,68.19658333333336,149.13501892500008
2025-06-01,05:40,06:30,5,874.7408854999993,3080.3951189905815
2025-06-01,08:30,11:40,19,2210.387949999999,9397.702759774997
2025-06-01,12:40,13:10,3,86.55149999999958,323.9313049583318
2025-06-01,13:20,14:50,9,821.6237500000003,4072.3802785000016
2025-06-01,15:10,24:00,53,11252.2167365,61173.480494129835
2025-06-02,01:30,01:50,2,135.38128333333339,292.6276224666668
2025-06-02,02:10,03:50,10,525.584683333333,1143.8692515166658
2025-06-02,04:00,04:50,5,160.63754999999992,352.8757059583331
2025-06-02,05:10,05:20,1,2.3094999999999573,5.125935249999905
2025-06-02,05:50,08:50,18,2217.1668006666655,10575.861103497662
2025-06-02,13:10,24:00,65,7733.386051851849,34683.054130118784
2025-06-03,01:30,01:50,2,157.1564166666666,339.6658722333332
2025-06-03,02:10,03:20,7,245.4156499999998,534.4593821416662
2025-06-03,03:30,03:50,2,28.461683333333326,61.960279249999985
2025-06-03,04:00,04:20,2,88.0507,193.50959085000002
2025-06-03,04:40,04:50,1,12.71569999999997,28.11441269999993
2025-06-03,05:00,05:20,2,53.7728333333331,118.91854781666615
2025-06-03,05:40,06:10,3,908.1673863333342,4099.911977377005
2025-06-03,06:40,07:00,2,57.31588333333451,240.12199605000495
2025-06-03,08:50,09:00,1,6.636499999999529,34.37706999999756
2025-06-03,09:10,10:20,7,656.2477166666662,3166.6993235249984
2025-06-03,13:50,14:50,6,531.672766666667,2676.8394790166685
2025-06-03,15:40,16:00,2,104.36564999999996,415.8701566416665
2025-06-03,16:30,24:00,45,4522.9561790000025,22101.179596340346
2025-06-04,01:30,01:50,2,210.0940333333333,454.0852768666666
2025-06-04,02:10,02:40,3,219.52416666666647,476.7313377333329
2025-06-04,03:00,05:20,14,587.0556666666666,1286.3753169083334
2025-06-04,05:50,06:30,4,951.5749234999998,4355.327950840666
2025-06-04,12:50,24:00,67,8560.935882979426,43215.42949999546
2025-06-05,01:30,01:50,2,217.65250000000003,470.33163100000013
2025-06-05,02:10,04:20,13,621.4308999999998,1355.1720921166661
2025-06-05,04:40,05:20,4,135.42295000000001,297.3820746
2025-06-05,05:40,09:20,22,2072.731193833333,9726.970231781997
2025-06-05,09:30,10:00,3,67.26511666666585,324.26206691666266
2025-06-05,14:00,15:00,6,892.7445845000017,4144.364967645507
2025-06-05,15:10,24:00,53,5681.851528166663,25065.628110562822
2025-06-06,00:30,03:20,17,1251.837216666667,2695.9329102000006
2025-06-06,03:50,04:50,6,185.51091666666667,407.52265285000004
2025-06-06,05:10,05:30,2,100.76265000000006,219.01340542500014
2025-06-06,05:40,05:50,1,258.3555876666668,737.3468472006671
2025-06-06,06:10,06:40,3,54.51153333333305,236.75128854166542
2025-06-06,15:10,24:00,53,10123.434625499995,52943.248247043244
2025-06-07,00:20,02:30,13,977.044677572016,2099.952418435802
2025-06-07,03:00,03:20,2,30.802600000000098,67.34786097500022
2025-06-07,03:30,03:50,2,95.49111666666658,207.98140199166647
2025-06-07,04:10,04:50,4,25.27013333333315,55.43923066666627
2025-06-07,05:20,05:30,1,38.50499999999994,82.80500249999987
2025-06-07,05:40,06:00,2,239.1776998333344,695.4544484493362
2025-06-07,15:20,15:30,1,10.153333333333421,37.10028000000032
2025-06-07,16:00,16:20,2,57.139650000000074,240.48581590833362
2025-06-07,16:40,23:50,43,4876.5759325000045,24169.114542416275
2025-06-08,01:30,01:50,2,24.478849999999966,52.95402314999993
2025-06-08,02:20,02:40,2,13.072733333333304,28.525888933333267
2025-06-08,04:00,04:20,2,71.40803333333338,156.9391225500001
2025-06-08,06:20,07:10,5,183.9553946666631,776.3147347593176
2025-06-08,17:10,17:20,1,2.149316666666664,10.469321483333319
2025-06-08,17:30,18:20,5,118.78031666666652,656.7680169249993
2025-06-08,19:00,19:50,5,72.42011666666656,488.16116893333265
2025-06-08,20:00,20:10,1,20.545816666666724,138.81781030833372
2025-06-08,22:50,23:10,2,68.26888333333349,144.761262291667
2025-06-08,23:40,24:00,2,25.4368166666668,54.342334491666946
2025-06-09,02:50,03:00,1,46.31499999999994,100.89722749999986
2025-06-09,03:20,04:10,5,278.63514999999995,609.5965619166666
2025-06-09,04:30,04:40,1,9.345983333333265,20.52845239166652
2025-06-09,05:40,06:00,2,36.48259433333294,112.81092166949828
2025-06-09,06:10,06:40,3,67.903283333334,295.4407840416696
2025-06-09,07:20,09:40,14,1862.7508333333344,9696.218345058336
2025-06-09,13:10,15:00,11,1338.0839333333333,6273.572189166666
2025-06-09,15:10,18:20,19,1346.0817666666671,6164.690656841667
2025-06-09,18:30,19:10,4,1172.3283969999952,7885.729209790469
2025-06-09,19:30,19:50,2,69.06574999999987,465.5211619249991
2025-06-09,20:20,20:40,2,96.66033333333314,660.5857244999986
2025-06-09,22:50,23:00,1,28.670249999999033,60.73792462499795
2025-06-09,23:20,24:00,4,195.89621666666642,416.50939581666614
2025-06-10,01:40,01:50,1,36.249700000000075,78.53497505000017
2025-06-10,02:10,02:40,3,75.09848333333332,163.4116623333333
2025-06-10,03:10,03:20,1,10.894116666666605,23.809091974999863
2025-06-10,03:40,04:00,2,49.92476666666664,109.06517633333328
2025-06-10,04:20,05:10,5,156.95978333333358,344.6896254583338
2025-06-10,09:20,09:50,3,263.161966666668,1255.999685216673
2025-06-10,13:30,14:30,6,800.5749606666647,3916.4113366286565
2025-06-10,15:10,15:30,2,118.87499999999977,431.2160241666659
2025-06-10,15:50,16:10,2,95.64809999999966,390.48999254999853
2025-06-10,18:20,18:40,2,25.666133333333164,160.77484309166562
2025-06-10,19:00,19:20,2,71.91296666666665,484.6021019666665
2025-06-10,19:50,20:10,2,58.96838333333335,397.95617365833346
2025-06-10,20:30,20:40,1,6.870283333333418,47.92709653333392
2025-06-10,21:00,21:10,1,10.931533333333071,49.56357213333215
2025-06-10,21:40,22:00,2,24.435583333333398,60.58577200000009
2025-06-10,22:30,22:50,2,122.22626666666656,257.5035789666664
2025-06-10,23:10,23:40,3,54.8656666666667,116.04904666666673
2025-06-10,23:50,24:00,1,3.568333333333271,7.629096666666533
2025-06-11,02:30,02:50,2,67.82078333333345,147.17378075833358
2025-06-11,04:30,04:40,1,3.0318833333334396,6.6595317416669015
2025-06-11,05:40,08:30,17,946.7993666666673,4193.562857391669
2025-06-11,08:50,10:50,12,1486.4996666666668,7229.942040216666
2025-06-11,12:50,14:20,9,1787.844853666666,8254.009013105497
2025-06-11,14:40,14:50,1,62.8598833333306,294.6871330666538
2025-06-11,15:10,15:50,4,175.2880718106976,668.6631406872356
2025-06-11,16:20,16:50,3,75.56046666666634,339.1563965666652
2025-06-11,17:00,17:20,2,142.6654833333332,687.0170296499994
2025-06-11,17:50,18:00,1,22.79833333333329,140.3579391666664
2025-06-11,18:20,19:40,8,189.19248333333474,1241.2244464916762
2025-06-11,22:00,22:40,4,95.93344999999813,199.69541658332975
2025-06-11,23:20,23:40,2,24.687733333333426,52.16076133333353
2025-06-12,02:20,02:30,1,16.716666666666697,36.50084166666673
2025-06-12,03:20,03:50,3,131.15401666666673,285.62785875000014
2025-06-12,05:50,06:10,2,46.9155166666676,214.78160840000427
2025-06-12,15:20,15:30,1,39.42750000000001,144.06808500000002
2025-06-12,15:50,16:20,3,191.7472333333335,793.4609001833339
2025-06-12,17:20,17:40,2,41.91473333333329,206.13127366666643
2025-06-12,17:50,18:40,5,81.59851666666691,509.4569837333348
2025-06-12,19:20,19:30,1,7.4833333333333485,50.44889166666677
2025-06-13,01:20,01:40,2,40.77193333333332,87.75471576666665
2025-06-13,02:20,02:50,3,61.44445000000002,133.7033257666667
2025-06-13,03:00,03:20,2,26.303433333333317,57.50616502499996
2025-06-13,03:40,04:00,2,17.091566666666665,37.283135333333334
2025-06-13,04:20,04:40,2,38.213166666666666,83.56837058333333
2025-06-13,04:50,05:10,2,16.321583333333308,35.58606737499994
2025-06-13,05:40,07:40,12,240.9319166666658,989.5063966166633
2025-06-13,08:00,08:10,1,13.859816666666802,80.96211905833412
2025-06-13,15:50,16:40,5,156.26626666666698,668.9046862666679
2025-06-13,17:00,17:40,4,162.93986666666672,792.9978660000003
2025-06-13,20:50,21:00,1,34.40038333333202,160.51218863332724
2025-06-13,22:20,22:50,3,83.50543333333337,175.2137957583334
2025-06-13,23:20,23:30,1,30.973333333333244,65.35373333333314
2025-06-13,23:50,24:00,1,39.501666666666665,84.45456333333333
2025-06-14,00:30,01:20,5,50.07495,107.30303638333335
2025-06-14,01:30,01:40,1,5.126950000000022,11.053704200000048
2025-06-14,02:10,03:00,5,85.71584999999993,185.99173499999984
2025-06-14,03:20,03:30,1,5.85666666666674,12.75582000000016
2025-06-14,03:40,04:00,2,31.719616666666752,69.34875933333353
2025-06-14,04:20,04:30,1,21.061666666666667,45.956556666666664
2025-06-14,15:30,15:50,2,46.46313333333353,180.5439439416674
2025-06-14,16:30,16:50,2,55.15023333333352,250.4825482916675
2025-06-14,17:50,18:30,4,557.4659318333354,3497.8059909745966
2025-06-14,21:00,21:10,1,14.642683333333935,66.38992623333607
2025-06-14,21:40,21:50,1,7.21085000000005,27.992519700000194
2025-06-14,22:00,23:10,7,251.58973333333336,530.5104729333334
2025-06-14,23:30,23:50,2,7.738166666666757,16.472435983333526
2025-06-15,01:30,01:40,1,15.500233333333313,33.418503066666624
2025-06-15,02:10,02:20,1,23.292533333333267,50.358457066666524
2025-06-15,03:10,03:50,4,71.6255666666666,156.06275436666652
2025-06-15,04:20,04:30,1,12.903333333333308,28.155073333333277
2025-06-15,04:50,05:10,2,23.00525000000016,50.15159745833368
2025-06-15,05:40,06:00,2,24.088383333333354,97.89954269999996
2025-06-15,08:30,09:30,6,718.8331333333322,3693.8958214333265
2025-06-15,10:00,10:50,5,333.1105500000001,1552.4225189750005
2025-06-15,12:40,13:30,5,146.75185000000147,581.1118674583397
2025-06-15,13:40,14:30,5,573.1895339999976,2795.9228941589877
2025-06-15,18:20,18:50,3,88.01391666666689,555.6147063000014
2025-06-15,19:30,19:50,2,38.76929999999993,261.32786529166617
2025-06-15,20:20,20:40,2,72.30020000000002,493.0184510333335
2025-06-16,02:10,02:40,3,93.7578666666667,203.76856923333338
2025-06-16,03:00,03:10,1,8.375483333333364,18.317182050000067
2025-06-16,03:30,03:40,1,1.8026333333333469,3.923431450000029
2025-06-16,04:10,04:20,1,31.7430333333333,69.66008664999994
2025-06-16,04:50,05:20,3,31.37984999999992,68.62144622499983
2025-06-16,05:40,08:30,17,946.6540175000038,4027.283844924598
2025-06-16,09:30,10:10,4,285.1482333333335,1383.2894809916675
2025-06-16,12:50,13:00,1,51.225000000000136,212.04588750000056
2025-06-16,14:00,14:50,5,302.945090999999,1534.5805976326617
2025-06-16,15:10,16:50,10,1036.5497333333328,4106.664034541665
2025-06-16,17:00,17:20,2,22.97626666666656,109.3586685999995
2025-06-16,17:50,18:40,5,137.06228333333343,852.7104512333339
2025-06-16,19:10,19:30,2,31.977599999999825,215.09810933333216
2025-06-16,19:50,20:10,2,45.21568333333323,305.3259577749993
2025-06-16,23:00,23:10,1,0.8783499999995907,1.8656153999991307
2025-06-17,02:50,03:10,2,89.8588666666667,195.89181723333337
2025-06-17,03:20,03:40,2,34.610649999999964,75.35544722499992
2025-06-17,04:00,04:20,2,48.07593333333341,105.64641750000017
2025-06-17,05:00,05:20,2,58.45114999999987,127.74663472499972
2025-06-17,12:50,14:30,10,2672.239393833337,12187.56786400477
2025-06-17,15:20,15:30,1,38.72499999999991,141.50114999999965
2025-06-17,15:50,16:30,4,182.02370000000042,769.138971283335
2025-06-17,16:50,17:10,2,108.76693333333378,507.0050891000021
2025-06-17,17:50,18:30,4,162.29729999999995,1011.407703683333
2025-06-17,19:20,19:40,2,99.35195000000022,669.8479635833348
2025-06-17,19:50,20:10,2,23.33159999999998,157.47454456666654
2025-06-17,20:20,20:40,2,58.33105000000012,402.15429230000075
2025-06-17,21:20,21:40,2,17.97043333333322,85.47529454999948
2025-06-17,22:10,22:40,3,59.60804999999982,125.8660620666663
2025-06-17,23:00,23:30,3,62.07816666666656,131.53085766666644
2025-06-18,01:40,01:50,1,5.275150000000053,11.428612475000117
2025-06-18,02:20,03:10,5,92.0811166666665,200.33027735833298
2025-06-18,03:20,03:30,1,1.6116666666666788,3.5102100000000265
2025-06-18,04:20,04:40,2,10.291233333333253,22.50466818333316
2025-06-18,06:30,07:40,7,199.9226391666681,807.0357187029226
2025-06-18,16:10,17:00,5,173.68071666666674,785.718631316667
2025-06-18,17:30,18:40,7,77.6311833333333,435.7862148499997
2025-06-18,19:50,20:10,2,63.25768333333315,426.65467744166546
2025-06-18,20:20,20:30,1,47.321666666666715,319.16098083333367
2025-06-19,02:10,02:20,1,22.065150000000017,47.70485430000004
2025-06-19,02:30,02:50,2,66.65478333333328,144.67449769166655
2025-06-19,04:20,05:20,6,185.01133333333337,405.8509883083334
2025-06-19,05:40,06:30,5,246.7171925000024,1052.2528312370941
2025-06-19,08:20,09:10,5,409.08269999999715,2137.269279841651
2025-06-19,09:20,09:40,2,61.93694999999948,297.6533105166642
2025-06-19,15:10,16:30,8,180.4885333333325,715.7643858749966
2025-06-19,17:30,17:50,2,38.73411666666675,202.29239445000044
2025-06-19,18:10,18:40,3,51.56461666666678,322.595684533334
2025-06-19,19:00,19:40,4,172.34513333333348,1160.7898716666678
2025-06-19,19:50,20:00,1,3.3999999999999773,22.91939999999985
2025-06-19,20:20,20:30,1,10.559999999999945,71.22191999999964
2025-06-19,22:50,23:20,3,92.08285000000004,195.41652249166674
2025-06-19,23:50,24:00,1,90.43333333333334,193.34646666666666
2025-06-20,00:30,00:50,2,27.03234999999995,57.73597865833323
2025-06-20,01:00,01:40,4,144.54306666666662,310.8805816333333
2025-06-20,02:10,02:20,1,15.33850000000001,33.16183700000002
2025-06-20,03:20,03:40,2,23.175266666666573,50.4681853999998
2025-06-20,03:50,04:20,3,42.28769999999997,92.84920054999994
2025-06-20,05:20,05:30,1,14.25208333333336,30.649105208333392
2025-06-20,16:30,17:10,4,219.2022666666668,1012.6085179000005
2025-06-20,17:50,18:20,3,464.97582816672343,2917.0777065011066
2025-06-21,00:20,00:30,1,44.33999999999992,94.64372999999983
2025-06-21,01:10,02:10,6,142.22519999999997,305.74376730833325
2025-06-21,02:20,02:30,1,9.356666666666626,20.43028166666658
2025-06-21,02:50,03:30,4,110.45983333333334,240.985223175
2025-06-21,04:00,04:20,2,64.00395000000003,140.69399437500007
2025-06-21,04:40,05:20,4,77.39528333333334,169.5700198
2025-06-21,05:40,06:30,5,202.96919100000008,857.3090109056675
2025-06-21,07:10,07:20,1,1.3982000000002692,5.573225200001073
2025-06-21,17:30,17:50,2,23.539566666666587,119.9633477999996
2025-06-22,02:30,03:00,3,178.57381666666674,387.8346668083335
2025-06-22,04:00,04:10,1,1.6203833333333932,3.5656535250001316
2025-06-22,04:40,04:50,1,0.004750000000058208,0.010502250000128697
2025-06-22,13:00,15:00,12,2298.7539191357996,10950.11603414752
2025-06-22,15:10,15:50,4,213.39998333333335,795.8544219916668
2025-06-22,17:20,17:40,2,8.274249999999938,40.510111249999696
2025-06-22,18:50,19:30,4,1059.604772666667,7138.213858469003
2025-06-22,19:50,20:10,2,31.875716666666563,214.921130491666
2025-06-22,20:30,20:40,1,25.82439999999997,180.15101439999978
2025-06-22,20:50,21:10,2,37.24209999999998,169.17140339999995
2025-06-22,22:30,22:50,2,16.737916666666592,35.263239583333174
2025-06-22,23:30,23:50,2,32.78880000000015,69.80794795000031
2025-06-23,02:20,02:30,1,33.5766666666666,73.31465166666652
2025-06-23,02:50,03:30,4,142.18931666666674,310.03032932500014
2025-06-23,03:50,04:00,1,68.7116666666667,150.40983833333343
2025-06-23,04:20,04:30,1,40.30666666666673,87.9491466666668
2025-06-23,04:50,05:00,1,35.226250000000164,77.40968437500035
2025-06-23,06:00,06:20,2,87.99520000000007,401.90458421666693
2025-06-23,06:40,07:40,6,192.2202000000006,766.0326840083357
2025-06-23,07:50,09:20,9,564.9093333333335,2945.443002708334
2025-06-23,13:20,14:00,4,152.45161666666667,717.7602325
2025-06-23,16:10,17:00,5,389.0768500000004,1728.2767547166684
2025-06-23,17:10,17:50,4,168.85853333333364,839.1519709000016
2025-06-23,18:00,18:40,4,120.36043333333328,752.5335453333329
2025-06-23,19:30,20:00,3,41.881266666666534,282.2566266499991
2025-06-23,20:20,20:40,2,51.15476666666666,350.3771247666666
2025-06-23,22:10,22:30,2,50.14129999999938,107.74669086666533
2025-06-23,23:10,23:30,2,79.17859999999996,167.44936533333325
2025-06-23,23:50,24:00,1,10.678333333333285,22.830276666666563
2025-06-24,01:30,01:50,2,151.34098333333338,327.08712814166677
2025-06-24,02:40,02:50,1,9.516183333333402,20.626327375000148
2025-06-24,03:10,03:30,2,42.214966666666555,92.05869714999974
2025-06-24,04:20,04:50,3,59.25788333333344,130.1617126416669
2025-06-24,05:10,05:20,1,4.800749999999994,10.655264624999987
2025-06-24,05:40,06:00,2,106.31008449999888,444.1395805994117
2025-06-24,06:20,11:00,28,4185.816,20043.623433233326
2025-06-24,11:10,11:20,1,95.10117962962954,238.08580320277758
2025-06-24,13:00,14:50,11,1803.8278500000006,8743.335704766669
2025-06-24,15:10,16:30,8,560.7182499999999,2194.767703341666
2025-06-24,17:10,17:40,3,152.60486666666657,748.1152762833328
2025-06-24,17:50,18:10,2,44.17378333333352,274.6757895583345
2025-06-24,18:50,19:20,3,1445.6798546666691,9750.486279728684
2025-06-25,01:30,01:50,2,37.36721666666665,80.5747999583333
2025-06-25,02:10,02:20,1,13.283800000000042,28.71957560000009
2025-06-25,02:40,03:30,5,121.05509999999992,264.11241644999984
2025-06-25,03:50,04:30,4,77.12440000000004,169.1099161333334
2025-06-25,05:50,06:00,1,3.707916666666165,16.869166874997717
2025-06-25,12:50,13:00,1,34.43374999999992,142.53850812499965
2025-06-25,17:20,17:30,1,41.36875000000009,203.98930625000045
2025-06-25,18:40,19:10,3,56.31580000000122,372.59359135000824
2025-06-25,20:00,20:10,1,17.791483333333417,120.20815714166723
2025-06-25,20:30,20:40,1,8.181699999999978,57.075539199999845
2025-06-25,21:50,22:10,2,87.46524999999777,177.57716779166196
2025-06-25,22:40,23:00,2,7.220450000000028,15.308330891666726
2025-06-25,23:30,23:50,2,17.729266666666717,37.73045005000011
2025-06-26,01:30,01:50,2,114.6954833333333,247.8788778666666
2025-06-26,02:40,02:50,1,0.1881666666665751,0.40785124999980155
2025-06-26,04:00,04:20,2,64.9487499999999,142.73111887499977
2025-06-26,05:10,05:20,1,4.795416666666597,10.643427291666512
2025-06-26,06:50,07:20,3,49.79614999999913,203.45823878332976
2025-06-26,08:50,09:50,6,443.83703333333324,2213.618439666666
2025-06-26,13:00,13:10,1,11.311433333333298,48.842769133333185
2025-06-26,15:10,15:20,1,29.19653333333349,105.35569053333391
2025-06-26,16:20,17:20,6,253.15454999999952,1180.2482876499976
2025-06-26,17:50,18:00,1,23.036666666666633,141.82523833333315
2025-06-26,18:50,19:10,2,47.34801666666772,319.86559719167377
2025-06-26,19:30,19:50,2,70.68248333333327,476.3280991916662
2025-06-26,20:30,20:40,1,3.8639833333332945,26.955147733333064
2025-06-26,21:30,23:00,9,201.93534999999923,466.03109244166313
2025-06-26,23:30,23:50,2,117.93479999999988,250.7081234916664
2025-06-27,00:20,00:30,1,50.646666666666704,108.10531000000009
2025-06-27,00:50,01:00,1,3.009999999999991,6.4489249999999805
2025-06-27,01:50,02:10,2,79.41319999999996,170.9443637999999
2025-06-27,02:20,03:10,5,57.987850000000094,126.35169495833355
2025-06-27,04:20,05:10,5,110.03136666666666,241.28825819166664
2025-06-27,05:40,06:00,2,38.792114833333244,119.52505698433296
2025-06-27,16:00,16:30,3,115.65690000000006,488.55421901666693
2025-06-27,17:00,17:20,2,26.25428333333332,126.81186178333327
2025-06-27,17:30,19:10,10,680.0657040000003,4257.27744676067
2025-06-27,19:40,20:00,2,9.846333333332836,66.35823449999666
2025-06-27,20:30,20:40,1,5.598383333333459,39.05432213333421
2025-06-27,21:20,21:40,2,66.06881666666652,313.42931132499933
2025-06-27,22:00,22:20,2,11.773599999999988,24.23964806666664
2025-06-27,22:30,22:40,1,16.23689999999999,33.98383169999998
2025-06-27,23:00,23:20,2,44.905583333333425,95.29703753333354
2025-06-28,00:40,01:10,3,128.89384999999993,276.17616634166654
2025-06-28,01:50,02:00,1,3.8833333333333826,8.370525000000105
2025-06-28,03:30,03:50,2,28.095133333333308,61.22237540833328
2025-06-28,04:30,05:00,3,121.64643333333333,268.05932366666667
2025-06-28,05:20,05:30,1,11.719583333333333,25.20296395833333
2025-06-28,15:40,17:00,8,392.02908333333323,1714.7435838583328
2025-06-28,18:00,18:30,3,356.503847666666,2238.326195503829
2025-06-28,21:10,21:20,1,2.114049999999043,9.905381274995518
2025-06-28,21:40,22:10,3,38.86113333333333,102.40932443333321
2025-06-28,22:50,23:00,1,21.24666666666667,45.01106333333334
2025-06-28,23:10,23:30,2,59.184749999999894,124.91558666666644
2025-06-28,23:40,24:00,2,99.48771666666653,212.67091894166634
2025-06-29,01:40,01:50,1,22.098799999999983,47.877050199999964
2025-06-29,02:20,02:40,2,74.72398333333354,163.04253393333377
2025-06-29,03:50,04:50,6,224.1849833333331,491.4461729166661
2025-06-29,05:00,05:10,1,1.759433333333277,3.8118123166665447
2025-06-29,05:40,05:50,1,1.9146499999999378,5.464411099999823
2025-06-29,06:00,06:20,2,4.505883333333145,20.450661533332244
2025-06-29,07:10,07:50,4,103.20454999999984,384.68378339166605
2025-06-29,12:50,13:10,2,77.10486666666668,321.06023426666667
2025-06-29,13:30,14:50,8,406.83906666666667,2020.1311879250002
2025-06-29,16:00,16:40,4,189.5600166666668,811.6912617250006
2025-06-29,18:00,19:10,7,1245.0260846666674,8261.917312498672
2025-06-29,19:50,20:10,2,19.036466666666797,128.55171286666754
2025-06-29,20:20,20:30,1,10.036666666666747,67.69229833333388
2025-06-29,23:10,23:20,1,2.0114333333318886,4.264238666663604
2025-06-29,23:50,24:00,1,5.071666666666715,10.843223333333437
2025-06-30,01:30,01:50,2,24.936233333333348,53.8927402416667
2025-06-30,02:10,02:20,1,36.39796666666666,78.69240393333332
2025-06-30,02:50,03:00,1,13.99333333333334,30.484476666666676
2025-06-30,04:30,04:50,2,112.19055000000003,247.15906446666676
2025-06-30,05:00,05:20,2,28.321599999999876,62.718237916666396
2025-06-30,05:40,07:50,13,629.329717500001,2559.493664549589
2025-06-30,10:20,10:40,2,110.40171783333508,537.068058961925
2025-06-30,12:50,13:30,4,31.697433333333493,134.43304134166735
2025-06-30,13:50,14:00,1,4.889587000001983,23.846515799009673
2025-06-30,15:10,16:10,6,400.4193,1559.036729975
2025-06-30,16:40,17:40,6,146.72898333333387,699.6403398166692
2025-06-30,18:00,18:20,2,17.96458333333328,112.53357612499966
2025-06-30,18:50,19:10,2,104.83180000000004,706.4607600750004
2025-06-30,19:20,19:40,2,53.22528333333332,358.9619760833333
2025-06-30,23:40,24:00,2,160.22968333333202,342.54163459166386
2025-07-01,01:30,01:50,2,193.1991333333333,417.4720797916666
2025-07-01,02:10,05:20,19,2090.621716666666,4569.824578816666
2025-07-01,05:40,06:20,4,1027.553096333334,4634.97574330867
2025-07-01,08:40,10:00,8,339.02048333333323,1690.4840716333322
2025-07-01,13:40,14:40,6,460.0788159999987,2283.1330004979927
2025-07-01,14:50,15:00,1,113.67813580246502,380.4807205308504
2025-07-01,15:10,15:30,2,77.24611666666647,279.4785365749993
2025-07-01,16:00,16:20,2,64.73333333333312,270.9607167999991
2025-07-01,16:30,24:00,45,4427.7823835000045,20637.813747588865
2025-07-02,01:30,01:50,2,285.64981666666654,617.427558358333
2025-07-02,02:10,05:20,19,2109.7550833333325,4612.399175549999
2025-07-02,05:40,06:20,4,1431.2808811666682,6420.082013170508
2025-07-02,07:10,07:30,2,132.89618333333297,517.4362134333319
2025-07-02,14:10,14:50,4,131.60490000000004,665.8941075166668
2025-07-02,15:20,24:00,52,5928.467233333335,27452.211145449994
2025-07-03,01:30,01:50,2,220.72171666666668,476.9186725333334
2025-07-03,02:10,05:20,19,2207.667033333334,4821.125821925001
2025-07-03,05:40,06:50,7,1640.222398333337,6413.98731379335
2025-07-03,07:00,10:30,21,2735.555666666667,13276.177911125002
2025-07-03,11:30,11:50,2,89.89401666666663,212.02762972499994
2025-07-03,13:30,24:00,63,13112.223579166664,69894.91855993963
2025-07-04,00:00,00:10,1,72.25406666666663,153.46763759999993
2025-07-04,00:20,05:30,31,3649.786799999999,7912.548582808335
2025-07-04,05:40,07:20,10,1068.0371446666663,4402.675826345332
2025-07-04,15:30,24:00,51,7378.665810500004,36640.75049729195
2025-07-05,00:00,00:10,1,157.45883333333336,334.44256200000007
2025-07-05,00:20,05:30,31,3195.137216666667,6933.008704675
2025-07-05,05:40,07:30,11,1121.4590501666667,4408.086211434001
2025-07-05,15:40,24:00,50,8257.736662500003,42042.03535365627
2025-07-06,01:30,01:50,2,216.8597833333332,468.47203911666645
2025-07-06,02:10,05:20,19,1944.0036666666665,4248.118634141667
2025-07-06,05:40,07:20,10,1660.1619526666682,6404.324343598674
2025-07-06,07:50,09:40,11,1234.2072666666675,6560.201906150004
2025-07-06,09:50,10:10,2,200.12041666666664,995.514753125
2025-07-06,12:50,15:00,13,2403.6159666666667,11441.389495983334
2025-07-06,15:10,24:00,53,11550.551481499995,61828.67109889143
2025-07-07,01:30,01:50,2,259.70849999999996,561.3668572749999
2025-07-07,02:10,05:20,19,2169.2851000000005,4736.275081366667
2025-07-07,05:40,07:50,13,1773.1622411666665,7864.035543160501
2025-07-07,08:10,08:50,4,231.05028333333308,1240.6266801999986
2025-07-07,14:20,14:50,3,140.29989450000102,714.5062954160048
2025-07-07,16:20,23:50,45,4661.791033333336,22341.988735716674
2025-07-08,01:30,01:50,2,17.761516666666694,38.402992308333395
2025-07-08,02:40,03:00,2,156.6843500000001,340.8840302916668
2025-07-08,04:50,05:20,3,107.58466666666664,235.84206523333324
2025-07-08,05:40,10:20,28,2196.0487801666686,10227.808116768254
2025-07-08,14:00,15:00,6,584.3885551666693,2966.3681306917633
2025-07-08,15:10,16:40,9,845.7713666666671,3371.4740209166685
2025-07-08,16:50,17:20,3,141.46063333333336,669.4239897166667
2025-07-08,17:30,18:30,6,282.0198833333335,1633.5067616166675
2025-07-08,18:40,19:10,3,88.26480000000095,593.6370810500065
2025-07-08,19:20,19:40,2,13.79536666666661,93.01333649999962
2025-07-08,19:50,20:10,2,17.828066666666587,120.3008749333328
2025-07-08,20:20,20:40,2,70.35175000000004,487.76816633333357
2025-07-08,21:20,21:30,1,39.012516666666535,182.79314684166607
2025-07-08,21:50,22:10,2,38.387816666666595,80.50579225833319
2025-07-08,22:40,23:10,3,114.47646666666662,242.72765779999992
2025-07-08,23:40,23:50,1,2.14453333333347,4.5796509333336255
2025-07-09,02:20,03:10,5,154.86963333333324,336.93989573333306
2025-07-09,04:30,04:50,2,9.566533333333496,21.136652800000356
2025-07-09,06:20,07:00,4,84.17273333333515,357.90696300834134
2025-07-09,13:30,13:40,1,6.195766666666714,26.713047983333535
2025-07-09,13:50,14:50,6,794.3138166666668,4001.8313568333338
2025-07-09,16:20,16:30,1,4.4812500000000455,19.6973343750002
2025-07-09,17:30,17:50,2,121.51013333333321,618.7821144499994
2025-07-09,18:10,18:50,4,92.52743333333319,582.9250206416658
2025-07-09,19:20,19:40,2,114.14403333333325,769.7160048333328
2025-07-09,20:20,20:40,2,13.943166666666684,95.35997066666678
2025-07-10,02:40,03:40,6,108.01176666666652,235.3225594916663
2025-07-10,04:10,04:50,4,183.24519999999984,401.6811317499997
2025-07-10,05:00,05:20,2,72.77146666666681,159.66965663333366
2025-07-10,15:10,16:20,7,689.2830666666657,2692.53275358333
2025-07-10,16:30,16:50,2,18.2804000000001,83.20765756666712
2025-07-10,17:00,17:20,2,33.48273333333327,162.18285173333302
2025-07-10,18:50,19:40,5,161.27976666666802,1087.133025791676
2025-07-10,19:50,20:00,1,10.200000000000045,68.75820000000031
2025-07-10,20:20,20:30,1,31.649999999999977,213.46342499999986
2025-07-10,20:50,21:00,1,49.2882833333319,229.97913003332664
2025-07-10,21:40,22:10,3,109.05321666666657,237.93722318333286
2025-07-10,22:30,22:50,2,116.28378333333342,244.99514701666683
2025-07-11,00:20,00:30,1,20.375,43.4904375
2025-07-11,01:50,02:10,2,21.5863333333333,46.487269499999925
2025-07-11,03:10,03:40,3,119.8509499999999,261.32062812499976
2025-07-11,04:00,04:30,3,105.13725,230.846567725
2025-07-11,04:50,05:20,3,159.40694999999994,348.70900754166655
2025-07-11,05:40,06:00,2,42.49491666666677,143.02598612500023
2025-07-11,06:10,07:40,9,545.2882000000004,2268.032771158334
2025-07-11,16:20,16:40,2,116.17558333333318,515.5155640833327
2025-07-11,17:40,18:30,5,53.00994999999989,317.622815416666
2025-07-11,18:40,18:50,1,578.7962486666676,3727.7372395376724
2025-07-11,19:00,19:50,5,92.14464999999916,620.5743559999944
2025-07-12,00:30,00:50,2,29.603066666666678,63.22481835000002
2025-07-12,01:20,02:00,4,135.8263666666668,293.1434105583336
2025-07-12,02:20,02:50,3,125.05090000000018,271.66563721666705
2025-07-12,03:10,03:40,3,108.11838333333327,235.66263082499987
2025-07-12,05:40,06:00,2,7.164926333332801,25.855225380331767
2025-07-12,15:30,15:50,2,133.7034666666666,516.281516683333
2025-07-12,16:00,16:30,3,207.40651666666668,877.157194075
2025-07-12,17:00,17:10,1,24.300050000000056,114.96353655000026
2025-07-12,17:30,17:50,2,92.42776666666668,474.3194856166667
2025-07-12,18:00,18:10,1,144.48298333333173,907.4253768249899
2025-07-12,18:30,19:40,7,419.5730178333352,2735.9936959555957
2025-07-12,21:50,22:10,2,137.3996833333327,282.91248732499855
2025-07-12,22:20,22:40,2,19.369666666666717,40.61847233333344
2025-07-12,23:20,23:40,2,2.7020166666667365,5.721192000000148
2025-07-13,02:20,02:30,1,10.093333333333248,22.03879333333315
2025-07-13,03:00,03:40,4,96.54808333333358,210.33287325000052
2025-07-13,04:40,05:00,2,34.709049999999934,76.31031704999985
2025-07-13,15:10,15:20,1,11.280466666666825,40.70556396666724
2025-07-13,17:20,17:30,1,16.080833333333203,79.29458916666603
2025-07-13,18:00,18:40,4,104.51546666666695,653.8160344416684
2025-07-13,19:00,19:30,3,132.44894999999997,891.7302647416665
2025-07-13,19:50,20:00,1,66.09833333333336,445.5688650000002
2025-07-13,20:30,20:40,1,2.1599666666666053,15.067927466666239
2025-07-14,02:50,03:20,3,21.226316666667003,46.384486691667405
2025-07-14,03:30,04:00,3,110.06823333333341,240.25049223333352
2025-07-14,05:00,05:20,2,35.94059999999979,79.66642568333287
2025-07-14,05:40,06:00,2,48.732149999999365,215.667291099997
2025-07-14,13:50,14:10,2,18.12321666666662,88.7112765499998
2025-07-14,14:30,14:50,2,85.2062166666667,411.2477102333336
2025-07-14,15:40,16:20,4,174.60905000000025,715.0774554750011
2025-07-14,16:30,16:50,2,79.28201666666678,360.09207372500055
2025-07-14,17:00,18:20,8,375.66381666666655,2149.3483029583326
2025-07-14,18:40,19:10,3,943.0945498333339,6338.643140298087
2025-07-14,19:20,19:40,2,56.468466666666814,380.74002933333435
2025-07-14,19:50,20:10,2,33.16196666666656,223.7660327833326
2025-07-14,20:50,21:20,3,47.863283333331786,219.77260015832613
2025-07-14,21:50,22:00,1,6.583333333333371,13.854625000000079
2025-07-14,22:40,23:10,3,71.55116666666675,151.66673600000018
2025-07-14,23:20,23:30,1,4.64333333333343,9.797433333333537
2025-07-15,02:10,02:40,3,175.30981666666673,381.4135642666668
2025-07-15,03:00,03:40,4,182.9281666666667,399.020071825
2025-07-15,03:50,04:20,3,19.742250000000126,43.41728445833361
2025-07-15,04:30,04:40,1,38.83051666666677,85.29122985833357
2025-07-15,05:10,05:20,1,22.771033333333435,50.54030848333356
2025-07-15,05:50,07:20,9,377.58753333333163,1619.385715358326
2025-07-15,13:30,15:00,9,596.800766666667,2793.4113152666673
2025-07-15,15:10,16:20,7,306.84700000000043,1182.7733650500018
2025-07-15,16:40,16:50,1,30.932316666666793,141.7164088083339
2025-07-15,17:20,17:30,1,70.0283333333332,345.309711666666
2025-07-15,17:50,18:20,3,110.00308333333328,686.3642454249996
2025-07-15,18:30,19:40,7,1642.5667560000027,11076.696343752352
2025-07-16,02:10,02:40,3,110.75258333333318,240.17969656666634
2025-07-16,03:20,03:40,2,40.61298333333343,88.41822322500022
2025-07-16,04:00,04:50,5,119.49978333333343,262.62204666666685
2025-07-16,05:00,05:20,2,26.289383333333376,58.12942729166676
2025-07-16,05:40,06:10,3,223.1768875000007,993.0339801645866
2025-07-16,07:40,07:50,1,51.96388333333357,223.44469833333434
2025-07-16,14:50,15:00,1,52.090779166665044,174.3478378708279
2025-07-16,15:10,16:20,7,553.3323,2095.8156061
2025-07-16,17:00,17:20,2,51.20546666666655,245.48618079999943
2025-07-16,18:20,18:30,1,41.35500000000013,259.3992375000008
2025-07-16,18:50,19:10,2,72.802150000001,490.99141972500684
2025-07-16,20:00,20:10,1,57.77668333333327,390.3681609416662
2025-07-16,21:50,22:10,2,22.096733333332253,45.97476363333105
2025-07-16,22:20,23:10,5,129.6925,273.27012533333334
2025-07-16,23:30,24:00,3,8.94119999999998,19.091578533333287
2025-07-17,02:20,02:30,1,21.99833333333322,48.03336083333309
2025-07-17,03:30,04:10,4,221.99349999999993,485.73293144999985
2025-07-17,04:40,05:00,2,103.97634999999991,228.90575984999975
2025-07-17,05:50,06:10,2,55.64081666666766,258.86277360000463
2025-07-17,08:30,09:40,7,1053.299716666666,5355.488065424997
2025-07-17,14:00,14:50,5,450.6615641666672,2312.9196707925025
2025-07-17,15:20,15:30,1,1.3066666666666151,4.774559999999812
2025-07-17,16:10,17:10,6,492.6545000000003,2219.075587800001
2025-07-17,17:20,18:10,5,108.17763333333346,601.6531078083342
2025-07-17,18:20,18:40,2,58.228733333333366,364.62244835833354
2025-07-17,19:30,19:50,2,9.91626666666673,66.84729067500042
2025-07-17,20:00,20:10,1,41.67605000000003,281.5842318250002
2025-07-17,20:30,20:40,1,13.454233333333377,93.85673173333365
2025-07-17,23:30,23:50,2,87.69363333333308,187.2222823916661
2025-07-18,00:30,00:50,2,18.778066666666632,40.10854524999993
2025-07-18,01:00,01:20,2,22.27466666666669,47.93801197500005
2025-07-18,02:20,02:30,1,21.980000000000018,47.99333000000004
2025-07-18,02:50,03:00,1,27.70166666666671,60.34808083333342
2025-07-18,03:40,03:50,1,5.025966666666591,10.956607333333169
2025-07-18,04:20,04:30,1,9.531666666666638,20.798096666666602
2025-07-18,05:20,05:30,1,14.401249999999948,30.969888124999887
2025-07-18,05:40,06:20,4,73.95995416666622,283.3143256916646
2025-07-18,15:40,16:00,2,153.89183333333324,612.4867477499996
2025-07-18,17:00,17:10,1,2.8685833333333903,13.571267750000269
2025-07-18,17:40,18:30,5,237.68316666666522,1472.7671248749907
2025-07-18,18:40,18:50,1,442.7736855000021,2851.6839214627635
2025-07-18,22:40,23:40,6,84.3203499999986,178.72924257499704
2025-07-19,01:00,01:20,2,71.73643333333337,154.40354505000008
2025-07-19,02:20,02:30,1,49.01499999999987,107.02425249999972
2025-07-19,02:50,03:00,1,53.50833333333344,116.56790416666688
2025-07-19,03:20,04:00,4,87.37844999999987,190.32753858333308
2025-07-19,04:10,04:30,2,59.25703333333331,129.5374763166666
2025-07-19,04:50,05:30,4,163.02861666666678,356.70566084166694
2025-07-19,16:00,17:00,6,327.72019999999986,1451.8482638749992
2025-07-19,17:20,17:30,1,37.695833333333326,185.87815416666663
2025-07-19,17:50,18:20,3,69.1275333333333,431.35189473333315
2025-07-19,18:40,18:50,1,11.5685500000003,74.50724627500193
2025-07-19,21:00,21:20,2,26.93791666666641,125.76816359166551
2025-07-19,21:30,21:40,1,0.5779333333333625,2.8523899666668107
2025-07-19,22:30,22:40,1,6.822533333333354,14.279562266666709
2025-07-19,23:30,24:00,3,120.6822166666667,257.62205314166675
2025-07-20,01:30,01:50,2,37.319416666666825,80.76914480833368
2025-07-20,02:20,03:10,5,140.1248499999998,304.80701102499955
2025-07-20,03:40,03:50,1,16.222183333333305,35.36435966666661
2025-07-20,04:20,04:40,2,124.2859166666666,271.88969595833316
2025-07-20,05:00,05:20,2,41.95180000000016,92.76537801666701
2025-07-20,06:20,08:20,12,873.1628833333318,3629.5100774833263
2025-07-20,14:10,15:00,5,388.72998333333317,1844.3321221583326
2025-07-20,15:20,15:40,2,61.051833333333434,224.87512700000036
2025-07-20,17:30,18:00,3,58.9074999999998,326.0158682833321
2025-07-20,20:20,20:40,2,30.769583333333344,210.94615666666675
2025-07-20,23:00,23:10,1,5.763333333331502,12.241319999996112
2025-07-21,02:10,02:50,4,103.3183833333336,224.15445815000055
2025-07-21,04:10,04:20,1,16.0936333333334,35.31747835000015
2025-07-21,04:30,04:50,2,40.595016666666766,89.45369305833356
2025-07-21,05:10,05:20,1,1.2497666666666873,2.7738571166667128
2025-07-21,05:40,06:00,2,35.27522716666647,134.0200951447489
2025-07-21,06:20,06:40,2,45.50616666666656,198.51838343333287
2025-07-21,08:50,09:40,5,312.43118333333365,1538.1833475916683
2025-07-21,14:10,14:50,4,413.8541166666665,2073.177128916666
2025-07-21,15:10,16:20,7,360.7395333333334,1451.159772575
2025-07-21,16:40,18:00,8,306.37791666666647,1509.8617347333325
2025-07-21,18:50,19:20,3,173.05842349999682,1165.0916456504788
2025-07-21,20:30,20:40,1,31.61771666666675,220.56519146666727
2025-07-22,01:40,01:50,1,38.65464999999995,83.74529922499988
2025-07-22,03:00,03:20,2,15.556966666666767,34.01990587500022
2025-07-22,03:30,04:20,5,151.27144999999985,331.8821568249997
2025-07-22,04:40,05:10,3,124.58641666666688,272.6074691166671
2025-07-22,05:40,06:10,3,78.85645483333269,304.38070098091384
2025-07-22,06:20,07:00,4,56.25113333333377,239.51887825833518
2025-07-22,13:10,14:40,9,791.2850374999999,3768.7713117791664
2025-07-22,16:20,16:40,2,89.1078500000001,392.83699357500046
2025-07-22,17:00,17:10,1,17.751066666666702,83.98029640000017
2025-07-22,19:20,19:30,1,18.09999999999991,122.0211499999994
2025-07-22,19:40,20:10,3,139.85889999999984,943.4581573499988
2025-07-22,20:30,20:40,1,16.50951666666674,115.17038826666719
2025-07-22,22:20,22:40,2,94.42861666666603,197.931452483332
2025-07-22,23:00,23:50,5,122.1481500000001,259.06184753333355
2025-07-23,02:50,03:20,3,175.73658333333344,384.18398495833355
2025-07-23,03:50,04:00,1,11.480000000000018,25.12972000000004
2025-07-23,04:20,04:30,1,11.833333333333258,25.820333333333167
2025-07-23,04:50,05:00,1,19.948333333333267,43.83646249999985
2025-07-23,07:10,07:30,2,89.83414999999809,357.61507523332574
2025-07-23,07:40,09:10,9,876.6158333333327,4757.112988466664
2025-07-23,13:20,13:30,1,16.847916666666606,72.59767291666641
2025-07-23,15:30,16:10,4,480.6824500000005,1888.9244310666684
2025-07-23,16:20,17:10,5,101.66473333333329,466.9937707749998
2025-07-23,17:50,18:20,3,65.45176666666657,407.86531419999943
2025-07-23,18:30,18:50,2,16.242583333333414,103.53989475000051
2025-07-23,19:00,19:50,5,129.81326666666655,874.8934654833325
2025-07-23,20:30,20:40,1,25.178866666666636,175.64777386666645
2025-07-23,23:30,24:00,3,62.71041666666711,133.97850925833427
2025-07-24,02:10,02:20,1,33.46805000000006,72.35792410000013
2025-07-24,02:30,02:50,2,41.35388333333333,89.76821094166665
2025-07-24,03:00,03:30,3,113.88564999999994,248.85474067499987
2025-07-24,04:30,04:40,1,0.02198333333330993,0.04828639166661527
2025-07-24,05:00,05:20,2,83.4568333333334,183.9365977666668
2025-07-24,05:40,06:00,2,50.77532533333431,201.4543837123378
2025-07-24,06:20,06:30,1,16.471066666667298,72.13503646666943
2025-07-24,12:50,14:50,12,1266.219983333333,6046.534478108331
2025-07-24,15:10,15:20,1,42.13935000000015,152.05984447500055
2025-07-24,15:50,16:10,2,131.81656666666663,535.1365114499998
2025-07-24,16:20,17:10,5,139.0461333333335,639.0876477333342
2025-07-24,17:40,18:20,4,131.22448333333386,809.7485755833366
2025-07-24,18:50,19:00,1,125.94067533333862,847.958567019369
2025-07-24,19:20,19:30,1,19.311666666666724,130.1896008333337
2025-07-24,19:50,20:00,1,26.81666666666672,180.77115000000038
2025-07-25,00:20,00:30,1,36.01166666666677,76.86690250000022
2025-07-25,01:30,01:40,1,7.512066666666669,16.19601573333334
2025-07-25,02:30,02:50,2,46.403716666666696,100.8097416083334
2025-07-25,03:00,03:20,2,64.73744999999997,141.5114139499999
2025-07-25,03:30,03:50,2,83.01928333333342,180.8099023000002
2025-07-25,04:00,04:20,2,49.561750000000075,108.97807397500017
2025-07-25,04:30,05:20,5,144.21064999999993,317.4164843333332
2025-07-25,06:50,07:00,1,14.143616666667015,58.93645065000145
2025-07-25,07:30,07:50,2,83.90561666666682,325.0777585416671
2025-07-25,17:20,17:30,1,40.57000000000005,200.05067000000025
2025-07-25,17:50,18:50,6,158.40966666666577,990.7044336666609
2025-07-25,23:40,24:00,2,58.2484166666671,124.50076462500091
2025-07-26,00:50,01:10,2,126.97061666666661,272.4553642249999
2025-07-26,01:50,02:20,3,57.96378333333337,124.49344787500007
2025-07-26,02:30,02:50,2,74.59795000000008,161.8382963583335
2025-07-26,03:00,03:20,2,22.795949999999948,49.83830474999989
2025-07-26,03:50,04:10,2,87.20051666666666,191.02766109166666
2025-07-26,04:40,04:50,1,11.769750000000045,26.0229172500001
2025-07-26,05:40,06:00,2,181.9118385000001,619.7873570790001
2025-07-26,06:10,06:40,3,158.2565166666664,692.9883412833323
2025-07-26,15:50,16:00,1,32.11416666666673,129.33980625000027
2025-07-26,16:30,17:00,3,29.041183333333493,131.84499163333405
2025-07-26,18:00,18:10,1,85.62464999999793,537.7656143249869
2025-07-26,18:20,18:50,3,77.55178233333572,494.0462913011821
2025-07-26,19:00,19:20,2,24.55991666666489,165.20595979165466
2025-07-26,22:40,22:50,1,32.1385333333312,68.14975993332881
2025-07-26,23:00,23:20,2,70.21541666666678,149.00190733333358
2025-07-27,01:30,01:40,1,60.471900000000005,130.37741640000002
2025-07-27,02:10,02:20,1,37.07566666666662,80.15759133333323
2025-07-27,03:10,03:40,3,32.456600000000094,70.7077882500002
2025-07-27,04:00,04:20,2,64.21764999999971,141.12899332499936
2025-07-27,04:30,05:20,5,135.72595,298.7387980666667
2025-07-27,05:40,06:30,5,315.84353550000003,1347.150760998917
2025-07-27,07:00,09:20,14,1273.751716666667,6119.7272766583355
2025-07-27,13:50,14:10,2,65.13791350000037,321.9312687468352
2025-07-27,14:30,14:50,2,53.61650000000037,268.11250975000206
2025-07-27,15:10,15:20,1,16.841666666666697,60.77315416666678
2025-07-27,15:40,16:50,7,341.07703333333393,1469.8939513583357
2025-07-27,18:00,19:00,6,138.59980000000064,891.6372707083376
2025-07-27,19:20,19:50,3,43.28386666666688,291.7937986750014
2025-07-27,20:20,20:30,1,4.871666666666783,32.85695583333412
2025-07-28,01:30,01:50,2,98.85508333333314,213.65492831666626
2025-07-28,02:30,03:20,5,114.92763333333312,251.06328944999956
2025-07-28,03:50,04:10,2,25.8040666666667,56.516064533333406
2025-07-28,04:50,05:10,2,68.04741666666689,149.07175820833382
2025-07-28,10:10,10:30,2,67.75934999999981,323.8984563999991
2025-07-28,13:10,13:30,2,7.800583333333634,33.35384216666795
2025-07-28,13:50,15:00,7,812.5654166666666,4027.0111611499997
2025-07-28,15:20,17:20,12,998.6666833333331,4297.834528366666
2025-07-28,17:30,17:50,2,127.77503333333334,653.1389961833335
2025-07-28,18:00,18:30,3,130.54820000000007,815.1370514833336
2025-07-28,18:50,19:10,2,1504.6879074999974,10152.552146561233
2025-07-28,20:20,20:30,1,16.531666666666638,111.49782583333315
2025-07-28,21:20,21:40,2,59.943266666665224,282.7896634666599
2025-07-28,21:50,22:20,3,106.58611666666661,217.14211478333323
2025-07-28,23:10,23:40,3,142.35981666666657,301.0547446666665
2025-07-29,01:30,01:40,1,5.384750000000054,11.609521000000116
2025-07-29,02:10,02:20,1,14.386300000000006,31.103180600000012
2025-07-29,02:30,02:50,2,114.7557333333333,249.11759113333326
2025-07-29,03:40,04:00,2,24.153500000000008,52.741750000000025
2025-07-29,05:40,05:50,1,12.533666666666704,35.77108466666677
2025-07-29,13:40,14:20,4,212.07901666666703,1038.863757883335
2025-07-29,16:40,17:00,2,47.86771666666641,220.00711536666546
2025-07-29,18:00,18:10,1,16.346983333333355,102.66722882500014
2025-07-29,18:40,19:30,5,172.3071833333346,1150.6402155416752
2025-07-29,20:20,20:40,2,43.47668333333331,300.05890209999984
2025-07-30,02:10,02:20,1,28.90524999999991,62.4931504999998
2025-07-30,02:40,03:40,6,107.44261666666648,234.21566261666624
2025-07-30,03:50,04:20,3,68.81018333333327,151.18684499166653
2025-07-30,04:30,04:40,1,14.975983333333488,32.89474739166701
2025-07-30,05:00,05:20,2,25.282783333333327,55.52351185833332
2025-07-30,05:40,06:50,7,311.2501633333327,1330.335428976664
2025-07-30,07:30,09:10,10,503.7640999999976,2611.9380950416535
2025-07-30,15:10,16:20,7,631.9010666666659,2413.070661591664
2025-07-30,17:00,17:20,2,67.0790333333332,322.22812169999935
2025-07-30,17:30,17:50,2,39.37885000000006,202.65376566666689
2025-07-30,18:00,18:20,2,37.3824166666667,234.5875765250002
2025-07-30,18:30,18:50,2,49.87130000000002,319.60439439166674
2025-07-30,20:20,20:30,1,0.8066666666666151,5.440563333332986
2025-07-31,02:10,02:30,2,141.6469333333332,307.80723153333304
2025-07-31,03:50,04:00,1,3.1533333333333076,6.902646666666611
2025-07-31,04:10,04:40,3,135.0712666666667,295.4109288000001
2025-07-31,04:50,05:00,1,3.6200000000000045,7.954950000000009
2025-07-31,13:40,14:50,7,975.0211000000003,4894.348668866668
2025-07-31,15:30,15:50,2,146.40596666666647,559.9064422499993
2025-07-31,16:30,16:50,2,58.946816666666564,268.39309103333284
2025-07-31,17:10,17:40,3,165.40129999999954,811.1761342999977
2025-07-31,18:30,19:00,3,772.8884686666709,5148.361043874362
2025-07-31,19:10,19:20,1,20.19661666666684,135.77175554166786
2025-07-31,19:30,21:00,9,169.41478333333524,1081.2436609666793
2025-07-31,22:00,22:10,1,3.745866666666643,7.227649733333288
2025-07-31,22:30,22:50,2,100.28899999999987,211.21508654166638
2025-07-31,23:30,24:00,3,114.34621666666669,243.59968397500006
2025-08-01,00:50,01:00,1,21.823333333333267,46.75649166666653
2025-08-01,01:20,02:10,5,146.98711666666657,316.3874264083331
2025-08-01,02:40,03:30,5,102.28144999999972,223.24308619166604
2025-08-01,03:50,04:00,1,66.88833333333326,146.4185616666665
2025-08-01,04:20,04:40,2,104.98035000000004,229.44937294166678
2025-08-01,04:50,05:30,4,145.5798666666667,318.4745254833334
2025-08-01,17:20,17:50,3,107.79981666666629,538.734510399998
2025-08-01,18:40,19:10,3,28.212766666665516,186.1129164166589
2025-08-01,20:40,20:50,1,13.799383333333731,84.35563031666909
2025-08-01,22:10,22:30,2,12.51288333333332,27.213670533333307
2025-08-01,22:40,23:10,3,133.1220333333332,282.2363458416664
2025-08-02,00:20,00:30,1,21.096666666666806,45.0308350000003
2025-08-02,01:20,01:40,2,27.91930000000002,59.73536580000005
2025-08-02,01:50,02:10,2,34.950966666666545,75.28830494999974
2025-08-02,03:10,03:50,4,92.87356666666665,202.46882844166663
2025-08-02,04:20,04:40,2,32.60693333333336,71.38383656666673
2025-08-02,05:20,05:30,1,11.620416666666642,24.989706041666615
2025-08-02,05:50,06:20,3,146.59313333333358,672.8184340000012
2025-08-02,06:40,07:20,4,86.82105000000018,356.0136728000008
2025-08-02,15:40,16:40,6,232.9841333333335,974.7809265833339
2025-08-02,17:20,17:50,3,88.91413333333333,447.2146288
2025-08-02,18:00,18:30,3,359.56550000000016,2253.8909912333343
2025-08-02,18:40,19:10,3,364.07413699999637,2359.1585264984765
2025-08-02,23:40,24:00,2,49.21319999999982,105.19724693333295
2025-08-03,01:40,01:50,1,27.274700000000053,59.09063755000012
2025-08-03,02:10,02:30,2,5.084166666666647,11.081121666666624
2025-08-03,02:50,03:00,1,25.146666666666647,54.78201333333328
2025-08-03,03:20,03:40,2,44.77128333333337,97.4984081750001
2025-08-03,03:50,04:30,4,54.006233333333626,118.45962385000064
2025-08-03,05:40,06:00,2,83.89117199999873,283.71963592966216
2025-08-03,06:40,07:00,2,62.61613333333321,263.4187187999995
2025-08-03,16:20,16:30,1,12.365000000000009,54.350357500000044
2025-08-03,17:20,17:30,1,27.722916666666606,136.70170208333303
2025-08-03,17:50,18:00,1,20.709999999999923,127.50111499999953
2025-08-03,18:30,20:10,10,342.2039500000011,2293.8249276083407
2025-08-03,20:50,22:50,12,363.1460999999993,999.7352524666633
2025-08-03,23:20,23:40,2,17.844916666666563,37.780256666666446
2025-08-04,03:20,04:00,4,206.30015000000014,449.5110640000003
2025-08-04,04:10,04:40,3,139.8468499999998,305.87593029166624
2025-08-04,05:40,06:00,2,45.59921666666639,199.3554195749986
2025-08-04,14:40,17:40,18,1217.5826000000004,4962.069306341669
2025-08-04,18:00,18:20,2,28.96864999999991,181.71311657499945
2025-08-04,18:30,19:10,4,1446.7711081666725,9712.367944718955
2025-08-04,19:50,20:10,2,41.444266666666636,279.7036927333331
2025-08-04,23:40,24:00,2,49.7027833333328,106.26001047499886
2025-08-05,02:10,02:20,1,42.96491666666657,92.89014983333311
2025-08-05,03:50,04:00,1,7.676666666666733,16.80422333333348
2025-08-05,04:20,04:50,3,99.45941666666658,218.57679403333316
2025-08-05,05:40,06:10,3,45.2996833333342,194.99684081667047
2025-08-05,06:20,06:50,3,62.57386666666673,268.88872136666686
2025-08-05,08:10,08:30,2,98.05160000000214,535.011252508345
2025-08-05,08:50,09:10,2,33.753400000000525,172.0244800000027
2025-08-05,14:40,15:00,2,102.05004999999983,389.6470506499992
2025-08-05,15:30,15:40,1,2.4921499999998105,9.387929049999286
2025-08-05,16:10,16:20,1,6.915749999999889,29.45763712499953
2025-08-05,17:00,17:20,2,111.2296333333336,531.9934399666679
2025-08-05,17:40,18:00,2,58.24606666666682,330.56606802500085
2025-08-05,18:20,18:40,2,36.30391666666674,227.49618141666713
2025-08-05,19:40,20:10,3,49.47783333333325,333.6964039166661
2025-08-05,23:20,23:50,3,38.103083333334325,80.66691164166876
2025-08-06,02:30,02:40,1,39.23923333333323,85.30609326666644
2025-08-06,03:10,03:50,4,99.77698333333342,217.3104380833335
2025-08-06,04:50,05:00,1,1.2483333333333348,2.743212500000003
2025-08-06,05:40,06:00,2,109.28983766666693,412.7565914923342
2025-08-06,14:10,15:00,5,872.2959500000001,3982.322655908333
2025-08-06,15:10,16:40,9,996.8259500000001,3900.4884694833345
2025-08-06,17:10,18:00,5,135.65455000000009,723.5356561916672
2025-08-06,18:20,18:40,2,69.61031666666679,436.4701820250008
2025-08-06,18:50,19:20,3,985.9790696666681,6645.049540451178
2025-08-06,20:00,20:10,1,14.321849999999927,96.76557952499951
2025-08-06,22:20,22:40,2,79.00224999999807,165.53800334999596
2025-08-06,23:00,24:00,6,228.0887333333335,485.33653360000034
2025-08-07,01:30,01:50,2,50.77500000000009,109.7802158250002
2025-08-07,02:30,02:50,2,37.15084999999999,80.61367434999998
2025-08-07,03:00,03:20,2,35.19901666666681,76.9444442250003
2025-08-07,04:00,04:20,2,60.35514999999998,132.62901617499995
2025-08-07,05:00,05:20,2,69.80444999999986,152.63900060833305
2025-08-07,06:20,08:00,10,787.5826499999976,3337.739346249989
2025-08-07,08:20,08:40,2,44.040299999999604,234.78247927499783
2025-08-07,17:50,18:00,1,4.4375,27.319468750000002
2025-08-07,18:20,18:30,1,16.0220833333334,100.49851770833374
2025-08-07,18:50,19:00,1,5.630000000000564,37.9067900000038
2025-08-07,19:30,19:40,1,4.423283333333188,29.835046083332355
2025-08-07,20:00,20:10,1,27.3422833333334,184.7381373416671
2025-08-07,22:20,22:30,1,12.21701666666679,25.643517983333595
2025-08-07,22:50,23:30,4,166.98043333333328,353.63553703333326
2025-08-08,00:20,00:30,1,9.834999999999923,20.992807499999834
2025-08-08,01:00,01:20,2,61.60220000000004,132.66896505000008
2025-08-08,02:20,02:30,1,31.383333333333326,68.52550833333332
2025-08-08,05:40,07:10,9,325.5709771666664,1372.5246041669989
2025-08-08,16:20,16:30,1,23.742083333333426,104.35832729166708
2025-08-08,16:50,17:20,3,60.64760000000001,285.9580883500001
2025-08-08,17:50,18:10,2,73.97291666666666,460.32057979166666
2025-08-08,21:50,22:10,2,39.39028333333235,80.00224335833126
2025-08-08,22:20,22:40,2,63.859050000000025,133.82009165000005
2025-08-08,23:20,23:40,2,44.39263333333338,93.81343266666676
2025-08-09,00:30,01:10,4,177.09421666666663,378.6708481749999
2025-08-09,01:40,02:00,2,18.91260000000011,40.84748290000024
2025-08-09,02:20,02:50,3,62.43178333333333,135.74730551666667
2025-08-09,04:20,04:30,1,18.039999999999907,39.3632799999998
2025-08-09,05:20,05:30,1,37.743750000000034,81.16793437500007
2025-08-09,05:40,05:50,1,0.15219400000034966,0.43436167600099795
2025-08-09,06:00,06:10,1,14.142850000000124,66.24510940000059
2025-08-09,07:10,07:20,1,10.203916666666302,40.672811833331885
2025-08-09,16:00,16:10,1,1.4184666666667454,5.866068900000325
2025-08-09,16:40,18:10,9,489.1672000000009,2825.6787120833387
2025-08-09,18:30,18:50,2,662.9438328333339,4268.775639646421
2025-08-09,19:10,19:20,1,11.537116666667202,77.55826679167026
2025-08-09,21:50,23:10,8,275.30716666666615,577.8660246166658
2025-08-10,02:30,02:50,2,81.83365000000015,177.630228816667
2025-08-10,03:00,03:10,1,9.943200000000047,21.745778400000106
2025-08-10,03:50,04:00,1,25.740000000000123,56.34486000000027
2025-08-10,04:30,04:40,1,0.49796666666668443,1.0937837833333726
2025-08-10,05:00,05:20,2,9.066266666666593,19.668068533333173
2025-08-10,14:40,14:50,1,10.377250000000004,48.64854800000001
2025-08-10,15:10,16:10,6,466.75793333333286,1800.125920666665
2025-08-10,16:30,16:50,2,92.68278333333319,421.98838621666596
2025-08-10,17:10,17:30,2,36.28331666666668,178.7238354833334
2025-08-10,18:10,18:20,1,7.308050000000094,45.481649175000584
2025-08-10,18:50,19:00,1,192.46543950000046,1295.869804153503
2025-08-10,20:20,20:40,2,39.74818333333337,271.42984943333363
2025-08-11,01:30,01:40,1,0.15746666666655074,0.33949813333308343
2025-08-11,02:10,02:30,2,9.693750000000136,21.164430833333633
2025-08-11,02:50,03:20,3,111.45713333333333,243.66928891666666
2025-08-11,04:40,04:50,1,4.595833333333189,10.16138749999968
2025-08-11,07:20,09:30,13,774.5774416666651,3703.3049909083265
2025-08-11,14:40,15:20,4,188.47901460905555,700.8233312682175
2025-08-11,17:50,18:00,1,19.41375000000005,119.52075187500031
2025-08-11,18:10,18:30,2,58.19188333333318,364.60340884166567
2025-08-11,18:50,19:40,5,197.28980000000104,1329.7861333166738
2025-08-11,20:00,20:10,1,23.9459999999998,161.79114899999865
2025-08-11,20:20,20:40,2,11.3662833333334,79.00799086666713
2025-08-11,21:50,22:20,3,85.50246666666544,174.39401587499742
2025-08-11,22:40,23:00,2,67.40876666666668,142.86551638333336
2025-08-11,23:30,23:40,1,18.10699999999997,38.38683999999994
2025-08-12,01:40,01:50,1,12.022200000000112,26.046096300000244
2025-08-12,02:20,02:30,1,7.486666666666679,16.347136666666692
2025-08-12,02:50,03:40,5,206.15746666666655,449.7431926166663
2025-08-12,04:00,04:20,2,33.50886666666656,73.59053889999979
2025-08-12,04:50,05:20,3,113.12321666666651,248.20667317499968
2025-08-12,05:40,05:50,1,17.193190666666283,49.069366162665574
2025-08-12,14:10,16:40,15,1346.577294855968,5753.3376865246955
2025-08-12,17:20,17:50,3,198.8774999999996,986.9619357166647
2025-08-12,18:10,20:00,11,1878.870969666666,12631.151320359499
2025-08-12,20:20,20:40,2,36.80186666666668,254.5691552000001
2025-08-12,20:50,21:00,1,14.22508333333285,66.37423883333109
2025-08-12,22:20,22:40,2,9.882166666666535,20.69557483333306
2025-08-13,01:30,01:40,1,26.521283333333372,57.179886866666756
2025-08-13,02:10,03:10,6,139.94723333333332,304.1800456166666
2025-08-13,03:50,04:00,1,17.754999999999995,38.86569499999999
2025-08-13,04:20,05:00,4,172.37193333333346,378.486788241667
2025-08-13,05:40,06:10,3,107.89230416666635,496.2504651750004
2025-08-13,06:30,08:00,9,476.3696666666668,1950.2808458083339
2025-08-13,08:20,08:40,2,99.6746833333337,535.9137086416687
2025-08-13,14:00,14:20,2,68.37796666666691,341.4929943000012
2025-08-13,17:10,17:20,1,5.806866666666792,28.285247533333944
2025-08-13,17:30,17:50,2,40.88451666666674,203.91387825000044
2025-08-13,18:30,19:30,6,232.02970000000096,1552.3805163916732
2025-08-13,20:20,20:40,2,44.90963333333343,310.4564279666673
2025-08-14,01:40,01:50,1,21.178666666666686,45.883581333333375
2025-08-14,02:30,02:50,2,21.92904999999996,47.62130024166658
2025-08-14,03:20,04:00,4,225.48194999999998,491.4335126083333
2025-08-14,04:20,04:40,2,31.003250000000094,67.68599279166686
2025-08-14,05:40,06:00,2,110.50715800000066,375.12271976533657
2025-08-14,06:20,07:20,6,211.12140000000034,885.7151977666681
2025-08-14,07:40,07:50,1,16.512983333332556,71.00582833332999
2025-08-14,08:00,08:20,2,375.6797166666656,2125.8619595666605
2025-08-14,08:30,09:10,4,448.4640500000001,2336.0245617083337
2025-08-14,15:20,15:50,3,78.72763333333342,293.91594870000034
2025-08-14,16:00,18:10,13,822.2710666666667,3865.753390316667
2025-08-14,18:20,18:30,1,4.788749999999823,30.037434374998888
2025-08-14,18:50,19:20,3,131.33186666666768,885.6017900166735
2025-08-14,20:20,20:40,2,87.82168333333334,609.4258271000001
2025-08-14,21:10,21:20,1,22.221616666666343,104.11938489166515
2025-08-14,21:30,21:40,1,29.54936666666663,145.84089918333316
2025-08-14,22:30,23:10,4,65.78870000000029,139.16859802500062
2025-08-14,23:30,24:00,3,59.85736666666662,127.69678438333322
2025-08-15,00:30,00:50,2,103.84529999999995,221.78442840833324
2025-08-15,01:20,02:50,9,166.05468333333351,359.4676645583337
2025-08-15,04:00,04:20,2,85.99929999999995,189.0789832499999
2025-08-15,04:40,05:30,5,185.1547500000001,406.1739443000002
2025-08-15,05:40,05:50,1,20.959708166667042,59.81900710766774
2025-08-15,16:20,16:50,3,91.17663333333314,408.3656637166658
2025-08-15,18:00,18:10,1,24.37822699999691,153.1074546734806
2025-08-15,18:20,18:30,1,0.10541666666676974,0.6612260416673132
2025-08-15,19:00,19:20,2,9.17470000000094,61.842741600006335
2025-08-15,21:10,21:40,3,138.54345000000112,660.4225308083386
2025-08-15,22:00,22:20,2,14.246183333333192,30.964951566666386
2025-08-15,22:50,24:00,7,249.56470000000013,530.6150730833335
2025-08-16,01:00,01:20,2,121.44945000000007,261.5573239500002
2025-08-16,01:30,01:50,2,40.304233333333286,87.17566544166658
2025-08-16,02:10,02:20,1,3.6386333333333596,7.866725266666723
2025-08-16,02:50,03:20,3,68.32618333333335,149.37894303333337
2025-08-16,03:30,04:00,3,92.57285000000007,201.72503455000017
2025-08-16,04:30,05:10,4,176.38735000000003,386.60769080000006
2025-08-16,05:40,06:00,2,61.779949999999985,213.05439771666647
2025-08-16,16:30,16:50,2,29.189833333333127,133.21362319999906
2025-08-16,17:10,17:20,1,2.337199999999825,11.384501199999148
2025-08-16,17:50,19:00,7,770.0926428333306,4846.864926776399
2025-08-16,19:20,19:40,2,51.54366666666692,347.6285514250017
2025-08-16,20:20,20:40,2,72.924483333333,494.06651650833106
2025-08-16,22:00,22:20,2,36.81883333333349,77.56543985833366
2025-08-16,23:10,23:30,2,44.69035000000008,94.43997533333349
2025-08-17,02:10,02:30,2,125.42761666666672,272.4456230666668
2025-08-17,03:00,03:50,5,171.05775000000028,373.09832044166734
2025-08-17,04:50,05:20,3,43.04848333333359,94.32633392500057
2025-08-17,06:00,09:00,18,1359.2109624999996,6324.371947008332
2025-08-17,16:00,16:40,4,178.27141666666648,760.8613954083326
2025-08-17,17:30,17:50,2,72.55646666666667,376.6075718833333
2025-08-17,18:10,18:50,4,128.87011666666683,808.3817072833343
2025-08-17,19:00,19:50,5,216.83316666666678,1461.2629299416676
2025-08-17,20:20,20:30,1,3.5283333333333076,23.796844166666496
2025-08-18,01:30,01:50,2,57.03541666666672,122.97866845833346
2025-08-18,02:10,02:20,1,72.51356666666675,156.7743311333335
2025-08-18,02:30,03:00,3,57.77339999999981,125.45393909999959
2025-08-18,03:40,04:10,3,73.4008,160.77937895833335
2025-08-18,04:30,04:50,2,43.53004999999996,95.93242833333325
2025-08-18,05:00,05:20,2,54.93466666666666,120.5227771333333
2025-08-18,05:40,06:20,4,201.72562299999754,769.5863542086589
2025-08-18,14:20,14:30,1,8.03125,41.244484375
2025-08-18,14:40,15:00,2,103.44758333333311,403.24731816666576
2025-08-18,15:40,16:00,2,63.15386666666677,249.1275928000004
2025-08-18,16:10,16:30,2,51.02008333333333,222.48577829166666
2025-08-18,16:40,17:40,6,328.27953333333335,1586.3214840416667
2025-08-18,18:30,19:20,5,878.5917350000043,5900.96533843003
2025-08-18,19:40,20:00,2,53.332616666666695,359.4803646750002
2025-08-18,20:20,20:40,2,125.6749000000001,858.9242724000006
2025-08-19,01:40,01:50,1,18.158833333333178,39.341112416666334
2025-08-19,02:20,02:50,3,113.0336166666666,245.94669119999986
2025-08-19,03:30,04:00,3,15.776816666666718,34.46953061666678
2025-08-19,04:20,04:50,3,136.44263333333345,299.2276220000003
2025-08-19,14:40,16:10,9,512.0571240740751,1975.8690236777811
2025-08-19,18:10,18:30,2,27.572900000000118,172.57130690000074
2025-08-19,18:50,19:00,1,136.31896083333572,917.8355632908494
2025-08-19,19:20,19:40,2,98.07113333333302,661.2911868333313
2025-08-19,19:50,20:10,2,65.20353333333321,440.41700796666584
2025-08-19,23:40,24:00,2,27.931750000000488,59.65607712500105
2025-08-20,01:40,01:50,1,2.923816666666653,6.3344488083333035
2025-08-20,02:10,02:20,1,25.540849999999978,55.21931769999995
2025-08-20,03:00,03:20,2,48.20089999999993,105.38330119999986
2025-08-20,03:50,04:00,1,6.543333333333294,14.32335666666658
2025-08-20,05:40,09:30,23,3045.1556033333336,14501.229048121666
2025-08-20,14:10,15:00,5,365.14751666666666,1748.1950294916671
2025-08-20,16:20,16:40,2,35.17031666666662,154.7613023416665
2025-08-20,16:50,17:30,4,179.63396666666654,857.8070451333328
2025-08-20,17:50,18:10,2,96.28146666666657,593.5724863999995
2025-08-20,18:50,19:20,3,1231.1769598333335,8301.409217113085
2025-08-20,19:30,20:20,5,254.89471666666594,1718.0878021583285
2025-08-20,22:10,22:30,2,9.650799999999752,20.51252219999946
2025-08-20,22:50,24:00,7,269.4324833333334,571.6875245833334
2025-08-21,02:40,03:20,4,202.78138333333334,442.24821097499995
2025-08-21,03:50,04:10,2,36.65573333333339,80.40721286666678
2025-08-21,04:30,05:10,4,200.17444999999998,439.75326177499994
2025-08-21,14:00,14:50,5,193.3658499999999,970.8138554416662
2025-08-21,15:10,15:30,2,165.32439999999997,600.2251738583332
2025-08-21,15:50,16:10,2,75.91439999999989,312.0057161999995
2025-08-21,18:00,18:20,2,173.32311666666658,1084.3516244249995
2025-08-21,18:30,18:50,2,34.092816666666636,217.30945086666648
2025-08-21,19:10,19:50,4,34.694833333333804,233.86342340833647
2025-08-21,20:20,20:30,1,17.791666666666742,119.99589583333385
2025-08-21,22:10,22:30,2,48.08751666666612,103.1429363999988
2025-08-21,23:10,23:30,2,36.81188333333341,77.7285593333335
2025-08-21,23:50,24:00,1,9.99666666666667,21.372873333333338
2025-08-22,01:30,01:50,2,100.47090000000003,217.13051132500007
2025-08-22,02:00,02:10,1,7.459300000000098,16.01138745000021
2025-08-22,02:30,03:20,5,193.66516666666655,421.83857758333306
2025-08-22,03:30,04:00,3,158.63975,346.544817525
2025-08-22,04:20,04:50,3,77.95583333333343,170.54468239166687
2025-08-22,05:20,05:30,1,18.685000000000002,40.1820925
2025-08-22,05:40,06:20,4,79.8612060000001,346.17008638233386
2025-08-22,15:50,17:40,11,675.6742666666671,3058.307212725002
2025-08-22,18:00,18:30,3,712.2107378333302,4468.78625742623
2025-08-22,18:40,19:40,6,194.57283333333191,1301.2148869249909
2025-08-22,20:50,21:30,4,49.50239999999981,228.3126610249991
2025-08-22,21:50,22:40,5,245.34608333333347,515.2568755083336
2025-08-23,00:30,00:50,2,9.34951666666666,19.969509649999985
2025-08-23,02:20,02:30,1,4.223333333333358,9.221648333333386
2025-08-23,03:00,03:20,2,71.57571666666672,156.49977315000012
2025-08-23,03:30,03:40,1,0.159966666666719,0.34816745000011384
2025-08-23,04:00,04:30,3,87.00129999999996,190.97718708333326
2025-08-23,04:50,05:30,4,44.96646666666675,97.92943796666685
2025-08-23,05:40,05:50,1,25.0239274999999,71.41828908499971
2025-08-23,16:20,16:30,1,26.71458333333328,117.42395104166644
2025-08-23,16:50,17:00,1,4.141250000000127,19.18227000000059
2025-08-23,17:10,17:40,3,64.66991666666672,317.4434626333336
2025-08-23,21:30,21:50,2,102.3901166666665,445.2615056499992
2025-08-23,22:30,23:10,4,84.6202166666668,178.99520813333362
2025-08-23,23:30,24:00,3,105.91856666666683,225.4906598333337
2025-08-24,01:40,01:50,1,12.867633333333288,27.87772761666657
2025-08-24,02:10,02:20,1,14.306016666666665,30.929608033333327
2025-08-24,03:20,04:10,5,75.47228333333328,165.22946989999988
2025-08-24,05:40,07:50,13,662.691631666668,2761.104324167505
2025-08-24,08:10,08:20,1,49.16640000000007,269.33353920000036
2025-08-24,14:10,15:30,8,529.5447551440323,2222.7508861753063
2025-08-24,15:50,16:00,1,20.604583333333267,82.98495937499973
2025-08-24,16:20,16:30,1,83.31208333333325,366.1982622916663
2025-08-24,16:50,17:40,5,121.15893333333293,583.711631449998
2025-08-24,17:50,18:20,3,167.049433333333,1040.1081016833314
2025-08-24,18:40,19:00,2,44.88616666666712,294.5907939166698
2025-08-24,19:40,20:00,2,20.798266666666677,140.18954340000008
2025-08-24,20:30,20:40,1,4.567450000000008,31.862531200000056
2025-08-24,23:10,23:20,1,8.73249999999959,18.51289999999913
2025-08-25,01:00,01:10,1,61.47343333333322,132.50598554999976
2025-08-25,02:30,02:50,2,26.852150000000165,58.316139591667024
2025-08-25,03:50,04:20,3,108.83894999999995,239.0377492749999
2025-08-25,04:50,05:10,2,46.30803333333313,101.67748921666622
2025-08-25,05:40,05:50,1,1.3378166666650486,3.8181287666620487
2025-08-25,06:20,07:30,7,434.70004999999946,1808.6639830416646
2025-08-25,14:00,15:00,6,597.3558500000003,2973.905895458334
2025-08-25,15:10,16:20,7,614.1522833333331,2345.158744216666
2025-08-25,16:30,17:10,4,156.12868333333336,717.7197834916667
2025-08-25,17:40,18:30,5,88.17483333333337,523.3598538500003
2025-08-25,18:50,19:50,6,4153.191042666665,27995.10004293233
2025-08-25,20:00,20:10,1,7.326966666666749,49.50465028333389
2025-08-25,23:10,23:30,2,64.6776000000003,136.80487866666732
2025-08-26,02:30,03:00,3,52.34850000000006,113.75346035000013
2025-08-26,03:30,04:30,6,93.94619999999986,205.73254446666635
2025-08-26,16:10,16:20,1,23.108233333333374,98.42951988333351
2025-08-26,16:30,17:20,5,243.55148333333295,1135.9648232416648
2025-08-26,17:40,17:50,1,10.199966666666569,54.78402096666615
2025-08-26,19:00,19:10,1,25.735950000000116,174.01362592500078
2025-08-26,20:30,20:40,1,43.87078333333329,306.04258453333307
2025-08-27,01:30,01:40,1,12.844799999999964,27.693388799999923
2025-08-27,02:10,02:30,2,36.72896666666679,79.59407260000027
2025-08-27,03:20,03:50,3,65.88563333333332,143.44621691666663
2025-08-27,04:00,04:30,3,82.62104999999985,181.27873399166634
2025-08-27,04:50,05:20,3,79.0700333333333,173.24554668333326
2025-08-27,06:00,06:20,2,40.49548333333382,185.3123696000022
2025-08-27,06:40,07:00,2,51.68858333333304,215.63208524999877
2025-08-27,08:00,09:30,9,504.73205000000024,2609.9841843333343
2025-08-27,14:10,15:00,5,549.2230833333335,2717.6346346583337
2025-08-27,15:20,16:20,6,157.7644166666671,617.2564072000018
2025-08-27,17:20,17:50,3,46.05873333333261,225.553552216663
2025-08-27,18:20,19:00,4,841.5597789999991,5627.550777306994
2025-08-27,19:20,19:30,1,11.69833333333338,78.86431416666699
2025-08-27,20:30,20:40,1,18.177700000000073,126.8076352000005
2025-08-28,01:30,01:50,2,25.169216666666784,54.36498170833359
2025-08-28,02:10,02:20,1,57.29623333333336,123.87445646666673
2025-08-28,03:00,03:30,3,31.89371666666682,69.63055220000032
2025-08-28,04:20,04:40,2,60.05579999999998,131.45487219999995
2025-08-28,05:10,05:20,1,12.015616666666574,26.668661191666462
2025-08-28,05:50,06:20,3,135.11851666666666,619.7456078166668
2025-08-28,09:50,11:00,7,264.2978166666667,1164.230038025
2025-08-28,14:20,15:00,4,258.40066666666667,1171.6867305833332
2025-08-28,17:00,17:30,3,205.57441666666705,993.5534569166684
2025-08-28,18:20,18:30,1,70.70999999999992,443.5284749999995
2025-08-28,18:50,19:10,2,1134.8309965000062,7647.154150334792
2025-08-28,19:50,20:10,2,87.43921666666665,589.9596299083332
2025-08-28,23:00,23:10,1,18.551183333331256,39.40271339999559
2025-08-28,23:20,23:30,1,10.399999999999977,21.94399999999995
2025-08-29,00:40,01:00,2,108.1461833333334,231.33417284166683
2025-08-29,04:30,04:50,2,4.582583333333332,10.103907374999997
2025-08-29,05:00,05:20,2,24.504466666666644,54.128532633333286
2025-08-29,06:00,06:30,3,90.88149999999962,402.89381566666486
2025-08-29,06:40,07:40,6,445.37355,1768.330100175
2025-08-29,15:40,16:30,5,90.64246666666679,378.8537753000005
2025-08-29,16:40,17:00,2,56.91178333333346,263.5300926333339
2025-08-29,18:00,18:10,1,66.60307916666557,418.3006387062431
2025-08-29,18:30,18:40,1,32.280033333333336,202.10528870000002
2025-08-29,23:40,23:50,1,0.391816666665727,0.83672449166466
2025-08-30,00:50,02:50,12,246.51091666666656,530.3393078916664
2025-08-30,03:20,03:30,1,3.305000000000007,7.198290000000014
2025-08-30,03:50,04:40,5,77.75728333333342,170.5922138750002
2025-08-30,05:10,05:30,2,67.12774999999993,146.00740112499986
2025-08-30,16:00,16:40,4,41.799666666666894,176.13485440833435
2025-08-30,17:30,17:50,2,59.168116666666606,304.16635273333304
2025-08-30,18:00,18:30,3,401.52847983333567,2519.347591626598
2025-08-30,20:40,20:50,1,4.731050000000799,28.920908650004883
2025-08-30,21:50,22:20,3,49.8978166666667,101.16933025000006
2025-08-30,22:30,22:50,2,38.04338333333328,79.93285585833321
2025-08-30,23:10,23:40,3,130.6418,276.1830826666666
2025-08-30,23:50,24:00,1,2.3599999999999,5.045679999999786
2025-08-31,01:30,02:00,3,34.84576666666817,75.23979378333658
2025-08-31,02:50,03:00,1,0.16666666666662877,0.3630833333332507
2025-08-31,04:10,04:40,3,111.41701666666677,243.71591900833354
2025-08-31,04:50,05:10,2,21.77308333333326,47.22889004166651
2025-08-31,05:40,06:30,5,132.4628499999999,523.4860609416663
2025-08-31,06:50,08:00,7,760.5265166666668,3098.368658208334
2025-08-31,14:30,14:50,2,215.24084999999968,1052.9158112999985
2025-08-31,15:30,16:10,4,187.65911666666648,729.0879480583325
2025-08-31,16:30,17:00,3,93.6616666666664,428.77594435833214
2025-08-31,18:50,19:30,4,1608.8683218333363,10852.356046459436
2025-08-31,20:00,20:10,1,48.21586666666656,325.77050313333257
2025-08-31,20:30,20:40,1,23.876166666666677,166.56013866666675
2025-08-31,22:40,23:00,2,73.79111666666559,156.33268289166438
2025-08-31,23:20,23:30,1,23.246666666666783,49.05046666666691
2025-09-02,05:40,06:00,2,97.57152400000052,338.46369053766875
2025-09-02,06:50,09:20,15,1291.9346000000028,6182.072088541677
2025-09-03,04:50,05:00,1,12.068333333333271,26.52016249999986
2025-09-03,15:10,15:20,1,50.24248333333321,181.3000011083329
2025-09-03,15:30,16:10,4,161.96549999999957,639.3811741833316
2025-09-03,16:40,16:50,1,8.170733333333146,37.43421476666581
2025-09-04,07:00,08:50,11,637.7510546666625,3257.7851496979815
2025-09-06,03:30,03:50,2,9.156116666666719,19.932053283333445
2025-09-06,05:40,06:00,2,13.47524999999979,49.54693349999924
2025-09-06,06:30,07:40,7,143.3938500000003,587.0614629750012
2025-09-07,05:10,05:20,1,22.57291666666663,50.10058854166658
2025-09-08,01:00,01:10,1,12.320749999999975,26.557376624999947
2025-09-08,01:40,02:00,2,25.392950000000155,54.829062841667
2025-09-08,02:20,02:30,1,12.226666666666688,26.696926666666712
2025-09-08,03:00,03:10,1,9.56868333333341,20.926710450000172
2025-09-08,03:40,04:20,4,61.55640000000028,134.75318083333394
2025-09-08,04:30,05:20,5,181.85715000000016,400.0243679333337
2025-09-08,05:40,06:20,4,141.4833423333322,562.246847060997
2025-09-08,14:10,18:00,23,2481.683383333333,10450.521622075003
2025-09-08,18:20,18:40,2,75.16393333333349,471.1938474333343
2025-09-08,18:50,19:10,2,1246.9276086666646,8408.501095999653
2025-09-08,22:40,23:00,2,81.88478333333194,173.52179972499704
2025-09-08,23:40,24:00,2,106.52606666666668,227.68821953333335
2025-09-09,02:10,03:30,8,145.7493333333333,317.7190450666666
2025-09-09,04:00,04:20,2,76.0033166666667,167.0316422250001
2025-09-09,04:40,05:00,2,5.26520000000005,11.598314700000108
2025-09-09,07:00,07:50,5,244.1132999999992,933.8359495999966
2025-09-09,16:00,16:20,2,98.63396666666654,415.94680674999944
2025-09-09,16:30,16:50,2,103.99043333333316,473.0642871916658
2025-09-09,17:30,18:30,6,228.01823333333323,1321.0624655249994
2025-09-09,19:30,19:40,1,2.352616666666677,15.868399416666735
2025-09-09,21:20,21:30,1,2.9198166666654046,13.680800991660753
2025-09-09,21:50,22:00,1,26.534999999999968,55.84290749999993
2025-09-09,22:40,23:10,3,53.91391666666664,114.3512786416666
2025-09-09,23:40,24:00,2,70.94601666666665,151.65852692499993
2025-09-10,01:00,01:10,1,12.582349999999906,27.121255424999795
2025-09-10,01:30,01:50,2,120.30880000000013,259.89024880000034
2025-09-10,02:10,02:30,2,10.376416666666842,22.608536166667047
2025-09-10,03:20,03:50,3,93.26803333333339,203.10777304166677
2025-09-10,04:10,04:20,1,15.432700000000068,33.86706015000015
2025-09-10,04:30,04:40,1,17.572749999999928,38.59854537499985
2025-09-10,05:50,07:30,10,452.48349999999965,1915.017314474998
2025-09-10,07:40,09:40,12,1627.3962166666665,8594.812752024998
2025-09-10,13:50,15:00,7,377.5725166666665,1849.4491633916657
2025-09-10,15:20,15:30,1,37.1491666666667,135.7430550000001
2025-09-10,15:50,16:00,1,18.366666666666788,73.97175000000048
2025-09-10,17:10,17:30,2,38.92959999999994,190.7690565999997
2025-09-10,17:50,18:00,1,32.824166666666656,202.0819820833333
2025-09-10,18:50,19:50,6,3476.1699011666647,23429.27933850249
2025-09-10,20:20,20:30,1,61.01766666666663,411.5336528333331
2025-09-10,21:30,21:50,2,53.07973333333341,234.16796160000035
2025-09-10,23:40,24:00,2,66.1129666666667,141.3211653166667
2025-09-11,02:10,02:20,1,0.1340333333333774,0.289780066666762
2025-09-11,02:30,02:40,1,4.101783333333401,8.917276966666813
2025-09-11,03:10,03:40,3,30.321116666666967,66.08602042500065
2025-09-11,04:00,04:30,3,40.32063333333326,88.40458551666651
2025-09-11,04:50,05:10,2,3.164199999999937,6.924989299999863
2025-09-11,05:40,06:00,2,60.65420350000056,273.4089830732526
2025-09-11,15:40,15:50,1,15.318483333333234,59.91824755833294
2025-09-11,16:10,17:00,5,293.1174666666666,1323.0713231916664
2025-09-11,17:10,17:40,3,93.07608333333337,458.39122566666686
2025-09-11,18:10,18:40,3,90.2647833333333,564.5863721999998
2025-09-11,21:20,21:40,2,21.529466666664007,104.6841285666542
2025-09-11,21:50,22:00,1,2.4416666666667197,5.138487500000111
2025-09-11,22:20,22:50,3,109.20135000000005,229.00392880000012
2025-09-12,00:30,00:40,1,10.763516666666646,22.99087159999996
2025-09-12,00:50,01:20,3,51.613549999999975,111.06077064999994
2025-09-12,01:30,01:50,2,20.302666666666653,43.8850647083333
2025-09-12,02:10,03:00,5,104.99173333333323,228.11992084999977
2025-09-12,03:30,04:10,4,118.60498333333334,259.029993875
2025-09-12,04:20,05:30,7,117.28561666666673,257.06644892500015
2025-09-12,05:40,06:00,2,5.655849999999873,24.545824233332844
2025-09-12,06:30,07:40,7,463.86388333333343,1838.0605461250002
2025-09-12,16:20,16:40,2,23.885983333333343,105.69815784166671
2025-09-12,17:10,17:20,1,20.78593333333339,101.24828126666694
2025-09-12,17:40,18:10,3,227.1761658333332,1402.9654133579158
2025-09-12,18:20,18:40,2,75.33551666666659,472.15597616666616
2025-09-13,01:30,02:10,4,47.42775,102.06448160000001
2025-09-13,04:00,05:00,6,136.30708333333342,299.4753596083335
2025-09-13,05:20,05:30,1,4.316666666666606,9.282991666666536
2025-09-13,16:00,16:20,2,147.99704999999994,619.6611497416663
2025-09-13,16:30,17:20,5,356.22398333333336,1661.8385041166669
2025-09-13,17:40,18:00,2,52.28436666666671,296.36994232500024
2025-09-14,02:10,02:20,1,24.751549999999952,53.51285109999989
2025-09-14,02:50,03:10,2,63.56471666666664,138.65761868333328
2025-09-14,03:20,03:50,3,17.60743333333346,38.330821533333605
2025-09-14,04:00,04:20,2,73.26026666666667,161.0205927
2025-09-14,04:30,04:50,2,79.03560000000004,174.30551114166678
2025-09-14,09:10,09:20,1,16.843516666668982,83.56068618334483
2025-09-14,14:40,15:40,6,274.7821547325101,994.5644320256166
2025-09-14,16:40,17:30,5,166.24616666666702,788.810892258335
2025-09-14,17:50,18:40,5,213.00995,1331.3612807666666
2025-09-14,18:50,19:40,5,3311.236262000003,22317.462718540017
2025-09-14,19:50,20:10,2,35.47414999999978,239.37306452499854
2025-09-14,20:40,21:00,2,72.94771666666645,355.6558853166654
2025-09-14,21:30,22:30,6,256.4432166666668,681.6739101916671
2025-09-14,22:50,23:30,4,176.80099999999993,374.6567383999999
2025-09-15,01:30,01:50,2,98.18123333333335,212.1139857666667
2025-09-15,02:10,02:20,1,17.65988333333337,38.180667766666744
2025-09-15,02:40,02:50,1,14.340366666666682,31.082744750000032
2025-09-15,03:20,03:40,2,17.593750000000114,38.31428437500025
2025-09-15,04:00,04:20,2,16.20173333333321,35.595005099999725
2025-09-15,05:40,06:00,2,59.12145500000133,242.68752521417238
2025-09-15,06:20,08:00,10,445.4980166666634,1924.4247602833193
2025-09-15,14:30,16:20,11,555.7758280740744,2139.9577304047793
2025-09-15,17:20,17:30,1,3.071666666666715,15.146388333333572
2025-09-15,17:50,18:10,2,64.80191666666678,401.2962176250008
2025-09-15,18:40,19:10,3,52.144799999998895,347.80830634999256
2025-09-15,19:30,20:20,5,131.76829999999927,887.9747857833285
2025-09-15,20:30,20:50,2,28.654999999999745,184.4204537499982
2025-09-15,22:20,22:50,3,99.06524999999999,208.05035591666663
2025-09-15,23:10,23:40,3,55.171166666666636,116.57833999999993
2025-09-16,01:40,01:50,1,13.583066666666582,29.427713933333152
2025-09-16,02:30,02:50,2,60.03264999999999,130.36058897499998
2025-09-16,03:00,03:20,2,39.24811666666665,85.80645852499995
2025-09-16,03:30,04:50,8,187.48341666666636,409.93568709999926
2025-09-16,05:40,06:30,5,150.00580916666644,502.4883456116629
2025-09-16,14:30,14:50,2,176.32153333333326,876.1596982666665
2025-09-16,15:10,15:40,3,77.43886666666663,282.65408069166654
2025-09-16,16:50,17:30,4,71.53901666666638,341.83362101666535
2025-09-16,18:30,19:30,6,2359.3287411666693,15875.313976017933
2025-09-16,19:50,20:00,1,19.107833333332565,128.80590449999482
2025-09-16,20:40,20:50,1,29.04215000000004,177.5346629500002
2025-09-16,21:00,21:10,1,14.344900000000052,65.03977660000025
2025-09-16,21:30,22:00,3,120.05169999999987,470.51262279999946
2025-09-16,22:10,22:30,2,25.435800000000086,53.78973720000019
2025-09-16,23:10,23:40,3,145.25783333333334,307.06224
2025-09-16,23:50,24:00,1,29.924999999999955,63.9796499999999
2025-09-17,02:30,03:00,3,50.82978333333335,110.3088281166667
2025-09-17,03:10,03:30,2,32.97003333333328,71.82759534999988
2025-09-17,03:50,04:00,1,20.706666666666592,45.326893333333174
2025-09-17,04:20,04:30,1,11.488333333333344,25.067543333333354
2025-09-17,04:40,05:00,2,26.01319999999987,57.16864019999971
2025-09-17,05:10,05:20,1,11.116416666666623,24.67288679166657
2025-09-17,05:40,06:00,2,95.88748399999895,429.2470469663287
2025-09-17,07:50,09:40,11,948.1583500000003,4989.446199991668
2025-09-17,09:50,10:00,1,6.29416666666657,31.398450416666183
2025-09-17,14:40,14:50,1,3.8884833333333972,18.229209866666967
2025-09-17,15:40,17:00,8,334.45333333333247,1411.9535456916626
2025-09-17,17:20,17:50,3,54.80240000000026,272.6444658500013
2025-09-17,18:10,18:30,2,76.98191666666662,480.81596004166636
2025-09-17,18:50,19:20,3,244.4937619999945,1646.681663120963
2025-09-17,22:30,22:50,2,115.29038333333139,243.26201989999592
2025-09-17,23:20,24:00,4,134.71944999999982,285.7881899499996
2025-09-18,01:30,01:40,1,21.297149999999988,45.916655399999975
2025-09-18,02:10,02:20,1,21.810133333333283,47.153508266666556
2025-09-18,02:40,03:00,2,20.009050000000002,43.470375875
2025-09-18,03:20,04:00,4,91.99648333333323,200.7736581083331
2025-09-18,04:40,05:00,2,17.03595000000007,37.50689295000015
2025-09-18,05:10,05:20,1,12.925700000000006,28.688591150000015
2025-09-18,05:50,06:10,2,70.62701616666664,324.7856297835832
2025-09-18,14:30,15:20,5,178.62991666666653,690.0605422999993
2025-09-18,16:10,16:20,1,4.45908333333341,18.993465458333663
2025-09-18,16:40,17:00,2,46.39093333333335,214.1595119000001
2025-09-18,17:30,17:50,2,18.918850000000134,98.43685616666738
2025-09-18,18:20,18:30,1,1.7116666666665878,10.736429166666172
2025-09-18,18:50,19:50,6,419.4715086666645,2826.4533482026523
2025-09-18,20:30,20:40,1,2.4633999999999787,17.18467839999985
2025-09-18,21:30,21:50,2,137.9890499999995,617.4412282083308
2025-09-18,22:10,22:30,2,30.218533333333312,65.71989346666662
2025-09-18,22:50,23:10,2,53.07469999999989,112.54094946666645
2025-09-18,23:30,23:50,2,76.57490000000018,162.8435881250004
2025-09-19,00:50,02:00,7,286.15286666666674,617.0554827333335
2025-09-19,02:50,03:20,3,51.84456666666671,113.14836571666676
2025-09-19,04:20,05:00,4,96.17791666666659,211.3893027916665
2025-09-19,05:20,05:30,1,35.63333333333327,76.6294833333332
2025-09-19,05:40,06:50,7,129.81691500000048,540.3680285766683
2025-09-19,07:10,07:50,4,45.87366666666654,174.2947412583328
2025-09-19,15:50,16:30,4,259.47066666666683,1086.5212844666673
2025-09-19,16:40,17:10,3,169.2992166666666,785.9548333999998
2025-09-19,17:20,18:20,6,248.15967549999834,1423.5477129740734
2025-09-19,19:00,19:20,2,10.21580000000165,68.96831820001117
2025-09-19,20:00,20:10,1,19.37286666666688,130.89277363333477
2025-09-19,23:50,24:00,1,5.467800000000375,11.690156400000802
2025-09-20,00:50,01:20,3,87.97071666666665,189.07750246666663
2025-09-20,01:30,02:50,8,120.8001333333334,261.74858320000016
2025-09-20,03:00,04:10,7,199.91721666666677,436.66133483333357
2025-09-20,04:50,05:00,1,2.035000000000025,4.471912500000054
2025-09-20,06:30,07:50,8,447.768966666667,1787.5521344666681
2025-09-20,15:40,15:50,1,12.984249999999975,50.7878938749999
2025-09-20,16:20,16:40,2,79.18054999999981,351.79010264166584
2025-09-20,17:20,17:40,2,36.67000000000013,180.41019750000066
2025-09-20,17:50,18:20,3,378.0421730000037,2332.5942869245227
2025-09-20,19:00,19:20,2,50.08661666666404,338.06948879164895
2025-09-20,19:50,20:00,1,45.53301666666658,306.9380653499995
2025-09-20,20:50,21:00,1,3.965816666666546,18.504500566666106
2025-09-20,22:10,22:30,2,61.46498333333341,129.64739860000017
2025-09-20,23:30,24:00,3,78.80165,168.24154284166664
2025-09-21,01:30,01:40,1,14.430733333333364,31.112661066666735
2025-09-21,02:10,02:50,4,60.12321666666685,130.86703840000038
2025-09-21,03:00,03:20,2,65.7928333333333,143.83412182499995
2025-09-21,03:50,04:00,1,19.401666666666756,42.47024833333353
2025-09-21,04:20,04:40,2,25.631483333333335,55.950973141666665
2025-09-21,05:00,05:10,1,4.940116666666768,10.702762758333552
2025-09-21,05:40,06:20,4,155.63667033333513,633.8908505481747
2025-09-21,14:40,14:50,1,2.837550000000192,13.3024344000009
2025-09-21,16:40,17:30,5,82.73471666666615,387.3855437249976
2025-09-21,18:00,18:10,1,21.144983333333357,132.80106782500016
2025-09-21,18:30,19:00,3,100.97464999999897,659.9575923083265
2025-09-21,19:20,19:50,3,47.12360000000035,317.8171487500024
2025-09-21,21:00,21:20,2,55.56886666666648,259.84610826666585
2025-09-21,21:30,21:50,2,22.177216666666595,90.55675833333305
2025-09-21,22:30,23:00,3,46.685249999999996,98.86197070833332
2025-09-22,01:30,01:50,2,7.832983333333345,16.952177841666693
2025-09-22,02:30,03:50,8,185.35865,403.51775294999993
2025-09-22,04:00,04:20,2,33.30301666666662,73.1838633749999
2025-09-22,05:00,05:20,2,82.42858333333334,181.1232706416667
2025-09-22,08:00,09:20,8,489.7660999999994,2598.30032415833
2025-09-22,14:30,17:40,19,1415.649733333333,5779.222577883333
2025-09-22,18:10,18:30,2,43.492016666666814,272.1591440583343
2025-09-22,18:50,19:00,1,290.53082566666507,1956.144049213656
2025-09-22,19:40,20:10,3,20.73816666666687,139.79881208333472
2025-09-22,21:00,22:00,6,285.57020000000017,1113.7659234416676
2025-09-22,22:50,23:40,5,144.3726333333335,305.82558466666705
2025-09-23,01:30,01:40,1,7.870783333333293,16.96940886666658
2025-09-23,02:10,02:20,1,35.123966666666774,75.93801593333356
2025-09-23,03:20,03:30,1,5.6566666666667516,12.320220000000184
2025-09-23,04:50,05:20,3,74.19619999999998,161.96174244999995
2025-09-23,05:40,07:20,10,205.12081666666694,859.2307983416682
2025-09-23,07:40,08:00,2,57.6812499999989,296.4830235416615
2025-09-23,08:20,08:50,3,106.82301666666692,569.3097512583346
2025-09-23,09:20,09:50,3,94.41868333333332,452.2778141166666
2025-09-23,10:00,10:10,1,3.388966666666647,16.807580183333236
2025-09-23,14:20,15:20,6,610.2335399176957,2729.0560277283953
2025-09-23,15:50,16:50,6,150.78484999999978,641.6905109583324
2025-09-23,17:00,17:20,2,18.198250000000144,87.50146941666733
2025-09-23,17:30,17:40,1,5.746766666666645,28.044221333333226
2025-09-23,18:00,18:30,3,81.39038333333338,508.17489139166696
2025-09-23,18:50,19:00,1,643.6275481666645,4333.544281806152
2025-09-23,20:10,20:30,2,53.72171666666634,361.3152241666645
2025-09-23,20:50,21:40,5,112.36754999999982,525.6301073083325
2025-09-23,22:20,22:30,1,33.95833333333326,71.27854166666651
2025-09-23,23:30,23:40,1,11.572949999999992,24.534653999999982
2025-09-24,01:30,01:50,2,64.88253333333319,140.16164429166636
2025-09-24,02:10,02:30,2,70.8837166666666,153.9661154333332
2025-09-24,02:50,03:20,3,82.51413333333335,180.2158259416667
2025-09-24,03:30,03:50,2,72.53160000000014,157.9660410750003
2025-09-24,04:00,05:20,8,172.08926666666684,377.96161503333377
2025-09-24,06:20,09:30,19,852.3355166666655,4181.051431641661
2025-09-24,17:00,17:20,2,31.099583333333385,147.87738841666692
2025-09-24,17:40,18:00,2,18.45713333333333,111.13308479999998
2025-09-24,18:10,18:40,3,103.41994999999997,647.4104229916665
2025-09-24,23:40,23:50,1,7.984883333332936,17.051718358332487
2025-09-25,02:10,02:20,1,28.734666666666726,62.12434933333346
2025-09-25,02:50,03:20,3,118.20720000000006,258.2291419833335
2025-09-25,04:20,05:10,5,93.58121666666659,204.92181099999982
2025-09-25,05:40,06:00,2,46.725097500001766,193.06263241792468
2025-09-25,06:30,06:50,2,27.096183333333556,115.77073367500093
2025-09-25,07:00,07:20,2,37.36863333333355,149.88830246666754
2025-09-25,07:30,07:40,1,4.868183333333377,16.792798408333482
2025-09-25,14:30,15:20,5,273.25806666666654,1073.4136662499996
2025-09-25,15:30,16:50,8,472.30470000000037,1959.2017043166682
2025-09-25,17:00,17:20,2,49.059000000000424,236.34391133333537
2025-09-25,17:40,18:00,2,70.80661666666663,403.69060061666653
2025-09-25,18:30,19:00,3,206.7401499999993,1330.9468695833286
2025-09-25,22:40,23:30,5,171.09948333333438,362.41766527500215
2025-09-25,23:50,24:00,1,30.226666666666688,64.62461333333337
2025-09-26,02:00,02:30,3,71.19124999999985,153.38939548333303
2025-09-26,03:20,03:30,1,17.778333333333308,38.72120999999994
2025-09-26,04:00,04:20,2,78.31226666666669,172.16752960000002
2025-09-26,05:00,05:20,2,41.00526666666667,89.89753835000002
2025-09-26,05:40,05:50,1,3.9444583333341825,11.257484083335758
2025-09-26,16:30,16:50,2,34.00706666666645,154.428435424999
2025-09-26,17:50,18:00,1,38.17358133333053,235.01565347864943
2025-09-26,21:50,22:10,2,24.824233333331563,50.83742196666294
2025-09-26,23:20,23:50,3,122.62366666666651,260.139085733333
2025-09-27,00:30,00:40,1,42.294804320986884,90.341702029628
2025-09-27,01:00,01:20,2,74.04755000000006,159.38787120000012
2025-09-27,02:00,02:30,3,24.30756666666656,52.73994924166644
2025-09-27,02:50,03:10,2,62.23328333333336,135.80772481666673
2025-09-27,03:40,04:00,2,27.984649999999988,61.17917199999997
2025-09-27,04:20,04:50,3,137.46596666666665,301.2904455
2025-09-27,05:00,05:30,3,65.5647166666667,143.4858582083334
2025-09-27,05:40,07:10,9,365.37025816666653,1441.4335607243331
2025-09-27,15:40,16:40,6,357.2434166666666,1496.3759812999997
2025-09-27,16:50,17:00,1,5.956666666666592,27.591279999999653
2025-09-27,17:30,18:50,8,1339.8174180000005,8298.858472789669
2025-09-27,19:20,19:40,2,91.81165000000004,619.0500114750004
2025-09-27,21:10,21:50,4,258.99469999999974,1185.9827995083322
2025-09-27,22:30,22:50,2,46.367333333333306,98.06168499999994
2025-09-27,23:00,23:50,5,236.6363,501.26935614999996
2025-09-28,01:30,01:50,2,17.097333333333268,37.031053966666526
2025-09-28,02:10,02:20,1,36.56558333333328,79.05479116666655
2025-09-28,02:30,02:50,2,12.499316666666687,27.139524741666712
2025-09-28,03:20,04:20,6,39.258749999999964,85.56979433333325
2025-09-28,04:50,05:10,2,46.15028333333339,100.87671717500012
2025-09-28,05:50,06:00,1,7.586666666666815,34.51554000000068
2025-09-28,06:30,09:50,20,1359.4463666666647,6827.16084532499
2025-09-28,14:10,14:50,4,243.1154499999999,1219.9355445999993
2025-09-28,17:20,17:50,3,170.21993333333387,863.3285064166693
2025-09-28,19:20,19:50,3,9.111700000001179,61.42161074167462
2025-09-28,22:20,22:30,1,16.89761666666618,35.46809738333232
2025-09-28,23:00,24:00,6,250.43200000000013,532.6085059583336
2025-09-29,02:10,02:30,2,57.774183333333326,125.53981269999998
2025-09-29,02:50,03:20,3,104.17780000000005,227.72179638333347
2025-09-29,03:50,05:00,7,128.09446666666656,281.6423428666664
2025-09-29,05:40,06:50,7,157.04044999999985,676.0643198833328
2025-09-29,15:20,15:30,1,11.293333333333294,41.265839999999855
2025-09-29,15:40,16:10,3,185.71190000000024,751.5419780500009
2025-09-29,16:50,17:10,2,33.13756666666632,155.43922539999835
2025-09-29,18:20,19:30,7,269.14858333333325,1758.3639188166662
2025-09-29,20:30,20:40,1,5.620383333333507,39.207794133334545
2025-09-29,22:30,22:50,2,46.012266666665596,96.68172946666442
2025-09-29,23:40,24:00,2,139.40801666666664,297.9237445916666
2025-09-30,02:20,02:30,1,17.096666666666692,37.33057166666672
2025-09-30,02:40,03:50,7,161.33455000000004,351.77161207500006
2025-09-30,04:00,04:20,2,54.74000000000001,120.28207130000003
2025-09-30,04:30,05:00,3,126.18139999999983,278.08445850833294
2025-09-30,05:50,06:00,1,32.703759166667396,148.78575232875332
2025-09-30,06:50,09:30,16,787.3473166666668,3740.001238666668
2025-09-30,10:00,10:10,1,16.61844999999994,82.4192027749997
2025-09-30,13:50,16:00,13,1081.63102037037,4791.57651274722
2025-09-30,16:30,17:00,3,39.8568333333335,183.16457812500073
2025-09-30,17:40,18:00,2,49.53891666666664,291.9740747499999
2025-09-30,18:50,19:10,2,651.0347130000025,4383.460269204017
2025-09-30,20:00,20:10,1,31.411150000000134,212.2294349750009
2025-09-30,22:50,24:00,7,183.2025333333325,389.9625018416649
2025-10-01,01:40,01:50,1,2.5757500000000846,5.580362375000184
2025-10-01,02:40,02:50,1,2.020116666666695,4.378602875000062
2025-10-01,03:50,04:30,4,88.16474999999991,192.85677510833312
2025-10-01,05:00,05:10,1,9.375783333333288,20.31263459166657
2025-10-01,05:40,06:00,2,54.032283333333794,204.0388816333354
2025-10-02,01:30,01:50,2,38.03421666666668,82.19128930833337
2025-10-02,02:10,02:50,4,96.41510000000005,209.9145286416668
2025-10-02,03:30,04:00,3,46.839583333333394,102.2824330166668
2025-10-02,04:20,04:40,2,24.778699999999958,54.14513871666658
2025-10-02,05:40,06:00,2,164.35685099999904,542.6167652539962
2025-10-02,08:10,09:20,7,523.4766166666664,2728.631872558332
2025-10-03,00:30,01:40,7,164.44208333333353,352.86466575833373
2025-10-03,02:30,02:50,2,16.79638333333338,36.511101208333436
2025-10-03,03:00,03:20,2,25.000416666666695,54.64439552500006
2025-10-03,03:30,04:00,3,79.8780999999999,174.37253055833312
2025-10-03,04:20,04:30,1,40.913333333333355,89.27289333333339
2025-10-03,05:40,06:10,3,63.71478333333329,249.00703163333387
2025-10-03,06:40,07:00,2,53.086033333333546,222.38374170000088
2025-10-03,17:10,17:20,1,1.851416666666637,9.018250583333188
2025-10-03,17:50,18:20,3,838.8016626666665,5217.860131939334
2025-10-04,00:50,01:00,1,1.2733333333333121,2.7281166666666214
2025-10-04,01:30,01:50,2,20.71550000000002,44.67062862500004
2025-10-04,02:30,02:50,2,39.8386666666666,86.48804348333317
2025-10-04,03:20,03:40,2,12.373416666666685,26.93253137500004
2025-10-04,04:00,04:30,3,43.878199999999936,96.26453379999987
2025-10-04,04:40,05:30,5,91.5108666666668,200.65166822500026
2025-10-04,05:50,06:30,4,92.20943333333366,420.4744151333348
2025-10-04,07:00,07:40,4,287.0828999999999,1086.7134421499995
2025-10-04,17:10,17:20,1,6.5113333333333685,31.716704666666836
2025-10-04,18:00,18:10,1,205.87772533333325,1293.0150539559995
2025-10-05,01:00,01:10,1,43.45268333333331,93.66225892499995
2025-10-05,02:30,03:10,4,123.6185333333334,268.82202087500013
2025-10-05,03:20,03:40,2,6.867733333333376,14.957866600000093
2025-10-05,04:00,04:20,2,28.808549999999855,63.33121137499968
2025-10-05,04:30,05:20,5,74.96468333333303,165.06291519166598
2025-10-05,06:00,06:20,2,20.06964999999957,89.09426134999794
2025-10-06,01:40,01:50,1,34.101633333333325,73.88118861666665
2025-10-06,02:10,02:50,4,30.222983333333673,65.7432732166674
2025-10-06,03:20,03:40,2,51.05136666666658,111.1652820499998
2025-10-06,03:50,04:00,1,3.091666666666697,6.7676583333334
2025-10-06,04:20,04:30,1,5.4500000000000455,11.8919000000001
2025-10-06,04:50,05:20,3,49.25218333333328,107.83612017499988
2025-10-06,07:10,07:30,2,46.93694999999968,186.50226436666543
2025-10-06,08:40,09:30,5,224.9610166666668,1133.3556110500008
2025-10-06,14:40,15:00,2,95.4581833333333,391.2535722166665
2025-10-06,15:30,15:50,2,35.93091666666646,137.50836537499922
2025-10-06,16:00,16:30,3,70.03451666666672,297.38601514166686
2025-10-06,18:50,19:00,1,654.8279458333403,4408.956559295881
2025-10-07,01:30,01:50,2,43.05983333333336,93.01766839166672
2025-10-07,02:30,03:00,3,65.18824999999993,141.52061449999982
2025-10-07,03:50,04:00,1,4.934999999999945,10.80271499999988
2025-10-07,05:00,05:20,2,22.313966666666715,49.442605450000116
2025-10-07,05:40,06:40,6,166.64455883333392,702.7191287789196
2025-10-07,07:20,07:40,2,25.53576666666533,92.95356886666154
2025-10-07,07:50,09:40,11,467.98388333333264,2464.8025492583297
2025-10-07,14:40,15:00,2,62.401716666666516,269.7539814833327
2025-10-07,15:20,15:40,2,55.61608333333345,204.83314175000044
2025-10-08,01:30,01:40,1,24.153149999999982,52.07419139999997
2025-10-08,02:10,02:20,1,5.9044333333333725,12.765384866666752
2025-10-08,02:30,04:00,9,117.24293333333321,255.1860805416664
2025-10-08,04:30,05:00,3,58.58963333333338,129.22457756666677
2025-10-08,05:50,08:20,15,560.387911833333,2456.105586852415
2025-10-08,17:00,17:20,2,11.566499999999905,54.98309116666623
2025-10-08,17:40,18:30,5,139.62931666666688,857.9079287833347
2025-10-08,19:00,19:40,4,44.73284999999885,301.42466374999225
2025-10-08,20:30,20:50,2,37.05863333333241,247.5791210499935
2025-10-08,21:00,21:30,3,32.55833333333328,152.1939879583331
2025-10-08,21:50,22:10,2,22.02431666666655,45.40208567499975
2025-10-08,22:20,22:40,2,36.91494999999986,77.34419034999972
2025-10-08,23:10,23:30,2,8.416916666666793,17.799746666666934
2025-10-09,02:40,02:50,1,1.7324666666665962,3.7551214999998472
2025-10-09,03:00,03:20,2,14.89456666666672,32.56771420000012
2025-10-09,03:30,03:50,2,13.25538333333327,28.85621861666653
2025-10-09,04:00,04:20,2,21.925283333333482,48.116909375000326
2025-10-09,04:40,05:00,2,57.47180000000003,126.49291230000006
2025-10-09,06:10,06:20,1,44.56231300000047,195.13836862700208
2025-10-09,07:40,08:50,7,121.6063166666666,673.0821399166663
2025-10-09,14:40,17:00,14,582.4318333333322,2302.786448833329
2025-10-09,17:20,17:30,1,6.5812499999999545,32.45214374999978
2025-10-09,17:40,18:30,5,174.76798333333363,1077.4612399666687
2025-10-09,18:40,19:30,5,139.6843023333347,928.1467446945089
2025-10-09,20:30,21:00,3,126.3738833333332,783.7800259833325
2025-10-09,21:30,21:50,2,46.522533333333286,209.79566338333308
2025-10-09,22:50,23:00,1,15.529999999999973,32.900304999999946
2025-10-09,23:20,23:40,2,36.51898333333327,77.14144466666653
2025-10-09,23:50,24:00,1,18.424999999999955,39.392649999999904
2025-10-10,00:50,01:20,3,73.46704999999992,157.90209958333315
2025-10-10,01:30,02:30,6,95.51074999999986,206.37051666666636
2025-10-10,03:00,03:20,2,20.19083333333333,44.14974085
2025-10-10,03:30,03:50,2,41.621966666666765,90.63502480000022
2025-10-10,04:30,05:20,5,140.46590000000003,308.93436989166673
2025-10-10,06:20,06:40,2,24.628083333332654,107.78541055833037
2025-10-10,07:00,07:20,2,87.37749999999986,349.3237829999994
2025-10-10,15:50,18:30,16,460.84875,2213.477187791666
2025-10-10,21:20,21:40,2,15.981850000000634,78.33662484166963
2025-10-10,21:50,23:00,7,208.26426666666657,437.83114183333316
2025-10-10,23:50,24:00,1,42.204999999999984,90.23428999999996
2025-10-11,01:10,01:20,1,12.001600000000053,25.815441600000117
2025-10-11,01:30,01:40,1,11.31129999999996,24.387162799999917
2025-10-11,02:00,02:20,2,57.656399999999906,124.1978808749998
2025-10-11,02:40,03:00,2,10.71225000000004,23.26558854166675
2025-10-11,03:20,03:50,3,45.00088333333332,98.0002112833333
2025-10-11,04:00,04:10,1,13.521383333333347,29.75380402500003
2025-10-11,05:10,05:20,1,1.9258666666667068,4.274461066666756
2025-10-11,15:50,16:30,4,75.7747333333333,320.7008602333332
2025-10-11,16:50,17:00,1,22.993750000000034,106.50705000000015
2025-10-11,17:20,18:10,5,748.8916255000049,4192.123175090781
2025-10-11,18:20,18:30,1,1.7025499999990643,10.679244874994131
2025-10-11,19:00,19:30,3,69.15730000000042,466.1360417666695
2025-10-11,20:00,20:40,4,60.1761333333327,404.9665925416624
2025-10-11,21:20,21:30,1,5.527050000000031,25.896992775000147
2025-10-11,22:20,22:40,2,13.232566666666514,27.707558933333015
2025-10-11,22:50,23:00,1,2.8783333333333303,6.09774916666666
2025-10-11,23:30,24:00,3,26.297016666666593,55.995862108333185
2025-10-12,01:30,01:50,2,56.23275000000001,121.74802255000003
2025-10-12,02:10,02:40,3,23.83606666666651,51.966905366666325
2025-10-12,03:00,03:10,1,10.48109999999997,22.922165699999937
2025-10-12,03:30,03:50,2,30.303016666666622,66.02800229999991
2025-10-12,05:00,05:20,2,38.7560666666667,85.12739676666673
2025-10-12,05:40,06:20,4,86.03106583333465,369.8935360670896
2025-10-12,14:30,14:50,2,54.05881666666676,267.49677103333386
2025-10-12,16:00,16:10,1,5.17775000000006,21.412585125000245
2025-10-12,16:40,17:30,5,104.6194333333334,490.82558086666705
2025-10-12,17:50,18:20,3,154.67038333333426,969.1593621916725
2025-10-12,18:40,20:10,9,357.82109983332964,2366.74427285156
2025-10-12,22:10,22:20,1,17.169849999999816,37.4989523999996
2025-10-12,22:40,24:00,8,188.17290000000003,399.4625599166667
2025-10-13,02:40,02:50,1,8.02903333333336,17.402929750000055
2025-10-13,04:10,05:00,5,125.50420000000008,276.1122682833335
2025-10-13,05:40,06:10,3,63.163816666667,246.34982810000116
2025-10-13,09:00,09:30,3,147.26986666666434,732.2545191583215
2025-10-13,14:30,15:00,3,117.57678066666585,569.4109092653295
2025-10-13,15:30,16:10,4,162.80801666666673,651.7389338083335
2025-10-13,16:30,16:50,2,76.59446666666656,348.2922340249995
2025-10-13,17:00,17:20,2,19.422066666666638,93.30303139999984
2025-10-13,17:30,18:10,4,46.6626,253.53149175833335
2025-10-13,18:50,19:00,1,14.445116666666763,97.25897051666732
2025-10-13,19:30,20:00,3,36.029583333332766,242.8587048083295
2025-10-13,21:00,21:10,1,1.008783333333076,4.573823633332167
2025-10-13,21:30,22:00,3,55.61463333333336,185.6008797500001
2025-10-13,22:20,22:40,2,41.587516666666716,87.26582238333344
2025-10-14,01:30,01:50,2,15.082133333333331,32.58900779166666
2025-10-14,02:10,02:20,1,50.3810666666667,108.92386613333339
2025-10-14,03:00,04:00,6,135.42736666666667,295.3894859916667
2025-10-14,04:30,05:00,3,82.97766666666655,182.83526135833307
2025-10-14,06:10,09:40,21,1368.0053816666666,6350.211053926668
2025-10-14,14:40,15:00,2,85.62924999999984,373.97350774999927
2025-10-14,15:10,17:00,11,473.20804999999996,1884.827649766667
2025-10-14,17:40,18:20,4,162.82786666666493,1009.3773022583223
2025-10-14,18:40,19:20,4,1604.5564091666683,10598.190655230428
2025-10-14,20:00,20:30,3,51.09521666666535,343.94285542499114
2025-10-14,21:10,21:20,1,5.1730999999999305,24.238560049999677
2025-10-14,21:30,22:30,6,130.2166666666668,357.6114909000001
2025-10-14,23:20,23:50,3,141.47716666666668,299.41837985000006
2025-10-15,01:40,01:50,1,3.9154333333333398,8.482786316666681
2025-10-15,02:20,02:40,2,18.039499999999975,39.35107883333328
2025-10-15,02:50,03:10,2,23.376499999999965,51.056292166666594
2025-10-15,04:00,04:20,2,70.07824999999991,153.99358922499982
2025-10-15,04:30,04:50,2,37.022749999999974,81.60587363333329
2025-10-15,05:40,06:00,2,36.38338066666756,160.4263524096707
2025-10-15,14:00,15:00,6,397.4239499999999,1893.8767927666663
2025-10-15,16:20,16:50,3,40.901400000000194,182.7831505666675
2025-10-15,17:20,17:50,3,48.99258333333319,244.236981466666
2025-10-15,18:30,19:00,3,1151.4353040000021,7541.393596157015
2025-10-15,19:20,19:40,2,2.1279500000000553,14.34595636666704
2025-10-15,21:10,21:20,1,17.710633333333202,82.98317248333272
2025-10-15,21:30,22:20,5,44.08140000000026,157.73704599166743
2025-10-15,22:50,23:30,4,39.62708333333319,84.05363699999971
2025-10-16,01:30,01:50,2,32.60076666666657,70.49209988333314
2025-10-16,02:20,02:50,3,79.45756666666671,172.93478065000008
2025-10-16,03:40,04:10,3,32.19386666666662,70.52273662499991
2025-10-16,04:20,04:40,2,17.059316666666746,37.38436905833351
2025-10-16,05:00,05:20,2,126.7188666666666,278.0641275999999
2025-10-16,05:40,06:00,2,39.45178333333354,168.11736296666766
2025-10-16,06:50,07:30,4,92.07158333333314,370.6542918166659
2025-10-16,07:50,09:10,8,257.48511666666644,1404.7445763249984
2025-10-16,14:00,15:00,6,416.3376071666678,1860.2569936794225
2025-10-16,15:10,17:00,11,983.9550666666669,3900.472817616668
2025-10-16,17:20,17:30,1,4.285833333333471,21.133444166667346
2025-10-16,18:00,18:20,2,23.684283333333383,147.84335257500032
2025-10-16,18:30,18:50,2,81.2024889999991,520.2382504878275
2025-10-16,19:30,20:10,4,72.20191666666585,486.8852211583278
2025-10-16,21:50,22:00,1,9.142100000000074,19.239549450000155
2025-10-16,22:30,22:50,2,43.302116666666734,91.01279230833347
2025-10-16,23:40,24:00,2,31.298816666666653,66.9093271583333
2025-10-17,01:10,01:20,1,8.502466666666692,18.288805800000056
2025-10-17,01:30,01:50,2,20.287383333333423,43.81599226666687
2025-10-17,02:10,02:30,2,30.244383333333303,65.94180259999993
2025-10-17,03:10,03:30,2,35.052533333333315,76.37858659999995
2025-10-17,03:50,04:00,1,9.416666666666629,20.61308333333325
2025-10-17,04:20,04:30,1,16.230000000000018,35.413860000000035
2025-10-17,04:50,05:00,1,7.278333333333364,15.994137500000067
2025-10-17,05:20,05:30,1,19.823333333333323,42.630078333333316
2025-10-17,05:40,05:50,1,8.127006666667,23.19447702666762
2025-10-17,16:40,16:50,1,3.7875166666666473,17.352507608333244
2025-10-17,19:00,19:20,2,41.49556666666649,279.2401497166655
2025-10-17,19:50,20:10,2,54.09676666666661,364.805239383333
2025-10-17,21:30,22:00,3,90.42203333333359,308.71658640833436
2025-10-17,22:40,23:20,4,71.75665000000009,152.26183501666688
2025-10-17,23:30,23:50,2,56.19984999999997,119.44694673333328
2025-10-18,00:50,01:10,2,63.331483333333324,135.91808232499997
2025-10-18,01:50,02:00,1,36.49000000000001,78.65419500000002
2025-10-18,02:40,03:00,2,54.04294999999996,117.69597745833323
2025-10-18,03:20,03:30,1,29.723333333333358,64.73742000000006
2025-10-18,03:50,04:00,1,22.87333333333339,50.069726666666796
2025-10-18,04:40,05:10,3,105.04834999999997,230.8798461499999
2025-10-18,05:20,05:30,1,18.433333333333337,39.64088333333334
2025-10-18,05:40,05:50,1,10.881297000000245,31.0552216380007
2025-10-18,15:40,16:00,2,13.648066666666523,53.81076109999943
2025-10-18,16:10,17:00,5,257.5545166666665,1155.4931744333323
2025-10-18,17:30,18:00,3,367.5930956666642,2023.1742487301508
2025-10-19,02:30,02:40,1,1.9945999999999913,4.336260399999981
2025-10-19,03:00,03:30,3,38.82588333333331,84.86406742499996
2025-10-19,03:40,04:00,2,43.43961666666678,94.96152433333359
2025-10-19,04:20,05:00,4,123.12486666666666,269.64988243333335
2025-10-19,05:40,06:00,2,154.7302495000032,661.3897460502645
2025-10-19,06:30,06:40,1,13.304800000001705,57.21729240000733
2025-10-19,07:10,09:00,11,594.8960833333323,2929.122039699995
2025-10-19,09:10,09:40,3,114.65309999999988,553.5137795166661
2025-10-19,14:00,15:00,6,784.7422663333335,3791.029447529
2025-10-19,15:10,16:50,10,605.291883333334,2384.7159179083355
2025-10-19,17:00,17:20,2,17.614900000000148,84.76361123333405
2025-10-19,17:30,17:40,1,2.811966666666649,13.722397333333246
2025-10-19,18:10,18:50,4,78.88515500000108,498.50383180250697
2025-10-19,19:00,19:20,2,15.364799999999832,103.42358014999886
2025-10-19,20:50,21:00,1,11.586299999999392,54.06167579999717
2025-10-19,21:10,21:40,3,53.92118333333326,255.84855034166634
2025-10-19,22:20,22:30,1,21.906666666666638,45.982093333333275
2025-10-19,23:00,23:20,2,17.432100000000105,36.97739006666689
2025-10-19,23:50,24:00,1,8.11999999999989,17.360559999999765
2025-10-20,02:10,02:50,4,108.80346666666674,236.75979010833348
2025-10-20,03:10,04:10,6,92.52823333333345,201.95166581666692
2025-10-20,05:40,06:30,5,68.09864516666653,298.736283544083
2025-10-20,07:10,07:30,2,50.208716666666284,193.89468296666513
2025-10-20,07:50,08:10,2,65.49469999999917,380.97824414999513
2025-10-20,08:20,10:10,11,1006.943199999999,5052.945349074996
2025-10-20,14:20,14:50,3,282.3085666666667,1402.648608616667
2025-10-20,17:20,17:40,2,13.374099999999885,65.72947424999944
2025-10-20,18:10,19:20,7,115.18343333333326,758.4934975583328
2025-10-20,22:00,22:10,1,7.196566666666899,13.885775383333781
2025-10-20,22:30,23:00,3,77.90646666666657,164.59664448333314
2025-10-20,23:20,24:00,4,114.95143333333328,244.90264574999992
2025-10-21,01:40,01:50,1,8.59671666666668,18.624786658333363
2025-10-21,02:20,03:00,4,90.89126666666652,197.71470564999967
2025-10-21,03:30,03:50,2,25.253699999999867,54.98967674166638
2025-10-21,04:10,04:40,3,22.976383333333274,50.41224309166654
2025-10-21,05:10,05:20,1,11.891466666666588,26.393110266666493
2025-10-21,05:40,06:00,2,153.12846349999973,617.0403448515822
2025-10-21,06:40,07:30,5,103.84944999999718,418.72214869998817
2025-10-21,13:50,15:00,7,721.8591333333336,3594.145640083335
2025-10-21,15:20,16:30,7,83.24791666666647,331.94102595833255
2025-10-21,16:50,17:00,1,12.790416666666601,59.245209999999695
2025-10-21,17:20,17:50,3,57.608066666666446,286.9650222833322
2025-10-21,18:40,19:00,2,1019.7343960000009,6677.381451268006
2025-10-21,22:40,22:50,1,16.021966666668572,33.9745803166707
2025-10-21,23:00,23:30,3,81.98051666666674,173.83114806666683
2025-10-21,23:40,24:00,2,4.3066499999999905,9.206430241666647
2025-10-22,01:30,01:50,2,82.77956666666671,178.68827293333342
2025-10-22,02:10,02:20,1,29.765516666666713,64.35304703333343
2025-10-22,03:20,03:50,3,48.57839999999999,105.78338144166663
2025-10-22,04:20,04:30,1,7.953333333333376,17.354173333333424
2025-10-22,04:50,05:20,3,40.083933333333334,87.6042379
2025-10-22,05:40,06:10,3,73.61738966666724,308.244760671836
2025-10-22,07:20,07:40,2,11.207749999998647,40.395866124994825
2025-10-22,08:10,10:20,13,974.6742000000008,4869.902161016671
2025-10-22,15:10,17:00,11,418.79318333333254,1688.1740565916634
2025-10-22,17:20,17:30,1,7.495416666666642,36.95989958333321
2025-10-22,17:50,18:50,6,193.962366666667,1212.5865919333355
2025-10-22,19:20,19:40,2,16.14351666666812,108.8576966750098
2025-10-22,21:20,22:00,4,42.757416666666835,168.46517630833415
2025-10-22,22:30,24:00,9,137.27274999999975,291.33604464999945
2025-10-23,01:30,01:50,2,25.023416666666776,54.06304038333357
2025-10-23,02:10,02:20,1,26.372100000000046,57.016480200000096
2025-10-23,02:40,02:50,1,5.940666666666743,12.876395000000166
2025-10-23,03:20,03:50,3,62.25540000000001,135.54612046666668
2025-10-23,04:10,04:30,2,14.96096666666665,32.817508016666636
2025-10-23,04:40,04:50,1,2.7127166666666653,5.997816549999997
2025-10-23,06:00,07:00,6,110.90428266666595,477.3005714356634
2025-10-23,14:10,15:00,5,528.0533499999999,2560.010455666666
2025-10-23,15:30,15:50,2,32.94129999999984,126.0396300499994
2025-10-23,16:20,16:40,2,8.858033333332969,39.103453274998365
2025-10-23,17:00,17:20,2,82.23458333333326,394.1441504166663
2025-10-23,17:30,18:00,3,70.51548333333346,385.6166803333341
2025-10-23,19:10,19:20,1,5.067305666666016,34.06496234416229
2025-10-23,20:20,20:30,1,9.5888666666674,64.67211123333828
2025-10-23,22:00,22:20,2,105.48925,221.95660615
2025-10-23,23:00,23:20,2,69.75163333333342,148.03179746666686
2025-10-23,23:40,24:00,2,15.719616666666752,33.58236222500018
2025-10-24,00:50,01:00,1,1.863333333333344,3.9921916666666895
2025-10-24,01:50,02:10,2,39.840116666666574,85.74748042499981
2025-10-24,02:30,03:10,4,96.35830000000004,209.75276022500012
2025-10-24,03:30,03:50,2,45.31350000000003,98.73090351666674
2025-10-24,04:00,04:20,2,12.902483333333407,28.35614107500016
2025-10-24,04:40,05:10,3,27.09086666666667,59.68609436666667
2025-10-24,05:20,05:30,1,6.761666666666713,14.540964166666766
2025-10-24,05:40,06:00,2,143.09857083333327,488.93391949166664
2025-10-24,07:30,08:10,4,114.31099999999935,492.80201382499774
2025-10-24,15:30,17:30,12,446.8811000000006,1958.6223142083356
2025-10-24,17:40,18:00,2,273.08961866666493,1477.9511710253248
2025-10-24,18:10,18:30,2,74.70849999999973,468.2450697499983
2025-10-24,19:30,19:50,2,37.75983333333215,254.48636270832537
2025-10-24,20:10,20:30,2,42.972616666666056,288.33957833332926
2025-10-24,21:00,21:20,2,34.98329999999978,162.609359924999
2025-10-24,22:10,22:30,2,58.228900000000564,124.8393759333346
2025-10-24,22:50,23:00,1,38.168333333333294,80.85961416666659
2025-10-24,23:50,24:00,1,18.625,39.82025
2025-10-25,01:10,01:20,1,21.840383333333364,46.97866455000007
2025-10-25,01:30,01:50,2,94.85126666666667,204.84340858333337
2025-10-25,02:10,02:40,3,50.39569999999998,109.72629839999995
2025-10-25,03:30,03:50,2,32.18556666666666,70.12128227499998
2025-10-25,04:10,04:30,2,26.674650000000042,58.47408192500009
2025-10-25,05:40,05:50,1,85.51211800000021,244.0515847720006
2025-10-25,15:40,15:50,1,2.3921166666666522,9.356764341666612
2025-10-25,16:00,16:20,2,23.864816666666684,101.02542859166675
2025-10-25,17:00,17:20,2,94.74766666666659,455.25349766666625
2025-10-25,17:30,18:40,7,510.1272211666629,2802.281164277813
2025-10-25,18:50,19:30,4,104.8010166666665,706.2229182749988
2025-10-25,20:20,20:50,3,66.21573333333293,451.68294709166395
2025-10-25,21:00,21:20,2,119.35643333333326,550.224349283333
2025-10-25,21:40,21:50,1,6.869916666666472,26.66901649999924
2025-10-25,22:00,22:20,2,13.611666666666679,28.58185377500002
2025-10-25,22:50,23:20,3,97.3634833333333,206.54615519999996
2025-10-26,01:30,01:50,2,64.52476666666655,139.4127044333331
2025-10-26,02:10,02:40,3,41.272366666666585,89.71049369999982
2025-10-26,02:50,03:00,1,2.886666666666656,6.28860333333331
2025-10-26,03:20,03:40,2,34.243833333333214,74.57718824999974
2025-10-26,04:00,04:20,2,20.89409999999998,45.94877734999996
2025-10-26,04:30,04:40,1,0.2563666666667359,0.5631093833334855
2025-10-26,06:00,06:20,2,14.502372166666873,63.94177506200106
2025-10-26,07:40,08:00,2,33.09579999999954,191.73857104166444
2025-10-26,08:20,09:20,6,223.9708666666664,1157.5373869249986
2025-10-26,13:50,14:30,4,181.54141666666658,913.9192704916661
2025-10-26,15:10,15:20,1,19.49633333333327,70.35251883333311
2025-10-26,16:50,18:00,7,157.61561666666682,859.7861379500009
2025-10-26,18:20,18:30,1,8.955000000000041,56.170237500000255
2025-10-27,01:30,01:50,2,45.968200000000024,99.33526662500006
2025-10-27,02:20,02:30,1,3.259999999999991,7.11820999999998
2025-10-27,03:00,03:20,2,42.36026666666669,92.61896940000005
2025-10-27,03:40,03:50,1,16.419849999999997,35.795272999999995
2025-10-27,04:00,04:30,3,45.03196666666656,98.90250401666644
2025-10-27,04:40,05:20,4,13.234383333333426,29.032359366666864
2025-10-27,05:40,06:20,4,91.9076999999993,421.6381452166634
2025-10-27,07:30,08:50,8,249.38696666666627,1273.5975939666648
2025-10-27,14:20,15:00,4,314.5531000000025,1317.153335466679
2025-10-27,15:10,17:20,13,728.8144166666659,3002.8921396833307
2025-10-27,17:30,17:40,1,4.650166666666792,22.69281333333394
2025-10-27,18:00,18:20,2,10.108516666666787,63.12369117500075
2025-10-27,18:40,18:50,1,80.78504983333477,520.2961134515925
2025-10-27,23:00,23:20,2,48.76028333333409,103.45926733333494
2025-10-28,01:30,01:40,1,8.47040000000004,18.26218240000009
2025-10-28,02:20,04:00,10,97.80061666666666,213.21553649166663
2025-10-28,04:20,04:30,1,16.76666666666665,36.584866666666635
2025-10-28,04:50,05:10,2,15.717449999999872,34.34113709166638
2025-10-28,06:00,06:10,1,4.107365666665601,19.238900782661673
2025-10-28,07:10,09:40,15,832.7991500000004,4280.199008941669
2025-10-28,09:50,10:00,1,0.3483333333333576,1.7376608333334544
2025-10-28,13:40,13:50,1,2.201616666666723,9.935896016666922
2025-10-28,14:10,14:50,4,496.7358999999999,2500.7666206666663
2025-10-28,16:30,17:20,5,60.27554999999995,282.18001127499974
2025-10-28,18:00,18:20,2,62.057866666664836,389.6706966999885
2025-10-28,18:30,19:00,3,836.6908949999995,5413.03758444333
2025-10-28,19:10,19:30,2,11.712916666664228,78.79179395831693
2025-10-28,20:30,20:50,2,10.623199999999542,73.60585321666333
2025-10-28,21:00,21:20,2,18.11424999999997,83.51737327499987
2025-10-28,22:10,23:00,5,95.37838333333332,202.6445800333333
2025-10-28,23:50,24:00,1,12.481666666666683,26.685803333333368
2025-10-29,02:20,02:50,3,80.95448333333343,175.84831881666685
2025-10-29,03:00,03:20,2,33.143299999999954,72.44390274999989
2025-10-29,03:50,04:00,1,2.228333333333353,4.87782166666671
2025-10-29,04:10,04:40,3,124.57144999999991,272.7908286916665
2025-10-29,05:10,05:20,1,24.6242666666667,54.65355986666674
2025-10-29,06:10,06:30,2,43.690113166668425,191.337115556841
2025-10-29,07:40,07:50,1,16.78166666666681,72.16116666666727
2025-10-29,08:10,08:20,1,6.143566666666288,33.654458199997926
2025-10-29,08:30,08:50,2,10.430416666666474,54.98467341666564
2025-10-29,09:00,10:30,9,822.8608666666662,4000.247849674998
2025-10-29,13:40,15:00,8,920.9239500000003,4530.449846550001
2025-10-29,15:10,15:20,1,35.365583333333234,127.61670745833298
2025-10-29,15:40,16:10,3,31.03626666666662,125.21009399999981
2025-10-29,16:30,16:40,1,8.926383333333433,40.27584160000045
2025-10-29,17:10,18:10,6,64.63116666666372,331.28998490831486
2025-10-29,18:40,19:10,3,1156.40798716667,7569.414207443189
2025-10-29,20:20,21:30,7,79.63431666666338,423.5101458166447
2025-10-29,22:00,22:50,5,102.10458333333327,211.70469192499988
2025-10-29,23:40,24:00,2,7.236183333333315,15.45662367499996
2025-10-30,02:50,03:30,4,97.02303333333339,211.87064933333343
2025-10-30,03:50,04:10,2,72.31796666666662,158.62510481666658
2025-10-30,04:40,04:50,1,14.390733333333287,31.817911399999897
2025-10-30,05:50,06:20,3,21.79900000000066,101.61469716666964
2025-10-30,07:00,07:30,3,52.89108333333267,207.95613549999734
2025-10-30,07:40,07:50,1,85.70199100000004,368.51856130000016
2025-10-30,08:10,08:30,2,38.58648333333355,210.6146927833345
2025-10-30,15:40,17:00,8,243.42523333333304,1069.193498908332
2025-10-30,17:20,18:00,4,34.784149999999954,178.2329369666664
2025-10-30,18:20,18:50,3,107.10783333333336,672.0325734333336
2025-10-30,21:20,21:40,2,29.75618333333268,142.00203867499692
2025-10-30,21:50,22:00,1,24.414999999999964,51.38136749999992
2025-10-30,22:30,23:40,7,104.92958333333308,221.9601223083328
2025-10-31,01:30,01:50,2,49.004033333333325,105.75123346666666
2025-10-31,03:10,03:30,2,12.818299999999965,27.964532149999922
2025-10-31,03:40,04:10,3,29.395616666666626,64.35438849166658
2025-10-31,04:20,04:40,2,49.14318333333341,107.65474219166686
2025-10-31,05:10,05:30,2,60.78744999999998,132.65374027499996
2025-10-31,06:30,07:20,5,86.26981666666586,361.9789333416632
2025-10-31,15:20,16:40,8,202.35248333333323,826.8872521833329
2025-10-31,17:20,17:30,1,13.39333333333326,66.0425266666663
2025-10-31,17:40,18:20,4,1532.0222496666665,9224.853558583834
2025-11-01,01:50,02:20,3,49.4935999999999,106.43178225833313
2025-11-01,02:30,03:40,7,324.7839333333333,707.5674125166666
2025-11-01,04:20,04:40,2,41.33781666666658,90.51412097499983
2025-11-01,05:00,05:30,3,68.75796666666673,150.9966670333335
2025-11-01,05:50,06:30,4,57.25543333333309,259.4531732166656
2025-11-01,07:40,07:50,1,12.729133333333237,54.73527333333292
2025-11-01,16:00,16:20,2,18.83874999999989,79.18740709166619
2025-11-01,16:40,17:00,2,58.796200000000226,271.7945188416677
2025-11-01,17:20,17:30,1,36.25833333333327,178.78984166666635
2025-11-02,02:10,02:20,1,14.475183333333348,31.295346366666696
2025-11-02,02:30,03:10,4,92.14175,200.74674905
2025-11-02,04:40,05:20,4,172.10929999999996,376.56786696666654
2025-11-02,05:40,05:50,1,18.961599999999976,54.11640639999993
2025-11-02,06:40,07:30,5,167.6390333333318,674.3319377833269
2025-11-02,07:40,08:30,5,101.74867816666625,527.580959899998
2025-11-02,08:40,10:10,9,520.2110166666663,2574.059099041664
2025-11-02,13:20,14:20,6,404.9595833333334,1937.0623888333334
2025-11-02,16:20,16:30,1,4.635833333333267,20.376805416666375
2025-11-02,16:50,17:00,1,16.627500000000055,77.01858000000024
2025-11-02,18:10,20:00,11,299.08106666666504,1990.7743708083224
2025-11-02,20:20,21:00,4,67.85881666666648,429.27137192499873
2025-11-02,21:40,22:20,4,94.3106166666667,218.65861096666686
2025-11-02,22:50,23:10,2,17.693333333333385,37.484555000000114
2025-11-03,01:30,01:50,2,22.935583333333398,49.506862416666806
2025-11-03,02:10,03:30,8,150.09770000000003,326.70026238333344
2025-11-03,03:50,04:10,2,26.549466666666603,58.181195566666524
2025-11-03,04:30,04:50,2,23.109649999999988,50.86366307499998
2025-11-03,05:00,05:20,2,125.54191666666668,275.471441425
2025-11-03,13:50,14:50,6,381.6617268333346,1979.8771364055065
2025-11-03,15:10,17:20,13,464.61081666666644,1835.3372042333322
2025-11-03,17:40,18:30,5,132.94221666666658,804.2134537249995
2025-11-04,02:10,02:30,2,47.654733333333525,103.16699013333374
2025-11-04,03:20,04:20,6,91.0901,199.07230253333336
2025-11-04,05:00,05:20,2,25.55128333333346,56.21751880833361
2025-11-04,05:40,06:50,7,227.99749999999892,978.5753756666617
2025-11-04,07:20,07:30,1,12.569166666666774,48.03935500000041
2025-11-04,07:40,08:00,2,88.14104599999939,393.3554755083303
2025-11-04,08:40,08:50,1,0.30166666666593756,1.5731916666628643
2025-11-04,13:50,14:20,3,132.52220733333246,661.9024575193289
2025-11-04,15:50,16:00,1,16.340000000000146,65.80935000000058
2025-11-04,16:20,16:40,2,17.70693333333338,78.68543257500022
2025-11-04,17:00,20:30,21,453.4593333333327,2732.813427716663
2025-11-04,21:00,21:20,2,40.574583333333614,187.00629608333463
2025-11-04,21:50,22:20,3,58.29091666666676,118.70087664166685
2025-11-04,23:00,23:50,5,96.20244999999977,204.32235729999954
2025-11-05,01:30,01:40,1,8.120600000000081,17.508013600000176
2025-11-05,02:10,02:30,2,45.03501666666659,97.59353436666649
2025-11-05,02:50,03:20,3,59.61948333333328,130.25793254999988
2025-11-05,03:50,04:00,1,17.16666666666663,37.57783333333325
2025-11-05,04:40,05:10,3,130.11480000000006,285.2391791750001
2025-11-05,05:50,06:10,2,16.193033333333005,74.55360563333187
2025-11-05,06:30,07:20,5,188.9013333333338,795.160149475002
2025-11-05,07:40,09:40,12,493.8993328333327,2521.52619000833
2025-11-05,10:00,10:10,1,4.854050000000228,24.073660975001133
2025-11-05,14:00,15:00,6,874.3195333333337,4293.469877966668
2025-11-05,15:20,17:30,13,275.5454333333332,1135.7791864916667
2025-11-05,17:50,18:10,2,36.86339999999984,229.9769903666657
2025-11-05,18:30,18:50,2,201.60669933333202,1296.883577631325
2025-11-05,22:50,23:00,1,9.178983333331825,19.445676191663473
2025-11-05,23:20,23:30,1,22.508333333333326,47.492583333333314
2025-11-06,01:30,01:50,2,87.64015000000006,189.49554872500016
2025-11-06,02:20,03:00,4,113.62391666666667,246.8492567
2025-11-06,03:30,03:50,2,52.047199999999975,113.40463464999996
2025-11-06,04:10,04:30,2,29.383383333333427,64.22750139166686
2025-11-06,05:00,05:20,2,37.95220000000006,83.64726421666681
2025-11-06,05:40,06:00,2,106.62252683333452,436.2063135532553
2025-11-06,06:40,07:30,5,70.40840000000048,281.2905438166687
2025-11-06,07:40,10:40,18,1741.0823526666666,8900.542238591668
2025-11-06,13:40,14:50,7,496.4745999999998,2502.8295409999982
2025-11-06,16:40,17:00,2,24.278316666666683,111.95115364166674
2025-11-06,17:30,17:50,2,10.301533333333396,53.98302531666694
2025-11-06,18:00,18:20,2,67.73953333333327,423.69138929999957
2025-11-06,18:40,19:00,2,43.99069999999915,289.20720334999436
2025-11-06,21:00,21:20,2,34.78300000000081,160.8275345750037
2025-11-06,21:30,21:50,2,47.612483333333444,215.14679001666718
2025-11-06,22:10,22:30,2,80.25549999999998,171.72642866666666
2025-11-06,22:50,23:40,5,73.51601666666681,155.83143036666698
2025-11-07,01:00,01:20,2,47.59986666666657,102.4649072249998
2025-11-07,01:30,02:00,3,69.8698,150.8605195083333
2025-11-07,02:10,02:50,4,116.89414999999985,253.98599460833304
2025-11-07,03:20,03:50,3,43.22008333333338,94.11919341666676
2025-11-07,04:50,05:00,1,0.48500000000001364,1.0657875000000299
2025-11-07,06:00,06:30,3,48.88918333333288,215.08335981666465
2025-11-07,07:00,07:20,2,30.740499999999486,123.85127599999794
2025-11-07,07:30,08:00,3,89.80521666666661,417.9386618749997
2025-11-07,08:20,08:30,1,27.440100000000335,148.84882245000182
2025-11-07,08:50,09:00,1,20.13499999999999,104.29929999999995
2025-11-07,15:30,16:00,3,45.588733333333494,178.55583573333394
2025-11-07,17:00,17:50,5,206.16103333333314,1021.7900914666657
2025-11-07,20:30,20:50,2,16.753116666667154,110.4064903500034
2025-11-07,22:20,23:30,7,202.23113333333248,428.0882662833315
2025-11-07,23:50,24:00,1,26.4616666666667,56.575043333333404
2025-11-08,01:00,01:20,2,76.79466666666667,165.33512962500004
2025-11-08,01:30,01:40,1,18.461250000000007,39.802455000000016
2025-11-08,02:10,02:30,2,53.328650000000096,115.8817713000002
2025-11-08,03:00,03:10,1,13.788733333333312,30.155959799999955
2025-11-08,03:50,05:00,7,34.64756666666676,75.95147997500021
2025-11-08,06:00,06:50,5,112.59793333333386,494.13113507500236
2025-11-08,15:30,16:00,3,133.8035166666666,524.4550159833332
2025-11-08,16:10,16:40,3,116.88378333333344,517.3687935250005
2025-11-08,17:00,17:10,1,1.0175500000000284,4.814029050000134
2025-11-08,17:30,18:10,4,1225.8118836666656,7223.410746301826
2025-11-08,18:50,20:00,7,171.0009,1152.8454350583334
2025-11-08,22:10,22:40,3,52.47276666666615,110.7483691499989
2025-11-09,03:10,04:30,8,154.12693333333345,336.6419364083336
2025-11-09,05:10,05:20,1,12.771783333333246,28.34697310833314
2025-11-09,05:40,06:00,2,18.858333333332666,76.08077249999694
2025-11-09,07:00,07:30,3,60.36054999999974,239.62986929999897
2025-11-09,07:40,08:50,7,330.18039400000106,1754.168727783338
2025-11-09,09:20,09:30,1,27.21171666666706,131.97682583333523
2025-11-09,13:50,15:00,7,1303.3552900987727,6489.29261462193
2025-11-09,15:10,16:20,7,271.9916333333333,1023.4663626416667
2025-11-09,16:40,16:50,1,1.9426166666667086,8.900098258333525
2025-11-09,17:00,18:10,7,123.03864999999962,676.7183818833311
2025-11-09,18:30,18:50,2,180.83313816666288,1162.9578012373922
2025-11-09,22:30,22:50,2,35.809933333333014,75.38232409166599
2025-11-09,23:40,24:00,2,42.38554999999997,90.61640452499992
2025-11-10,02:40,02:50,1,13.304816666666625,28.838190124999908
2025-11-10,03:30,05:00,9,116.56866666666679,255.44402150000025
2025-11-10,05:40,06:30,5,116.13255000000026,485.6236526666681
2025-11-10,06:50,07:10,2,31.673599999999873,130.87418204999946
2025-11-10,07:20,07:30,1,8.810833333333449,33.67500500000044
2025-11-10,07:40,09:40,12,725.8383243333338,3688.786793066669
2025-11-10,10:10,10:50,4,127.30053333333301,598.8247035833317
2025-11-10,13:40,14:50,7,880.3231180000045,4517.614181775688
2025-11-10,15:20,17:20,12,441.1578666666667,1833.2817374250003
2025-11-10,17:30,17:50,2,27.54509999999982,135.92991299999915
2025-11-10,18:00,18:20,2,72.35890000000003,452.0206621000002
2025-11-10,18:30,19:00,3,101.4274999999999,654.8025601916659
2025-11-10,19:20,19:40,2,28.720849999998904,193.62508460832595
2025-11-10,19:50,20:30,4,89.8403666666668,604.8971466166676
2025-11-10,20:50,21:00,1,12.222800000000028,57.03158480000013
2025-11-10,21:20,22:00,4,149.70119999999974,633.5294239583324
2025-11-10,23:00,23:30,3,60.850016666666534,128.8749961999997
2025-11-11,01:30,01:50,2,69.91156666666654,151.1767266333331
2025-11-11,02:30,02:50,2,2.8672999999998865,6.222534949999753
2025-11-11,04:30,04:50,2,22.637483333333307,49.91131526666661
2025-11-11,05:00,05:20,2,7.2686666666664905,15.972910849999609
2025-11-11,06:20,06:30,1,2.051666666666847,8.985274166667457
2025-11-11,07:20,07:30,1,6.74846666666956,25.79263960001106
2025-11-11,09:50,10:20,3,133.3096166666669,655.3192387166678
2025-11-11,15:20,15:40,2,39.4609999999999,146.17408658333295
2025-11-11,16:10,16:50,4,31.698983333333445,143.35601261666713
2025-11-11,17:00,17:20,2,5.84475000000009,28.437301916667092
2025-11-11,17:50,18:10,2,24.319933333333324,150.88010129999992
2025-11-11,18:20,18:40,2,8.947099999999864,56.04470309999915
2025-11-11,23:00,23:30,3,86.38509999999901,182.90297073333124
2025-11-11,23:50,24:00,1,20.43333333333328,43.686466666666554
2025-11-12,01:40,01:50,1,6.533400000000029,14.154611100000063
2025-11-12,03:30,03:50,2,25.118766666666602,54.72206344999986
2025-11-12,04:10,04:50,4,64.51763333333338,141.45241117500012
2025-11-12,06:10,06:30,2,46.55250000000183,203.87514916667467
2025-11-12,07:20,07:30,1,22.609500000000594,86.41350900000226
2025-11-12,08:20,09:00,4,178.81773333333348,937.1938809916674
2025-11-12,10:30,10:40,1,0.6407333333331735,3.152087633332547
2025-11-12,13:30,14:30,6,430.9546651666677,2084.237958849839
2025-11-12,16:00,16:20,2,37.33668333333344,157.4487560583338
2025-11-12,16:50,17:10,2,46.887233333333256,217.96596589999962
2025-11-12,17:20,17:50,3,50.619233333333455,256.24603920000067
2025-11-12,19:50,20:40,5,152.0548166666664,1028.6402818999982
2025-11-12,21:00,21:20,2,29.826416666666432,139.7069423916656
2025-11-12,21:30,21:50,2,39.18374999999992,177.307525833333
2025-11-12,22:30,22:40,1,3.7442833333333283,7.836785016666656
2025-11-12,23:00,23:20,2,22.33409999999992,47.3882156666665
2025-11-12,23:40,24:00,2,60.74008333333336,129.81656879166673
2025-11-13,02:10,02:20,1,20.829133333333402,45.03258626666681
2025-11-13,02:50,03:00,1,4.69500000000005,10.228057500000107
2025-11-13,03:10,03:30,2,46.079599999999914,100.45699079999982
2025-11-13,03:50,04:20,3,51.612300000000005,113.33122838333334
2025-11-13,04:30,05:10,4,109.94873333333351,241.0980754333337
2025-11-13,05:50,06:30,4,55.409883333333596,249.40616895000124
2025-11-13,06:50,07:10,2,46.70284999999976,192.55649441666569
2025-11-13,07:20,07:30,1,11.987499999999955,45.816224999999825
2025-11-13,13:20,14:50,9,1497.5145948333336,7443.476118020334
2025-11-13,15:10,16:00,5,174.84616666666614,647.4133455249979
2025-11-13,16:30,17:40,7,182.00038333333305,878.1336491999986
2025-11-13,18:00,18:10,1,57.555593833333134,361.47790707024876
2025-11-13,18:40,20:30,11,250.27023333333386,1684.8120104250036
2025-11-13,21:50,22:10,2,42.55588333333344,85.2926831416669
2025-11-13,22:30,22:50,2,38.58841666666672,81.34048620833343
2025-11-13,23:50,24:00,1,8.890000000000043,19.00682000000009
2025-11-14,01:50,02:00,1,23.00666666666666,49.59086999999999
2025-11-14,02:50,03:20,3,68.4802666666667,149.5691770166667
2025-11-14,04:20,04:40,2,31.629750000000058,69.03181920833346
2025-11-14,04:50,05:20,3,51.70474999999999,113.14735672499998
2025-11-14,05:40,06:00,2,14.800733333333142,50.229923766666374
2025-11-14,15:30,15:50,2,70.08241666666675,270.24523338333364
2025-11-14,16:00,17:00,6,202.204,894.56234655
2025-11-14,17:40,17:50,1,58.40897249999966,313.7145912974982
2025-11-14,18:40,19:00,2,56.92543333333043,372.57429088331475
2025-11-14,21:20,22:10,5,89.75234999999995,305.4299137499997
2025-11-14,23:30,23:50,2,49.57469999999995,105.4805583499999
2025-11-15,01:40,02:00,2,30.447683333333316,65.68655094166664
2025-11-15,02:40,03:00,2,20.473100000000045,44.446229250000094
2025-11-15,03:10,04:20,7,268.49943333333334,586.9340024416666
2025-11-15,04:40,05:30,5,90.89148333333333,199.123118275
2025-11-15,07:10,07:30,2,30.020097500000077,119.11603863500035
2025-11-15,07:50,08:30,4,138.65729999999985,778.6458667416659
2025-11-15,08:50,09:10,2,29.45073333333346,151.9976368166673
2025-11-15,15:40,16:00,2,44.7888333333334,179.86085991666693
2025-11-15,16:40,16:50,1,2.063383333333377,9.453390741666867
2025-11-15,17:10,17:30,2,18.97919999999999,93.05908319999995
2025-11-15,17:50,18:40,5,75.09021666666536,469.5363143749917
2025-11-15,20:00,20:40,4,100.28213333333429,675.2373747750064
2025-11-15,21:00,21:10,1,1.615616666666913,7.3252059666677845
2025-11-15,21:40,22:00,2,23.28968333333329,85.81571319999976
2025-11-15,22:40,23:20,4,99.29435000000007,210.61973538333345
2025-11-16,01:40,01:50,1,19.791950000000043,42.87925967500009
2025-11-16,02:20,02:40,2,14.306600000000117,31.10980006666692
2025-11-16,03:10,03:30,2,7.494299999999953,16.348980149999896
2025-11-16,03:50,04:10,2,14.551749999999856,31.926653374999685
2025-11-16,04:30,05:00,3,31.73891666666657,69.97617007499977
2025-11-16,05:10,05:20,1,10.181366666666804,22.59754331666697
2025-11-16,05:50,06:50,6,201.17300283333242,894.6098370985792
2025-11-16,07:40,07:50,1,5.516716666666866,23.721881666667525
2025-11-16,08:20,09:10,5,85.06445183333273,441.96071546158
2025-11-16,09:50,10:00,1,40.94863333333336,204.27225738333348
2025-11-16,10:20,10:50,3,262.0814500000001,1175.5242156083336
2025-11-16,13:40,14:30,5,485.9716815000007,2374.051847936837
2025-11-16,15:10,15:20,1,18.194783333333476,65.65587565833385
2025-11-16,15:30,17:00,9,222.0884666666667,956.0657852166669
2025-11-16,17:40,18:00,2,77.92058333333341,461.17457641666715
2025-11-16,18:20,18:30,1,11.691666666666606,73.33597916666629
2025-11-16,18:50,19:00,1,1.1229833333339911,7.561046783337763
2025-11-16,20:30,20:50,2,18.864766666665673,118.22142258332633
2025-11-16,21:20,21:30,1,40.313333333333276,188.88812333333308
2025-11-16,21:50,22:10,2,6.8857166666665535,14.07699030833311
2025-11-16,22:20,22:30,1,3.408333333333303,7.154091666666604
2025-11-16,22:50,23:30,4,129.3500166666667,274.0817423333334
2025-11-16,23:40,24:00,2,29.6088166666666,63.297827991666516
2025-11-17,01:40,01:50,1,28.25906666666674,61.223267933333496
2025-11-17,02:50,03:20,3,87.52771666666649,191.2256942666663
2025-11-17,03:30,03:50,2,29.601400000000012,64.45740255000003
2025-11-17,04:30,04:50,2,8.033400000000029,17.66627669166673
2025-11-17,05:00,05:20,2,80.20943333333344,176.4451334166669
2025-11-17,07:40,08:20,4,146.04196666666587,794.1721807083289
2025-11-17,09:20,09:50,3,166.84138333333365,797.3349875916682
2025-11-17,13:30,14:00,3,81.239897833334,380.3719541915032
2025-11-17,15:10,15:20,1,1.0538833333332605,3.802938008333071
2025-11-17,16:30,17:00,3,127.36741666666649,582.6443930583325
2025-11-17,17:20,17:30,1,9.37833333333333,46.244561666666655
2025-11-17,18:20,18:30,1,4.5166666666666515,28.33079166666657
2025-11-17,22:10,22:40,3,33.142366666667385,70.27987218333493
2025-11-17,23:00,23:20,2,49.0462500000001,104.07803540000022
2025-11-18,02:40,02:50,1,2.8098999999999705,6.090458249999936
2025-11-18,03:00,03:30,3,73.85601666666673,161.32366155000014
2025-11-18,04:00,04:50,5,136.51936666666677,300.10671215833355
2025-11-18,05:00,05:10,1,5.887550000000033,12.755377075000071
2025-11-18,05:40,05:50,1,1.8019166666666706,5.142670166666678
2025-11-18,06:00,06:10,1,3.561633333333134,16.6826905333324
2025-11-18,12:50,14:50,12,1841.5772166666666,9110.053322533333
2025-11-18,15:10,15:40,3,98.81503333333353,357.7948504416674
2025-11-18,16:00,16:20,2,59.74986666666655,250.82285446666612
2025-11-18,16:40,17:10,3,80.64675000000034,374.8083539833349
2025-11-18,17:40,17:50,1,3.088833333333355,16.59012383333345
2025-11-18,18:40,19:10,3,108.01479199999312,707.0184938759555
2025-11-18,19:20,19:30,1,6.011616666668033,40.527313758342544
2025-11-18,20:50,21:20,3,33.054483333332584,151.69169550832987
2025-11-18,21:50,22:00,1,16.031666666666638,33.73864249999993
2025-11-18,22:20,23:00,4,128.2572,270.93037322500004
2025-11-18,23:30,23:50,2,48.9980833333334,104.1367962416668
2025-11-19,01:30,01:50,2,54.409266666666554,117.59312938333309
2025-11-19,02:10,02:30,2,26.694016666666585,58.00583153333315
2025-11-19,03:00,03:30,3,111.42513333333318,243.08322632499963
2025-11-19,03:50,04:00,1,25.13833333333332,55.02781166666664
2025-11-19,04:50,05:10,2,47.430233333333376,103.16866051666676
2025-11-19,05:40,06:00,2,202.0889794999996,797.3608744852482
2025-11-19,07:10,07:30,2,18.391299999998363,72.84373846666017
2025-11-19,07:40,10:40,18,1432.9468166666654,7222.984892591659
2025-11-19,15:30,16:00,3,37.875566666666714,148.8161250666668
2025-11-19,16:10,16:40,3,111.23363333333305,488.15972818333205
2025-11-19,17:30,18:20,5,83.76738333333344,507.9845759750008
2025-11-19,18:50,19:10,2,26.136916666665456,176.6038118416585
2025-11-19,20:50,21:10,2,121.39144999999965,562.2290054999984
2025-11-19,21:20,21:30,1,2.05499999999995,9.628702499999767
2025-11-19,22:10,22:30,2,27.037283333333335,57.51588513333334
2025-11-19,22:40,24:00,8,151.22350000000029,321.2626462166673
2025-11-20,01:30,01:50,2,64.75724999999989,139.83540374999976
2025-11-20,02:30,02:50,2,30.700366666666696,66.63419197500006
2025-11-20,03:10,03:50,4,91.40768333333335,199.08766773333338
2025-11-20,04:20,04:50,3,48.19934999999998,105.95664994166663
2025-11-20,05:40,06:00,2,59.76451766666503,260.44542933282605
2025-11-20,12:50,14:50,12,1359.1211520000024,6530.96047561268
2025-11-20,15:10,15:50,4,69.52760000000012,257.02144869166716
2025-11-20,16:10,16:30,2,21.492583333333414,92.21105537500036
2025-11-20,16:50,17:00,1,43.85541666666654,203.13828999999942
2025-11-20,17:50,18:30,4,117.00818333333359,728.8177890250017
2025-11-20,19:10,19:20,1,5.495299999996973,36.94215424997965
2025-11-20,22:20,22:40,2,15.929016666665257,33.37926128333038
2025-11-20,23:10,23:50,4,168.04349999999982,356.22123048333293
2025-11-21,01:30,01:50,2,53.48275000000007,115.50536707500015
2025-11-21,02:10,02:20,1,12.505433333333315,27.036746866666626
2025-11-21,02:30,03:00,3,95.26444999999995,206.86139160833324
2025-11-21,03:10,04:10,6,251.26374999999985,548.2982690583331
2025-11-21,04:30,04:50,2,70.8460833333333,156.20925894166658
2025-11-21,05:40,05:50,1,39.740195000000085,113.41851653000025
2025-11-21,06:00,06:20,2,42.034316666667564,192.32905535000413
2025-11-21,07:00,08:20,8,296.69829999999934,1333.533202958331
2025-11-21,08:50,09:00,1,4.104583333333313,21.26174166666656
2025-11-21,15:20,15:30,1,1.451666666666597,5.304389999999745
2025-11-21,15:50,16:10,2,93.6925500000001,380.13999052500037
2025-11-21,16:40,17:20,4,27.128050000000087,127.2027579500004
2025-11-21,17:30,18:00,3,65.60386666666659,360.2919002833332
2025-11-21,22:50,23:40,5,39.18730000000106,83.07949991666892
2025-11-22,02:10,02:30,2,74.20013333333333,161.4310449333333
2025-11-22,02:50,03:10,2,64.42235000000005,140.62591278333343
2025-11-22,03:30,04:00,3,46.11783333333341,100.61059517500017
2025-11-22,04:20,05:30,7,74.52878333333342,163.44221503333353
2025-11-22,05:50,07:00,7,154.0598333333328,678.3612067833311
2025-11-22,08:20,08:30,1,28.471499999999683,154.44365174999828
2025-11-22,08:40,09:10,3,70.91959999999995,366.10325271666636
2025-11-22,16:00,17:00,6,242.15583333333325,1059.4221860416662
2025-11-22,17:30,18:00,3,38.73931666666698,214.63659923333546
2025-11-22,18:40,18:50,1,16.840816666666854,108.46327974166788
2025-11-22,22:20,22:40,2,36.35291666666592,76.24998828333176
2025-11-22,23:00,23:20,2,29.268666666666604,62.120899733333204
2025-11-22,23:30,24:00,3,24.12650000000002,51.50508860000005
2025-11-23,01:30,01:40,1,8.990049999999997,19.382547799999994
2025-11-23,02:10,02:20,1,19.8987166666667,43.021025433333406
2025-11-23,02:50,03:10,2,73.80089999999996,160.9047232999999
2025-11-23,03:20,03:50,3,63.18556666666666,137.56931092499997
2025-11-23,04:10,04:30,2,41.79991666666672,91.47852129166678
2025-11-23,04:40,05:10,3,66.40265000000011,146.0903393916669
2025-11-23,05:40,06:00,2,17.14265750000129,49.198076204589064
2025-11-23,06:50,07:30,4,71.58449999999996,282.9093022999998
2025-11-23,07:40,08:30,5,252.68641883333203,1413.3679909600758
2025-11-23,08:40,09:00,2,51.34971666666729,267.00531200000324
2025-11-23,10:10,10:50,4,206.9415500000013,947.7211190083397
2025-11-23,17:00,17:20,2,32.21485000000007,154.76925668333365
2025-11-23,17:30,17:40,1,0.37901666666653,1.8496013333326664
2025-11-23,18:00,18:30,3,91.92803333333359,574.2360095500017
2025-11-23,18:50,19:20,3,37.40366666666637,252.49580794166465
2025-11-23,21:10,21:20,1,13.231999999998582,61.99853599999336
2025-11-23,21:40,21:50,1,2.89076666666665,11.221956199999935
2025-11-23,22:10,22:30,2,13.122449999999958,28.14588913333325
2025-11-23,23:30,23:40,1,13.506149999999934,28.63303799999986
2025-11-24,01:30,01:40,1,23.309966666666696,50.2562881333334
2025-11-24,02:20,02:40,2,23.139116666666723,50.432230466666795
2025-11-24,03:10,03:30,2,33.91798333333338,74.00227757500011
2025-11-24,03:50,04:00,1,6.856666666666683,15.00924333333337
2025-11-24,04:20,04:30,1,6.106666666666683,13.324746666666703
2025-11-24,04:40,05:00,2,22.588483333333215,49.723109149999736
2025-11-24,05:40,06:20,4,210.03770349999866,959.4187082399103
2025-11-24,06:50,07:20,3,35.92541666666712,145.96520891666853
2025-11-24,13:10,14:50,10,1115.9892484999991,5421.123630938412
2025-11-24,15:10,16:30,8,415.2384499999996,1633.6674375166651
2025-11-24,17:20,17:40,2,19.446749999999838,95.38030499999921
2025-11-24,18:10,19:10,6,98.71424999999934,641.4006453249959
2025-11-24,20:00,20:30,3,87.14329999999916,585.9874847333276
2025-11-24,20:40,21:30,5,88.08128333333295,422.79331534166425
2025-11-24,21:50,22:00,1,2.0616666666666106,4.338777499999882
2025-11-24,22:30,24:00,9,298.11411666666675,633.3624307000002
2025-11-25,01:30,01:50,2,26.344366666666588,56.97444888333317
2025-11-25,02:10,02:40,3,100.88723333333337,219.63715700000006
2025-11-25,02:50,03:10,2,33.42803333333336,72.9376897333334
2025-11-25,03:30,04:20,5,163.70011666666664,357.75302346666666
2025-11-25,04:40,05:00,2,50.74064999999996,111.7055146499999
2025-11-25,07:40,10:50,19,1297.0442428333308,6440.677076714069
2025-11-25,13:10,14:30,8,889.5804499999997,4355.480221024999
2025-11-25,15:30,15:40,1,3.929583333333426,14.802740416667014
2025-11-25,16:30,16:50,2,40.03343333333328,181.81805019999976
2025-11-25,17:20,17:50,3,67.4695499999998,333.4819231333323
2025-11-25,18:00,18:30,3,46.99030000000016,293.72233371666766
2025-11-25,18:40,19:00,2,15.015699999998901,101.08100334999274
2025-11-25,19:10,19:30,2,15.655366666666168,105.51635908332999
2025-11-25,20:30,20:40,1,1.3007999999983895,9.074380799988765
2025-11-25,21:20,22:10,5,117.14106666666669,520.141653566667
2025-11-25,23:00,24:00,6,149.7330666666668,317.33215825833355
2025-11-26,02:10,02:50,4,97.6040833333335,212.16003377500036
2025-11-26,03:30,03:50,2,24.240433333333385,52.79119830000012
2025-11-26,04:00,04:20,2,32.03123333333326,70.31340484999984
2025-11-26,05:10,05:20,1,17.939983333333316,39.8177930083333
2025-11-26,05:50,06:20,3,141.6955986666677,641.5837242673381
2025-11-26,07:10,07:20,1,19.26088333333423,76.77388096667025
2025-11-26,07:50,08:30,4,65.73475000000064,361.22671588333696
2025-11-26,13:00,14:50,11,922.7587276666684,4443.602948779009
2025-11-26,15:10,15:30,2,13.863488888892334,50.10964569723465
2025-11-26,15:40,16:10,3,92.54380000000003,375.9899785000001
2025-11-26,16:30,17:10,4,81.67781666666656,375.6719187916662
2025-11-26,18:00,18:20,2,13.551933333333182,84.44932329999904
2025-11-26,18:30,19:00,3,58.07676666666566,378.06796718332663
2025-11-27,01:30,01:50,2,14.588799999999992,31.536039849999984
2025-11-27,02:20,02:30,1,41.36833333333334,90.32775583333334
2025-11-27,03:00,03:20,2,21.621733333333395,47.26885400000013
2025-11-27,03:50,04:10,2,13.470500000000015,29.6114944166667
2025-11-27,04:50,05:20,3,59.18984999999998,129.4289219916666
2025-11-27,05:40,06:00,2,53.868899999999144,217.44742726666297
2025-11-27,06:10,06:30,2,43.188016666666705,189.13986165000017
2025-11-27,06:50,07:00,1,16.75458333333347,69.81634875000057
2025-11-27,07:20,07:30,1,15.182500000000118,58.027515000000456
2025-11-27,07:40,08:00,2,60.88369066666644,301.4738834789986
2025-11-27,13:40,14:00,2,41.13138333333387,192.70178965000275
2025-11-27,14:40,14:50,1,9.696549999997558,45.45742639998855
2025-11-27,15:10,16:50,10,539.6419333333342,2133.0622839750035
2025-11-27,17:30,17:50,2,31.787849999999708,166.70009846666522
2025-11-27,18:20,18:40,2,35.92998333333223,225.28437994165978
2025-11-27,21:30,21:50,2,28.32425000000071,127.6280613583368
2025-11-27,22:00,22:20,2,32.79004999999995,66.06174257499993
2025-11-27,22:40,23:20,4,39.23801666666674,83.22840548333347
2025-11-28,01:00,01:20,2,47.32806666666664,101.85920797499995
2025-11-28,02:20,02:30,1,13.883333333333269,30.314258333333193
2025-11-28,03:00,03:20,2,13.303399999999954,29.0938031249999
2025-11-28,04:00,04:30,3,119.47164999999995,262.2323767249999
2025-11-28,04:50,05:00,1,47.20999999999998,103.74397499999995
2025-11-28,05:50,06:30,4,79.40080000000006,356.3485239583336
2025-11-28,07:40,09:00,8,344.0959833333334,1895.1372499583335
2025-11-28,15:00,15:10,1,26.702699999999936,88.1189099999998
2025-11-28,16:10,16:30,2,38.06541666666658,165.04437562499965
2025-11-28,16:50,17:30,4,25.484666666666726,124.04100641666696
2025-11-28,18:50,20:50,12,305.44049999999993,2049.4513005166664
2025-11-28,23:50,24:00,1,43.00718333333343,91.94935796666687
2025-11-29,01:00,01:20,2,16.99340000000001,36.61096087500002
2025-11-29,01:40,02:00,2,67.88941666666665,146.64643620833328
2025-11-29,02:20,02:40,2,21.90246666666667,47.63985503333334
2025-11-29,03:20,03:50,3,17.086533333333364,37.21149816666673
2025-11-29,04:20,04:40,2,60.51998333333324,132.14138589166646
2025-11-29,05:40,05:50,1,12.729743999999016,36.330689375997196
2025-11-29,06:20,06:40,2,29.671350000000075,128.491490091667
2025-11-29,07:20,07:30,1,27.339100000000656,104.49004020000251
2025-11-29,14:50,16:00,7,405.53434999999985,1456.7396231999992
2025-11-29,17:00,17:20,2,19.88485000000003,95.54065901666681
2025-11-29,17:40,18:40,6,2610.5332166666662,15901.288149091666
2025-11-29,18:50,19:20,3,37.846058333331825,255.55408943332318
2025-11-29,22:00,22:10,1,11.565733333334425,22.31608246666877
2025-11-29,22:40,23:00,2,65.94901666666652,139.80291650833303
2025-11-29,23:20,24:00,4,167.17329999999993,355.5994591749998
2025-11-30,01:30,01:50,2,69.6615333333333,150.5191818666666
2025-11-30,02:10,02:40,3,14.531150000000025,31.70885233333339
2025-11-30,03:30,04:00,3,130.34176666666667,284.6751835333333
2025-11-30,04:20,04:30,1,4.94833333333338,10.797263333333435
2025-11-30,05:00,05:20,2,44.47873333333325,97.52855919999982
2025-11-30,06:00,06:20,2,52.96973333333358,235.91369268333446
2025-11-30,06:30,07:10,4,105.05533333333312,442.2032449333325
2025-11-30,08:00,09:30,9,378.30086666666494,1976.417795891657
2025-11-30,10:10,10:20,1,1.9243666666660317,9.225413799996955
2025-11-30,13:50,14:00,1,3.276883333334041,15.98136001667012
2025-11-30,14:20,14:50,3,32.39995000000221,166.90901651667792
2025-11-30,15:30,16:30,6,142.36211666666702,575.4985779083349
2025-11-30,16:50,17:00,1,7.621666666666442,35.30355999999896
2025-11-30,18:50,19:30,4,63.57696666666527,428.44932290832395
2025-11-30,19:50,20:00,1,11.041300000000092,74.42940330000063
2025-11-30,20:20,20:30,1,39.50716666666642,266.4560855833317
2025-11-30,21:20,22:10,5,112.9869833333333,450.18831743333317
2025-11-30,22:30,23:40,7,133.68273333333343,283.2178094500002
2025-11-30,23:50,24:00,1,6.918333333333408,14.791396666666826
2025-12-01,01:30,01:50,2,128.40953333333323,277.50725951666647
2025-12-01,02:10,05:20,19,1586.578283333333,3468.9475172499997
2025-12-01,05:40,07:30,11,1566.5750168333348,6572.268690133256
2025-12-01,07:40,10:50,19,1811.592146833334,9188.590269214754
2025-12-01,12:50,14:30,10,916.9280500000009,4103.854960658337
2025-12-01,14:40,14:50,1,11.983566666668025,56.1789605333397
2025-12-01,15:30,15:50,2,69.99503333333382,265.92378305833523
2025-12-01,16:10,17:10,6,150.42313333333334,682.6026252666667
2025-12-01,17:40,18:30,5,135.61241666666638,823.1541462583316
2025-12-01,18:40,18:50,1,43.49280449999981,280.11540738224875
2025-12-01,19:20,19:30,1,21.941366666667136,147.9177233833365
2025-12-01,21:30,21:50,2,15.40548333333329,64.01894665833309
2025-12-01,22:00,22:20,2,59.429816666666625,122.49102345833325
2025-12-01,22:40,23:00,2,20.50305000000003,43.47140752500006
2025-12-01,23:30,24:00,3,92.55049999999994,197.70889254166656
2025-12-02,01:30,01:50,2,82.11496666666665,177.5806064083333
2025-12-02,02:10,05:20,19,1249.8149166666667,2733.3194456083334
2025-12-02,05:40,07:30,11,1800.0613591666697,7654.773632078764
2025-12-02,07:40,10:50,19,3124.6178871666652,15673.589822049244
2025-12-02,12:50,13:10,2,99.98051666666674,423.442916591667
2025-12-02,13:40,14:50,7,1937.2969566666657,9654.849938794996
2025-12-02,15:30,16:30,6,296.2231999999999,1206.954745683333
2025-12-02,16:40,17:30,5,161.4103833333329,768.0939685749979
2025-12-02,17:50,19:00,7,382.34515783333404,2445.547688825588
2025-12-02,19:40,20:10,3,97.40985000000137,656.9048981916759
2025-12-02,21:00,21:30,3,63.39538333333278,296.69273203333086
2025-12-02,21:50,22:40,5,57.362166666666894,120.1848463583338
2025-12-02,23:00,24:00,6,88.13708333333318,187.0349474749997
2025-12-03,01:30,01:50,2,163.59096666666665,353.5945040833333
2025-12-03,02:10,05:20,19,1310.593,2869.4145317333323
2025-12-03,05:40,07:30,11,1538.8314536666667,6620.967696149666
2025-12-03,07:40,09:20,10,710.4054286666694,3741.721359102016
2025-12-03,09:30,10:00,3,92.47104999999993,446.86320419999964
2025-12-03,12:50,14:50,12,2078.884761000004,9868.195803898852
2025-12-03,16:10,16:40,3,118.31763333333345,523.5601621000005
2025-12-03,17:20,18:30,7,156.7823666666667,886.3672795166667
2025-12-03,20:50,21:10,2,32.50550000000169,150.3935124000079
2025-12-03,21:20,22:20,6,158.43550000000016,591.0522227666673
2025-12-03,22:30,23:10,4,107.97959999999995,228.05191863333323
2025-12-03,23:20,24:00,4,101.19253333333336,215.34170479166673
2025-12-04,01:30,01:50,2,58.818716666666774,127.07359443333357
2025-12-04,02:10,05:20,19,1652.199533333333,3611.937713916666
2025-12-04,05:40,07:30,11,1741.0478726666656,7420.994193146994
2025-12-04,07:40,10:50,19,2587.375366333332,13057.215059413824
2025-12-04,13:40,13:50,1,85.35157100000136,385.1916399230061
2025-12-04,14:10,14:50,4,71.8663499999999,363.09753225833265
2025-12-04,15:30,16:20,5,202.30318333333332,805.87917795
2025-12-04,16:30,16:50,2,86.78520000000015,394.5700974916673
2025-12-04,17:00,18:10,7,216.2711000000004,1160.5205213583358
2025-12-04,18:40,19:30,5,98.75719783333489,654.355093178927
2025-12-04,19:50,20:10,2,51.26121666666745,345.8924681083386
2025-12-04,20:30,21:20,5,83.63963333333368,507.70793125000216
2025-12-04,21:40,22:30,5,57.868633333333264,121.69045164999979
2025-12-04,22:40,24:00,8,256.89188333333317,544.756910708333
2025-12-05,01:00,01:10,1,57.64461666666671,124.25297122500008
2025-12-05,01:30,02:00,3,220.0175666666667,475.2646039250001
2025-12-05,02:10,05:20,19,1274.5523,2785.873661008334
2025-12-05,05:40,09:30,23,2308.5101463333335,10149.643290885335
2025-12-05,14:30,15:20,5,92.86896666666667,433.94952069166646
2025-12-05,15:30,16:00,3,100.08481666666637,391.39073734999886
2025-12-05,16:40,18:50,13,2721.983194166667,16468.15700114417
2025-12-05,22:20,22:40,2,106.80171666666602,224.054055683332
2025-12-05,22:50,23:00,1,16.38333333333327,34.70809166666653
2025-12-05,23:10,24:00,5,229.98483333333337,487.3201999333334
2025-12-06,01:00,01:10,1,48.193466666666666,103.88101739999999
2025-12-06,01:30,01:50,2,111.6813499999999,241.2380641999998
2025-12-06,02:10,02:20,1,63.755433333333315,137.83924686666663
2025-12-06,02:30,05:20,17,1333.7662166666664,2919.862823758333
2025-12-06,05:40,09:50,25,2697.371797999999,11690.749121275992
2025-12-06,15:00,16:50,11,631.9826742798358,2622.6508607234578
2025-12-06,17:00,17:20,2,32.8714333333333,158.78359476666648
2025-12-06,17:40,19:40,12,3216.9699429999973,19809.603341233153
2025-12-06,21:10,21:20,1,22.68235000000012,106.27815092500057
2025-12-06,21:50,22:40,5,91.99319999999993,189.34357274999982
2025-12-06,23:00,24:00,6,41.84588333333318,88.87398161666634
2025-12-07,01:30,01:50,2,58.97666666666669,127.31885745833338
2025-12-07,02:10,05:20,19,1377.0219,3012.063636341667
2025-12-07,05:40,07:30,11,1435.9099026666672,6175.950053549002
2025-12-07,07:40,08:50,7,467.5558199999989,2512.0142822033276
2025-12-07,10:00,10:50,5,129.67406666666702,600.2669102250014
2025-12-07,12:50,13:20,3,224.73381666666637,946.3804832416655
2025-12-07,13:30,14:50,8,863.442248833333,4117.153998301831
2025-12-07,15:30,15:50,2,112.1193833333333,428.1834587333333
2025-12-07,16:10,16:50,4,145.72045000000003,654.6969678583334
2025-12-07,17:10,18:50,10,468.6234305,2830.930569593583
2025-12-07,20:10,21:00,5,111.49869999999862,640.9884409333242
2025-12-07,21:50,22:30,4,81.4095166666666,171.45500974999987
2025-12-07,22:50,23:50,6,151.913,322.159214575
2025-12-08,02:10,02:20,1,24.31569999999988,52.570543399999735
2025-12-08,03:30,04:00,3,61.21888333333334,133.51797140000002
2025-12-08,04:40,05:00,2,56.770633333333194,125.00207779999968
2025-12-08,05:40,05:50,1,6.854916666666668,19.56393216666667
2025-12-08,06:00,06:10,1,8.421234833332505,39.44506395932946
2025-12-08,06:30,06:50,2,74.00896666666654,316.6476913249994
2025-12-08,07:40,07:50,1,18.518166666666843,79.62811666666742
2025-12-08,08:30,08:40,1,2.5661499999999933,13.613425749999964
2025-12-08,12:50,14:30,10,979.6921475000022,4543.252619614178
2025-12-08,15:50,16:20,3,65.90288333333353,274.9619328916675
2025-12-08,16:50,17:30,4,68.3471333333332,327.5568962999993
2025-12-08,18:30,19:10,4,26.7037666666655,172.7461794416588
2025-12-08,19:40,20:00,2,10.453666666665526,70.43505299999231
2025-12-08,20:40,20:50,1,53.296266666666135,325.80007813333003
2025-12-08,22:10,22:30,2,61.887283333333244,131.47707679999982
2025-12-08,23:20,23:40,2,14.063833333333378,29.80684333333343
2025-12-09,01:30,01:40,1,1.8412166666666963,3.9696631333333974
2025-12-09,03:00,03:30,3,125.07303333333334,273.1986467
2025-12-09,04:10,04:50,4,58.715016666666656,128.68311912499996
2025-12-09,06:20,06:30,1,25.484446333332677,111.60913271683046
2025-12-09,07:20,07:30,1,18.731666666666797,71.5924300000005
2025-12-09,07:40,09:20,10,488.37726666666674,2610.334047283334
2025-12-09,13:50,14:10,2,52.774750000000495,257.67242975000244
2025-12-09,16:10,16:30,2,44.57104999999979,193.24653414166573
2025-12-09,17:00,17:20,2,11.240316666666558,53.59878281666615
2025-12-09,17:30,18:00,3,104.9794333333333,541.3177885999999
2025-12-09,18:10,18:30,2,28.60970000000009,178.97579128333388
2025-12-09,19:40,19:50,1,0.3839833333320257,2.586703724991191
2025-12-09,20:20,20:40,2,25.087883333334617,172.380166758342
2025-12-09,20:50,21:10,2,24.658333333333417,113.34506333333373
2025-12-09,21:50,22:10,2,12.629499999999894,25.54957858333311
2025-12-09,22:30,22:50,2,50.29418333333331,106.12189879999994
2025-12-09,23:50,24:00,1,2.9950000000000045,6.403310000000009
2025-12-10,02:40,02:50,1,24.7817,53.71433475
2025-12-10,03:00,03:40,4,95.68801666666661,208.7835912999999
2025-12-10,04:20,04:30,1,7.2333333333333485,15.783133333333366
2025-12-10,04:50,05:20,3,103.69074999999987,226.65409134166637
2025-12-10,06:00,06:30,3,129.0024666666667,579.3411962833335
2025-12-10,07:00,07:10,1,14.910933333333105,60.329636266665744
2025-12-10,12:50,13:30,4,283.12098333333313,1191.7687926583324
2025-12-10,13:50,14:10,2,523.0567445000003,2578.0962092445016
2025-12-10,15:40,17:40,12,319.6156499999996,1375.1856948499983
2025-12-10,18:00,18:10,1,56.958813499998655,357.72982818674154
2025-12-10,18:30,20:00,9,209.61504999999931,1389.4452346416622
2025-12-10,22:50,23:10,2,30.499966666666523,64.6755545249997
2025-12-10,23:50,24:00,1,17.12166666666667,36.606123333333336
2025-12-11,01:30,01:50,2,30.810733333333246,66.68072559166649
2025-12-11,02:10,02:20,1,4.29453333333322,9.284781066666422
2025-12-11,02:50,03:00,1,1.900000000000091,4.139150000000197
2025-12-11,04:50,05:00,1,3.853333333333353,8.467700000000043
2025-12-11,05:10,05:20,1,0.631716666666648,1.4020951416666254
2025-12-11,05:50,06:10,2,33.54082550000078,156.14198247533696
2025-12-11,07:40,08:10,3,107.58554833333494,552.945718869176
2025-12-11,08:30,09:20,5,216.10551666666714,1121.0081981333356
2025-12-11,09:30,09:40,1,18.75021666666662,88.33227071666646
2025-12-11,16:20,16:30,1,1.170416666666597,5.144566458333027
2025-12-11,16:50,17:00,1,1.979583333333494,9.169430000000744
2025-12-11,17:20,17:30,1,36.34166666666658,179.2007583333329
2025-12-11,18:00,18:20,2,24.065233333333254,150.48158284999948
2025-12-11,18:30,18:50,2,27.894249999999943,176.40896320833298
2025-12-11,19:20,19:40,2,20.69126666666523,139.54702024165698
2025-12-11,22:30,22:40,1,3.7780833333325514,7.90752841666503
2025-12-11,23:40,23:50,1,1.4268333333333203,3.0470025833333056
2025-12-12,01:30,01:40,1,45.006449999999916,97.03390619999982
2025-12-12,02:10,02:20,1,24.91981666666669,53.87664363333338
2025-12-12,03:10,03:30,2,50.163016666666636,109.52902292499992
2025-12-12,04:00,04:50,5,80.93388333333331,177.84089092499997
2025-12-12,05:00,05:20,2,32.5393499999999,71.91650339166645
2025-12-12,05:40,06:00,2,25.02598333333242,85.84155809999585
2025-12-12,06:20,06:40,2,56.257383333335724,244.85654587501043
2025-12-12,09:40,09:50,1,44.915983333333315,214.90052225833324
2025-12-12,14:50,16:00,7,236.30373148148215,854.2654419055579
2025-12-12,16:20,17:10,5,135.09343333333322,610.3190862333328
2025-12-12,17:40,18:30,5,1811.4570181666668,10957.13384695875
2025-12-12,19:10,19:20,1,6.3237499999991655,42.51140937499439
2025-12-12,20:40,21:20,4,138.6885833333339,673.5887003083368
2025-12-12,21:50,22:20,3,113.3015999999999,230.43927650833314
2025-12-12,22:40,23:10,3,66.65375000000012,141.38962492500025
2025-12-13,01:30,01:50,2,23.587883333333366,50.95128319166675
2025-12-13,02:20,02:40,2,36.72569999999996,80.1901317999999
2025-12-13,02:50,03:00,1,20.683333333333337,45.05864166666667
2025-12-13,04:10,04:20,1,1.4262999999999693,3.130015349999933
2025-12-13,05:10,05:20,1,16.44375000000008,36.49690312500018
2025-12-13,05:40,06:20,4,175.68084083333213,767.9341764629112
2025-12-13,14:20,15:00,4,140.27305,587.7073042333335
2025-12-13,16:40,17:10,3,50.40529999999984,233.4445476833326
2025-12-13,17:20,17:50,3,224.1145043333313,1196.1443122409892
2025-12-13,18:10,18:20,1,40.22311666666707,250.32856657500247
2025-12-13,21:40,21:50,1,8.806016666667846,34.18495670000458
2025-12-13,22:10,22:30,2,25.73366666666675,54.74245300000018
2025-12-13,23:20,23:30,1,21.556666666666672,45.48456666666667
2025-12-13,23:50,24:00,1,6.628333333333444,14.171376666666903
2025-12-14,01:40,01:50,1,1.6535166666667465,3.5823438583335063
2025-12-14,02:20,02:30,1,1.5550000000000637,3.395342500000139
2025-12-14,02:40,03:00,2,35.88154999999995,78.03348295833321
2025-12-14,03:20,03:40,2,36.51778333333334,79.53310042500001
2025-12-14,04:00,04:50,5,76.73306666666667,168.67187400833336
2025-12-14,05:40,05:50,1,3.556816666666691,10.151154766666737
2025-12-14,06:00,06:20,2,53.67701666666687,238.68038331666764
2025-12-14,06:40,07:10,3,35.74153333333311,149.22672136666574
2025-12-14,15:40,16:00,2,140.7347000000001,556.4900173833337
2025-12-14,16:20,16:40,2,44.17616666666686,196.3657542083342
2025-12-14,17:00,17:30,3,71.13226666666662,343.2014912666665
2025-12-14,18:00,18:10,1,3.258033333333401,20.462078350000425
2025-12-14,20:00,20:10,1,44.87676666666823,303.2098739833439
2025-12-14,22:30,22:40,1,0.3287499999997635,0.688073749999505
2025-12-14,23:50,24:00,1,25.799999999999955,55.1603999999999
2025-12-15,02:30,03:10,4,30.791566666666654,67.03074500833331
2025-12-15,03:30,03:50,2,23.304733333333388,50.73519973333345
2025-12-15,04:10,04:20,1,10.317949999999996,22.64274127499999
2025-12-15,06:00,06:30,3,77.62841666666645,341.7944756666657
2025-12-15,06:50,07:30,4,97.78598333333332,386.4391492333333
2025-12-15,07:40,08:00,2,50.85649766666745,278.2343932135047
2025-12-15,08:40,10:20,10,514.87085,2535.5298926000005
2025-12-15,13:10,13:40,3,19.81483333333358,84.38775132500108
2025-12-15,13:50,14:20,3,282.52690383333237,1381.8732764704955
2025-12-15,14:40,14:50,1,69.44874999999985,325.57573999999926
2025-12-15,15:30,16:00,3,21.298849999999902,82.45109254166633
2025-12-15,16:30,16:50,2,21.502316666666957,97.12807862500131
2025-12-15,17:10,17:50,4,127.47841666666682,633.4180890500007
2025-12-15,18:10,18:30,2,8.217200000000162,51.20548586666767
2025-12-15,18:40,19:00,2,16.252516666667134,108.99017109166988
2025-12-15,19:20,19:30,1,5.8688333333329865,39.56473991666433
2025-12-15,20:10,20:30,2,18.090833333333194,121.54062749999908
2025-12-15,22:30,23:40,7,158.9651833333329,336.34842949166574
2025-12-16,02:10,02:30,2,40.057333333333304,87.01227549999993
2025-12-16,02:50,03:00,1,9.285000000000082,20.227372500000175
2025-12-16,03:50,04:40,5,94.21189999999979,206.2197127166662
2025-12-16,05:40,06:30,5,48.40942783333344,193.00281355466709
2025-12-16,06:50,07:20,3,56.52794999999992,229.382293033333
2025-12-16,07:40,07:50,1,5.670583333333411,24.38350833333367
2025-12-16,08:10,08:20,1,0.2538166666668076,1.3904077000007717
2025-12-16,08:40,09:30,5,81.78863333333504,412.585265500009
2025-12-16,10:40,10:50,1,7.961833333333196,31.80752416666612
2025-12-16,12:50,13:10,2,33.0582500000005,138.09790412500215
2025-12-16,13:20,14:00,4,217.66692083333172,1032.9064698291588
2025-12-16,15:40,16:10,3,67.8797333333332,274.2243769333328
2025-12-16,17:00,17:30,3,23.405483333333223,114.51422564999945
2025-12-16,18:00,18:20,2,26.670999999999935,167.0280592499996
2025-12-16,22:10,22:20,1,4.8119333333286,10.509262399989664
2025-12-16,22:50,23:30,4,80.41366666666659,170.52134659999982
2025-12-16,23:40,24:00,2,55.05896666666672,117.67247748333344
2025-12-17,01:30,01:50,2,61.89616666666666,133.90626870833333
2025-12-17,02:20,02:30,1,16.72499999999991,36.519037499999804
2025-12-17,02:50,03:10,2,16.367783333333364,35.7550179833334
2025-12-17,03:30,04:00,3,44.32878333333326,96.74232853333318
2025-12-17,05:00,05:20,2,69.61351666666667,153.50591275833335
2025-12-17,05:40,06:10,3,119.5263035000005,460.56428709400245
2025-12-17,06:30,07:10,4,185.87606666666704,778.0897119916682
2025-12-17,08:00,08:20,2,26.3732500000001,153.17078835833382
2025-12-17,13:20,13:30,1,1.4612500000000637,6.296526250000275
2025-12-17,14:10,14:20,1,40.272199999998804,200.91800579999403
2025-12-17,14:40,14:50,1,51.04636666666721,239.30536693333588
2025-12-17,15:40,16:10,3,54.194366666666724,217.8189259500002
2025-12-17,16:50,17:00,1,7.691666666666606,35.627799999999716
2025-12-17,17:30,18:00,3,37.28988333333314,196.40131348333247
2025-12-17,18:20,18:40,2,90.77441666666724,568.9802600750036
2025-12-17,21:20,21:40,2,29.914216666665492,143.6115580249945
2025-12-17,23:20,23:50,3,82.76033333333328,175.77786840833323
2025-12-18,01:40,01:50,1,20.795233333333385,45.05287301666678
2025-12-18,02:30,03:20,5,205.07196666666687,447.6012088666671
2025-12-18,03:40,04:50,7,211.48626666666655,463.5212403999998
2025-12-18,05:00,05:10,1,7.413716666666801,16.061817158333625
2025-12-18,05:40,05:50,1,51.47183333333339,146.9006123333335
2025-12-18,07:10,07:30,2,126.7118051666665,491.02754372766606
2025-12-18,07:50,09:00,7,123.70172766666849,677.1683025935105
2025-12-18,09:20,10:50,9,737.4620166666655,3577.9459383333283
2025-12-18,13:50,14:40,5,157.7510166666675,800.0931721916705
2025-12-18,15:30,15:40,1,0.31328333333340197,1.1801383166669253
2025-12-18,16:30,17:20,5,113.98914999999977,523.6216843166656
2025-12-18,18:10,18:20,1,3.260516666666831,20.291825475001023
2025-12-18,21:00,21:10,1,17.382583333334196,78.81263283333726
2025-12-18,22:00,22:20,2,32.50291666666669,64.12218687500004
2025-12-18,22:30,22:50,2,47.89941666666664,101.26403258333326
2025-12-18,23:00,23:30,3,63.978933333333316,135.70543146666662
2025-12-18,23:50,24:00,1,2.0816666666665924,4.4506033333331745
2025-12-19,02:20,02:30,1,7.4500000000000455,16.267075000000098
2025-12-19,02:50,04:10,8,67.73346666666663,148.0440616999999
2025-12-19,04:50,05:10,2,21.782283333333453,47.39033684166693
2025-12-19,05:40,06:10,3,38.28008333333332,160.8186531666665
2025-12-19,07:30,08:30,6,226.2560833333305,1156.5249404666572
2025-12-19,14:20,14:30,1,7.9249999999999545,40.69883749999976
2025-12-19,14:40,15:40,6,271.3262000000002,959.5570459583341
2025-12-19,16:10,16:50,4,62.325100000000134,277.6360196250006
2025-12-19,17:10,18:10,6,1322.0605154999994,7767.456309581081
2025-12-19,18:40,19:00,2,41.859783333331734,274.097072058323
2025-12-19,19:40,20:00,2,44.87993333333475,302.49143340000956
2025-12-19,20:20,20:40,2,17.921349999999336,124.04909794999547
2025-12-19,21:20,21:50,3,63.23789999999999,298.5209895999999
2025-12-19,22:20,22:50,3,67.40268333333324,141.56470496666648
2025-12-19,23:00,23:50,5,168.68669999999997,358.19851572499994
2025-12-20,01:30,01:50,2,51.36036666666672,111.05441083333346
2025-12-20,02:10,02:20,1,10.774550000000033,23.294577100000073
2025-12-20,03:00,03:20,2,11.766283333333377,25.719952200000094
2025-12-20,03:40,05:20,10,185.77696666666668,407.37856495
2025-12-20,08:40,09:40,6,242.5223666666667,1190.036185275
2025-12-20,15:50,16:30,4,72.2208999999998,305.2912954166659
2025-12-20,17:00,17:50,5,130.7398833333333,648.7565673999999
2025-12-20,19:30,19:50,2,42.57646666666449,286.89054379998527
2025-12-20,22:00,23:20,8,181.70904999999934,383.5242876249987
2025-12-21,01:30,01:50,2,49.7354499999999,107.3621151749998
2025-12-21,02:10,02:20,1,19.06196666666665,41.211971933333295
2025-12-21,03:00,03:20,2,86.11384999999984,188.28670522499965
2025-12-21,03:30,04:20,5,201.58325000000002,439.72008376666673
2025-12-21,05:00,05:20,2,42.96841666666671,94.2854023250001
2025-12-21,05:40,06:40,6,144.5130999999999,609.5712536666662
2025-12-21,07:00,07:20,2,11.707683333333307,46.97913076666657
2025-12-21,07:50,08:00,1,31.452916666667193,182.6942664583364
2025-12-21,12:50,13:10,2,92.19106666666676,387.123282741667
2025-12-21,13:50,14:10,2,497.1002286666685,2448.5647618953426
2025-12-21,15:50,16:30,4,88.5330833333336,370.1216438583344
2025-12-21,16:50,17:00,1,13.875,64.26899999999999
2025-12-21,17:20,17:30,1,8.866666666666788,43.72153333333393
2025-12-21,18:10,19:00,5,153.7805500000004,984.0073105500028
2025-12-21,19:50,20:00,1,24.12219999999877,162.60775019999173
2025-12-21,23:40,23:50,1,9.27941666666636,19.81619429166601
2025-12-22,01:30,01:50,2,96.34103333333337,208.17110609166676
2025-12-22,02:10,02:40,3,75.09844999999984,163.74471639999965
2025-12-22,03:10,03:30,2,83.28583333333336,181.64897625000003
2025-12-22,03:50,04:00,1,28.216666666666583,61.76628333333315
2025-12-22,04:20,05:20,6,101.76859999999988,223.67077768333309
2025-12-22,05:50,06:10,2,89.92150483333114,418.53931613932303
2025-12-22,06:40,07:30,5,51.67368333333354,205.08793318333426
2025-12-22,07:40,09:10,9,422.8182473333343,2257.969457402339
2025-12-22,09:30,10:00,3,120.28168333333277,576.3987909833306
2025-12-22,13:00,14:30,9,378.6612675000003,1813.8220564891678
2025-12-22,16:40,17:20,4,39.73116666666658,189.69539081666622
2025-12-22,17:50,18:40,5,110.88104999999985,690.2070575666658
2025-12-22,19:30,20:20,5,107.22426666666877,722.5195089166807
2025-12-22,20:40,21:30,5,165.17024999999927,778.6535975249959
2025-12-22,21:50,22:10,2,57.7088,117.39537959999998
2025-12-22,23:30,24:00,3,63.190750000000094,134.97779174166686
2025-12-23,01:40,01:50,1,27.623283333333234,59.84584334166645
2025-12-23,02:30,02:50,2,19.468933333333325,42.26103176666665
2025-12-23,03:00,04:00,6,108.86824999999988,237.51631778333302
2025-12-23,04:30,05:00,3,69.00631666666652,151.99759259999968
2025-12-23,06:40,06:50,1,10.9959333333328,46.41383459999775
2025-12-23,13:20,13:30,1,4.8766666666665515,21.013556666666172
2025-12-23,16:10,17:00,5,108.45566666666696,487.42373765000127
2025-12-23,17:30,17:50,2,27.859366666666574,143.18191673333286
2025-12-23,18:20,18:40,2,27.08143333333328,169.82227409999965
2025-12-23,21:40,22:00,2,12.966966666664188,50.00596459999027
2025-12-23,22:20,23:00,4,100.98936666666657,212.58417572499982
2025-12-23,23:20,23:40,2,24.207283333333407,51.13975733333349
2025-12-24,02:20,02:50,3,71.68971666666664,155.8107479666666
2025-12-24,03:10,03:30,2,29.566616666666732,64.45556572500014
2025-12-24,03:50,04:30,4,123.86703333333332,271.61845225
2025-12-24,07:40,08:00,2,98.24078333333398,520.8587079166704
2025-12-24,09:20,10:00,4,367.9249999999982,1772.8969285249914
2025-12-24,12:50,14:30,10,606.6741098333348,2687.0547751571744
2025-12-24,15:30,15:50,2,65.49184999999977,250.6024424249991
2025-12-24,16:00,16:20,2,67.09116666666682,281.5309306166673
2025-12-24,16:50,17:30,4,107.65548333333345,512.4441086500005
2025-12-24,17:50,18:10,2,35.4840333333333,219.67149801666648
2025-12-24,18:40,20:30,11,254.279199999998,1703.643162741653
2025-12-24,22:30,23:00,3,85.99215000000015,182.01736449166697
2025-12-24,23:50,24:00,1,31.264999999999986,66.84456999999996
2025-12-25,02:10,02:20,1,30.38480000000004,65.69193760000009
2025-12-25,02:30,02:50,2,51.34988333333331,111.53737094166661
2025-12-25,03:10,03:20,1,0.17081666666661022,0.3733198249998766
2025-12-25,03:50,04:10,2,60.70670000000007,133.32375585000014
2025-12-25,04:40,05:20,4,135.54306666666662,298.23501106666646
2025-12-25,05:50,07:10,8,217.27243333333342,963.7857115916672
2025-12-25,07:40,08:00,2,25.99711666666724,127.29183895833665
2025-12-25,12:50,13:00,1,21.54583333333312,89.18897708333246
2025-12-25,13:50,14:10,2,313.4015544999986,1530.31916072116
2025-12-25,15:40,16:20,4,100.463666666667,408.5937520333347
2025-12-25,17:00,17:20,2,16.219633333333377,77.23166763333353
2025-12-25,17:40,18:10,3,80.67991666666663,467.1107666583331
2025-12-25,18:20,19:20,6,100.29625000000067,655.9887037666713
2025-12-25,19:30,20:00,3,98.59606666666593,664.413169324995
2025-12-25,21:20,21:40,2,22.323366666666608,104.80589701666642
2025-12-25,22:20,22:30,1,3.3899999999999864,7.115609999999972
2025-12-25,23:20,23:50,3,138.13979999999987,293.15642720833307
2025-12-26,01:30,01:50,2,54.861500000000035,118.48559415000008
2025-12-26,02:10,02:40,3,50.84176666666656,110.3893141333331
2025-12-26,03:20,03:40,2,47.10449999999997,102.58584174999994
2025-12-26,03:50,04:20,3,43.53168333333326,95.65347510833317
2025-12-26,04:30,04:50,2,5.01456666666661,11.07186420833321
2025-12-26,05:50,06:30,4,87.71761266666658,391.28753084366616
2025-12-26,06:40,07:00,2,45.64116666666621,190.63707449999805
2025-12-26,07:20,07:40,2,27.967933333333747,103.02003099166825
2025-12-26,08:10,09:30,8,392.5124666666668,2031.6405273166667
2025-12-26,14:20,16:20,12,436.18828333333306,1890.6847269166656
2025-12-26,17:00,17:10,1,8.114433333333352,38.389384100000086
2025-12-26,17:40,18:20,4,625.9847415000022,3595.488715586431
2025-12-27,02:30,02:50,2,50.0154,108.58303894166667
2025-12-27,03:10,03:50,4,176.11184999999995,383.6178867583332
2025-12-27,04:40,05:00,2,17.015766666666764,37.39598260000021
2025-12-27,05:50,06:00,1,24.985000000000753,113.66925750000343
2025-12-27,14:40,14:50,1,35.74008333333336,167.54951066666678
2025-12-27,15:10,15:40,3,60.843849999999975,222.32063238333325
2025-12-27,16:30,17:30,6,116.30521666666664,545.1086194416666
2025-12-27,17:40,18:10,3,342.0766043333309,1909.9913153909865
2025-12-27,22:30,22:40,1,27.8253833333335,58.23852731666702
2025-12-27,23:10,23:40,3,20.867999999999938,44.0951933333332
2025-12-27,23:50,24:00,1,0.8316666666667061,1.7781033333334175
2025-12-28,02:20,03:00,4,120.56615,262.2965665833333
2025-12-28,03:20,03:30,1,51.81333333333339,112.84944000000011
2025-12-28,03:50,04:20,3,58.48521666666659,128.46723850833314
2025-12-28,04:30,05:00,3,61.2886666666667,135.0869249583334
2025-12-28,07:10,07:30,2,56.01656666666595,217.2511397333305
2025-12-28,07:40,08:20,4,163.1945391666685,909.0862957579272
2025-12-28,15:40,16:20,4,89.67293333333362,364.9674799333344
2025-12-28,17:00,17:10,1,2.251966666666476,10.654054299999098
2025-12-28,17:30,18:00,3,137.32356666666658,739.756723233333
2025-12-28,18:20,18:40,2,44.60613333333322,279.59634329999926
2025-12-29,01:40,01:50,1,15.484733333333338,33.54767476666668
2025-12-29,02:10,02:20,1,2.307266666666692,4.9883105333333875
2025-12-29,02:40,03:10,3,80.71961666666664,175.83646319166658
2025-12-29,03:50,04:30,4,98.18580000000031,215.181656233334
2025-12-29,04:50,05:00,1,28.136666666666656,61.830324999999974
2025-12-29,06:10,07:00,5,81.48665000000067,351.95039633333636
2025-12-29,12:50,13:00,1,113.14208333333318,468.3516539583327
2025-12-29,13:20,14:00,4,451.73507516666706,2028.514797779502
2025-12-29,14:10,14:50,4,350.8896833333307,1789.79704503332
2025-12-29,16:00,16:30,3,116.71886666666671,506.3859977000002
2025-12-29,16:50,17:00,1,39.74499999999989,184.09883999999948
2025-12-29,18:20,18:30,1,6.30499999999995,39.54811249999969
2025-12-29,22:30,23:00,3,87.7696833333337,184.85181921666742
2025-12-29,23:20,23:30,1,8.668333333333408,18.290183333333488
2025-12-29,23:50,24:00,1,23.671666666666624,50.61002333333324
2025-12-30,01:30,01:40,1,19.658933333333266,42.38466026666652
2025-12-30,02:20,02:40,2,7.393349999999941,16.123651233333206
2025-12-30,03:50,04:20,3,131.14380000000017,288.08917430000037
2025-12-30,05:00,05:20,2,93.58209999999985,205.402142183333
2025-12-30,05:40,05:50,1,32.13313333333326,91.70796253333313
2025-12-30,06:00,06:10,1,21.956941833332507,102.84631554732947
2025-12-30,06:20,06:40,2,3.363133333333053,14.46407656666545
2025-12-30,07:00,07:30,3,101.52965000000006,397.2987752333336
2025-12-30,07:40,08:30,5,213.34076000000152,1180.975337693342
2025-12-30,08:40,10:40,12,740.5795000000003,3679.0640798166664
2025-12-30,15:40,16:00,2,33.96659999999997,135.0562842333332
2025-12-30,16:30,16:40,1,2.686150000000225,12.119908800001015
2025-12-30,18:00,18:20,2,25.41636666666659,159.27680309999954
2025-12-30,18:30,19:00,3,74.04445000000044,476.0194814583364
2025-12-30,22:00,22:20,2,55.91301666666497,115.4037202166634
2025-12-30,22:30,22:50,2,10.477633333333415,22.09400319166684
2025-12-30,23:00,23:10,1,1.4581999999999198,3.09721679999983
2025-12-31,01:30,01:50,2,148.83925,321.731355225
2025-12-31,02:10,02:20,1,13.575916666666672,29.351131833333344
2025-12-31,02:40,03:10,3,46.564016666666475,101.34956537499957
2025-12-31,03:30,03:40,1,19.173250000000053,41.73057862500011
2025-12-31,04:40,05:20,4,177.81084999999985,389.285673233333
2025-12-31,05:50,06:00,1,25.431666666666615,115.70136749999976
2025-12-31,09:50,10:50,6,305.2954500000014,1447.7917151166735
2025-12-31,12:50,13:00,1,40.039999999999736,165.7455799999989
2025-12-31,13:10,14:50,10,1643.6984438333343,7939.87183597617
2025-12-31,15:40,16:00,2,46.40019999999981,183.99326396666595
2025-12-31,17:10,17:50,4,37.43745000000024,184.66225771666782
2025-12-31,18:00,18:40,4,70.79419999999993,442.72774051666624
2025-12-31,21:00,21:30,3,105.90413333333348,491.36106973333403
2025-12-31,21:50,22:20,3,118.62365000000005,239.6138915000001
2025-12-31,23:10,23:20,1,15.312516666666625,32.46253533333324
2025-12-31,23:40,24:00,2,89.47103333333337,191.22570001666674
