date,hour,status,objective,gap,fallback,raw_min_contract,history
2025-02-01,0,Time limit reached. (HiGHS Status 13: Time limit reached),26977.473954215628,0.12041692382357783,False,0.0,"[17, 27, 13, 24, 26, 19, 22]"
2025-02-01,6,Optimization terminated successfully. (HiGHS Status 7: Optimal),-3122.032902889355,0.0,False,0.0,"[24, 30, 27, 25, 13, 23, 8]"
2025-02-01,12,Optimization terminated successfully. (HiGHS Status 7: Optimal),-763.619559019261,4.466366911854407e-16,False,0.0,"[20, 26, 22, 28, 12, 10, 27]"
2025-02-01,18,Optimization terminated successfully. (HiGHS Status 7: Optimal),-897.2662044836676,0.0,False,0.0,"[23, 29, 16, 17, 21, 27, 14]"
2025-02-02,0,Time limit reached. (HiGHS Status 13: Time limit reached),57829.6243686634,0.009871588977836595,False,0.0,"[9, 11, 13, 24, 26, 19, 22]"
2025-02-02,6,Time limit reached. (HiGHS Status 13: Time limit reached),-1669.3973065567857,0.0012377212628293978,False,0.0,"[24, 30, 27, 25, 13, 23, 8]"
2025-02-02,12,Optimization terminated successfully. (HiGHS Status 7: Optimal),-1085.5453343666459,1.6756457293486812e-15,False,0.0,"[30, 18, 22, 28, 12, 10, 27]"
2025-02-02,18,Optimization terminated successfully. (HiGHS Status 7: Optimal),-800.3052300958597,0.0,False,0.0,"[20, 26, 16, 17, 21, 27, 14]"
2025-02-03,0,Time limit reached. (HiGHS Status 13: Time limit reached),59396.15965653213,0.011467949799345897,False,0.0,"[31, 20, 16, 24, 26, 19, 22]"
2025-02-03,6,Time limit reached. (HiGHS Status 13: Time limit reached),-2298.108180970636,0.000990408745140763,False,0.0,"[28, 29, 21, 25, 13, 23, 8]"
2025-02-03,12,Optimization terminated successfully. (HiGHS Status 7: Optimal),-1290.2915420477757,0.0,False,0.0,"[29, 11, 25, 28, 12, 10, 27]"
2025-02-03,18,Optimization terminated successfully. (HiGHS Status 7: Optimal),-692.5335735877625,0.0,False,0.0,"[28, 30, 24, 17, 21, 27, 14]"
2025-02-04,0,Time limit reached. (HiGHS Status 13: Time limit reached),61616.73019984186,0.011016253360740587,False,0.0,"[25, 12, 21, 10, 26, 19, 22]"
2025-02-04,6,Time limit reached. (HiGHS Status 13: Time limit reached),-2088.9114055713303,0.007208727384057631,False,0.0,"[28, 12, 26, 14, 13, 23, 8]"
2025-02-04,12,Optimization terminated successfully. (HiGHS Status 7: Optimal),-1863.9283168667966,0.0,False,0.0,"[33, 23, 24, 16, 12, 10, 27]"
2025-02-04,18,Optimization terminated successfully. (HiGHS Status 7: Optimal),-783.6328474866597,0.0,False,0.0,"[33, 11, 18, 15, 21, 27, 14]"
2025-02-05,0,Time limit reached. (HiGHS Status 13: Time limit reached),57427.76970454687,0.010867711873535985,False,0.0,"[32, 17, 27, 28, 23, 19, 22]"
2025-02-05,6,Optimization terminated successfully. (HiGHS Status 7: Optimal),-485.7345698721269,0.0,False,0.0,"[11, 17, 31, 20, 16, 23, 8]"
2025-02-05,12,Time limit reached. (HiGHS Status 13: Time limit reached),-1231.7535969528337,0.1953933415287356,False,0.0,"[34, 20, 26, 21, 19, 10, 27]"
2025-02-05,18,Optimization terminated successfully. (HiGHS Status 7: Optimal),-738.4559795233174,0.0,False,0.0,"[31, 23, 29, 22, 9, 27, 14]"
2025-02-06,0,Time limit reached. (HiGHS Status 13: Time limit reached),62098.201222678115,0.010549960756831043,False,0.0,"[32, 17, 11, 13, 30, 29, 22]"
2025-02-06,6,Time limit reached. (HiGHS Status 13: Time limit reached),-2598.4607039514685,0.08310956197857193,False,0.0,"[32, 24, 30, 27, 10, 18, 8]"
2025-02-06,12,Optimization terminated successfully. (HiGHS Status 7: Optimal),-2001.2142609417683,0.0,False,0.0,"[35, 30, 18, 22, 13, 17, 27]"
2025-02-06,18,Optimization terminated successfully. (HiGHS Status 7: Optimal),-707.7989130747776,0.0,False,0.0,"[31, 20, 26, 16, 25, 10, 14]"
2025-02-07,0,Time limit reached. (HiGHS Status 13: Time limit reached),26551.426118791533,0.11730727939371635,False,0.0,"[33, 9, 20, 16, 24, 29, 22]"
2025-02-07,6,Time limit reached. (HiGHS Status 13: Time limit reached),-1695.0402862506899,0.654119776813186,False,0.0,"[35, 33, 29, 21, 25, 15, 22]"
2025-02-07,12,Time limit reached. (HiGHS Status 13: Time limit reached),1326.108437277519,2.2345178837034916,False,0.0,"[35, 29, 11, 25, 28, 15, 27]"
2025-02-07,18,Optimization terminated successfully. (HiGHS Status 7: Optimal),-1300.4855454626372,0.0,False,-0.0,"[31, 28, 30, 24, 17, 19, 13]"
2025-02-08,0,Time limit reached. (HiGHS Status 13: Time limit reached),23311.10091547472,0.17495183750922946,False,0.0,"[34, 31, 20, 16, 24, 29, 22]"
2025-02-08,6,Optimization terminated successfully. (HiGHS Status 7: Optimal),-1346.2154282289416,0.0,False,0.0,"[34, 28, 12, 26, 14, 13, 19]"
2025-02-08,12,Optimization terminated successfully. (HiGHS Status 7: Optimal),-907.7701595712477,0.0,False,0.0,"[37, 33, 23, 24, 16, 12, 27]"
2025-02-08,18,Optimization terminated successfully. (HiGHS Status 7: Optimal),-785.6655491318846,0.0,False,0.0,"[31, 33, 11, 18, 15, 19, 13]"
2025-02-09,0,Time limit reached. (HiGHS Status 13: Time limit reached),58283.95055986367,0.013186746559184595,False,0.0,"[34, 31, 20, 16, 24, 29, 22]"
2025-02-09,6,Optimization terminated successfully. (HiGHS Status 7: Optimal),-1102.0106201733986,2.475914528745163e-15,False,0.0,"[34, 11, 17, 31, 20, 13, 19]"
2025-02-09,12,Time limit reached. (HiGHS Status 13: Time limit reached),-1092.7034620611867,0.14409204914750637,False,0.0,"[37, 36, 20, 26, 21, 19, 27]"
2025-02-09,18,Optimization terminated successfully. (HiGHS Status 7: Optimal),-837.3879970822964,0.0,False,0.0,"[31, 36, 23, 29, 22, 21, 13]"
2025-02-10,0,Time limit reached. (HiGHS Status 13: Time limit reached),55290.82824748061,0.01261784284333746,False,0.0,"[34, 25, 12, 16, 24, 29, 22]"
2025-02-10,6,Optimization terminated successfully. (HiGHS Status 7: Optimal),-3850.1176504166638,6.808410194950934e-09,False,0.0,"[36, 38, 17, 31, 20, 13, 19]"
2025-02-10,12,Time limit reached. (HiGHS Status 13: Time limit reached),805.5127280595017,0.0011873319726374784,False,0.0,"[37, 38, 30, 26, 21, 19, 27]"
2025-02-10,18,Optimization terminated successfully. (HiGHS Status 7: Optimal),-924.3720207608006,0.0,False,0.0,"[31, 36, 20, 29, 22, 21, 13]"
2025-02-11,0,Time limit reached. (HiGHS Status 13: Time limit reached),55930.24346741936,0.007323529362297907,False,0.0,"[34, 39, 35, 16, 24, 29, 22]"
2025-02-11,6,Optimization terminated successfully. (HiGHS Status 7: Optimal),-2681.9921042996134,6.782232507805516e-16,False,0.0,"[36, 38, 17, 26, 14, 13, 19]"
2025-02-11,12,Time limit reached. (HiGHS Status 13: Time limit reached),-515.8096657038558,1.4508734572278947,False,0.0,"[37, 38, 29, 18, 22, 13, 27]"
2025-02-11,18,Optimization terminated successfully. (HiGHS Status 7: Optimal),-878.8036885503216,0.0,False,0.0,"[31, 36, 28, 26, 16, 25, 13]"
2025-02-12,0,Time limit reached. (HiGHS Status 13: Time limit reached),56010.4614860757,0.009251826879396317,False,0.0,"[34, 32, 17, 21, 24, 29, 22]"
2025-02-12,6,Optimization terminated successfully. (HiGHS Status 7: Optimal),-3240.930951684413,0.0,False,0.0,"[36, 38, 24, 31, 20, 16, 19]"
2025-02-12,12,Optimization terminated successfully. (HiGHS Status 7: Optimal),-868.3084322986026,0.0,False,0.0,"[37, 38, 33, 23, 25, 28, 27]"
2025-02-12,18,Optimization terminated successfully. (HiGHS Status 7: Optimal),-933.6510361863434,0.0,False,0.0,"[31, 36, 39, 30, 24, 17, 27]"
2025-02-13,0,Time limit reached. (HiGHS Status 13: Time limit reached),49934.30096054988,0.02418653451002363,False,0.0,"[34, 40, 31, 27, 28, 26, 18]"
2025-02-13,6,Optimization terminated successfully. (HiGHS Status 7: Optimal),-2477.1226227517577,1.8357886150234238e-16,False,0.0,"[36, 38, 24, 30, 27, 16, 19]"
2025-02-13,12,Optimization terminated successfully. (HiGHS Status 7: Optimal),1002.2636880990095,0.0,False,0.0,"[37, 38, 33, 20, 24, 16, 17]"
2025-02-13,18,Optimization terminated successfully. (HiGHS Status 7: Optimal),-985.0520085803557,0.0,False,0.0,"[31, 36, 33, 23, 18, 15, 19]"
2025-02-14,0,Time limit reached. (HiGHS Status 13: Time limit reached),21448.85100639404,0.1784238639660369,False,0.0,"[34, 40, 31, 43, 38, 23, 18]"
2025-02-14,6,Time limit reached. (HiGHS Status 13: Time limit reached),3284.733158596609,1.5026552845638237,False,0.0,"[36, 38, 24, 30, 27, 16, 22]"
2025-02-14,12,Optimization terminated successfully. (HiGHS Status 7: Optimal),-942.3950634687887,0.0,False,0.0,"[37, 38, 33, 20, 24, 21, 17]"
2025-02-14,18,Optimization terminated successfully. (HiGHS Status 7: Optimal),-759.2998204912552,0.0,False,0.0,"[31, 36, 33, 23, 18, 17, 19]"
2025-02-15,0,Time limit reached. (HiGHS Status 13: Time limit reached),23254.575501047533,0.2097430449740228,False,0.0,"[34, 40, 31, 43, 28, 23, 18]"
2025-02-15,6,Optimization terminated successfully. (HiGHS Status 7: Optimal),-2628.0917511275907,0.0,False,0.0,"[36, 38, 24, 30, 27, 44, 22]"
2025-02-15,12,Time limit reached. (HiGHS Status 13: Time limit reached),2890.3745978957386,1.126952511988432,False,0.0,"[37, 38, 33, 20, 24, 21, 17]"
2025-02-15,18,Optimization terminated successfully. (HiGHS Status 7: Optimal),-978.9839206656025,0.0,False,-0.0,"[31, 36, 33, 23, 18, 25, 27]"
2025-02-16,0,Time limit reached. (HiGHS Status 13: Time limit reached),54198.59203445048,0.014725306067500886,False,0.0,"[34, 40, 31, 45, 28, 23, 18]"
2025-02-16,6,Time limit reached. (HiGHS Status 13: Time limit reached),-3083.136806165129,0.06193564715383066,False,0.0,"[36, 38, 24, 31, 20, 18, 43]"
2025-02-16,12,Optimization terminated successfully. (HiGHS Status 7: Optimal),-663.5667512653789,3.2552111940383222e-15,False,0.0,"[37, 38, 33, 20, 24, 21, 27]"
2025-02-16,18,Optimization terminated successfully. (HiGHS Status 7: Optimal),705.3011746151203,0.0,False,0.0,"[31, 36, 33, 23, 18, 21, 44]"
2025-02-17,0,Time limit reached. (HiGHS Status 13: Time limit reached),52932.79722168333,0.016748280706241448,False,0.0,"[34, 40, 31, 43, 38, 30, 19]"
2025-02-17,6,Optimization terminated successfully. (HiGHS Status 7: Optimal),-2833.447970079136,0.0,False,0.0,"[36, 38, 24, 31, 20, 23, 46]"
2025-02-17,12,Time limit reached. (HiGHS Status 13: Time limit reached),-610.4671714753322,1.4112772364796233,False,0.0,"[37, 38, 33, 20, 25, 28, 46]"
2025-02-17,18,Optimization terminated successfully. (HiGHS Status 7: Optimal),-776.3466596042024,0.0,False,0.0,"[31, 36, 33, 23, 24, 43, 44]"
2025-02-18,0,Time limit reached. (HiGHS Status 13: Time limit reached),48368.854093050744,0.036345964839331626,False,0.0,"[34, 41, 25, 20, 21, 24, 29]"
2025-02-18,6,Time limit reached. (HiGHS Status 13: Time limit reached),652.8505765706647,0.001482792475894736,False,0.0,"[36, 38, 24, 31, 20, 44, 46]"
2025-02-18,12,Optimization terminated successfully. (HiGHS Status 7: Optimal),-688.2979199108069,0.0009551888442792419,False,0.0,"[37, 38, 33, 20, 25, 28, 46]"
2025-02-18,18,Optimization terminated successfully. (HiGHS Status 7: Optimal),219.53285435902143,0.0,False,0.0,"[31, 36, 33, 23, 24, 47, 44]"
2025-02-19,0,Time limit reached. (HiGHS Status 13: Time limit reached),48044.8765346687,0.02768410430274356,False,0.0,"[34, 41, 25, 43, 38, 30, 48]"
2025-02-19,6,Optimization terminated successfully. (HiGHS Status 7: Optimal),-319.5802815955386,0.0,False,0.0,"[36, 38, 24, 31, 25, 48, 46]"
2025-02-19,12,Time limit reached. (HiGHS Status 13: Time limit reached),357.72500740695233,0.001175400138778189,False,0.0,"[37, 38, 33, 23, 22, 44, 46]"
2025-02-19,18,Optimization terminated successfully. (HiGHS Status 7: Optimal),-681.1136328336083,0.0,False,0.0,"[31, 36, 33, 30, 22, 43, 44]"
2025-02-20,0,Time limit reached. (HiGHS Status 13: Time limit reached),49789.63926031234,0.0244457699560189,False,0.0,"[34, 41, 25, 43, 28, 23, 49]"
2025-02-20,6,Time limit reached. (HiGHS Status 13: Time limit reached),113.46951613017849,0.016721717351465114,False,0.0,"[36, 38, 24, 31, 40, 23, 45]"
2025-02-20,12,Optimization terminated successfully. (HiGHS Status 7: Optimal),-1333.0634990071094,1.7056477475572935e-16,False,0.0,"[37, 38, 33, 23, 22, 27, 46]"
2025-02-20,18,Optimization terminated successfully. (HiGHS Status 7: Optimal),-918.2760114127666,0.0,False,0.0,"[31, 36, 33, 30, 22, 46, 45]"
2025-02-21,0,Time limit reached. (HiGHS Status 13: Time limit reached),16897.314414070694,0.002052259638415751,False,0.0,"[34, 41, 25, 50, 38, 30, 48]"
2025-02-21,6,Optimization terminated successfully. (HiGHS Status 7: Optimal),-185.71282388398615,0.0,False,0.0,"[36, 38, 24, 31, 50, 48, 45]"
2025-02-21,12,Optimization terminated successfully. (HiGHS Status 7: Optimal),-558.4182333599279,0.0,False,0.0,"[37, 38, 33, 23, 43, 27, 46]"
2025-02-21,18,Optimization terminated successfully. (HiGHS Status 7: Optimal),-647.3560767050611,0.0,False,0.0,"[31, 36, 33, 30, 25, 46, 45]"
2025-02-22,0,Time limit reached. (HiGHS Status 13: Time limit reached),17709.744505825693,0.007789487478771969,False,0.0,"[34, 41, 25, 50, 51, 24, 48]"
2025-02-22,6,Time limit reached. (HiGHS Status 13: Time limit reached),4413.430065019839,1.0355808803880941,False,0.0,"[36, 38, 24, 51, 25, 44, 45]"
2025-02-22,12,Optimization terminated successfully. (HiGHS Status 7: Optimal),-973.4862705795431,0.0,False,0.0,"[37, 38, 33, 26, 28, 27, 46]"
2025-02-22,18,Optimization terminated successfully. (HiGHS Status 7: Optimal),-665.157017313033,0.0,False,0.0,"[31, 36, 33, 26, 47, 51, 45]"
2025-02-23,0,Time limit reached. (HiGHS Status 13: Time limit reached),48422.3831418881,0.012093884730416535,False,0.0,"[34, 41, 25, 50, 51, 44, 48]"
2025-02-23,6,Optimization terminated successfully. (HiGHS Status 7: Optimal),997.375620761294,0.0,False,0.0,"[36, 38, 29, 31, 25, 44, 45]"
2025-02-23,12,Time limit reached. (HiGHS Status 13: Time limit reached),-1201.2890541859535,0.32745378611502834,False,0.0,"[37, 38, 33, 26, 44, 27, 46]"
2025-02-23,18,Optimization terminated successfully. (HiGHS Status 7: Optimal),-724.2905495863067,0.0,False,0.0,"[31, 36, 33, 26, 47, 51, 45]"
2025-02-24,0,Time limit reached. (HiGHS Status 13: Time limit reached),48028.21978108196,0.04080989111817692,False,0.0,"[34, 41, 31, 43, 51, 44, 48]"
2025-02-24,6,Time limit reached. (HiGHS Status 13: Time limit reached),-243.6640869345195,0.04533248485358767,False,0.0,"[36, 38, 29, 31, 27, 44, 45]"
2025-02-24,12,Time limit reached. (HiGHS Status 13: Time limit reached),778.8754136497113,3.4369959105881764,False,0.0,"[37, 38, 33, 26, 50, 49, 53]"
2025-02-24,18,Optimization terminated successfully. (HiGHS Status 7: Optimal),-1282.3461418660365,0.0,False,0.0,"[31, 36, 33, 26, 43, 51, 45]"
2025-02-25,0,Time limit reached. (HiGHS Status 13: Time limit reached),48369.801473849395,0.018752155694297907,False,0.0,"[34, 41, 31, 43, 54, 28, 48]"
2025-02-25,6,Optimization terminated successfully. (HiGHS Status 7: Optimal),-465.6046941899793,0.0,False,0.0,"[36, 38, 29, 51, 27, 44, 45]"
2025-02-25,12,Time limit reached. (HiGHS Status 13: Time limit reached),754.102616226675,3.561827444191216,False,0.0,"[37, 38, 33, 43, 54, 49, 53]"
2025-02-25,18,Optimization terminated successfully. (HiGHS Status 7: Optimal),-1317.081530331846,0.0,False,0.0,"[31, 36, 33, 29, 54, 51, 45]"
2025-02-26,0,Time limit reached. (HiGHS Status 13: Time limit reached),45379.266882303156,0.04502595043397765,False,0.0,"[34, 41, 39, 50, 54, 28, 48]"
2025-02-26,6,Time limit reached. (HiGHS Status 13: Time limit reached),31.785175269073697,0.009641029180956232,False,0.0,"[36, 38, 41, 30, 52, 44, 45]"
2025-02-26,12,Optimization terminated successfully. (HiGHS Status 7: Optimal),222.29850374867826,0.0,False,0.0,"[37, 38, 33, 43, 54, 49, 53]"
2025-02-26,18,Optimization terminated successfully. (HiGHS Status 7: Optimal),-547.6969280647465,0.0,False,0.0,"[31, 36, 33, 29, 54, 53, 45]"
2025-02-27,0,Time limit reached. (HiGHS Status 13: Time limit reached),45396.932810092716,0.036297356831344704,False,0.0,"[34, 41, 39, 50, 54, 44, 49]"
2025-02-27,6,Time limit reached. (HiGHS Status 13: Time limit reached),-87.4213432495393,0.07590467336163004,False,0.0,"[36, 38, 29, 51, 50, 48, 45]"
2025-02-27,12,Optimization terminated successfully. (HiGHS Status 7: Optimal),-1150.521577825696,3.9525321354325635e-16,False,0.0,"[37, 38, 33, 43, 54, 49, 53]"
2025-02-27,18,Optimization terminated successfully. (HiGHS Status 7: Optimal),-780.0629136684072,0.0,False,0.0,"[31, 36, 33, 56, 54, 53, 45]"
2025-02-28,0,Time limit reached. (HiGHS Status 13: Time limit reached),16588.287075146487,0.0013661160834006517,False,0.0,"[34, 41, 39, 50, 54, 44, 49]"
2025-02-28,6,Time limit reached. (HiGHS Status 13: Time limit reached),2962.03680080253,1.3573969446765124,False,0.0,"[36, 38, 54, 31, 40, 57, 45]"
2025-02-28,12,Optimization terminated successfully. (HiGHS Status 7: Optimal),-1170.9272316761167,0.0,False,0.0,"[37, 38, 33, 56, 54, 49, 53]"
2025-02-28,18,Optimization terminated successfully. (HiGHS Status 7: Optimal),-823.9456245189439,0.0,False,0.0,"[31, 36, 33, 52, 54, 53, 45]"
2025-03-01,0,Time limit reached. (HiGHS Status 13: Time limit reached),22617.40603934325,0.18357196968702916,False,0.0,"[34, 41, 39, 50, 54, 44, 49]"
2025-03-01,6,Optimization terminated successfully. (HiGHS Status 7: Optimal),-2964.8001371473865,0.0,False,0.0,"[36, 38, 54, 53, 47, 57, 45]"
2025-03-01,12,Optimization terminated successfully. (HiGHS Status 7: Optimal),-886.7330592110659,1.2820863792172607e-16,False,0.0,"[37, 38, 33, 44, 52, 49, 53]"
2025-03-01,18,Optimization terminated successfully. (HiGHS Status 7: Optimal),-769.4700515719655,0.0,False,-0.0,"[31, 36, 33, 47, 55, 53, 45]"
2025-03-02,0,Time limit reached. (HiGHS Status 13: Time limit reached),50738.40204510282,0.012421870702698738,False,0.0,"[59, 42, 32, 50, 54, 44, 49]"
2025-03-02,6,Optimization terminated successfully. (HiGHS Status 7: Optimal),697.2245479893295,0.0,False,0.0,"[36, 38, 54, 52, 58, 57, 45]"
2025-03-02,12,Optimization terminated successfully. (HiGHS Status 7: Optimal),-2048.3798577524453,2.2200342830232132e-16,False,0.0,"[35, 40, 42, 44, 52, 49, 53]"
2025-03-02,18,Optimization terminated successfully. (HiGHS Status 7: Optimal),-681.7740623422557,0.0,False,0.0,"[38, 42, 39, 47, 55, 53, 45]"
2025-03-03,0,Time limit reached. (HiGHS Status 13: Time limit reached),51889.23383743923,0.010603576669709175,False,0.0,"[59, 42, 39, 50, 54, 44, 49]"
2025-03-03,6,Time limit reached. (HiGHS Status 13: Time limit reached),-605.6205266842288,0.8303520818476685,False,0.0,"[36, 55, 54, 52, 58, 57, 45]"
2025-03-03,12,Time limit reached. (HiGHS Status 13: Time limit reached),-1103.0923237683005,0.2660359360877622,False,0.0,"[34, 36, 59, 44, 52, 49, 53]"
2025-03-03,18,Optimization terminated successfully. (HiGHS Status 7: Optimal),-744.9615617000068,0.0,False,0.0,"[37, 41, 59, 47, 55, 53, 45]"
2025-03-04,0,Time limit reached. (HiGHS Status 13: Time limit reached),47518.41597746222,0.038754987933162545,False,0.0,"[59, 41, 61, 50, 54, 44, 49]"
2025-03-04,6,Time limit reached. (HiGHS Status 13: Time limit reached),306.79481533375025,0.0023268911769436743,False,0.0,"[36, 55, 42, 50, 59, 57, 45]"
2025-03-04,12,Time limit reached. (HiGHS Status 13: Time limit reached),-1035.9460156693413,0.4766529342134387,False,0.0,"[34, 36, 60, 44, 52, 49, 53]"
2025-03-04,18,Optimization terminated successfully. (HiGHS Status 7: Optimal),-573.0277761947401,0.0,False,0.0,"[37, 41, 60, 47, 55, 53, 45]"
2025-03-05,0,Time limit reached. (HiGHS Status 13: Time limit reached),48313.0133144837,0.017856203758670194,False,0.0,"[59, 40, 46, 43, 51, 57, 49]"
2025-03-05,6,Optimization terminated successfully. (HiGHS Status 7: Optimal),-1637.2599091020609,0.0,False,0.0,"[36, 60, 51, 62, 59, 57, 45]"
2025-03-05,12,Optimization terminated successfully. (HiGHS Status 7: Optimal),-1854.9459881194302,0.0,False,0.0,"[39, 41, 61, 44, 52, 49, 53]"
2025-03-05,18,Optimization terminated successfully. (HiGHS Status 7: Optimal),438.45766093354797,0.0,False,0.0,"[35, 40, 62, 47, 55, 53, 45]"
2025-03-06,0,Time limit reached. (HiGHS Status 13: Time limit reached),45335.32797426754,0.026082153545695253,False,0.0,"[59, 40, 61, 43, 51, 57, 49]"
2025-03-06,6,Optimization terminated successfully. (HiGHS Status 7: Optimal),-950.7917731551034,0.0,False,0.0,"[36, 41, 51, 62, 59, 57, 45]"
2025-03-06,12,Time limit reached. (HiGHS Status 13: Time limit reached),-470.8060920658737,1.9268433293545426,False,0.0,"[38, 42, 62, 44, 52, 49, 53]"
2025-03-06,18,Optimization terminated successfully. (HiGHS Status 7: Optimal),-870.1311415544351,0.0,False,0.0,"[36, 39, 61, 47, 55, 53, 45]"
2025-03-07,0,Time limit reached. (HiGHS Status 13: Time limit reached),19914.737514521563,0.14073570689930098,False,0.0,"[47, 55, 46, 45, 52, 57, 49]"
2025-03-07,6,Time limit reached. (HiGHS Status 13: Time limit reached),-1184.521996741726,1.0920120753344011,False,0.0,"[38, 54, 53, 40, 61, 57, 45]"
2025-03-07,12,Time limit reached. (HiGHS Status 13: Time limit reached),2896.190620249741,1.3937846059318038,False,0.0,"[38, 59, 64, 44, 52, 49, 53]"
2025-03-07,18,Optimization terminated successfully. (HiGHS Status 7: Optimal),-1914.112524495256,0.0,False,-0.0,"[42, 59, 63, 47, 55, 53, 45]"
2025-03-08,0,Time limit reached. (HiGHS Status 13: Time limit reached),18048.373329986207,0.16362079563207704,False,0.0,"[42, 65, 46, 45, 52, 57, 49]"
2025-03-08,6,Optimization terminated successfully. (HiGHS Status 7: Optimal),-1307.861011079151,0.0,False,0.0,"[55, 42, 52, 47, 61, 57, 45]"
2025-03-08,12,Optimization terminated successfully. (HiGHS Status 7: Optimal),-690.3763068057301,0.0,False,0.0,"[40, 60, 65, 44, 52, 49, 53]"
2025-03-08,18,Optimization terminated successfully. (HiGHS Status 7: Optimal),-661.5447746266209,0.0,False,0.0,"[41, 60, 63, 47, 55, 53, 45]"
2025-03-09,0,Time limit reached. (HiGHS Status 13: Time limit reached),44930.934033940226,0.014409628745760808,False,0.0,"[42, 65, 46, 45, 52, 62, 49]"
2025-03-09,6,Time limit reached. (HiGHS Status 13: Time limit reached),-1375.0151887804564,1.091336938148326,False,0.0,"[60, 63, 50, 65, 44, 56, 45]"
2025-03-09,12,Time limit reached. (HiGHS Status 13: Time limit reached),53.15763200434561,0.026625004371054285,False,0.0,"[41, 61, 43, 57, 51, 48, 45]"
2025-03-09,18,Optimization terminated successfully. (HiGHS Status 7: Optimal),-791.0141253558147,0.0,False,0.0,"[40, 62, 64, 43, 58, 51, 49]"
2025-03-10,0,Time limit reached. (HiGHS Status 13: Time limit reached),43518.32225815171,0.025040583856504928,False,0.0,"[42, 65, 46, 45, 52, 62, 49]"
2025-03-10,6,Optimization terminated successfully. (HiGHS Status 7: Optimal),-88.65387783746563,0.0,False,0.0,"[41, 51, 62, 58, 64, 43, 49]"
2025-03-10,12,Optimization terminated successfully. (HiGHS Status 7: Optimal),633.164756660525,0.0,False,0.0,"[42, 62, 56, 50, 55, 47, 67]"
2025-03-10,18,Optimization terminated successfully. (HiGHS Status 7: Optimal),-893.2468628705884,0.0,False,0.0,"[40, 65, 56, 57, 50, 48, 67]"
2025-03-11,0,Time limit reached. (HiGHS Status 13: Time limit reached),40849.3925315886,0.06542344015594598,False,0.0,"[42, 63, 60, 53, 64, 58, 56]"
2025-03-11,6,Time limit reached. (HiGHS Status 13: Time limit reached),3864.396220334568,0.004729660744244593,False,0.0,"[41, 51, 62, 59, 48, 46, 68]"
2025-03-11,12,Optimization terminated successfully. (HiGHS Status 7: Optimal),-1304.3397845324228,5.229626776846508e-16,False,0.0,"[59, 64, 63, 54, 58, 46, 66]"
2025-03-11,18,Optimization terminated successfully. (HiGHS Status 7: Optimal),-764.5746063929707,0.0,False,0.0,"[59, 61, 52, 54, 46, 44, 67]"
2025-03-12,0,Time limit reached. (HiGHS Status 13: Time limit reached),46002.258548891325,0.027792293816781135,False,0.0,"[42, 61, 50, 54, 44, 66, 68]"
2025-03-12,6,Optimization terminated successfully. (HiGHS Status 7: Optimal),-3670.1126842140634,0.0,False,0.0,"[54, 53, 47, 59, 48, 46, 68]"
2025-03-12,12,Time limit reached. (HiGHS Status 13: Time limit reached),1067.1973996279626,0.0004664185903740789,False,0.0,"[60, 65, 44, 52, 49, 46, 66]"
2025-03-12,18,Optimization terminated successfully. (HiGHS Status 7: Optimal),-706.6454328033981,0.0,False,0.0,"[60, 63, 47, 55, 53, 69, 67]"
2025-03-13,0,Time limit reached. (HiGHS Status 13: Time limit reached),46761.25707985879,0.04387749118066899,False,0.0,"[55, 67, 50, 54, 44, 66, 68]"
2025-03-13,6,Optimization terminated successfully. (HiGHS Status 7: Optimal),-183.07960376137615,0.0,False,0.0,"[54, 52, 69, 61, 57, 66, 70]"
2025-03-13,12,Optimization terminated successfully. (HiGHS Status 7: Optimal),-884.5409653650278,0.0,False,0.0,"[61, 43, 57, 51, 48, 53, 66]"
2025-03-13,18,Optimization terminated successfully. (HiGHS Status 7: Optimal),-1064.4819076536735,0.0,False,0.0,"[62, 64, 43, 58, 51, 70, 67]"
2025-03-14,0,Time limit reached. (HiGHS Status 13: Time limit reached),16850.811844682143,0.08936689742112817,False,0.0,"[55, 67, 50, 51, 57, 66, 68]"
2025-03-14,6,Optimization terminated successfully. (HiGHS Status 7: Optimal),-204.4123368300642,0.0,False,0.0,"[54, 52, 69, 61, 57, 66, 70]"
2025-03-14,12,Optimization terminated successfully. (HiGHS Status 7: Optimal),-712.9164915503515,0.0,False,0.0,"[61, 56, 50, 55, 48, 53, 66]"
2025-03-14,18,Optimization terminated successfully. (HiGHS Status 7: Optimal),-687.1858395225473,0.0,False,0.0,"[62, 64, 57, 50, 48, 45, 67]"
2025-03-15,0,Time limit reached. (HiGHS Status 13: Time limit reached),19425.361847678287,0.22425135528472767,False,0.0,"[55, 67, 50, 51, 62, 48, 68]"
2025-03-15,6,Time limit reached. (HiGHS Status 13: Time limit reached),4559.345568518035,1.4252953508164907,False,0.0,"[54, 52, 69, 61, 71, 72, 70]"
2025-03-15,12,Optimization terminated successfully. (HiGHS Status 7: Optimal),-2386.951709453803,0.0,False,0.0,"[61, 56, 54, 55, 48, 53, 66]"
2025-03-15,18,Optimization terminated successfully. (HiGHS Status 7: Optimal),-794.0484068776922,0.0,False,-0.0,"[62, 64, 57, 50, 48, 72, 67]"
2025-03-16,0,Time limit reached. (HiGHS Status 13: Time limit reached),45465.34721266154,0.04737485470313432,False,0.0,"[55, 67, 50, 52, 62, 48, 68]"
2025-03-16,6,Time limit reached. (HiGHS Status 13: Time limit reached),1072.2803010545117,0.90931126487756,False,0.0,"[60, 53, 47, 59, 57, 66, 70]"
2025-03-16,12,Optimization terminated successfully. (HiGHS Status 7: Optimal),-1932.409637479361,0.0,False,0.0,"[61, 56, 50, 72, 49, 46, 66]"
2025-03-16,18,Optimization terminated successfully. (HiGHS Status 7: Optimal),-833.9828248124936,0.0,False,0.0,"[62, 64, 57, 50, 48, 72, 67]"
2025-03-17,0,Time limit reached. (HiGHS Status 13: Time limit reached),41102.158183092404,0.04201065995408107,False,0.0,"[55, 67, 53, 74, 62, 48, 68]"
2025-03-17,6,Optimization terminated successfully. (HiGHS Status 7: Optimal),-2710.559800723237,5.033063842736037e-16,False,0.0,"[60, 51, 62, 58, 48, 66, 70]"
2025-03-17,12,Optimization terminated successfully. (HiGHS Status 7: Optimal),902.7045605026177,0.0003604449671080554,False,0.0,"[61, 56, 50, 51, 58, 69, 66]"
2025-03-17,18,Optimization terminated successfully. (HiGHS Status 7: Optimal),-591.7226549251424,0.0,False,0.0,"[62, 64, 57, 50, 74, 72, 67]"
2025-03-18,0,Time limit reached. (HiGHS Status 13: Time limit reached),46272.49550906555,0.017660716712084152,False,0.0,"[65, 70, 53, 74, 62, 48, 68]"
2025-03-18,6,Optimization terminated successfully. (HiGHS Status 7: Optimal),-1415.0580036497106,9.640891392018883e-16,False,0.0,"[60, 51, 62, 59, 57, 72, 70]"
2025-03-18,12,Optimization terminated successfully. (HiGHS Status 7: Optimal),-2076.3244147553287,0.0,False,0.0,"[61, 56, 57, 52, 71, 69, 66]"
2025-03-18,18,Optimization terminated successfully. (HiGHS Status 7: Optimal),-796.5968888494897,0.0,False,0.0,"[62, 64, 75, 50, 74, 72, 67]"
2025-03-19,0,Time limit reached. (HiGHS Status 13: Time limit reached),41836.90433645358,0.09129738629212283,False,0.0,"[55, 67, 75, 52, 57, 66, 68]"
2025-03-19,6,Time limit reached. (HiGHS Status 13: Time limit reached),1795.2060076731568,0.004062306472886352,False,0.0,"[60, 63, 50, 58, 57, 72, 70]"
2025-03-19,12,Time limit reached. (HiGHS Status 13: Time limit reached),96.12302292154972,17.452817075836613,False,0.0,"[61, 56, 76, 54, 55, 69, 66]"
2025-03-19,18,Optimization terminated successfully. (HiGHS Status 7: Optimal),-1312.5858141589715,0.0,False,0.0,"[62, 64, 75, 58, 74, 72, 67]"
2025-03-20,0,Time limit reached. (HiGHS Status 13: Time limit reached),44977.59116973747,0.029369463513112964,False,0.0,"[55, 67, 75, 52, 57, 66, 77]"
2025-03-20,6,Time limit reached. (HiGHS Status 13: Time limit reached),-2216.158603022559,0.47974446634388135,False,0.0,"[60, 63, 52, 65, 64, 66, 70]"
2025-03-20,12,Optimization terminated successfully. (HiGHS Status 7: Optimal),-618.1573387511633,0.0,False,0.0,"[61, 65, 75, 74, 72, 69, 66]"
2025-03-20,18,Optimization terminated successfully. (HiGHS Status 7: Optimal),-571.4228355983146,0.0,False,0.0,"[62, 64, 57, 55, 51, 70, 67]"
2025-03-21,0,Time limit reached. (HiGHS Status 13: Time limit reached),16494.431425856485,0.11790198961932576,False,0.0,"[55, 67, 78, 52, 57, 66, 77]"
2025-03-21,6,Optimization terminated successfully. (HiGHS Status 7: Optimal),-1525.9821635264707,0.0,False,0.0,"[60, 63, 52, 58, 57, 72, 67]"
2025-03-21,12,Optimization terminated successfully. (HiGHS Status 7: Optimal),-335.49886450049564,0.0,False,0.0,"[61, 65, 75, 54, 78, 69, 66]"
2025-03-21,18,Optimization terminated successfully. (HiGHS Status 7: Optimal),-707.4047905549768,0.0,False,-0.0,"[62, 64, 52, 54, 51, 70, 67]"
2025-03-22,0,Time limit reached. (HiGHS Status 13: Time limit reached),18242.58189524299,0.12004839857557632,False,0.0,"[55, 67, 75, 52, 57, 66, 77]"
2025-03-22,6,Time limit reached. (HiGHS Status 13: Time limit reached),-728.8444281306786,1.1894411189247593,False,0.0,"[60, 63, 62, 59, 71, 72, 67]"
2025-03-22,12,Optimization terminated successfully. (HiGHS Status 7: Optimal),-749.4689781850168,2.7483872068388096e-07,False,0.0,"[61, 65, 75, 54, 55, 53, 66]"
2025-03-22,18,Optimization terminated successfully. (HiGHS Status 7: Optimal),-703.6893848073435,0.0,False,-0.0,"[62, 64, 52, 54, 74, 72, 67]"
2025-03-23,0,Time limit reached. (HiGHS Status 13: Time limit reached),45279.046034625615,0.025762138052801656,False,0.0,"[55, 67, 80, 54, 57, 66, 77]"
2025-03-23,6,Optimization terminated successfully. (HiGHS Status 7: Optimal),-2176.099227200607,0.0,False,0.0,"[60, 63, 69, 61, 56, 72, 67]"
2025-03-23,12,Time limit reached. (HiGHS Status 13: Time limit reached),781.5317394664701,3.4950793038258556,False,0.0,"[61, 65, 73, 74, 55, 53, 66]"
2025-03-23,18,Optimization terminated successfully. (HiGHS Status 7: Optimal),-1467.5858331550724,0.0,False,0.0,"[62, 64, 78, 54, 74, 72, 67]"
2025-03-24,0,Time limit reached. (HiGHS Status 13: Time limit reached),42864.00145673778,0.03098033580345801,False,0.0,"[55, 61, 60, 54, 57, 66, 77]"
2025-03-24,6,Time limit reached. (HiGHS Status 13: Time limit reached),-260.53555010429477,3.4046794596688557,False,0.0,"[60, 54, 69, 61, 56, 72, 67]"
2025-03-24,12,Optimization terminated successfully. (HiGHS Status 7: Optimal),-1104.856593441997,1.234768440317963e-15,False,0.0,"[61, 65, 63, 57, 78, 69, 66]"
2025-03-24,18,Optimization terminated successfully. (HiGHS Status 7: Optimal),-1018.0127340953452,0.0,False,0.0,"[62, 64, 78, 54, 74, 72, 67]"
2025-03-25,0,Time limit reached. (HiGHS Status 13: Time limit reached),47252.144635161996,0.024327143509881324,False,0.0,"[55, 61, 60, 78, 57, 66, 77]"
2025-03-25,6,Time limit reached. (HiGHS Status 13: Time limit reached),-3632.844006185821,0.2572919256960608,False,0.0,"[60, 63, 82, 61, 56, 72, 67]"
2025-03-25,12,Optimization terminated successfully. (HiGHS Status 7: Optimal),-801.8488456555749,2.835617668780655e-16,False,0.0,"[61, 65, 63, 76, 78, 69, 66]"
2025-03-25,18,Optimization terminated successfully. (HiGHS Status 7: Optimal),-658.4692599765463,0.0,False,0.0,"[62, 64, 78, 55, 74, 72, 67]"
2025-03-26,0,Time limit reached. (HiGHS Status 13: Time limit reached),41732.37323418208,0.05149049966683618,False,0.0,"[83, 61, 60, 78, 57, 66, 77]"
2025-03-26,6,Optimization terminated successfully. (HiGHS Status 7: Optimal),-1740.9843247596812,0.0,False,0.0,"[81, 77, 65, 64, 80, 68, 67]"
2025-03-26,12,Time limit reached. (HiGHS Status 13: Time limit reached),602.5594126474194,4.111870710261237,False,0.0,"[61, 65, 63, 76, 78, 70, 68]"
2025-03-26,18,Optimization terminated successfully. (HiGHS Status 7: Optimal),-1527.3879736445722,0.0,False,0.0,"[62, 64, 78, 58, 73, 79, 67]"
2025-03-27,0,Time limit reached. (HiGHS Status 13: Time limit reached),43456.43320221663,0.026899048801615637,False,0.0,"[83, 61, 60, 84, 73, 58, 77]"
2025-03-27,6,Optimization terminated successfully. (HiGHS Status 7: Optimal),-1232.3269334228237,0.00016083422917566174,False,0.0,"[81, 77, 82, 61, 80, 68, 67]"
2025-03-27,12,Time limit reached. (HiGHS Status 13: Time limit reached),529.6505542146273,4.383376970982833,False,0.0,"[61, 65, 73, 57, 71, 70, 68]"
2025-03-27,18,Optimization terminated successfully. (HiGHS Status 7: Optimal),-1367.9486603019839,0.0,False,0.0,"[62, 64, 57, 82, 69, 79, 67]"
2025-03-28,0,Time limit reached. (HiGHS Status 13: Time limit reached),16182.980472279134,0.08333015025219555,False,0.0,"[83, 61, 60, 75, 64, 58, 77]"
2025-03-28,6,Optimization terminated successfully. (HiGHS Status 7: Optimal),-1447.5915091964644,0.0,False,0.0,"[81, 77, 82, 59, 80, 68, 67]"
2025-03-28,12,Optimization terminated successfully. (HiGHS Status 7: Optimal),-664.8971898723134,0.0,False,0.0,"[61, 65, 73, 74, 84, 70, 68]"
2025-03-28,18,Optimization terminated successfully. (HiGHS Status 7: Optimal),-701.506317983554,0.0,False,0.0,"[62, 64, 75, 81, 69, 79, 67]"
2025-03-29,0,Time limit reached. (HiGHS Status 13: Time limit reached),15009.223583612762,0.08495291401046774,False,0.0,"[83, 61, 79, 82, 74, 71, 77]"
2025-03-29,6,Optimization terminated successfully. (HiGHS Status 7: Optimal),-946.9670059236257,0.0,False,0.0,"[81, 77, 82, 61, 80, 68, 67]"
2025-03-29,12,Optimization terminated successfully. (HiGHS Status 7: Optimal),-688.7378770128192,0.0,False,0.0,"[61, 65, 63, 76, 71, 70, 68]"
2025-03-29,18,Optimization terminated successfully. (HiGHS Status 7: Optimal),-466.2679310485695,0.0,False,0.0,"[62, 64, 78, 81, 69, 79, 67]"
2025-03-30,0,Time limit reached. (HiGHS Status 13: Time limit reached),42796.45721197126,0.04033523185082696,False,0.0,"[81, 67, 60, 75, 74, 71, 77]"
2025-03-30,6,Time limit reached. (HiGHS Status 13: Time limit reached),-1992.8435480755952,0.6158010150061379,False,0.0,"[81, 77, 82, 64, 80, 68, 67]"
2025-03-30,12,Time limit reached. (HiGHS Status 13: Time limit reached),1218.4133964091097,2.4787471150184364,False,0.0,"[77, 86, 73, 74, 71, 70, 68]"
2025-03-30,18,Optimization terminated successfully. (HiGHS Status 7: Optimal),-1309.2428067011679,0.0,False,0.0,"[65, 77, 75, 74, 69, 79, 67]"
2025-03-31,0,Time limit reached. (HiGHS Status 13: Time limit reached),39181.152568270205,0.0880696118466227,False,0.0,"[81, 61, 79, 75, 74, 71, 77]"
2025-03-31,6,Time limit reached. (HiGHS Status 13: Time limit reached),6972.609588630406,0.44074557432815376,False,0.0,"[76, 84, 85, 86, 80, 68, 67]"
2025-03-31,12,Optimization terminated successfully. (HiGHS Status 7: Optimal),-2840.8551615048946,1.6007410622284924e-16,False,0.0,"[62, 81, 82, 72, 84, 79, 68]"
2025-03-31,18,Optimization terminated successfully. (HiGHS Status 7: Optimal),-48.10320692596012,0.0,False,0.0,"[61, 86, 76, 88, 69, 79, 67]"
2025-04-01,0,Time limit reached. (HiGHS Status 13: Time limit reached),45199.7202502445,0.034076348019560436,False,0.0,"[81, 67, 80, 84, 64, 66, 89]"
2025-04-01,6,Time limit reached. (HiGHS Status 13: Time limit reached),-177.5983626496826,0.0026263003336391227,False,0.0,"[81, 77, 82, 86, 80, 68, 67]"
2025-04-01,12,Time limit reached. (HiGHS Status 13: Time limit reached),-10.669827023275404,162.59975827154832,False,0.0,"[64, 80, 75, 78, 84, 79, 68]"
2025-04-01,18,Optimization terminated successfully. (HiGHS Status 7: Optimal),-1249.3446564021015,0.0,False,0.0,"[63, 80, 76, 88, 69, 79, 67]"
2025-04-02,0,Time limit reached. (HiGHS Status 13: Time limit reached),41703.40583643095,0.0009236460097570732,False,0.0,"[81, 90, 79, 75, 74, 66, 89]"
2025-04-02,6,Time limit reached. (HiGHS Status 13: Time limit reached),934.9860432847199,0.0015112618842455675,False,0.0,"[90, 63, 82, 86, 80, 68, 67]"
2025-04-02,12,Time limit reached. (HiGHS Status 13: Time limit reached),2217.4171102153077,1.650366323121926,False,0.0,"[65, 63, 90, 78, 84, 79, 68]"
2025-04-02,18,Optimization terminated successfully. (HiGHS Status 7: Optimal),-1857.164837295796,0.0,False,0.0,"[64, 78, 90, 88, 69, 79, 67]"
2025-04-03,0,Time limit reached. (HiGHS Status 13: Time limit reached),44566.17932467229,0.03605990657465528,False,0.0,"[81, 67, 80, 84, 74, 66, 89]"
2025-04-03,6,Time limit reached. (HiGHS Status 13: Time limit reached),-2267.475593489916,0.40660262117478774,False,0.0,"[90, 91, 82, 86, 80, 68, 67]"
2025-04-03,12,Time limit reached. (HiGHS Status 13: Time limit reached),1185.5877697805124,2.155328114039175,False,0.0,"[65, 73, 76, 78, 84, 79, 68]"
2025-04-03,18,Optimization terminated successfully. (HiGHS Status 7: Optimal),-1487.9118384494227,0.0,False,0.0,"[77, 89, 82, 91, 69, 79, 67]"
2025-04-04,0,Time limit reached. (HiGHS Status 13: Time limit reached),14813.20890998565,0.06719915273500204,False,0.0,"[83, 90, 79, 75, 87, 66, 89]"
2025-04-04,6,Optimization terminated successfully. (HiGHS Status 7: Optimal),-1504.9215046856164,1.5108673424846252e-16,False,-0.0,"[90, 91, 69, 86, 80, 68, 67]"
2025-04-04,12,Optimization terminated successfully. (HiGHS Status 7: Optimal),-437.0331478162657,0.0,False,0.0,"[86, 82, 76, 78, 84, 79, 68]"
2025-04-04,18,Optimization terminated successfully. (HiGHS Status 7: Optimal),-610.6837070590261,0.0,False,0.0,"[86, 75, 81, 91, 69, 79, 67]"
2025-04-05,0,Time limit reached. (HiGHS Status 13: Time limit reached),13805.767072951372,0.011827984344877916,False,0.0,"[83, 67, 80, 84, 87, 66, 89]"
2025-04-05,6,Time limit reached. (HiGHS Status 13: Time limit reached),1545.5016761921127,1.4353308200298303,False,0.0,"[90, 91, 69, 71, 93, 68, 67]"
2025-04-05,12,Optimization terminated successfully. (HiGHS Status 7: Optimal),-795.4344745241674,0.0,False,0.0,"[86, 82, 76, 78, 84, 79, 68]"
2025-04-05,18,Optimization terminated successfully. (HiGHS Status 7: Optimal),43.844511312486894,0.0,False,0.0,"[80, 76, 81, 91, 69, 79, 67]"
2025-04-06,0,Time limit reached. (HiGHS Status 13: Time limit reached),40860.977928651926,0.0314909904745055,False,0.0,"[83, 67, 80, 84, 87, 72, 89]"
2025-04-06,6,Time limit reached. (HiGHS Status 13: Time limit reached),-1336.4944887810636,0.8980171355378352,False,0.0,"[90, 91, 69, 71, 93, 94, 67]"
2025-04-06,12,Optimization terminated successfully. (HiGHS Status 7: Optimal),-830.7902433715429,0.0,False,0.0,"[86, 82, 76, 78, 84, 79, 83]"
2025-04-06,18,Optimization terminated successfully. (HiGHS Status 7: Optimal),-961.1504010664263,0.0,False,0.0,"[80, 76, 81, 91, 69, 72, 68]"
2025-04-07,0,Time limit reached. (HiGHS Status 13: Time limit reached),38482.87471766691,0.09084231000242908,False,0.0,"[83, 95, 80, 84, 87, 72, 89]"
2025-04-07,6,Time limit reached. (HiGHS Status 13: Time limit reached),623.5479912718866,0.005117183463127539,False,0.0,"[90, 91, 69, 95, 80, 68, 83]"
2025-04-07,12,Time limit reached. (HiGHS Status 13: Time limit reached),564.9377570194066,3.6722555128495635,False,0.0,"[93, 73, 90, 72, 71, 70, 83]"
2025-04-07,18,Optimization terminated successfully. (HiGHS Status 7: Optimal),-1655.422244818788,0.0,False,0.0,"[80, 75, 93, 88, 73, 94, 83]"
2025-04-08,0,Time limit reached. (HiGHS Status 13: Time limit reached),42884.665615744314,0.04294492542400312,False,0.0,"[83, 95, 80, 84, 87, 96, 89]"
2025-04-08,6,Time limit reached. (HiGHS Status 13: Time limit reached),-1769.5496475463342,0.7751821938769827,False,0.0,"[90, 91, 92, 86, 88, 72, 83]"
2025-04-08,12,Optimization terminated successfully. (HiGHS Status 7: Optimal),-1858.1204115296978,1.223675678025875e-16,False,0.0,"[93, 73, 90, 91, 89, 69, 83]"
2025-04-08,18,Optimization terminated successfully. (HiGHS Status 7: Optimal),-612.3575264776435,0.0,False,0.0,"[80, 96, 82, 74, 87, 84, 71]"
2025-04-09,0,Time limit reached. (HiGHS Status 13: Time limit reached),40975.39847946837,0.036547435133830165,False,0.0,"[83, 90, 79, 75, 91, 71, 77]"
2025-04-09,6,Time limit reached. (HiGHS Status 13: Time limit reached),-161.1766727052472,0.1864312532178462,False,0.0,"[90, 91, 92, 86, 88, 72, 83]"
2025-04-09,12,Time limit reached. (HiGHS Status 13: Time limit reached),672.1844420712328,3.3251776998603475,False,0.0,"[93, 73, 90, 91, 87, 85, 83]"
2025-04-09,18,Optimization terminated successfully. (HiGHS Status 7: Optimal),-1361.8526553575896,1.0971186448788731e-08,False,0.0,"[80, 96, 82, 97, 85, 84, 71]"
2025-04-10,0,Time limit reached. (HiGHS Status 13: Time limit reached),41970.35918324359,0.07139390620442998,False,0.0,"[83, 90, 80, 84, 87, 98, 77]"
2025-04-10,6,Optimization terminated successfully. (HiGHS Status 7: Optimal),-1280.741275983241,0.0,False,0.0,"[90, 91, 98, 85, 87, 79, 83]"
2025-04-10,12,Optimization terminated successfully. (HiGHS Status 7: Optimal),-2313.2979209493747,0.0,False,0.0,"[93, 80, 75, 74, 97, 84, 83]"
2025-04-10,18,Optimization terminated successfully. (HiGHS Status 7: Optimal),-303.3185865686193,0.0,False,0.0,"[80, 96, 82, 98, 91, 84, 71]"
2025-04-11,0,Time limit reached. (HiGHS Status 13: Time limit reached),12239.17155071789,0.005727198560186409,False,0.0,"[83, 90, 80, 99, 91, 98, 77]"
2025-04-11,6,Time limit reached. (HiGHS Status 13: Time limit reached),2617.504990620265,0.7500597817653676,False,0.0,"[89, 74, 96, 82, 87, 79, 83]"
2025-04-11,12,Optimization terminated successfully. (HiGHS Status 7: Optimal),-955.147501637571,0.0,False,0.0,"[93, 80, 75, 74, 97, 84, 83]"
2025-04-11,18,Optimization terminated successfully. (HiGHS Status 7: Optimal),-387.62670410761245,0.0,False,0.0,"[80, 96, 99, 92, 88, 73, 79]"
2025-04-12,0,Time limit reached. (HiGHS Status 13: Time limit reached),13531.198821637363,0.0048252666965136765,False,0.0,"[83, 90, 80, 99, 91, 98, 89]"
2025-04-12,6,Optimization terminated successfully. (HiGHS Status 7: Optimal),-812.2720310144764,0.0,False,0.0,"[89, 74, 96, 82, 87, 93, 83]"
2025-04-12,12,Optimization terminated successfully. (HiGHS Status 7: Optimal),-757.5396943508465,0.0,False,0.0,"[93, 80, 75, 74, 87, 85, 83]"
2025-04-12,18,Optimization terminated successfully. (HiGHS Status 7: Optimal),-435.648523796497,0.0,False,0.0,"[80, 96, 99, 92, 74, 87, 79]"
2025-04-13,0,Time limit reached. (HiGHS Status 13: Time limit reached),39175.73938864412,0.061649453323991535,False,0.0,"[92, 97, 79, 75, 93, 98, 89]"
2025-04-13,6,Optimization terminated successfully. (HiGHS Status 7: Optimal),-2154.0312802041794,2.111145530084219e-16,False,0.0,"[90, 91, 98, 85, 87, 93, 83]"
2025-04-13,12,Time limit reached. (HiGHS Status 13: Time limit reached),2615.1896693104477,1.421055356883538,False,0.0,"[93, 80, 90, 74, 87, 85, 83]"
2025-04-13,18,Optimization terminated successfully. (HiGHS Status 7: Optimal),-1502.0995414296933,0.0,False,0.0,"[80, 96, 90, 81, 97, 85, 79]"
2025-04-14,0,Time limit reached. (HiGHS Status 13: Time limit reached),41224.25874216087,0.052578773936801944,False,0.0,"[92, 97, 79, 75, 93, 98, 89]"
2025-04-14,6,Optimization terminated successfully. (HiGHS Status 7: Optimal),-4478.385082200493,1.1765231722969923e-07,False,0.0,"[90, 77, 92, 101, 102, 93, 83]"
2025-04-14,12,Optimization terminated successfully. (HiGHS Status 7: Optimal),-1232.3865441179687,0.0,False,0.0,"[93, 80, 90, 102, 87, 85, 83]"
2025-04-14,18,Optimization terminated successfully. (HiGHS Status 7: Optimal),437.44333206874256,0.0,False,0.0,"[80, 96, 76, 93, 100, 85, 79]"
2025-04-15,0,Time limit reached. (HiGHS Status 13: Time limit reached),35997.88786063427,0.08007985294607971,False,0.0,"[92, 97, 86, 82, 93, 98, 89]"
2025-04-15,6,Time limit reached. (HiGHS Status 13: Time limit reached),2234.4743470273415,0.0030110030994644995,False,0.0,"[90, 77, 92, 101, 102, 93, 83]"
2025-04-15,12,Optimization terminated successfully. (HiGHS Status 7: Optimal),-1481.0527773815606,4.605649688835921e-16,False,0.0,"[93, 80, 96, 91, 99, 100, 94]"
2025-04-15,18,Optimization terminated successfully. (HiGHS Status 7: Optimal),-774.9570636066919,0.0,False,0.0,"[80, 96, 90, 81, 97, 87, 103]"
2025-04-16,0,Time limit reached. (HiGHS Status 13: Time limit reached),39338.49957796442,0.04975224211643815,False,0.0,"[83, 90, 79, 99, 91, 104, 89]"
2025-04-16,6,Time limit reached. (HiGHS Status 13: Time limit reached),875.4373045518391,0.007668213116393171,False,0.0,"[90, 77, 92, 101, 102, 93, 83]"
2025-04-16,12,Time limit reached. (HiGHS Status 13: Time limit reached),-1864.6314884801222,0.0009543215742764998,False,0.0,"[93, 80, 96, 91, 99, 100, 94]"
2025-04-16,18,Optimization terminated successfully. (HiGHS Status 7: Optimal),-1234.5252375097177,0.0,False,0.0,"[80, 89, 90, 81, 97, 87, 103]"
2025-04-17,0,Time limit reached. (HiGHS Status 13: Time limit reached),37582.445577271974,0.09216786181402008,False,0.0,"[83, 90, 79, 99, 91, 98, 89]"
2025-04-17,6,Time limit reached. (HiGHS Status 13: Time limit reached),3835.7188120747824,0.8426644477854588,False,0.0,"[90, 105, 92, 101, 102, 93, 83]"
2025-04-17,12,Optimization terminated successfully. (HiGHS Status 7: Optimal),-1242.0753434314584,0.0,False,0.0,"[86, 82, 101, 105, 99, 100, 94]"
2025-04-17,18,Optimization terminated successfully. (HiGHS Status 7: Optimal),-812.3160384028793,0.0,False,0.0,"[95, 96, 99, 92, 88, 105, 103]"
2025-04-18,0,Time limit reached. (HiGHS Status 13: Time limit reached),12511.768341436666,0.00041078683800368994,False,0.0,"[83, 90, 79, 99, 87, 104, 89]"
2025-04-18,6,Optimization terminated successfully. (HiGHS Status 7: Optimal),-729.8271303162956,0.0,False,0.0,"[90, 105, 98, 85, 87, 80, 103]"
2025-04-18,12,Optimization terminated successfully. (HiGHS Status 7: Optimal),-416.3497067099829,0.0,False,0.0,"[86, 82, 101, 105, 89, 100, 94]"
2025-04-18,18,Optimization terminated successfully. (HiGHS Status 7: Optimal),-715.797326911195,0.0,False,0.0,"[95, 102, 82, 92, 88, 105, 103]"
2025-04-19,0,Time limit reached. (HiGHS Status 13: Time limit reached),13560.63612233817,0.14006278137497447,False,0.0,"[83, 90, 80, 84, 102, 107, 89]"
2025-04-19,6,Time limit reached. (HiGHS Status 13: Time limit reached),-256.09167080821766,3.959087283393363,False,0.0,"[90, 105, 98, 85, 107, 88, 103]"
2025-04-19,12,Optimization terminated successfully. (HiGHS Status 7: Optimal),62.014001201900065,0.0,False,0.0,"[86, 82, 101, 105, 89, 100, 94]"
2025-04-19,18,Optimization terminated successfully. (HiGHS Status 7: Optimal),-682.5297062130056,0.0,False,0.0,"[95, 107, 99, 81, 97, 87, 103]"
2025-04-20,0,Time limit reached. (HiGHS Status 13: Time limit reached),37147.131775394606,0.07208950241221003,False,0.0,"[83, 90, 85, 84, 102, 107, 89]"
2025-04-20,6,Optimization terminated successfully. (HiGHS Status 7: Optimal),-1455.2751747274667,4.687230553887782e-16,False,0.0,"[90, 105, 98, 85, 107, 100, 103]"
2025-04-20,12,Time limit reached. (HiGHS Status 13: Time limit reached),3033.1587537422356,1.0836908819989997,False,0.0,"[86, 82, 101, 105, 89, 100, 94]"
2025-04-20,18,Optimization terminated successfully. (HiGHS Status 7: Optimal),-1804.9229880757223,0.0,False,0.0,"[104, 102, 99, 81, 97, 87, 103]"
2025-04-21,0,Time limit reached. (HiGHS Status 13: Time limit reached),37520.20456687821,0.04138005593169565,False,0.0,"[83, 95, 82, 93, 105, 107, 89]"
2025-04-21,6,Time limit reached. (HiGHS Status 13: Time limit reached),-2808.5095448302714,0.34082392429493963,False,0.0,"[90, 106, 92, 101, 107, 100, 103]"
2025-04-21,12,Optimization terminated successfully. (HiGHS Status 7: Optimal),-650.8553162859893,0.0,False,0.0,"[86, 92, 109, 105, 89, 100, 94]"
2025-04-21,18,Optimization terminated successfully. (HiGHS Status 7: Optimal),-723.9145639912589,0.0,False,0.0,"[104, 102, 90, 93, 97, 87, 103]"
2025-04-22,0,Time limit reached. (HiGHS Status 13: Time limit reached),36250.160879386516,0.10232917576853273,False,0.0,"[83, 90, 85, 93, 105, 107, 89]"
2025-04-22,6,Time limit reached. (HiGHS Status 13: Time limit reached),1799.8334554331075,0.00216975268604165,False,0.0,"[90, 106, 92, 109, 108, 88, 103]"
2025-04-22,12,Optimization terminated successfully. (HiGHS Status 7: Optimal),-1505.557529940229,0.0,False,0.0,"[86, 90, 102, 97, 106, 107, 94]"
2025-04-22,18,Optimization terminated successfully. (HiGHS Status 7: Optimal),-1081.5556635295704,0.0,False,0.0,"[104, 102, 90, 92, 88, 105, 83]"
2025-04-23,0,Time limit reached. (HiGHS Status 13: Time limit reached),35841.843938583865,0.12290466678435283,False,0.0,"[88, 95, 108, 91, 98, 96, 111]"
2025-04-23,6,Optimization terminated successfully. (HiGHS Status 7: Optimal),-174.975427645843,0.0,False,0.0,"[90, 106, 98, 101, 107, 100, 110]"
2025-04-23,12,Time limit reached. (HiGHS Status 13: Time limit reached),2657.8322583548525,1.2498242316643047,False,0.0,"[86, 90, 102, 97, 106, 107, 94]"
2025-04-23,18,Optimization terminated successfully. (HiGHS Status 7: Optimal),-1871.3547592204563,0.0,False,0.0,"[104, 102, 90, 92, 88, 87, 103]"
2025-04-24,0,Time limit reached. (HiGHS Status 13: Time limit reached),36111.65564065447,0.09041859375073734,False,0.0,"[88, 95, 108, 87, 104, 94, 100]"
2025-04-24,6,Time limit reached. (HiGHS Status 13: Time limit reached),-1131.7167949372422,1.1890069841869013,False,0.0,"[90, 106, 92, 109, 107, 100, 110]"
2025-04-24,12,Time limit reached. (HiGHS Status 13: Time limit reached),136.57043233321764,0.02940804969407032,False,0.0,"[86, 90, 102, 97, 106, 107, 94]"
2025-04-24,18,Optimization terminated successfully. (HiGHS Status 7: Optimal),-972.8161305641737,0.0,False,0.0,"[104, 102, 90, 92, 88, 87, 103]"
2025-04-25,0,Time limit reached. (HiGHS Status 13: Time limit reached),14112.090840168856,0.13170215947454728,False,0.0,"[88, 95, 99, 102, 104, 94, 100]"
2025-04-25,6,Optimization terminated successfully. (HiGHS Status 7: Optimal),-1412.6501024474665,4.828662279129824e-16,False,-0.0,"[90, 106, 92, 112, 108, 88, 110]"
2025-04-25,12,Optimization terminated successfully. (HiGHS Status 7: Optimal),-1045.5510562242685,0.0,False,0.0,"[93, 92, 109, 105, 89, 107, 94]"
2025-04-25,18,Optimization terminated successfully. (HiGHS Status 7: Optimal),-625.669123392979,0.0,False,0.0,"[104, 102, 90, 113, 97, 87, 103]"
2025-04-26,0,Time limit reached. (HiGHS Status 13: Time limit reached),14158.638419590561,0.14444886884790228,False,0.0,"[88, 95, 93, 105, 109, 94, 100]"
2025-04-26,6,Optimization terminated successfully. (HiGHS Status 7: Optimal),-1336.3240717994152,0.0,False,-0.0,"[90, 106, 92, 112, 114, 88, 110]"
2025-04-26,12,Optimization terminated successfully. (HiGHS Status 7: Optimal),-665.5614599037868,0.0,False,0.0,"[93, 114, 109, 105, 89, 107, 94]"
2025-04-26,18,Optimization terminated successfully. (HiGHS Status 7: Optimal),-726.618237253954,0.0,False,0.0,"[89, 101, 99, 92, 97, 87, 103]"
2025-04-27,0,Time limit reached. (HiGHS Status 13: Time limit reached),36354.25936313166,0.11257666345246788,False,0.0,"[88, 95, 93, 113, 109, 94, 100]"
2025-04-27,6,Optimization terminated successfully. (HiGHS Status 7: Optimal),-1359.5469710914374,0.0,False,0.0,"[90, 106, 92, 112, 114, 88, 110]"
2025-04-27,12,Optimization terminated successfully. (HiGHS Status 7: Optimal),-959.0840499359703,2.015127080255897e-15,False,0.0,"[93, 92, 101, 91, 89, 107, 94]"
2025-04-27,18,Optimization terminated successfully. (HiGHS Status 7: Optimal),-431.0668322402689,0.0,False,0.0,"[89, 101, 99, 92, 100, 111, 103]"
2025-04-28,0,Time limit reached. (HiGHS Status 13: Time limit reached),39979.67380180129,0.03385983343815361,False,0.0,"[110, 103, 91, 115, 107, 94, 100]"
2025-04-28,6,Optimization terminated successfully. (HiGHS Status 7: Optimal),-736.2497023584926,2.161787940971743e-15,False,0.0,"[90, 106, 98, 109, 108, 100, 110]"
2025-04-28,12,Time limit reached. (HiGHS Status 13: Time limit reached),310.9468232021278,7.197435838737923,False,0.0,"[93, 92, 101, 116, 99, 100, 94]"
2025-04-28,18,Optimization terminated successfully. (HiGHS Status 7: Optimal),-1550.02776965835,0.0,False,0.0,"[89, 101, 90, 113, 114, 111, 103]"
2025-04-29,0,Time limit reached. (HiGHS Status 13: Time limit reached),36740.58996931864,0.10344493279450102,False,0.0,"[110, 103, 91, 113, 109, 116, 100]"
2025-04-29,6,Optimization terminated successfully. (HiGHS Status 7: Optimal),-1493.7905942777672,1.522125499479162e-16,False,0.0,"[90, 106, 98, 109, 108, 100, 110]"
2025-04-29,12,Time limit reached. (HiGHS Status 13: Time limit reached),2918.319144487823,1.0998148081080017,False,0.0,"[93, 92, 96, 104, 97, 100, 94]"
2025-04-29,18,Optimization terminated successfully. (HiGHS Status 7: Optimal),-1695.9274178303185,5.2127680008703554e-08,False,0.0,"[96, 116, 99, 113, 114, 111, 103]"
2025-04-30,0,Time limit reached. (HiGHS Status 13: Time limit reached),36833.60759406156,0.1419343568192907,False,0.0,"[110, 108, 117, 113, 109, 116, 100]"
2025-04-30,6,Time limit reached. (HiGHS Status 13: Time limit reached),-2535.39079763167,0.002350985854782882,False,0.0,"[104, 116, 92, 109, 108, 100, 110]"
2025-04-30,12,Time limit reached. (HiGHS Status 13: Time limit reached),3739.3168916444583,1.375183207216644,False,0.0,"[93, 92, 101, 104, 97, 100, 94]"
2025-04-30,18,Optimization terminated successfully. (HiGHS Status 7: Optimal),-2794.766325069127,3.163225524855252e-08,False,0.0,"[96, 101, 99, 113, 114, 111, 103]"
2025-05-01,0,Time limit reached. (HiGHS Status 13: Time limit reached),37779.56994188324,0.11604438417146805,False,0.0,"[110, 108, 118, 115, 107, 94, 100]"
2025-05-01,6,Time limit reached. (HiGHS Status 13: Time limit reached),-2181.2005674328725,0.0013847296072587644,False,0.0,"[104, 96, 97, 112, 108, 100, 110]"
2025-05-01,12,Optimization terminated successfully. (HiGHS Status 7: Optimal),-962.2310978968013,2.3629840683824767e-16,False,0.0,"[93, 92, 101, 104, 99, 100, 94]"
2025-05-01,18,Optimization terminated successfully. (HiGHS Status 7: Optimal),-805.4669503656753,0.0,False,0.0,"[96, 101, 99, 117, 115, 111, 103]"
2025-05-02,0,Time limit reached. (HiGHS Status 13: Time limit reached),15397.225610956548,0.14236615951298592,False,0.0,"[97, 99, 102, 98, 96, 106, 100]"
2025-05-02,6,Optimization terminated successfully. (HiGHS Status 7: Optimal),-1426.585144922254,0.0,False,0.0,"[104, 96, 101, 95, 114, 113, 110]"
2025-05-02,12,Optimization terminated successfully. (HiGHS Status 7: Optimal),-963.7366304575125,0.0,False,0.0,"[93, 114, 109, 116, 119, 107, 103]"
2025-05-02,18,Optimization terminated successfully. (HiGHS Status 7: Optimal),-250.79840541529504,0.0,False,0.0,"[96, 101, 99, 117, 114, 112, 110]"
2025-05-03,0,Time limit reached. (HiGHS Status 13: Time limit reached),16363.594290759123,0.18658315273972434,False,0.0,"[97, 99, 105, 104, 121, 106, 100]"
2025-05-03,6,Time limit reached. (HiGHS Status 13: Time limit reached),-1599.8133348223796,0.5379535150747353,False,0.0,"[104, 96, 101, 112, 108, 100, 110]"
2025-05-03,12,Optimization terminated successfully. (HiGHS Status 7: Optimal),440.93148324876717,0.0,False,0.0,"[98, 117, 118, 105, 106, 111, 120]"
2025-05-03,18,Optimization terminated successfully. (HiGHS Status 7: Optimal),558.058658842091,0.0,False,0.0,"[96, 101, 99, 113, 100, 105, 120]"
2025-05-04,0,Time limit reached. (HiGHS Status 13: Time limit reached),37487.615330254295,0.0694559555995439,False,0.0,"[97, 99, 102, 98, 96, 106, 100]"
2025-05-04,6,Time limit reached. (HiGHS Status 13: Time limit reached),-1069.719327242156,1.4504031239863877,False,0.0,"[104, 96, 101, 112, 108, 102, 110]"
2025-05-04,12,Optimization terminated successfully. (HiGHS Status 7: Optimal),-612.3645281135744,0.0,False,0.0,"[98, 117, 118, 105, 106, 111, 120]"
2025-05-04,18,Optimization terminated successfully. (HiGHS Status 7: Optimal),1585.0883024276998,0.0,False,0.0,"[96, 101, 99, 113, 100, 105, 122]"
2025-05-05,0,Time limit reached. (HiGHS Status 13: Time limit reached),40523.76740237063,0.0727379926483194,False,0.0,"[97, 117, 105, 123, 96, 106, 100]"
2025-05-05,6,Optimization terminated successfully. (HiGHS Status 7: Optimal),-3244.3105403442964,0.0,False,0.0,"[104, 96, 101, 112, 122, 100, 103]"
2025-05-05,12,Optimization terminated successfully. (HiGHS Status 7: Optimal),-1690.869927912249,2.6894283432431127e-16,False,0.0,"[108, 96, 102, 97, 112, 110, 121]"
2025-05-05,18,Optimization terminated successfully. (HiGHS Status 7: Optimal),-384.8956929942871,0.0,False,0.0,"[107, 116, 119, 98, 97, 103, 121]"
2025-05-06,0,Time limit reached. (HiGHS Status 13: Time limit reached),35875.937909351014,0.10765326056716555,False,0.0,"[97, 117, 105, 123, 121, 106, 100]"
2025-05-06,6,Optimization terminated successfully. (HiGHS Status 7: Optimal),-1415.2379924981458,3.2132217570258587e-16,False,0.0,"[104, 111, 118, 107, 114, 113, 103]"
2025-05-06,12,Optimization terminated successfully. (HiGHS Status 7: Optimal),101.67779542143366,0.0,False,0.0,"[108, 101, 104, 99, 100, 122, 124]"
2025-05-06,18,Optimization terminated successfully. (HiGHS Status 7: Optimal),-1090.7268823811005,0.0,False,0.0,"[102, 109, 106, 115, 111, 110, 121]"
2025-05-07,0,Time limit reached. (HiGHS Status 13: Time limit reached),37943.96399930506,0.1115760988540459,False,0.0,"[103, 118, 113, 104, 114, 119, 112]"
2025-05-07,6,Optimization terminated successfully. (HiGHS Status 7: Optimal),394.4937705958208,1.1527364556343683e-15,False,0.0,"[104, 111, 109, 119, 115, 124, 103]"
2025-05-07,12,Time limit reached. (HiGHS Status 13: Time limit reached),3130.585615731273,1.155262385691724,False,0.0,"[108, 101, 104, 119, 107, 103, 125]"
2025-05-07,18,Optimization terminated successfully. (HiGHS Status 7: Optimal),-993.1801719594879,0.0,False,0.0,"[102, 109, 106, 115, 112, 120, 123]"
2025-05-08,0,Time limit reached. (HiGHS Status 13: Time limit reached),39007.43470870663,0.03351014883663855,False,0.0,"[103, 118, 113, 109, 124, 120, 126]"
2025-05-08,6,Optimization terminated successfully. (HiGHS Status 7: Optimal),-2538.246294035624,3.5831617440358745e-16,False,0.0,"[104, 111, 121, 108, 102, 126, 103]"
2025-05-08,12,Time limit reached. (HiGHS Status 13: Time limit reached),1711.7851967067122,1.3835125938468953,False,0.0,"[115, 109, 116, 106, 111, 120, 125]"
2025-05-08,18,Optimization terminated successfully. (HiGHS Status 7: Optimal),-609.749232720419,0.0,False,0.0,"[102, 109, 106, 114, 105, 122, 123]"
2025-05-09,0,Time limit reached. (HiGHS Status 13: Time limit reached),13538.943039620768,0.003586011161183361,False,0.0,"[103, 122, 115, 107, 124, 120, 126]"
2025-05-09,6,Optimization terminated successfully. (HiGHS Status 7: Optimal),-370.2558054449111,2.7634449600730955e-15,False,0.0,"[105, 101, 112, 122, 100, 120, 127]"
2025-05-09,12,Optimization terminated successfully. (HiGHS Status 7: Optimal),-931.1210645487824,0.0,False,0.0,"[115, 109, 116, 112, 110, 126, 125]"
2025-05-09,18,Optimization terminated successfully. (HiGHS Status 7: Optimal),-945.1044715894018,0.0,False,0.0,"[102, 109, 117, 100, 103, 122, 123]"
2025-05-10,0,Time limit reached. (HiGHS Status 13: Time limit reached),16120.403154525859,0.22234181363318037,False,0.0,"[103, 118, 113, 109, 114, 119, 126]"
2025-05-10,6,Optimization terminated successfully. (HiGHS Status 7: Optimal),-1283.7900543980795,0.0,False,0.0,"[105, 101, 112, 122, 113, 128, 127]"
2025-05-10,12,Optimization terminated successfully. (HiGHS Status 7: Optimal),-1105.6043282128935,0.0,False,0.0,"[115, 109, 116, 112, 122, 126, 125]"
2025-05-10,18,Optimization terminated successfully. (HiGHS Status 7: Optimal),-1325.8538546390566,0.0,False,0.0,"[102, 109, 117, 111, 110, 122, 123]"
2025-05-11,0,Time limit reached. (HiGHS Status 13: Time limit reached),37806.72995343589,0.03960237205929472,False,0.0,"[108, 122, 115, 107, 114, 119, 126]"
2025-05-11,6,Time limit reached. (HiGHS Status 13: Time limit reached),280.77056841039916,0.014545735131463565,False,0.0,"[105, 118, 107, 122, 113, 128, 127]"
2025-05-11,12,Optimization terminated successfully. (HiGHS Status 7: Optimal),-1599.6275828472264,1.421416321407278e-16,False,0.0,"[115, 118, 105, 107, 103, 126, 125]"
2025-05-11,18,Optimization terminated successfully. (HiGHS Status 7: Optimal),-324.0828557868603,0.0,False,0.0,"[102, 108, 113, 112, 128, 122, 123]"
2025-05-12,0,Time limit reached. (HiGHS Status 13: Time limit reached),38746.32760812481,0.14110258782892543,False,0.0,"[108, 122, 123, 121, 124, 130, 126]"
2025-05-12,6,Optimization terminated successfully. (HiGHS Status 7: Optimal),67.10921288511807,0.0,False,0.0,"[105, 118, 107, 122, 130, 128, 127]"
2025-05-12,12,Optimization terminated successfully. (HiGHS Status 7: Optimal),-1920.1219977534936,0.0,False,0.0,"[115, 118, 119, 111, 120, 127, 125]"
2025-05-12,18,Optimization terminated successfully. (HiGHS Status 7: Optimal),-1021.1175985005513,0.0,False,0.0,"[118, 119, 115, 105, 129, 124, 123]"
2025-05-13,0,Time limit reached. (HiGHS Status 13: Time limit reached),39491.95101507317,0.04295137456703795,False,0.0,"[128, 105, 104, 127, 116, 120, 126]"
2025-05-13,6,Optimization terminated successfully. (HiGHS Status 7: Optimal),-2799.3736878296336,0.00012500446483967805,False,0.0,"[105, 131, 112, 108, 113, 120, 127]"
2025-05-13,12,Optimization terminated successfully. (HiGHS Status 7: Optimal),-296.86486311399227,0.000317730794314688,False,0.0,"[115, 118, 119, 111, 120, 127, 125]"
2025-05-13,18,Optimization terminated successfully. (HiGHS Status 7: Optimal),-1138.4607069482888,0.0,False,0.0,"[118, 119, 115, 105, 129, 124, 123]"
2025-05-14,0,Time limit reached. (HiGHS Status 13: Time limit reached),39762.90265487066,0.06458399828995344,False,0.0,"[128, 122, 123, 127, 116, 120, 126]"
2025-05-14,6,Optimization terminated successfully. (HiGHS Status 7: Optimal),-1953.9474836560612,0.0,False,0.0,"[106, 118, 107, 122, 130, 120, 127]"
2025-05-14,12,Time limit reached. (HiGHS Status 13: Time limit reached),-39.5069792791711,71.06101336259026,False,0.0,"[115, 118, 106, 110, 120, 127, 125]"
2025-05-14,18,Optimization terminated successfully. (HiGHS Status 7: Optimal),-2196.477284708188,0.0,False,0.0,"[116, 106, 114, 110, 132, 124, 123]"
2025-05-15,0,Time limit reached. (HiGHS Status 13: Time limit reached),41020.90322604824,0.08174008517245247,False,0.0,"[128, 122, 109, 127, 116, 120, 126]"
2025-05-15,6,Optimization terminated successfully. (HiGHS Status 7: Optimal),-1046.7681877266418,0.0,False,0.0,"[106, 118, 107, 122, 130, 120, 127]"
2025-05-15,12,Time limit reached. (HiGHS Status 13: Time limit reached),460.24837486372695,7.305932653828113,False,0.0,"[115, 118, 112, 132, 128, 127, 125]"
2025-05-15,18,Optimization terminated successfully. (HiGHS Status 7: Optimal),-2254.203501107681,0.0,False,-0.0,"[116, 106, 114, 128, 132, 124, 123]"
2025-05-16,0,Time limit reached. (HiGHS Status 13: Time limit reached),16063.476932022204,0.13517193881631237,False,0.0,"[128, 122, 109, 127, 124, 120, 126]"
2025-05-16,6,Optimization terminated successfully. (HiGHS Status 7: Optimal),-1656.0647788837837,2.7459514669044027e-16,False,0.0,"[133, 118, 107, 122, 130, 120, 127]"
2025-05-16,12,Optimization terminated successfully. (HiGHS Status 7: Optimal),-1271.8838671830126,0.0,False,0.0,"[115, 118, 107, 132, 128, 127, 125]"
2025-05-16,18,Optimization terminated successfully. (HiGHS Status 7: Optimal),-1269.308531947729,0.0,False,0.0,"[116, 117, 111, 128, 132, 124, 123]"
2025-05-17,0,Time limit reached. (HiGHS Status 13: Time limit reached),18107.10529074345,0.23040925150645744,False,0.0,"[128, 122, 109, 127, 124, 120, 126]"
2025-05-17,6,Optimization terminated successfully. (HiGHS Status 7: Optimal),-2648.7155760221444,0.0,False,0.0,"[133, 118, 129, 114, 130, 120, 127]"
2025-05-17,12,Optimization terminated successfully. (HiGHS Status 7: Optimal),-1085.0462054563395,0.0,False,0.0,"[115, 118, 111, 122, 128, 127, 125]"
2025-05-17,18,Optimization terminated successfully. (HiGHS Status 7: Optimal),-985.2250502525386,0.0,False,0.0,"[109, 113, 112, 128, 132, 124, 123]"
2025-05-18,0,Time limit reached. (HiGHS Status 13: Time limit reached),40289.28191534104,0.03275339319697124,False,0.0,"[117, 113, 109, 127, 124, 120, 126]"
2025-05-18,6,Time limit reached. (HiGHS Status 13: Time limit reached),-1067.4341393885927,1.2012117457758993,False,0.0,"[133, 118, 129, 114, 130, 120, 127]"
2025-05-18,12,Time limit reached. (HiGHS Status 13: Time limit reached),1115.6304611115222,2.6633016330049766,False,0.0,"[114, 116, 134, 135, 128, 127, 125]"
2025-05-18,18,Optimization terminated successfully. (HiGHS Status 7: Optimal),-1815.1839819508955,0.0,False,0.0,"[109, 115, 134, 128, 132, 124, 123]"
2025-05-19,0,Time limit reached. (HiGHS Status 13: Time limit reached),38166.94602486004,0.07137920443841701,False,0.0,"[137, 122, 123, 127, 124, 120, 126]"
2025-05-19,6,Optimization terminated successfully. (HiGHS Status 7: Optimal),-2219.3545566282164,0.0,False,0.0,"[133, 137, 129, 114, 130, 120, 127]"
2025-05-19,12,Time limit reached. (HiGHS Status 13: Time limit reached),1185.3376076262205,1.956646144732022,False,0.0,"[114, 119, 110, 135, 128, 127, 125]"
2025-05-19,18,Optimization terminated successfully. (HiGHS Status 7: Optimal),-1806.1490712379687,0.0,False,0.0,"[119, 114, 110, 128, 132, 124, 123]"
2025-05-20,0,Time limit reached. (HiGHS Status 13: Time limit reached),38488.97978477564,0.08549069798249981,False,0.0,"[138, 122, 123, 127, 124, 120, 126]"
2025-05-20,6,Time limit reached. (HiGHS Status 13: Time limit reached),-36.558961164744844,1.5741499916458754,False,0.0,"[133, 131, 112, 122, 135, 132, 127]"
2025-05-20,12,Optimization terminated successfully. (HiGHS Status 7: Optimal),-1665.0286769058018,4.096752421089303e-16,False,-0.0,"[114, 116, 134, 135, 128, 127, 125]"
2025-05-20,18,Optimization terminated successfully. (HiGHS Status 7: Optimal),-1039.496983479192,0.0,False,0.0,"[119, 114, 138, 128, 132, 124, 123]"
2025-05-21,0,Time limit reached. (HiGHS Status 13: Time limit reached),37826.87196495275,0.10786095882381944,False,0.0,"[138, 122, 123, 127, 124, 120, 126]"
2025-05-21,6,Optimization terminated successfully. (HiGHS Status 7: Optimal),992.7049045964253,0.0005246034815578383,False,0.0,"[133, 137, 129, 122, 135, 132, 127]"
2025-05-21,12,Optimization terminated successfully. (HiGHS Status 7: Optimal),-1629.57759521854,0.0,False,0.0,"[114, 116, 132, 135, 128, 127, 125]"
2025-05-21,18,Optimization terminated successfully. (HiGHS Status 7: Optimal),-1138.9607022396242,0.0,False,0.0,"[119, 114, 139, 128, 132, 124, 123]"
2025-05-22,0,Time limit reached. (HiGHS Status 13: Time limit reached),39147.752460219774,0.07891493782675175,False,0.0,"[138, 122, 123, 127, 124, 120, 126]"
2025-05-22,6,Optimization terminated successfully. (HiGHS Status 7: Optimal),-1838.507038712477,0.0,False,0.0,"[133, 131, 129, 122, 135, 132, 127]"
2025-05-22,12,Optimization terminated successfully. (HiGHS Status 7: Optimal),-1366.5196746505067,0.0,False,-0.0,"[114, 116, 132, 135, 128, 127, 125]"
2025-05-22,18,Optimization terminated successfully. (HiGHS Status 7: Optimal),-1063.932102121877,0.0,False,0.0,"[119, 114, 139, 128, 132, 124, 123]"
2025-05-23,0,Optimization terminated successfully. (HiGHS Status 7: Optimal),13477.005259105454,0.0,False,0.0,"[138, 122, 135, 134, 116, 120, 126]"
2025-05-23,6,Time limit reached. (HiGHS Status 13: Time limit reached),2508.190485200494,1.4235304952234014,False,0.0,"[133, 131, 141, 119, 135, 132, 127]"
2025-05-23,12,Optimization terminated successfully. (HiGHS Status 7: Optimal),-813.0868009365703,0.0,False,0.0,"[117, 119, 132, 135, 128, 127, 125]"
2025-05-23,18,Optimization terminated successfully. (HiGHS Status 7: Optimal),-1065.6286712855142,0.0,False,0.0,"[119, 141, 139, 128, 132, 124, 123]"
2025-05-24,0,Time limit reached. (HiGHS Status 13: Time limit reached),15462.58316064922,0.06996588112729907,False,0.0,"[138, 118, 123, 127, 116, 120, 126]"
2025-05-24,6,Optimization terminated successfully. (HiGHS Status 7: Optimal),-1395.6472601879336,0.0,False,0.0,"[133, 142, 121, 139, 135, 132, 127]"
2025-05-24,12,Optimization terminated successfully. (HiGHS Status 7: Optimal),-584.1174704227833,0.0,False,0.0,"[117, 119, 132, 135, 128, 127, 125]"
2025-05-24,18,Optimization terminated successfully. (HiGHS Status 7: Optimal),-970.5226662115015,0.0,False,0.0,"[119, 134, 139, 128, 132, 124, 123]"
2025-05-25,0,Time limit reached. (HiGHS Status 13: Time limit reached),37923.914208652874,0.06501814834304967,False,0.0,"[138, 118, 135, 143, 116, 120, 126]"
2025-05-25,6,Time limit reached. (HiGHS Status 13: Time limit reached),686.7359506367236,2.6551434707917436,False,0.0,"[133, 142, 121, 136, 135, 132, 127]"
2025-05-25,12,Optimization terminated successfully. (HiGHS Status 7: Optimal),-1248.3205200212888,0.0,False,0.0,"[117, 119, 132, 135, 128, 127, 125]"
2025-05-25,18,Optimization terminated successfully. (HiGHS Status 7: Optimal),-1044.3787508597713,0.0,False,-0.0,"[119, 134, 139, 128, 132, 124, 123]"
2025-05-26,0,Time limit reached. (HiGHS Status 13: Time limit reached),38328.17390063723,0.08358946757297067,False,0.0,"[137, 132, 123, 127, 124, 120, 126]"
2025-05-26,6,Time limit reached. (HiGHS Status 13: Time limit reached),1794.226626376915,1.7383584041678242,False,0.0,"[144, 142, 121, 136, 135, 132, 127]"
2025-05-26,12,Time limit reached. (HiGHS Status 13: Time limit reached),1113.3726403317535,2.1287623235660833,False,0.0,"[117, 141, 132, 135, 128, 127, 125]"
2025-05-26,18,Optimization terminated successfully. (HiGHS Status 7: Optimal),-1728.9473532303225,0.0,False,-0.0,"[117, 134, 139, 128, 132, 124, 123]"
2025-05-27,0,Time limit reached. (HiGHS Status 13: Time limit reached),36707.60820327255,0.09909170777387544,False,0.0,"[137, 118, 135, 143, 141, 139, 126]"
2025-05-27,6,Time limit reached. (HiGHS Status 13: Time limit reached),1853.6145687596452,0.014286916778976757,False,0.0,"[133, 131, 141, 136, 135, 132, 127]"
2025-05-27,12,Time limit reached. (HiGHS Status 13: Time limit reached),1674.484601018255,2.0014354464328328,False,0.0,"[145, 141, 132, 135, 128, 127, 125]"
2025-05-27,18,Optimization terminated successfully. (HiGHS Status 7: Optimal),-1864.5834141252535,0.0,False,9.594541666666828,"[119, 134, 139, 128, 132, 124, 123]"
2025-05-28,0,Time limit reached. (HiGHS Status 13: Time limit reached),39670.16211515125,0.055381661990775946,False,0.0,"[137, 122, 133, 134, 119, 139, 126]"
2025-05-28,6,Optimization terminated successfully. (HiGHS Status 7: Optimal),-1634.6861810461116,0.0,False,0.0,"[144, 142, 141, 136, 135, 132, 127]"
2025-05-28,12,Optimization terminated successfully. (HiGHS Status 7: Optimal),-1143.0819391761095,0.0,False,0.0,"[146, 141, 132, 135, 128, 127, 125]"
2025-05-28,18,Optimization terminated successfully. (HiGHS Status 7: Optimal),-1106.0684799613152,0.0,False,4.9264833333336355,"[146, 134, 139, 128, 132, 124, 123]"
2025-05-29,0,Time limit reached. (HiGHS Status 13: Time limit reached),39258.52278561704,0.059593039439401314,False,0.0,"[137, 132, 135, 143, 141, 139, 126]"
2025-05-29,6,Optimization terminated successfully. (HiGHS Status 7: Optimal),442.50810562182824,0.0007641154293004252,False,0.0,"[144, 138, 121, 145, 135, 132, 127]"
2025-05-29,12,Optimization terminated successfully. (HiGHS Status 7: Optimal),-1945.347181132186,0.0,False,0.0,"[146, 141, 132, 135, 128, 127, 125]"
2025-05-29,18,Optimization terminated successfully. (HiGHS Status 7: Optimal),-798.2264213962815,0.0,False,10.842641666666736,"[146, 134, 139, 128, 132, 124, 123]"
2025-05-30,0,Time limit reached. (HiGHS Status 13: Time limit reached),16971.085956621955,0.1424464756239167,False,0.0,"[137, 132, 135, 143, 124, 139, 126]"
2025-05-30,6,Optimization terminated successfully. (HiGHS Status 7: Optimal),-976.1656179693229,4.658506123504496e-16,False,0.0,"[134, 140, 137, 129, 122, 126, 127]"
2025-05-30,12,Optimization terminated successfully. (HiGHS Status 7: Optimal),-1038.025579027104,9.368289120154168e-08,False,0.0,"[146, 141, 140, 139, 128, 127, 125]"
2025-05-30,18,Optimization terminated successfully. (HiGHS Status 7: Optimal),-1246.6413377721346,0.0,False,0.0,"[146, 148, 142, 136, 129, 124, 123]"
2025-05-31,0,Time limit reached. (HiGHS Status 13: Time limit reached),17798.98062158135,0.116576121507996,False,0.0,"[144, 142, 123, 143, 124, 139, 126]"
2025-05-31,6,Optimization terminated successfully. (HiGHS Status 7: Optimal),-1797.5674993731188,0.0,False,0.0,"[134, 140, 131, 129, 122, 126, 127]"
2025-05-31,12,Optimization terminated successfully. (HiGHS Status 7: Optimal),-1083.264936506401,0.0,False,0.0,"[146, 149, 144, 122, 131, 126, 125]"
2025-05-31,18,Optimization terminated successfully. (HiGHS Status 7: Optimal),-1333.0985209688633,0.0,False,0.0,"[149, 143, 140, 137, 133, 122, 123]"
2025-06-01,0,Time limit reached. (HiGHS Status 13: Time limit reached),47930.77139095503,0.014456689660435309,False,0.0,"[128, 147, 123, 143, 124, 139, 126]"
2025-06-01,6,Time limit reached. (HiGHS Status 13: Time limit reached),-1286.1511254144773,0.06790103454813878,False,-0.0,"[134, 147, 142, 143, 139, 126, 127]"
2025-06-01,12,Time limit reached. (HiGHS Status 13: Time limit reached),-2502.2197062204523,8.816174235704247e-06,False,0.0,"[143, 138, 134, 137, 131, 126, 125]"
2025-06-01,18,Optimization terminated successfully. (HiGHS Status 7: Optimal),1136.5936456382012,0.0,False,16.007366666666826,"[149, 144, 138, 135, 131, 127, 123]"
2025-06-02,0,Time limit reached. (HiGHS Status 13: Time limit reached),50186.07795530947,0.013939653670941935,False,0.0,"[128, 147, 135, 148, 141, 139, 126]"
2025-06-02,6,Optimization terminated successfully. (HiGHS Status 7: Optimal),-4548.562101548392,0.0,False,-0.0,"[134, 147, 142, 143, 139, 126, 127]"
2025-06-02,12,Optimization terminated successfully. (HiGHS Status 7: Optimal),-736.2803568930608,0.0,False,0.0,"[143, 138, 134, 137, 131, 126, 125]"
2025-06-02,18,Optimization terminated successfully. (HiGHS Status 7: Optimal),1076.1752793384571,0.0,False,0.0,"[149, 144, 138, 135, 131, 127, 125]"
2025-06-03,0,Time limit reached. (HiGHS Status 13: Time limit reached),46239.44789635424,0.02021881161553754,False,0.0,"[128, 147, 136, 143, 141, 139, 126]"
2025-06-03,6,Optimization terminated successfully. (HiGHS Status 7: Optimal),1879.005821625719,7.535032038676002e-05,False,0.0,"[134, 147, 142, 143, 139, 132, 151]"
2025-06-03,12,Optimization terminated successfully. (HiGHS Status 7: Optimal),-1071.705169262887,0.0,False,-0.0,"[143, 138, 134, 137, 131, 126, 151]"
2025-06-03,18,Optimization terminated successfully. (HiGHS Status 7: Optimal),-326.47696965012193,0.0,False,32.61247500000013,"[149, 144, 138, 135, 131, 127, 151]"
2025-06-04,0,Time limit reached. (HiGHS Status 13: Time limit reached),53125.88564309688,0.017502722087635012,False,0.0,"[128, 147, 136, 143, 141, 153, 131]"
2025-06-04,6,Time limit reached. (HiGHS Status 13: Time limit reached),-5886.839401933165,0.23440292912001523,False,-0.0,"[134, 147, 142, 143, 139, 126, 151]"
2025-06-04,12,Optimization terminated successfully. (HiGHS Status 7: Optimal),2946.3157862398,0.0006799296571501735,False,0.0,"[143, 138, 134, 137, 131, 126, 151]"
2025-06-04,18,Optimization terminated successfully. (HiGHS Status 7: Optimal),1115.1472555875873,0.0,False,16.486483333333467,"[149, 144, 138, 135, 131, 127, 151]"
2025-06-05,0,Time limit reached. (HiGHS Status 13: Time limit reached),46184.372388243915,0.039154793805485255,False,0.0,"[154, 138, 152, 127, 129, 146, 145]"
2025-06-05,6,Optimization terminated successfully. (HiGHS Status 7: Optimal),903.732339024163,1.0063761829691601e-15,False,0.0,"[134, 147, 142, 143, 139, 132, 152]"
2025-06-05,12,Time limit reached. (HiGHS Status 13: Time limit reached),589.8988967991639,0.004513307530386382,False,0.0,"[143, 138, 134, 137, 131, 127, 151]"
2025-06-05,18,Optimization terminated successfully. (HiGHS Status 7: Optimal),1364.4286300950175,0.0,False,35.019316666666555,"[149, 144, 138, 135, 131, 127, 154]"
2025-06-06,0,Time limit reached. (HiGHS Status 13: Time limit reached),19854.8753998382,0.0015345398420005094,False,0.0,"[154, 138, 152, 143, 141, 153, 131]"
2025-06-06,6,Time limit reached. (HiGHS Status 13: Time limit reached),-1636.139865064147,0.020385094337178,False,0.0,"[134, 147, 142, 143, 139, 132, 152]"
2025-06-06,12,Time limit reached. (HiGHS Status 13: Time limit reached),4646.276014080417,1.3130992742002046,False,0.0,"[143, 138, 134, 137, 131, 130, 152]"
2025-06-06,18,Optimization terminated successfully. (HiGHS Status 7: Optimal),-2657.322036112667,0.0,False,0.0,"[149, 144, 138, 135, 131, 130, 152]"
2025-06-07,0,Time limit reached. (HiGHS Status 13: Time limit reached),24853.65125261851,0.19671314856833075,False,0.0,"[154, 147, 136, 148, 151, 139, 156]"
2025-06-07,6,Time limit reached. (HiGHS Status 13: Time limit reached),-2312.7066110001115,0.531689889122703,False,0.0,"[134, 147, 142, 143, 139, 132, 156]"
2025-06-07,12,Optimization terminated successfully. (HiGHS Status 7: Optimal),-1345.0263993324888,0.0,False,0.0,"[143, 138, 134, 137, 131, 154, 156]"
2025-06-07,18,Optimization terminated successfully. (HiGHS Status 7: Optimal),-1439.608097607252,0.0,False,0.0,"[149, 144, 138, 135, 133, 153, 156]"
2025-06-08,0,Time limit reached. (HiGHS Status 13: Time limit reached),45212.27571830794,0.04032469714446321,False,0.0,"[154, 147, 136, 148, 151, 139, 156]"
2025-06-08,6,Time limit reached. (HiGHS Status 13: Time limit reached),1130.4991938340993,0.018608044574771835,False,0.0,"[134, 147, 142, 143, 135, 151, 156]"
2025-06-08,12,Optimization terminated successfully. (HiGHS Status 7: Optimal),-33.460226081828154,0.0,False,0.0,"[143, 138, 134, 137, 131, 153, 156]"
2025-06-08,18,Optimization terminated successfully. (HiGHS Status 7: Optimal),57.938313113764224,0.0,False,51.44595833333335,"[149, 144, 138, 135, 133, 151, 157]"
2025-06-09,0,Time limit reached. (HiGHS Status 13: Time limit reached),51006.677457637,0.02503133464249474,False,0.0,"[154, 147, 136, 148, 151, 139, 156]"
2025-06-09,6,Optimization terminated successfully. (HiGHS Status 7: Optimal),-2315.578419962394,7.855442890055081e-16,False,0.0,"[134, 147, 142, 143, 135, 158, 156]"
2025-06-09,12,Optimization terminated successfully. (HiGHS Status 7: Optimal),-1371.184034972973,3.316457450552416e-16,False,-0.0,"[143, 138, 134, 137, 131, 153, 156]"
2025-06-09,18,Optimization terminated successfully. (HiGHS Status 7: Optimal),-1324.4775053134904,0.0,False,18.958333333333258,"[149, 144, 138, 135, 133, 151, 157]"
2025-06-10,0,Time limit reached. (HiGHS Status 13: Time limit reached),55045.53181944018,0.024089012927877896,False,0.0,"[154, 147, 136, 159, 157, 153, 156]"
2025-06-10,6,Optimization terminated successfully. (HiGHS Status 7: Optimal),-85.46236042507682,0.0,False,0.0,"[134, 147, 142, 145, 153, 159, 156]"
2025-06-10,12,Optimization terminated successfully. (HiGHS Status 7: Optimal),1509.2212426847123,0.0007277500904266601,False,0.0,"[143, 138, 134, 137, 133, 153, 156]"
2025-06-10,18,Optimization terminated successfully. (HiGHS Status 7: Optimal),-1809.2445178486355,0.0,False,166.8567888888888,"[149, 144, 138, 135, 132, 151, 157]"
2025-06-11,0,Time limit reached. (HiGHS Status 13: Time limit reached),56784.544525643585,0.016480677037731713,False,0.0,"[154, 138, 136, 159, 157, 153, 156]"
2025-06-11,6,Time limit reached. (HiGHS Status 13: Time limit reached),1080.9879033749094,0.011435575098765987,False,0.0,"[134, 160, 138, 143, 135, 159, 156]"
2025-06-11,12,Time limit reached. (HiGHS Status 13: Time limit reached),926.8951056283207,1.4880284137654218,False,0.0,"[150, 147, 148, 137, 133, 153, 156]"
2025-06-11,18,Optimization terminated successfully. (HiGHS Status 7: Optimal),-1790.3397958737417,0.0,False,152.4134958333334,"[147, 141, 134, 139, 133, 151, 157]"
2025-06-12,0,Time limit reached. (HiGHS Status 13: Time limit reached),53332.16116510672,0.01921204145866081,False,0.0,"[154, 137, 152, 159, 157, 153, 156]"
2025-06-12,6,Optimization terminated successfully. (HiGHS Status 7: Optimal),480.75000693596695,0.0,False,0.0,"[161, 160, 138, 143, 135, 159, 156]"
2025-06-12,12,Optimization terminated successfully. (HiGHS Status 7: Optimal),-1422.8494420556747,6.392065631757407e-16,False,0.0,"[142, 145, 141, 140, 136, 153, 156]"
2025-06-12,18,Optimization terminated successfully. (HiGHS Status 7: Optimal),-1937.6304289566692,0.0,False,121.52749861111113,"[145, 146, 148, 142, 136, 151, 157]"
2025-06-13,0,Optimization terminated successfully. (HiGHS Status 7: Optimal),23001.07784770252,0.0,False,0.0,"[154, 144, 142, 143, 157, 153, 156]"
2025-06-13,6,Time limit reached. (HiGHS Status 13: Time limit reached),3921.210769639195,1.5298053612669837,False,0.0,"[161, 160, 138, 143, 135, 159, 156]"
2025-06-13,12,Optimization terminated successfully. (HiGHS Status 7: Optimal),-1060.8640139647216,1.0716438320566561e-15,False,0.0,"[162, 146, 149, 140, 136, 153, 156]"
2025-06-13,18,Optimization terminated successfully. (HiGHS Status 7: Optimal),-2008.0937097508445,0.0,False,0.0,"[162, 150, 143, 142, 136, 151, 157]"
2025-06-14,0,Time limit reached. (HiGHS Status 13: Time limit reached),22989.01433355115,0.0014180829751365088,False,0.0,"[154, 144, 147, 143, 157, 153, 156]"
2025-06-14,6,Optimization terminated successfully. (HiGHS Status 7: Optimal),-1464.224291487967,0.0,False,0.0,"[161, 160, 138, 143, 139, 159, 156]"
2025-06-14,12,Optimization terminated successfully. (HiGHS Status 7: Optimal),-1397.7566571709115,0.0,False,0.0,"[162, 143, 138, 144, 136, 153, 156]"
2025-06-14,18,Optimization terminated successfully. (HiGHS Status 7: Optimal),-1515.7635134201241,0.0,False,0.0,"[162, 149, 144, 140, 136, 151, 157]"
2025-06-15,0,Time limit reached. (HiGHS Status 13: Time limit reached),50014.29280142958,0.04421943361634785,False,0.0,"[149, 160, 163, 143, 157, 153, 156]"
2025-06-15,6,Optimization terminated successfully. (HiGHS Status 7: Optimal),1399.5452992746405,0.0,False,-4.263256414560601e-14,"[161, 160, 138, 141, 139, 159, 156]"
2025-06-15,12,Optimization terminated successfully. (HiGHS Status 7: Optimal),-583.4486583304708,0.0002907944887131679,False,0.0,"[162, 143, 138, 148, 139, 153, 156]"
2025-06-15,18,Optimization terminated successfully. (HiGHS Status 7: Optimal),-2094.4413295850864,0.0,False,103.56437361111125,"[162, 147, 141, 138, 137, 151, 157]"
2025-06-16,0,Time limit reached. (HiGHS Status 13: Time limit reached),51742.78015155923,0.03876388987069429,False,0.0,"[149, 160, 147, 159, 165, 153, 156]"
2025-06-16,6,Time limit reached. (HiGHS Status 13: Time limit reached),485.0392132013667,0.002423067820839265,False,0.0,"[161, 160, 165, 141, 139, 159, 156]"
2025-06-16,12,Time limit reached. (HiGHS Status 13: Time limit reached),-1548.774475174444,0.0015203950799414386,False,0.0,"[165, 150, 147, 141, 139, 153, 156]"
2025-06-16,18,Optimization terminated successfully. (HiGHS Status 7: Optimal),-1888.4607481736562,0.0,False,131.0188847222223,"[162, 145, 146, 148, 139, 151, 157]"
2025-06-17,0,Time limit reached. (HiGHS Status 13: Time limit reached),51979.70589055304,0.03627413509500441,False,0.0,"[149, 160, 142, 159, 165, 153, 156]"
2025-06-17,6,Time limit reached. (HiGHS Status 13: Time limit reached),3309.0665486773114,0.19131819432171537,False,0.0,"[161, 160, 165, 141, 139, 159, 156]"
2025-06-17,12,Optimization terminated successfully. (HiGHS Status 7: Optimal),-2186.786580073687,0.0,False,0.0,"[165, 150, 147, 141, 139, 153, 156]"
2025-06-17,18,Optimization terminated successfully. (HiGHS Status 7: Optimal),-2013.9351041097987,0.0,False,117.08973194444445,"[162, 166, 150, 143, 139, 151, 157]"
2025-06-18,0,Time limit reached. (HiGHS Status 13: Time limit reached),53271.31196339036,0.030902502150420588,False,0.0,"[149, 160, 142, 159, 165, 158, 156]"
2025-06-18,6,Time limit reached. (HiGHS Status 13: Time limit reached),2947.0885918227177,0.011849632022252686,False,0.0,"[161, 160, 167, 164, 145, 159, 156]"
2025-06-18,12,Time limit reached. (HiGHS Status 13: Time limit reached),-1865.575776149216,0.4482308772937739,False,0.0,"[165, 150, 147, 167, 140, 153, 156]"
2025-06-18,18,Optimization terminated successfully. (HiGHS Status 7: Optimal),-1751.5521392245305,0.0,False,127.50104861111117,"[162, 166, 150, 144, 142, 151, 157]"
2025-06-19,0,Time limit reached. (HiGHS Status 13: Time limit reached),49716.907835898004,0.03632411100082923,False,0.0,"[149, 162, 147, 143, 157, 146, 156]"
2025-06-19,6,Time limit reached. (HiGHS Status 13: Time limit reached),-317.7422015297782,0.011333126496263144,False,0.0,"[148, 150, 167, 164, 145, 159, 156]"
2025-06-19,12,Optimization terminated successfully. (HiGHS Status 7: Optimal),1062.3844958312768,3.8753544630764966e-05,False,0.0,"[165, 163, 145, 166, 144, 153, 156]"
2025-06-19,18,Optimization terminated successfully. (HiGHS Status 7: Optimal),-2303.7257482715218,0.0,False,93.82364166666662,"[162, 165, 149, 167, 142, 151, 157]"
2025-06-20,0,Time limit reached. (HiGHS Status 13: Time limit reached),21559.082889293368,0.0002287894372363598,False,0.0,"[149, 162, 147, 166, 157, 146, 156]"
2025-06-20,6,Optimization terminated successfully. (HiGHS Status 7: Optimal),-1886.931441194747,0.0,False,0.0,"[148, 150, 167, 164, 169, 159, 156]"
2025-06-20,12,Optimization terminated successfully. (HiGHS Status 7: Optimal),-1471.5288042095563,0.0,False,0.0,"[165, 142, 146, 149, 144, 153, 156]"
2025-06-20,18,Optimization terminated successfully. (HiGHS Status 7: Optimal),-1967.1294047348358,0.0,False,0.0,"[162, 165, 169, 167, 142, 151, 157]"
2025-06-21,0,Time limit reached. (HiGHS Status 13: Time limit reached),21037.102314277756,5.070875307150635e-05,False,0.0,"[149, 168, 163, 166, 157, 146, 156]"
2025-06-21,6,Time limit reached. (HiGHS Status 13: Time limit reached),537.5877215233173,3.938191377074323,False,0.0,"[148, 150, 170, 164, 169, 159, 156]"
2025-06-21,12,Optimization terminated successfully. (HiGHS Status 7: Optimal),-1248.9020871491618,9.102942407689156e-16,False,0.0,"[165, 163, 145, 149, 144, 153, 156]"
2025-06-21,18,Optimization terminated successfully. (HiGHS Status 7: Optimal),-2034.394606851585,0.0,False,0.0,"[162, 165, 147, 146, 148, 151, 157]"
2025-06-22,0,Time limit reached. (HiGHS Status 13: Time limit reached),46602.763915272706,0.026968739884201984,False,0.0,"[149, 168, 171, 152, 157, 146, 156]"
2025-06-22,6,Time limit reached. (HiGHS Status 13: Time limit reached),2965.153849045117,0.0006293687098726786,False,0.0,"[148, 171, 149, 166, 169, 159, 156]"
2025-06-22,12,Optimization terminated successfully. (HiGHS Status 7: Optimal),-1292.7293630764138,0.0,False,0.0,"[171, 162, 145, 149, 144, 153, 156]"
2025-06-22,18,Optimization terminated successfully. (HiGHS Status 7: Optimal),-2344.7041959668913,0.0,False,96.71922500000016,"[162, 165, 145, 150, 148, 151, 157]"
2025-06-23,0,Time limit reached. (HiGHS Status 13: Time limit reached),49493.31452862932,0.04011292197704461,False,0.0,"[149, 168, 163, 172, 157, 146, 156]"
2025-06-23,6,Optimization terminated successfully. (HiGHS Status 7: Optimal),627.9653763764949,0.0,False,0.0,"[148, 150, 170, 172, 169, 159, 156]"
2025-06-23,12,Optimization terminated successfully. (HiGHS Status 7: Optimal),-1466.4806849583522,2.2577046475561566e-05,False,0.0,"[171, 162, 145, 164, 148, 153, 156]"
2025-06-23,18,Optimization terminated successfully. (HiGHS Status 7: Optimal),-2256.714818795759,0.0,False,95.0397916666667,"[162, 165, 166, 149, 148, 151, 157]"
2025-06-24,0,Time limit reached. (HiGHS Status 13: Time limit reached),55696.0757505819,0.017249698034296067,False,0.0,"[149, 168, 163, 152, 148, 151, 156]"
2025-06-24,6,Optimization terminated successfully. (HiGHS Status 7: Optimal),-812.2290527639692,0.0,False,0.0,"[148, 173, 149, 166, 169, 159, 156]"
2025-06-24,12,Optimization terminated successfully. (HiGHS Status 7: Optimal),-1455.967134279276,1.7883672756410196e-05,False,0.0,"[171, 162, 147, 164, 148, 153, 156]"
2025-06-24,18,Optimization terminated successfully. (HiGHS Status 7: Optimal),-2029.5076117939088,0.0,False,104.81626250000033,"[162, 165, 171, 149, 148, 151, 157]"
2025-06-25,0,Time limit reached. (HiGHS Status 13: Time limit reached),48130.607252510454,0.02396791890653353,False,0.0,"[149, 168, 171, 173, 159, 167, 156]"
2025-06-25,6,Optimization terminated successfully. (HiGHS Status 7: Optimal),3460.961999279234,0.0,False,0.0,"[161, 150, 170, 172, 169, 159, 156]"
2025-06-25,12,Optimization terminated successfully. (HiGHS Status 7: Optimal),700.2731721123928,0.00011557402447319135,False,0.0,"[171, 162, 172, 164, 148, 153, 156]"
2025-06-25,18,Optimization terminated successfully. (HiGHS Status 7: Optimal),-1850.202167819838,0.0,False,85.99711944444448,"[162, 165, 171, 149, 148, 151, 157]"
2025-06-26,0,Time limit reached. (HiGHS Status 13: Time limit reached),48947.25821926171,0.04373899586944667,False,0.0,"[149, 168, 171, 152, 159, 167, 156]"
2025-06-26,6,Time limit reached. (HiGHS Status 13: Time limit reached),2617.680386857446,0.3086474926433143,False,0.0,"[161, 150, 167, 175, 169, 159, 156]"
2025-06-26,12,Optimization terminated successfully. (HiGHS Status 7: Optimal),-1098.2576366198168,0.0,False,0.0,"[171, 162, 172, 164, 148, 153, 156]"
2025-06-26,18,Optimization terminated successfully. (HiGHS Status 7: Optimal),-2204.734216758589,0.0,False,98.93463472222243,"[162, 165, 171, 149, 148, 151, 157]"
2025-06-27,0,Time limit reached. (HiGHS Status 13: Time limit reached),20961.159789678317,0.00031703484214701006,False,0.0,"[149, 168, 171, 152, 166, 167, 156]"
2025-06-27,6,Time limit reached. (HiGHS Status 13: Time limit reached),544.402479630237,4.9840774952919515,False,0.0,"[162, 160, 167, 175, 169, 159, 156]"
2025-06-27,12,Optimization terminated successfully. (HiGHS Status 7: Optimal),-1899.362585374112,0.0,False,0.0,"[171, 162, 172, 173, 167, 153, 156]"
2025-06-27,18,Optimization terminated successfully. (HiGHS Status 7: Optimal),-1840.1802459274172,0.0,False,0.0,"[162, 165, 171, 169, 167, 151, 157]"
2025-06-28,0,Time limit reached. (HiGHS Status 13: Time limit reached),20327.51842123604,0.0036603273314426052,False,0.0,"[154, 168, 171, 152, 166, 167, 156]"
2025-06-28,6,Optimization terminated successfully. (HiGHS Status 7: Optimal),-1362.7047429547572,7.286646714977432e-05,False,0.0,"[162, 160, 165, 164, 169, 159, 156]"
2025-06-28,12,Optimization terminated successfully. (HiGHS Status 7: Optimal),-1226.7829818272119,0.0,False,0.0,"[171, 162, 172, 173, 167, 153, 156]"
2025-06-28,18,Optimization terminated successfully. (HiGHS Status 7: Optimal),-1788.3338082521873,0.0,False,0.0,"[162, 168, 170, 175, 167, 151, 157]"
2025-06-29,0,Time limit reached. (HiGHS Status 13: Time limit reached),47164.92667791361,0.06052877013025137,False,0.0,"[170, 162, 163, 152, 166, 167, 156]"
2025-06-29,6,Time limit reached. (HiGHS Status 13: Time limit reached),3159.4775379613234,0.09293254257650073,False,0.0,"[178, 160, 165, 164, 169, 159, 156]"
2025-06-29,12,Optimization terminated successfully. (HiGHS Status 7: Optimal),751.4945007812843,1.5500498454620536e-05,False,-1.3282187515737627e-12,"[171, 162, 172, 173, 167, 153, 156]"
2025-06-29,18,Optimization terminated successfully. (HiGHS Status 7: Optimal),-1939.5175921047712,0.0,False,126.66878333333364,"[162, 168, 170, 176, 167, 151, 157]"
2025-06-30,0,Time limit reached. (HiGHS Status 13: Time limit reached),50289.14664471029,0.03194028647123733,False,0.0,"[170, 162, 163, 152, 166, 167, 156]"
2025-06-30,6,Optimization terminated successfully. (HiGHS Status 7: Optimal),-271.5975269484405,0.00022359553936495763,False,0.0,"[178, 160, 165, 164, 169, 159, 156]"
2025-06-30,12,Optimization terminated successfully. (HiGHS Status 7: Optimal),-1245.2325035562685,0.0,False,0.0,"[171, 162, 172, 173, 166, 154, 156]"
2025-06-30,18,Optimization terminated successfully. (HiGHS Status 7: Optimal),-1954.3093768719552,0.0,False,102.70436805555562,"[162, 168, 170, 176, 179, 153, 157]"
2025-07-01,0,Time limit reached. (HiGHS Status 13: Time limit reached),44356.65192565856,0.04751526632722472,False,0.0,"[170, 162, 163, 180, 166, 167, 156]"
2025-07-01,6,Time limit reached. (HiGHS Status 13: Time limit reached),5015.206171585405,0.0008184193688047812,False,0.0,"[178, 160, 165, 164, 180, 158, 156]"
2025-07-01,12,Time limit reached. (HiGHS Status 13: Time limit reached),4040.2113802788804,0.0017443327253338517,False,0.0,"[171, 162, 172, 174, 179, 158, 156]"
2025-07-01,18,Optimization terminated successfully. (HiGHS Status 7: Optimal),2001.0896033973042,0.0,False,114.50060000000019,"[162, 168, 170, 166, 174, 159, 157]"
2025-07-02,0,Time limit reached. (HiGHS Status 13: Time limit reached),46340.32930873274,0.08047393558232584,False,0.0,"[170, 162, 163, 180, 166, 167, 155]"
2025-07-02,6,Time limit reached. (HiGHS Status 13: Time limit reached),1400.7900373865807,0.0037448691415914786,False,-1.1368683772161603e-13,"[178, 160, 165, 164, 180, 159, 154]"
2025-07-02,12,Optimization terminated successfully. (HiGHS Status 7: Optimal),1823.928523691863,0.0005914398197938455,False,0.0,"[171, 162, 172, 174, 179, 158, 155]"
2025-07-02,18,Optimization terminated successfully. (HiGHS Status 7: Optimal),1980.5574939497465,0.0,False,90.55611111111125,"[162, 168, 170, 166, 174, 159, 155]"
2025-07-03,0,Time limit reached. (HiGHS Status 13: Time limit reached),53460.91772217823,0.03158686705832469,False,0.0,"[161, 160, 169, 172, 159, 158, 182]"
2025-07-03,6,Optimization terminated successfully. (HiGHS Status 7: Optimal),1466.5760171793727,0.0005487046500858091,False,0.0,"[178, 160, 165, 164, 180, 159, 181]"
2025-07-03,12,Time limit reached. (HiGHS Status 13: Time limit reached),-800.9289833637306,0.002892494390797221,False,0.0,"[171, 162, 172, 174, 179, 158, 181]"
2025-07-03,18,Optimization terminated successfully. (HiGHS Status 7: Optimal),208.61901623016058,0.0,False,159.73946111111115,"[162, 168, 170, 166, 174, 159, 181]"
2025-07-04,0,Time limit reached. (HiGHS Status 13: Time limit reached),22886.58388821518,0.09545420258244552,False,0.0,"[161, 160, 169, 172, 159, 158, 182]"
2025-07-04,6,Optimization terminated successfully. (HiGHS Status 7: Optimal),-544.4653695508333,4.1760906782888347e-16,False,0.0,"[178, 160, 165, 164, 180, 159, 181]"
2025-07-04,12,Optimization terminated successfully. (HiGHS Status 7: Optimal),-1263.8053943398413,0.0,False,0.0,"[171, 162, 172, 174, 179, 158, 181]"
2025-07-04,18,Optimization terminated successfully. (HiGHS Status 7: Optimal),-192.3678474353551,0.0,False,0.0,"[162, 168, 170, 166, 174, 159, 181]"
2025-07-05,0,Time limit reached. (HiGHS Status 13: Time limit reached),23494.84179731038,0.07206761995573416,False,0.0,"[161, 160, 169, 172, 159, 158, 181]"
2025-07-05,6,Optimization terminated successfully. (HiGHS Status 7: Optimal),-1552.5952815750052,0.0,False,0.0,"[178, 160, 165, 164, 180, 159, 181]"
2025-07-05,12,Optimization terminated successfully. (HiGHS Status 7: Optimal),-1213.0590415582603,0.0,False,0.0,"[171, 162, 172, 174, 179, 158, 182]"
2025-07-05,18,Optimization terminated successfully. (HiGHS Status 7: Optimal),423.12925712965773,0.0,False,0.0,"[162, 168, 170, 166, 174, 159, 182]"
2025-07-06,0,Time limit reached. (HiGHS Status 13: Time limit reached),51714.070634188414,0.05171188598497654,False,0.0,"[161, 160, 169, 172, 159, 179, 185]"
2025-07-06,6,Time limit reached. (HiGHS Status 13: Time limit reached),5344.447085976745,0.0021953961015491103,False,0.0,"[178, 160, 165, 164, 180, 159, 185]"
2025-07-06,12,Optimization terminated successfully. (HiGHS Status 7: Optimal),2141.0446832868865,0.00033130852044909484,False,0.0,"[171, 162, 172, 174, 179, 158, 184]"
2025-07-06,18,Optimization terminated successfully. (HiGHS Status 7: Optimal),1533.5491551806572,0.0,False,93.00750000000005,"[162, 168, 170, 166, 174, 159, 185]"
2025-07-07,0,Time limit reached. (HiGHS Status 13: Time limit reached),56671.238110002276,0.029702701998596825,False,0.0,"[161, 160, 169, 172, 159, 183, 184]"
2025-07-07,6,Optimization terminated successfully. (HiGHS Status 7: Optimal),-3473.916910029232,0.0,False,-0.0,"[178, 160, 165, 164, 180, 183, 185]"
2025-07-07,12,Time limit reached. (HiGHS Status 13: Time limit reached),-162.2383475231991,0.09504463422822239,False,0.0,"[171, 162, 172, 174, 179, 186, 184]"
2025-07-07,18,Optimization terminated successfully. (HiGHS Status 7: Optimal),-2117.5627834595275,0.0,False,147.5330569444444,"[162, 168, 170, 166, 174, 183, 185]"
2025-07-08,0,Time limit reached. (HiGHS Status 13: Time limit reached),69603.49581127118,0.023154516658840746,False,0.0,"[161, 160, 169, 172, 165, 183, 184]"
2025-07-08,6,Optimization terminated successfully. (HiGHS Status 7: Optimal),-3330.6224118136083,1.3409617339828573e-05,False,-0.0,"[178, 160, 165, 164, 180, 183, 185]"
2025-07-08,12,Optimization terminated successfully. (HiGHS Status 7: Optimal),102.81924581066463,2.0731801624041903e-15,False,0.0,"[171, 162, 172, 174, 179, 186, 184]"
2025-07-08,18,Optimization terminated successfully. (HiGHS Status 7: Optimal),-2081.430922016317,0.0,False,271.3977708333334,"[162, 168, 170, 166, 174, 183, 185]"
2025-07-09,0,Time limit reached. (HiGHS Status 13: Time limit reached),66638.16920437978,0.01500305134302207,False,0.0,"[170, 162, 169, 172, 165, 183, 184]"
2025-07-09,6,Optimization terminated successfully. (HiGHS Status 7: Optimal),-2850.679894173177,3.1904483685872483e-16,False,0.0,"[161, 173, 165, 164, 180, 183, 185]"
2025-07-09,12,Optimization terminated successfully. (HiGHS Status 7: Optimal),-1657.4674847050574,0.0,False,0.0,"[171, 162, 172, 174, 179, 186, 184]"
2025-07-09,18,Optimization terminated successfully. (HiGHS Status 7: Optimal),-2116.9025993974674,0.0,False,280.8600041666666,"[162, 168, 170, 166, 174, 183, 185]"
2025-07-10,0,Time limit reached. (HiGHS Status 13: Time limit reached),62499.52621127228,0.02052074497775033,False,0.0,"[164, 162, 169, 172, 165, 183, 184]"
2025-07-10,6,Optimization terminated successfully. (HiGHS Status 7: Optimal),-577.4945712144844,0.0,False,-0.0,"[188, 173, 165, 164, 180, 183, 185]"
2025-07-10,12,Optimization terminated successfully. (HiGHS Status 7: Optimal),-1595.959758821137,1.4246830108748022e-16,False,0.0,"[171, 162, 172, 174, 179, 186, 184]"
2025-07-10,18,Optimization terminated successfully. (HiGHS Status 7: Optimal),-2120.533114002563,0.0,False,257.38498194444446,"[162, 168, 170, 166, 174, 183, 185]"
2025-07-11,0,Time limit reached. (HiGHS Status 13: Time limit reached),38976.88943764407,0.13913543344610804,False,0.0,"[190, 168, 169, 172, 165, 183, 184]"
2025-07-11,6,Time limit reached. (HiGHS Status 13: Time limit reached),-2622.4879215644896,0.37297445196737855,False,0.0,"[168, 173, 165, 164, 180, 183, 185]"
2025-07-11,12,Optimization terminated successfully. (HiGHS Status 7: Optimal),-2528.929512013315,8.990906008377307e-16,False,0.0,"[190, 169, 172, 174, 179, 186, 184]"
2025-07-11,18,Optimization terminated successfully. (HiGHS Status 7: Optimal),-2836.5024962161706,0.0,False,0.0,"[188, 168, 170, 166, 174, 183, 185]"
2025-07-12,0,Optimization terminated successfully. (HiGHS Status 7: Optimal),28059.088150782343,0.0,False,0.0,"[191, 177, 169, 172, 165, 183, 184]"
2025-07-12,6,Optimization terminated successfully. (HiGHS Status 7: Optimal),67.44531325924187,2.0227381069691356e-14,False,0.0,"[190, 171, 167, 175, 180, 183, 185]"
2025-07-12,12,Optimization terminated successfully. (HiGHS Status 7: Optimal),-51.70749876080334,0.0,False,0.0,"[190, 168, 172, 174, 179, 186, 184]"
2025-07-12,18,Optimization terminated successfully. (HiGHS Status 7: Optimal),-2217.25281241606,0.0,False,0.0,"[188, 168, 170, 166, 174, 183, 185]"
2025-07-13,0,Time limit reached. (HiGHS Status 13: Time limit reached),63062.35199853023,0.023846490825586306,False,0.0,"[191, 168, 178, 176, 167, 183, 184]"
2025-07-13,6,Optimization terminated successfully. (HiGHS Status 7: Optimal),-4662.757702165623,0.0,False,-0.0,"[190, 192, 170, 172, 180, 183, 185]"
2025-07-13,12,Time limit reached. (HiGHS Status 13: Time limit reached),-478.9852364458117,4.7205904831400165,False,0.0,"[190, 165, 175, 180, 179, 186, 184]"
2025-07-13,18,Optimization terminated successfully. (HiGHS Status 7: Optimal),-2292.5610234111477,0.0,False,221.56864166666674,"[188, 168, 170, 166, 174, 183, 185]"
2025-07-14,0,Time limit reached. (HiGHS Status 13: Time limit reached),58281.8670511652,0.02232751985501982,False,0.0,"[191, 177, 169, 172, 167, 183, 184]"
2025-07-14,6,Optimization terminated successfully. (HiGHS Status 7: Optimal),-1951.2548799532651,0.0,False,0.0,"[190, 178, 176, 172, 180, 183, 185]"
2025-07-14,12,Optimization terminated successfully. (HiGHS Status 7: Optimal),-367.75572824107127,3.0913682368828264e-16,False,0.0,"[190, 168, 175, 180, 179, 186, 184]"
2025-07-14,18,Optimization terminated successfully. (HiGHS Status 7: Optimal),-2081.775358060087,0.0,False,246.2386416666668,"[188, 177, 170, 166, 174, 183, 185]"
2025-07-15,0,Time limit reached. (HiGHS Status 13: Time limit reached),60406.32104811988,0.021965442545373238,False,0.0,"[191, 177, 171, 180, 167, 183, 184]"
2025-07-15,6,Time limit reached. (HiGHS Status 13: Time limit reached),-2584.8925156870246,0.2956534673601539,False,0.0,"[190, 178, 176, 175, 180, 183, 185]"
2025-07-15,12,Optimization terminated successfully. (HiGHS Status 7: Optimal),-1361.5035561027964,0.0,False,0.0,"[190, 168, 178, 176, 177, 186, 184]"
2025-07-15,18,Optimization terminated successfully. (HiGHS Status 7: Optimal),-2123.250384267001,0.0,False,220.3340347222222,"[188, 177, 170, 180, 174, 183, 185]"
2025-07-16,0,Time limit reached. (HiGHS Status 13: Time limit reached),58586.156676273895,0.02589897327399523,False,0.0,"[191, 170, 194, 173, 175, 183, 184]"
2025-07-16,6,Optimization terminated successfully. (HiGHS Status 7: Optimal),-3593.1272027903337,0.0,False,-0.0,"[190, 178, 176, 177, 195, 183, 185]"
2025-07-16,12,Optimization terminated successfully. (HiGHS Status 7: Optimal),-893.7588424242472,1.2720079771546634e-15,False,0.0,"[190, 168, 178, 176, 177, 186, 184]"
2025-07-16,18,Optimization terminated successfully. (HiGHS Status 7: Optimal),-2148.8974931999687,0.0,False,181.29805138888912,"[188, 195, 172, 178, 169, 183, 185]"
2025-07-17,0,Time limit reached. (HiGHS Status 13: Time limit reached),56941.468849655845,0.02760239893371764,False,0.0,"[191, 170, 171, 173, 175, 183, 184]"
2025-07-17,6,Optimization terminated successfully. (HiGHS Status 7: Optimal),725.4856638861066,0.00017541459401280025,False,0.0,"[190, 192, 170, 194, 169, 183, 185]"
2025-07-17,12,Optimization terminated successfully. (HiGHS Status 7: Optimal),-479.7781731589798,0.0,False,0.0,"[190, 169, 175, 180, 177, 186, 184]"
2025-07-17,18,Optimization terminated successfully. (HiGHS Status 7: Optimal),-2163.8436871691993,0.0,False,216.54245277777795,"[188, 195, 170, 180, 174, 183, 185]"
2025-07-18,0,Time limit reached. (HiGHS Status 13: Time limit reached),36326.95986885557,0.15094142931260593,False,0.0,"[191, 170, 171, 180, 197, 183, 184]"
2025-07-18,6,Time limit reached. (HiGHS Status 13: Time limit reached),-3255.0539195851547,0.38736444886120786,False,0.0,"[190, 192, 170, 177, 195, 183, 185]"
2025-07-18,12,Time limit reached. (HiGHS Status 13: Time limit reached),-2267.8945565972836,0.3160831675071909,False,0.0,"[190, 193, 172, 180, 177, 186, 184]"
2025-07-18,18,Optimization terminated successfully. (HiGHS Status 7: Optimal),-2988.2913011498244,0.0,False,0.0,"[188, 195, 170, 178, 174, 183, 185]"
2025-07-19,0,Time limit reached. (HiGHS Status 13: Time limit reached),33763.61038392691,0.08631959091580588,False,0.0,"[191, 195, 171, 180, 197, 183, 184]"
2025-07-19,6,Optimization terminated successfully. (HiGHS Status 7: Optimal),-3131.5637251324874,0.0,False,0.0,"[190, 192, 176, 177, 195, 183, 185]"
2025-07-19,12,Time limit reached. (HiGHS Status 13: Time limit reached),2622.7023676625354,1.4933100532941812,False,0.0,"[190, 193, 172, 174, 195, 186, 184]"
2025-07-19,18,Optimization terminated successfully. (HiGHS Status 7: Optimal),-2301.660864909469,0.0,False,-0.0,"[188, 195, 172, 178, 174, 183, 185]"
2025-07-20,0,Time limit reached. (HiGHS Status 13: Time limit reached),60308.98630336435,0.024977739084404163,False,0.0,"[191, 198, 194, 180, 197, 183, 184]"
2025-07-20,6,Optimization terminated successfully. (HiGHS Status 7: Optimal),-1941.016759922735,0.0,False,-0.0,"[190, 192, 172, 194, 179, 183, 185]"
2025-07-20,12,Optimization terminated successfully. (HiGHS Status 7: Optimal),-1762.6375129211938,0.0,False,0.0,"[190, 194, 172, 174, 195, 186, 184]"
2025-07-20,18,Optimization terminated successfully. (HiGHS Status 7: Optimal),-2319.71031653697,0.0,False,233.70371805555556,"[188, 195, 172, 180, 174, 183, 185]"
2025-07-21,0,Time limit reached. (HiGHS Status 13: Time limit reached),60293.42256911682,0.00018798861184308633,False,0.0,"[191, 198, 174, 173, 197, 183, 184]"
2025-07-21,6,Optimization terminated successfully. (HiGHS Status 7: Optimal),-2763.340220910515,1.0644564247279698e-06,False,0.0,"[190, 178, 176, 194, 179, 183, 185]"
2025-07-21,12,Optimization terminated successfully. (HiGHS Status 7: Optimal),715.817507373593,6.35283918320157e-16,False,0.0,"[190, 200, 175, 174, 195, 186, 184]"
2025-07-21,18,Optimization terminated successfully. (HiGHS Status 7: Optimal),-2210.80600821465,0.0,False,215.95471527777795,"[188, 195, 198, 180, 174, 183, 185]"
2025-07-22,0,Time limit reached. (HiGHS Status 13: Time limit reached),57481.37720125685,0.019797670271945907,False,0.0,"[191, 198, 177, 196, 197, 183, 184]"
2025-07-22,6,Optimization terminated successfully. (HiGHS Status 7: Optimal),5495.539311115135,0.00012530157770972958,False,0.0,"[190, 178, 197, 201, 179, 183, 185]"
2025-07-22,12,Time limit reached. (HiGHS Status 13: Time limit reached),-1731.8650883861808,0.6944064867186013,False,-0.0,"[190, 193, 199, 180, 195, 186, 184]"
2025-07-22,18,Optimization terminated successfully. (HiGHS Status 7: Optimal),-2111.7200073780386,0.0,False,203.55725138888897,"[188, 192, 198, 180, 174, 183, 185]"
2025-07-23,0,Time limit reached. (HiGHS Status 13: Time limit reached),65878.41943239879,0.019881570885856042,False,0.0,"[191, 198, 177, 180, 197, 183, 184]"
2025-07-23,6,Time limit reached. (HiGHS Status 13: Time limit reached),-4815.1695662751135,0.16965499896080416,False,0.0,"[190, 193, 176, 194, 179, 183, 185]"
2025-07-23,12,Optimization terminated successfully. (HiGHS Status 7: Optimal),-1533.2297898932952,0.0,False,0.0,"[190, 193, 199, 180, 179, 186, 184]"
2025-07-23,18,Optimization terminated successfully. (HiGHS Status 7: Optimal),-2105.092033025341,0.0,False,193.87156527777802,"[188, 192, 198, 180, 179, 183, 185]"
2025-07-24,0,Time limit reached. (HiGHS Status 13: Time limit reached),64401.89197682955,0.017156464400990296,False,0.0,"[191, 190, 201, 196, 197, 183, 184]"
2025-07-24,6,Time limit reached. (HiGHS Status 13: Time limit reached),-4342.685460591755,0.00682245930721313,False,-0.0,"[190, 193, 176, 201, 179, 183, 185]"
2025-07-24,12,Optimization terminated successfully. (HiGHS Status 7: Optimal),-1939.3960031031938,0.0,False,0.0,"[190, 193, 199, 180, 179, 186, 184]"
2025-07-24,18,Optimization terminated successfully. (HiGHS Status 7: Optimal),-2016.3234839082947,0.0,False,201.17124861111142,"[188, 192, 198, 178, 179, 183, 185]"
2025-07-25,0,Time limit reached. (HiGHS Status 13: Time limit reached),29088.825196572736,0.05930745656246815,False,0.0,"[191, 199, 195, 178, 197, 183, 184]"
2025-07-25,6,Time limit reached. (HiGHS Status 13: Time limit reached),685.5330127543988,2.531147725294698,False,0.0,"[190, 193, 204, 201, 179, 183, 185]"
2025-07-25,12,Optimization terminated successfully. (HiGHS Status 7: Optimal),-1678.3366632629456,0.0,False,0.0,"[190, 193, 199, 180, 179, 186, 184]"
2025-07-25,18,Optimization terminated successfully. (HiGHS Status 7: Optimal),-2152.0903343167565,0.0,False,0.0,"[188, 192, 198, 178, 179, 183, 185]"
2025-07-26,0,Time limit reached. (HiGHS Status 13: Time limit reached),28465.71759107154,0.002673676881072385,False,0.0,"[191, 199, 195, 196, 197, 183, 184]"
2025-07-26,6,Optimization terminated successfully. (HiGHS Status 7: Optimal),-869.4634949290166,0.0,False,0.0,"[190, 200, 198, 201, 179, 183, 185]"
2025-07-26,12,Optimization terminated successfully. (HiGHS Status 7: Optimal),-1279.582499323043,0.0,False,0.0,"[190, 193, 178, 197, 179, 186, 184]"
2025-07-26,18,Optimization terminated successfully. (HiGHS Status 7: Optimal),-2078.36622239668,0.0,False,-0.0,"[188, 192, 198, 178, 179, 183, 185]"
2025-07-27,0,Time limit reached. (HiGHS Status 13: Time limit reached),58652.43588746606,0.02675039172016491,False,0.0,"[191, 199, 200, 196, 197, 183, 184]"
2025-07-27,6,Optimization terminated successfully. (HiGHS Status 7: Optimal),-1367.081889475014,0.0,False,0.0,"[190, 200, 206, 201, 179, 183, 185]"
2025-07-27,12,Optimization terminated successfully. (HiGHS Status 7: Optimal),157.08193270150704,0.0009882729930056663,False,0.0,"[190, 193, 205, 197, 179, 186, 184]"
2025-07-27,18,Optimization terminated successfully. (HiGHS Status 7: Optimal),-2509.247175001483,0.0,False,211.1546125000002,"[188, 192, 200, 194, 179, 183, 185]"
2025-07-28,0,Time limit reached. (HiGHS Status 13: Time limit reached),60522.234060343166,0.025462978427724357,False,0.0,"[191, 199, 200, 196, 202, 183, 184]"
2025-07-28,6,Optimization terminated successfully. (HiGHS Status 7: Optimal),16.855447116659224,0.0,False,-0.0,"[190, 200, 206, 201, 203, 183, 185]"
2025-07-28,12,Time limit reached. (HiGHS Status 13: Time limit reached),31.095347005957443,40.70925260521573,False,0.0,"[190, 193, 205, 197, 195, 186, 184]"
2025-07-28,18,Optimization terminated successfully. (HiGHS Status 7: Optimal),-2114.5879011126626,0.0,False,200.59778333333338,"[188, 192, 200, 194, 207, 183, 185]"
2025-07-29,0,Time limit reached. (HiGHS Status 13: Time limit reached),59021.877602555316,0.023993401186358232,False,0.0,"[191, 199, 200, 196, 208, 183, 184]"
2025-07-29,6,Optimization terminated successfully. (HiGHS Status 7: Optimal),459.8379191355695,0.0,False,0.0,"[190, 200, 206, 201, 203, 183, 185]"
2025-07-29,12,Optimization terminated successfully. (HiGHS Status 7: Optimal),-940.8529242536393,4.833352154878048e-16,False,0.0,"[190, 193, 205, 197, 208, 186, 184]"
2025-07-29,18,Optimization terminated successfully. (HiGHS Status 7: Optimal),-2283.2723775990935,0.0,False,173.78603611111123,"[188, 192, 200, 194, 196, 183, 185]"
2025-07-30,0,Time limit reached. (HiGHS Status 13: Time limit reached),54181.747969299795,0.03552394922871986,False,0.0,"[191, 199, 200, 196, 209, 187, 184]"
2025-07-30,6,Time limit reached. (HiGHS Status 13: Time limit reached),7724.637869397863,0.0027317715279522163,False,0.0,"[190, 200, 198, 194, 207, 187, 185]"
2025-07-30,12,Time limit reached. (HiGHS Status 13: Time limit reached),211.81100816157854,0.00342912312418232,False,0.0,"[190, 209, 194, 204, 195, 187, 184]"
2025-07-30,18,Optimization terminated successfully. (HiGHS Status 7: Optimal),-1440.7472538924683,0.0,False,227.98091250000016,"[188, 192, 206, 197, 207, 187, 185]"
2025-07-31,0,Time limit reached. (HiGHS Status 13: Time limit reached),56062.549564103625,0.02705631238392949,False,0.0,"[191, 199, 200, 196, 209, 187, 184]"
2025-07-31,6,Optimization terminated successfully. (HiGHS Status 7: Optimal),2376.4689976649324,0.0,False,0.0,"[190, 200, 198, 197, 195, 199, 186]"
2025-07-31,12,Optimization terminated successfully. (HiGHS Status 7: Optimal),1480.6294928271157,0.0,False,0.0,"[190, 210, 200, 203, 207, 198, 184]"
2025-07-31,18,Optimization terminated successfully. (HiGHS Status 7: Optimal),-109.66103060935018,0.0,False,211.84621666666658,"[188, 192, 206, 203, 204, 202, 185]"
2025-08-01,0,Time limit reached. (HiGHS Status 13: Time limit reached),29353.78133914237,0.06712169567241255,False,0.0,"[191, 199, 200, 196, 209, 192, 184]"
2025-08-01,6,Optimization terminated successfully. (HiGHS Status 7: Optimal),123.3658461876348,0.0,False,0.0,"[190, 200, 198, 197, 208, 196, 186]"
2025-08-01,12,Time limit reached. (HiGHS Status 13: Time limit reached),1050.3251902560867,0.02633257010217127,False,0.0,"[190, 210, 200, 199, 196, 202, 184]"
2025-08-01,18,Optimization terminated successfully. (HiGHS Status 7: Optimal),-137.82354266951543,0.0,False,0.0,"[188, 192, 205, 210, 199, 208, 185]"
2025-08-02,0,Time limit reached. (HiGHS Status 13: Time limit reached),33331.117062724654,0.11934668042039993,False,0.0,"[191, 199, 200, 194, 202, 211, 185]"
2025-08-02,6,Optimization terminated successfully. (HiGHS Status 7: Optimal),-3518.6811953817646,0.0,False,0.0,"[190, 200, 198, 197, 208, 196, 186]"
2025-08-02,12,Optimization terminated successfully. (HiGHS Status 7: Optimal),-1574.0874152741967,0.0,False,0.0,"[190, 210, 200, 199, 196, 208, 186]"
2025-08-02,18,Optimization terminated successfully. (HiGHS Status 7: Optimal),-1876.6855756740865,0.0,False,0.0,"[188, 192, 205, 210, 199, 208, 186]"
2025-08-03,0,Time limit reached. (HiGHS Status 13: Time limit reached),46631.85859464597,0.09085327890692912,False,0.0,"[188, 204, 206, 212, 205, 197, 210]"
2025-08-03,6,Time limit reached. (HiGHS Status 13: Time limit reached),2715.089898426391,0.7133399043528982,False,0.0,"[190, 200, 198, 204, 201, 203, 187]"
2025-08-03,12,Optimization terminated successfully. (HiGHS Status 7: Optimal),-1100.282764305529,0.0,False,-0.0,"[190, 210, 200, 199, 197, 195, 187]"
2025-08-03,18,Optimization terminated successfully. (HiGHS Status 7: Optimal),464.27570582016034,0.0,False,146.1043833333332,"[188, 192, 209, 198, 194, 196, 187]"
2025-08-04,0,Time limit reached. (HiGHS Status 13: Time limit reached),51084.75474617323,0.07537224694202915,False,0.0,"[188, 204, 206, 212, 205, 214, 187]"
2025-08-04,6,Time limit reached. (HiGHS Status 13: Time limit reached),488.31572841806644,0.013582493999395144,False,0.0,"[190, 200, 198, 204, 211, 207, 199]"
2025-08-04,12,Time limit reached. (HiGHS Status 13: Time limit reached),-2118.0495317900186,0.3910248126115519,False,0.0,"[190, 210, 200, 199, 197, 195, 214]"
2025-08-04,18,Optimization terminated successfully. (HiGHS Status 7: Optimal),-1229.8728242740115,0.0,False,127.16883750000011,"[188, 192, 209, 198, 194, 214, 212]"
2025-08-05,0,Time limit reached. (HiGHS Status 13: Time limit reached),49124.679940515925,0.06444512877820194,False,0.0,"[188, 204, 206, 212, 207, 208, 192]"
2025-08-05,6,Optimization terminated successfully. (HiGHS Status 7: Optimal),-822.7328493408035,0.0,False,0.0,"[190, 205, 192, 213, 194, 195, 212]"
2025-08-05,12,Time limit reached. (HiGHS Status 13: Time limit reached),331.42692868860746,7.0163241861807855,False,0.0,"[190, 210, 200, 199, 197, 195, 214]"
2025-08-05,18,Optimization terminated successfully. (HiGHS Status 7: Optimal),-1655.1572285023685,0.0,False,167.21219722222236,"[188, 192, 209, 198, 194, 214, 202]"
2025-08-06,0,Time limit reached. (HiGHS Status 13: Time limit reached),53765.05063289772,0.05057983459420723,False,0.0,"[191, 199, 200, 194, 216, 208, 192]"
2025-08-06,6,Optimization terminated successfully. (HiGHS Status 7: Optimal),-3041.347097139425,0.0,False,-0.0,"[190, 216, 192, 213, 194, 195, 212]"
2025-08-06,12,Optimization terminated successfully. (HiGHS Status 7: Optimal),-1260.9725697314755,0.0,False,0.0,"[191, 209, 200, 199, 197, 195, 214]"
2025-08-06,18,Optimization terminated successfully. (HiGHS Status 7: Optimal),-996.8547475013605,0.0,False,109.86848333333342,"[191, 192, 209, 198, 194, 214, 202]"
2025-08-07,0,Time limit reached. (HiGHS Status 13: Time limit reached),52056.543281730774,0.03058683602708667,False,0.0,"[193, 190, 200, 194, 216, 208, 192]"
2025-08-07,6,Time limit reached. (HiGHS Status 13: Time limit reached),-1224.4643891759893,0.6010368611170654,False,0.0,"[202, 200, 198, 217, 194, 195, 212]"
2025-08-07,12,Time limit reached. (HiGHS Status 13: Time limit reached),1683.6659115034684,1.899079690074771,False,0.0,"[192, 209, 200, 199, 197, 195, 214]"
2025-08-07,18,Optimization terminated successfully. (HiGHS Status 7: Optimal),-1933.9480115233578,0.0,False,161.2425791666667,"[201, 192, 209, 198, 194, 214, 202]"
2025-08-08,0,Time limit reached. (HiGHS Status 13: Time limit reached),25322.50576817167,0.08386419989317899,False,0.0,"[191, 199, 200, 194, 216, 208, 192]"
2025-08-08,6,Optimization terminated successfully. (HiGHS Status 7: Optimal),-1674.4585398153504,0.0,False,0.0,"[215, 200, 198, 217, 194, 195, 212]"
2025-08-08,12,Optimization terminated successfully. (HiGHS Status 7: Optimal),-972.43061827887,0.0,False,0.0,"[201, 216, 211, 199, 197, 195, 214]"
2025-08-08,18,Optimization terminated successfully. (HiGHS Status 7: Optimal),-1131.0820770503599,0.0,False,0.0,"[193, 195, 205, 210, 194, 214, 202]"
2025-08-09,0,Time limit reached. (HiGHS Status 13: Time limit reached),24636.253265783416,0.08484438275980902,False,0.0,"[193, 198, 195, 219, 216, 208, 192]"
2025-08-09,6,Time limit reached. (HiGHS Status 13: Time limit reached),-187.8506251210702,5.942257200311038,False,0.0,"[205, 193, 206, 217, 194, 195, 212]"
2025-08-09,12,Optimization terminated successfully. (HiGHS Status 7: Optimal),-774.0628820586295,0.0,False,0.0,"[219, 216, 211, 199, 197, 195, 214]"
2025-08-09,18,Optimization terminated successfully. (HiGHS Status 7: Optimal),-951.465721266612,0.0,False,0.0,"[193, 195, 205, 210, 194, 214, 202]"
2025-08-10,0,Time limit reached. (HiGHS Status 13: Time limit reached),51371.50335527449,0.0655545422942776,False,0.0,"[193, 198, 195, 194, 207, 209, 211]"
2025-08-10,6,Optimization terminated successfully. (HiGHS Status 7: Optimal),-3004.0255469672097,0.0,False,-0.0,"[205, 193, 219, 204, 194, 195, 212]"
2025-08-10,12,Time limit reached. (HiGHS Status 13: Time limit reached),877.4663158209684,2.7623278881669653,False,0.0,"[220, 216, 211, 199, 197, 195, 214]"
2025-08-10,18,Optimization terminated successfully. (HiGHS Status 7: Optimal),-1721.2962741415724,0.0,False,118.74321388888882,"[193, 213, 205, 210, 194, 214, 202]"
2025-08-11,0,Time limit reached. (HiGHS Status 13: Time limit reached),48747.073769035305,0.06584641684548131,False,0.0,"[203, 217, 201, 194, 207, 209, 211]"
2025-08-11,6,Optimization terminated successfully. (HiGHS Status 7: Optimal),-578.5046573703586,5.5025165582501866e-15,False,0.0,"[205, 209, 210, 214, 194, 195, 212]"
2025-08-11,12,Optimization terminated successfully. (HiGHS Status 7: Optimal),-1393.2273732991366,0.0,False,0.0,"[220, 216, 211, 199, 197, 195, 214]"
2025-08-11,18,Optimization terminated successfully. (HiGHS Status 7: Optimal),-1440.0769351818058,0.0,False,102.0715472222222,"[216, 213, 205, 210, 194, 214, 202]"
2025-08-12,0,Time limit reached. (HiGHS Status 13: Time limit reached),51849.23688134642,0.030754811321483104,False,0.0,"[203, 217, 201, 222, 207, 209, 211]"
2025-08-12,6,Optimization terminated successfully. (HiGHS Status 7: Optimal),-1090.2719808225245,0.0,False,-0.0,"[205, 200, 219, 204, 220, 195, 212]"
2025-08-12,12,Time limit reached. (HiGHS Status 13: Time limit reached),-139.9943533969832,10.853000808648433,False,0.0,"[219, 209, 221, 199, 197, 195, 214]"
2025-08-12,18,Optimization terminated successfully. (HiGHS Status 7: Optimal),-1261.451478796268,0.0,False,144.3354819444445,"[222, 195, 209, 198, 197, 214, 202]"
2025-08-13,0,Time limit reached. (HiGHS Status 13: Time limit reached),49313.49569101384,0.08151206508992825,False,0.0,"[203, 198, 201, 222, 207, 209, 211]"
2025-08-13,6,Optimization terminated successfully. (HiGHS Status 7: Optimal),-1441.6173179420643,0.0,False,-0.0,"[215, 218, 206, 217, 221, 208, 212]"
2025-08-13,12,Time limit reached. (HiGHS Status 13: Time limit reached),1909.8610913828327,1.4846179092107654,False,0.0,"[222, 217, 200, 218, 213, 207, 214]"
2025-08-13,18,Optimization terminated successfully. (HiGHS Status 7: Optimal),-1712.8099867746098,0.0,False,146.17458055555562,"[219, 221, 209, 198, 197, 214, 202]"
2025-08-14,0,Time limit reached. (HiGHS Status 13: Time limit reached),50607.856066760156,0.078064315952173,False,0.0,"[203, 198, 201, 222, 224, 209, 211]"
2025-08-14,6,Time limit reached. (HiGHS Status 13: Time limit reached),-261.26735878210764,0.002848632641781223,False,0.0,"[215, 218, 224, 213, 197, 201, 212]"
2025-08-14,12,Time limit reached. (HiGHS Status 13: Time limit reached),288.79945513549666,7.925480174199065,False,0.0,"[223, 210, 206, 205, 204, 207, 214]"
2025-08-14,18,Optimization terminated successfully. (HiGHS Status 7: Optimal),-1740.3391606970063,0.0,False,123.25509444444458,"[223, 217, 211, 200, 218, 207, 202]"
2025-08-15,0,Time limit reached. (HiGHS Status 13: Time limit reached),25281.330023937837,0.002301371143134516,False,0.0,"[203, 198, 201, 222, 207, 202, 211]"
2025-08-15,6,Optimization terminated successfully. (HiGHS Status 7: Optimal),-1687.6464989055703,2.694565189933824e-16,False,0.0,"[223, 216, 198, 210, 214, 201, 212]"
2025-08-15,12,Optimization terminated successfully. (HiGHS Status 7: Optimal),-560.774034126649,0.0,False,0.0,"[201, 220, 216, 211, 203, 207, 214]"
2025-08-15,18,Optimization terminated successfully. (HiGHS Status 7: Optimal),-872.0793672693718,0.0,False,0.0,"[224, 216, 220, 206, 203, 207, 202]"
2025-08-16,0,Time limit reached. (HiGHS Status 13: Time limit reached),29823.300061681824,0.10592228861683896,False,0.0,"[218, 223, 201, 222, 207, 202, 211]"
2025-08-16,6,Time limit reached. (HiGHS Status 13: Time limit reached),-2836.434055927492,0.37752637550691004,False,0.0,"[226, 222, 209, 210, 214, 201, 212]"
2025-08-16,12,Optimization terminated successfully. (HiGHS Status 7: Optimal),-1184.0586882247524,0.0,False,0.0,"[201, 220, 209, 221, 199, 212, 214]"
2025-08-16,18,Optimization terminated successfully. (HiGHS Status 7: Optimal),-1347.557605016395,0.0,False,0.0,"[201, 222, 213, 205, 203, 207, 202]"
2025-08-17,0,Time limit reached. (HiGHS Status 13: Time limit reached),48476.55062640858,0.0016627057268269198,False,0.0,"[227, 223, 201, 222, 207, 202, 211]"
2025-08-17,6,Optimization terminated successfully. (HiGHS Status 7: Optimal),-1572.9460100863976,2.891055051924421e-16,False,0.0,"[226, 222, 209, 210, 204, 211, 203]"
2025-08-17,12,Optimization terminated successfully. (HiGHS Status 7: Optimal),-766.4857293747065,1.4832218443826858e-16,False,0.0,"[201, 219, 217, 200, 218, 212, 214]"
2025-08-17,18,Optimization terminated successfully. (HiGHS Status 7: Optimal),-828.44052658705,0.0,False,142.47617916666684,"[201, 219, 221, 209, 210, 207, 202]"
2025-08-18,0,Time limit reached. (HiGHS Status 13: Time limit reached),51744.93243140015,0.07250584955341961,False,0.0,"[227, 228, 201, 222, 207, 202, 211]"
2025-08-18,6,Optimization terminated successfully. (HiGHS Status 7: Optimal),-2770.3423083582607,4.924453012695962e-16,False,0.0,"[228, 205, 209, 210, 204, 211, 203]"
2025-08-18,12,Time limit reached. (HiGHS Status 13: Time limit reached),-463.29336962654065,3.0514972355362335,False,0.0,"[228, 222, 210, 206, 218, 212, 214]"
2025-08-18,18,Optimization terminated successfully. (HiGHS Status 7: Optimal),-1566.9809544801121,0.0,False,123.71016666666674,"[226, 223, 217, 211, 210, 207, 202]"
2025-08-19,0,Time limit reached. (HiGHS Status 13: Time limit reached),50778.21333973815,0.082923411450839,False,0.0,"[227, 228, 229, 222, 207, 202, 211]"
2025-08-19,6,Optimization terminated successfully. (HiGHS Status 7: Optimal),-3519.3782763866852,0.00014335828645042285,False,-0.0,"[228, 215, 218, 219, 217, 220, 203]"
2025-08-19,12,Optimization terminated successfully. (HiGHS Status 7: Optimal),-20.11683170589173,0.0,False,0.0,"[228, 219, 217, 206, 218, 212, 214]"
2025-08-19,18,Optimization terminated successfully. (HiGHS Status 7: Optimal),-1240.453590253498,0.0,False,141.04964861111137,"[226, 223, 217, 211, 210, 207, 202]"
2025-08-20,0,Time limit reached. (HiGHS Status 13: Time limit reached),52762.878121084395,0.03242548553517893,False,0.0,"[227, 228, 229, 230, 215, 205, 211]"
2025-08-20,6,Time limit reached. (HiGHS Status 13: Time limit reached),-248.55975449371564,4.790361265869559,False,0.0,"[226, 205, 209, 210, 217, 220, 203]"
2025-08-20,12,Time limit reached. (HiGHS Status 13: Time limit reached),1302.919639687852,1.6046790113740512,False,0.0,"[228, 219, 210, 216, 205, 213, 214]"
2025-08-20,18,Optimization terminated successfully. (HiGHS Status 7: Optimal),-1447.8353606370151,0.0,False,106.02802361111117,"[226, 227, 216, 220, 206, 204, 208]"
2025-08-21,0,Time limit reached. (HiGHS Status 13: Time limit reached),50690.77476717838,0.04195804278045907,False,0.0,"[227, 223, 229, 230, 215, 205, 211]"
2025-08-21,6,Optimization terminated successfully. (HiGHS Status 7: Optimal),-1763.6470779201138,9.024570437185383e-16,False,-0.0,"[226, 205, 209, 210, 213, 221, 207]"
2025-08-21,12,Time limit reached. (HiGHS Status 13: Time limit reached),1757.5343685750258,1.3514100470951522,False,0.0,"[228, 219, 226, 229, 211, 213, 214]"
2025-08-21,18,Optimization terminated successfully. (HiGHS Status 7: Optimal),-1406.4161728434224,0.0,False,133.86,"[225, 224, 222, 213, 205, 204, 208]"
2025-08-22,0,Time limit reached. (HiGHS Status 13: Time limit reached),26698.470687576588,0.0889570480232141,False,0.0,"[227, 232, 229, 230, 215, 205, 211]"
2025-08-22,6,Optimization terminated successfully. (HiGHS Status 7: Optimal),-2635.4680035090896,1.7254899330250802e-16,False,0.0,"[226, 205, 209, 219, 227, 221, 207]"
2025-08-22,12,Optimization terminated successfully. (HiGHS Status 7: Optimal),-515.6368028449164,2.2047851723223224e-16,False,0.0,"[228, 219, 226, 209, 221, 213, 214]"
2025-08-22,18,Optimization terminated successfully. (HiGHS Status 7: Optimal),-671.1295725686183,0.0,False,0.0,"[225, 229, 219, 221, 209, 218, 208]"
2025-08-23,0,Time limit reached. (HiGHS Status 13: Time limit reached),24493.96442237432,0.07078022347080276,False,0.0,"[227, 232, 229, 221, 225, 216, 211]"
2025-08-23,6,Optimization terminated successfully. (HiGHS Status 7: Optimal),-355.36430707696763,0.0,False,0.0,"[226, 222, 224, 210, 213, 220, 233]"
2025-08-23,12,Optimization terminated successfully. (HiGHS Status 7: Optimal),-1.9349889574674042,0.0,False,0.0,"[228, 219, 226, 209, 221, 233, 214]"
2025-08-23,18,Optimization terminated successfully. (HiGHS Status 7: Optimal),-1032.2835902495153,0.0,False,0.0,"[225, 229, 219, 221, 209, 218, 208]"
2025-08-24,0,Time limit reached. (HiGHS Status 13: Time limit reached),49736.28849047552,0.06016388101211864,False,0.0,"[227, 232, 233, 230, 215, 216, 211]"
2025-08-24,6,Optimization terminated successfully. (HiGHS Status 7: Optimal),-3230.7084306159613,2.026912051458814e-14,False,-0.0,"[226, 222, 224, 230, 217, 211, 233]"
2025-08-24,12,Optimization terminated successfully. (HiGHS Status 7: Optimal),1617.7060957089436,0.0009988625720925512,False,0.0,"[228, 219, 226, 209, 221, 233, 214]"
2025-08-24,18,Optimization terminated successfully. (HiGHS Status 7: Optimal),-1082.8911273584674,0.0,False,130.27763333333348,"[225, 229, 219, 234, 211, 218, 208]"
2025-08-25,0,Time limit reached. (HiGHS Status 13: Time limit reached),60834.168605418956,0.015828806421926418,False,0.0,"[227, 232, 233, 235, 225, 216, 211]"
2025-08-25,6,Time limit reached. (HiGHS Status 13: Time limit reached),-3408.217245021167,0.2066061928149154,False,-0.0,"[226, 222, 224, 230, 217, 211, 233]"
2025-08-25,12,Optimization terminated successfully. (HiGHS Status 7: Optimal),-1459.942190262185,0.0,False,-0.0,"[228, 222, 231, 217, 234, 213, 214]"
2025-08-25,18,Optimization terminated successfully. (HiGHS Status 7: Optimal),-1082.1377945919246,0.0,False,80.39666666666676,"[225, 229, 219, 217, 220, 210, 208]"
2025-08-26,0,Time limit reached. (HiGHS Status 13: Time limit reached),51096.62607486806,0.07732751098403284,False,0.0,"[213, 223, 229, 221, 219, 224, 211]"
2025-08-26,6,Optimization terminated successfully. (HiGHS Status 7: Optimal),-1176.9440598225508,1.931898746976245e-16,False,0.0,"[226, 222, 209, 210, 213, 220, 233]"
2025-08-26,12,Time limit reached. (HiGHS Status 13: Time limit reached),-48.51967899437063,29.055366359381814,False,0.0,"[228, 236, 220, 232, 216, 218, 214]"
2025-08-26,18,Optimization terminated successfully. (HiGHS Status 7: Optimal),-1751.4951175245747,0.0,False,124.24044722222231,"[228, 230, 223, 216, 213, 233, 215]"
2025-08-27,0,Time limit reached. (HiGHS Status 13: Time limit reached),50638.8959318997,0.05763412835820698,False,0.0,"[213, 223, 229, 221, 237, 234, 211]"
2025-08-27,6,Time limit reached. (HiGHS Status 13: Time limit reached),3263.727664543219,0.0021788642847738226,False,0.0,"[226, 215, 218, 210, 213, 220, 233]"
2025-08-27,12,Optimization terminated successfully. (HiGHS Status 7: Optimal),-1371.4537785893747,0.0,False,-0.0,"[224, 227, 230, 210, 216, 218, 214]"
2025-08-27,18,Optimization terminated successfully. (HiGHS Status 7: Optimal),-1262.251805074428,0.0,False,117.69000833333337,"[228, 230, 227, 222, 221, 233, 215]"
2025-08-28,0,Time limit reached. (HiGHS Status 13: Time limit reached),47867.39438043606,0.05415363653042848,False,0.0,"[213, 223, 229, 221, 237, 238, 214]"
2025-08-28,6,Time limit reached. (HiGHS Status 13: Time limit reached),4185.523854500698,0.004829437435645685,False,0.0,"[228, 223, 216, 219, 213, 220, 233]"
2025-08-28,12,Optimization terminated successfully. (HiGHS Status 7: Optimal),-1112.762443444171,6.129978867892294e-16,False,0.0,"[237, 223, 219, 226, 216, 218, 214]"
2025-08-28,18,Optimization terminated successfully. (HiGHS Status 7: Optimal),-1255.9451446517667,0.0,False,109.94409583333334,"[236, 226, 224, 235, 234, 211, 215]"
2025-08-29,0,Time limit reached. (HiGHS Status 13: Time limit reached),27201.759887527347,0.0940016730629021,False,0.0,"[213, 223, 229, 221, 237, 238, 214]"
2025-08-29,6,Optimization terminated successfully. (HiGHS Status 7: Optimal),-2667.7534000900605,0.0,False,0.0,"[228, 223, 216, 232, 227, 221, 233]"
2025-08-29,12,Optimization terminated successfully. (HiGHS Status 7: Optimal),359.01005090687926,0.0,False,0.0,"[237, 223, 219, 231, 229, 218, 214]"
2025-08-29,18,Optimization terminated successfully. (HiGHS Status 7: Optimal),-914.8218945595324,0.0,False,0.0,"[236, 226, 224, 235, 217, 220, 215]"
2025-08-30,0,Time limit reached. (HiGHS Status 13: Time limit reached),26610.475015660526,0.09403518891020893,False,0.0,"[213, 228, 217, 221, 237, 238, 214]"
2025-08-30,6,Optimization terminated successfully. (HiGHS Status 7: Optimal),-2066.411826718494,2.2006617703529727e-16,False,0.0,"[228, 223, 216, 232, 227, 240, 234]"
2025-08-30,12,Optimization terminated successfully. (HiGHS Status 7: Optimal),-663.2007294813221,0.0,False,0.0,"[240, 235, 222, 220, 217, 221, 214]"
2025-08-30,18,Optimization terminated successfully. (HiGHS Status 7: Optimal),-880.0396519909012,0.0,False,0.0,"[240, 232, 229, 219, 239, 213, 214]"
2025-08-31,0,Time limit reached. (HiGHS Status 13: Time limit reached),50461.688631952435,0.08756696053211593,False,0.0,"[227, 228, 217, 221, 237, 238, 214]"
2025-08-31,6,Optimization terminated successfully. (HiGHS Status 7: Optimal),-1583.1164529667299,4.3087229941386463e-16,False,-0.0,"[228, 223, 216, 224, 231, 240, 234]"
2025-08-31,12,Time limit reached. (HiGHS Status 13: Time limit reached),925.2017791929756,2.1087208005045555,False,0.0,"[240, 235, 222, 220, 217, 234, 214]"
2025-08-31,18,Optimization terminated successfully. (HiGHS Status 7: Optimal),-1100.2216386013245,0.0,False,120.28750000000002,"[240, 232, 229, 219, 239, 241, 214]"
2025-09-01,0,Time limit reached. (HiGHS Status 13: Time limit reached),51735.368417999656,0.03647982013952924,False,0.0,"[227, 228, 217, 221, 237, 238, 216]"
2025-09-01,6,Time limit reached. (HiGHS Status 13: Time limit reached),-2954.980547993318,0.316011976448294,False,0.0,"[228, 223, 216, 241, 230, 240, 234]"
2025-09-01,12,Time limit reached. (HiGHS Status 13: Time limit reached),3294.131711993804,0.9978126998189057,False,0.0,"[240, 235, 222, 242, 232, 216, 233]"
2025-09-01,18,Optimization terminated successfully. (HiGHS Status 7: Optimal),-2125.7543560264057,0.0,False,109.5536249999999,"[231, 225, 237, 223, 216, 221, 218]"
2025-09-02,0,Time limit reached. (HiGHS Status 13: Time limit reached),45888.046335186766,0.0695996618900629,False,0.0,"[226, 241, 231, 220, 222, 238, 216]"
2025-09-02,6,Time limit reached. (HiGHS Status 13: Time limit reached),1976.875377840846,1.6198529419971539e-06,False,0.0,"[225, 237, 216, 241, 230, 240, 234]"
2025-09-02,12,Optimization terminated successfully. (HiGHS Status 7: Optimal),-2016.514618983858,1.127557783626721e-16,False,0.0,"[225, 228, 236, 239, 226, 241, 218]"
2025-09-02,18,Optimization terminated successfully. (HiGHS Status 7: Optimal),-671.951695231605,0.0,False,106.99166666666656,"[242, 228, 230, 227, 222, 234, 233]"
2025-09-03,0,Time limit reached. (HiGHS Status 13: Time limit reached),47286.97978636083,0.04141809891072118,False,0.0,"[226, 240, 232, 233, 230, 225, 224]"
2025-09-03,6,Optimization terminated successfully. (HiGHS Status 7: Optimal),-1392.579732327118,3.2655031545414135e-16,False,-0.0,"[238, 229, 236, 241, 230, 240, 234]"
2025-09-03,12,Time limit reached. (HiGHS Status 13: Time limit reached),1284.2093409792174,2.086673042558718,False,0.0,"[238, 224, 227, 230, 231, 229, 218]"
2025-09-03,18,Optimization terminated successfully. (HiGHS Status 7: Optimal),-1536.21144224779,0.0,False,107.25244999999995,"[238, 236, 226, 224, 235, 234, 233]"
2025-09-04,0,Time limit reached. (HiGHS Status 13: Time limit reached),48323.027889316974,0.06857352022034703,False,0.0,"[245, 218, 223, 233, 230, 225, 224]"
2025-09-04,6,Time limit reached. (HiGHS Status 13: Time limit reached),-905.1390362982617,1.677974402450396,False,0.0,"[245, 226, 222, 242, 219, 240, 234]"
2025-09-04,12,Time limit reached. (HiGHS Status 13: Time limit reached),-141.82266128403188,14.614383522144959,False,-0.0,"[245, 237, 223, 219, 220, 229, 218]"
2025-09-04,18,Optimization terminated successfully. (HiGHS Status 7: Optimal),-1794.6701988526427,0.0,False,120.08909166666672,"[245, 240, 232, 229, 219, 234, 233]"
2025-09-05,0,Time limit reached. (HiGHS Status 13: Time limit reached),21253.258826711237,1.1098695682545587e-05,False,0.0,"[245, 227, 223, 233, 230, 225, 224]"
2025-09-05,6,Optimization terminated successfully. (HiGHS Status 7: Optimal),-1253.2663568875716,0.0,False,0.0,"[243, 228, 223, 242, 219, 240, 234]"
2025-09-05,12,Optimization terminated successfully. (HiGHS Status 7: Optimal),-1119.988637368854,0.0,False,0.0,"[244, 240, 235, 222, 242, 232, 221]"
2025-09-05,18,Optimization terminated successfully. (HiGHS Status 7: Optimal),-1019.0007168285043,0.0,False,0.0,"[244, 231, 225, 237, 223, 239, 220]"
2025-09-06,0,Time limit reached. (HiGHS Status 13: Time limit reached),18432.194243653314,0.053194192078012216,False,0.0,"[245, 247, 228, 229, 235, 225, 224]"
2025-09-06,6,Time limit reached. (HiGHS Status 13: Time limit reached),-900.6305780751853,0.22514103004901517,False,0.0,"[243, 225, 237, 239, 232, 240, 234]"
2025-09-06,12,Optimization terminated successfully. (HiGHS Status 7: Optimal),-959.664626624593,0.0,False,0.0,"[244, 225, 228, 236, 242, 232, 221]"
2025-09-06,18,Optimization terminated successfully. (HiGHS Status 7: Optimal),-836.3638351096436,0.0,False,0.0,"[246, 242, 228, 230, 227, 239, 220]"
2025-09-07,0,Time limit reached. (HiGHS Status 13: Time limit reached),42123.279453104995,0.10823121210162436,False,0.0,"[245, 247, 228, 231, 235, 225, 224]"
2025-09-07,6,Time limit reached. (HiGHS Status 13: Time limit reached),880.6416992757312,0.0013231534848740772,False,0.0,"[243, 248, 229, 236, 224, 227, 234]"
2025-09-07,12,Optimization terminated successfully. (HiGHS Status 7: Optimal),-1777.6945515011946,2.5580736043908525e-16,False,0.0,"[244, 238, 224, 227, 239, 232, 221]"
2025-09-07,18,Optimization terminated successfully. (HiGHS Status 7: Optimal),-1111.0218090068715,0.0,False,38.75226805555576,"[246, 238, 236, 226, 224, 222, 241]"
2025-09-08,0,Time limit reached. (HiGHS Status 13: Time limit reached),35987.00972081296,0.0833720488308309,False,0.0,"[245, 247, 228, 231, 235, 225, 224]"
2025-09-08,6,Optimization terminated successfully. (HiGHS Status 7: Optimal),-663.8684540060548,1.0274942606679047e-15,False,0.0,"[243, 238, 226, 222, 241, 231, 234]"
2025-09-08,12,Optimization terminated successfully. (HiGHS Status 7: Optimal),-987.4167521589837,0.0,False,0.0,"[244, 249, 237, 223, 230, 226, 234]"
2025-09-08,18,Optimization terminated successfully. (HiGHS Status 7: Optimal),1750.6595933511137,0.0,False,0.0,"[246, 249, 240, 232, 229, 235, 241]"
2025-09-09,0,Time limit reached. (HiGHS Status 13: Time limit reached),34377.832241367345,0.08948157031213233,False,0.0,"[245, 247, 228, 231, 235, 238, 239]"
2025-09-09,6,Time limit reached. (HiGHS Status 13: Time limit reached),2743.8908507763263,0.001795855502117342,False,0.0,"[243, 238, 226, 236, 224, 227, 233]"
2025-09-09,12,Optimization terminated successfully. (HiGHS Status 7: Optimal),-1687.8716784666467,0.0,False,0.0,"[244, 249, 237, 223, 239, 232, 233]"
2025-09-09,18,Optimization terminated successfully. (HiGHS Status 7: Optimal),1511.263636732383,0.0,False,0.0,"[246, 249, 240, 232, 229, 235, 233]"
2025-09-10,0,Time limit reached. (HiGHS Status 13: Time limit reached),41629.59708336483,0.07525241828200357,False,0.0,"[245, 247, 228, 249, 230, 242, 250]"
2025-09-10,6,Optimization terminated successfully. (HiGHS Status 7: Optimal),-2367.6987765044905,8.656169964618848e-07,False,0.0,"[243, 238, 226, 239, 232, 240, 251]"
2025-09-10,12,Time limit reached. (HiGHS Status 13: Time limit reached),3745.9968828450437,0.003130132942157507,False,0.0,"[244, 249, 237, 227, 242, 229, 251]"
2025-09-10,18,Optimization terminated successfully. (HiGHS Status 7: Optimal),2423.8579311689596,0.0,False,0.0,"[246, 249, 240, 232, 229, 239, 251]"
2025-09-11,0,Time limit reached. (HiGHS Status 13: Time limit reached),42206.520319724914,0.08269384252726329,False,0.0,"[245, 247, 228, 249, 230, 242, 250]"
2025-09-11,6,Optimization terminated successfully. (HiGHS Status 7: Optimal),-2535.86187883374,0.0,False,0.0,"[243, 238, 226, 239, 230, 235, 250]"
2025-09-11,12,Optimization terminated successfully. (HiGHS Status 7: Optimal),-1271.9691236599267,0.0,False,0.0,"[244, 249, 237, 236, 231, 241, 252]"
2025-09-11,18,Optimization terminated successfully. (HiGHS Status 7: Optimal),-665.1830814458572,0.0,False,0.0,"[246, 249, 240, 232, 229, 234, 252]"
2025-09-12,0,Time limit reached. (HiGHS Status 13: Time limit reached),17772.616123924614,0.0005763031374289315,False,0.0,"[245, 247, 228, 249, 235, 242, 250]"
2025-09-12,6,Optimization terminated successfully. (HiGHS Status 7: Optimal),-844.0962320489194,0.0,False,0.0,"[243, 238, 229, 242, 231, 234, 250]"
2025-09-12,12,Optimization terminated successfully. (HiGHS Status 7: Optimal),-949.7618890668314,0.0,False,0.0,"[244, 249, 228, 230, 226, 234, 252]"
2025-09-12,18,Optimization terminated successfully. (HiGHS Status 7: Optimal),-1236.435840415503,0.0,False,0.0,"[246, 249, 240, 226, 227, 241, 252]"
2025-09-13,0,Time limit reached. (HiGHS Status 13: Time limit reached),17478.91503347055,0.10583809730763795,False,0.0,"[245, 227, 248, 229, 230, 234, 254]"
2025-09-13,6,Time limit reached. (HiGHS Status 13: Time limit reached),1641.4878537612008,0.9057984988497028,False,0.0,"[243, 238, 237, 241, 227, 233, 250]"
2025-09-13,12,Optimization terminated successfully. (HiGHS Status 7: Optimal),-202.61054441367048,0.0,False,0.0,"[244, 249, 228, 230, 232, 233, 252]"
2025-09-13,18,Optimization terminated successfully. (HiGHS Status 7: Optimal),-184.65501629676226,0.0,False,0.0,"[246, 249, 240, 230, 235, 233, 252]"
2025-09-14,0,Time limit reached. (HiGHS Status 13: Time limit reached),47123.50832042838,0.034225679442772355,False,0.0,"[245, 240, 232, 233, 237, 255, 254]"
2025-09-14,6,Optimization terminated successfully. (HiGHS Status 7: Optimal),-2403.515421302391,0.0,False,0.0,"[243, 238, 237, 241, 231, 233, 250]"
2025-09-14,12,Time limit reached. (HiGHS Status 13: Time limit reached),-240.77508110484874,0.020222372272804132,False,0.0,"[244, 249, 228, 239, 229, 255, 252]"
2025-09-14,18,Optimization terminated successfully. (HiGHS Status 7: Optimal),-678.0019169179676,0.0,False,0.0,"[246, 249, 240, 230, 239, 255, 252]"
2025-09-15,0,Time limit reached. (HiGHS Status 13: Time limit reached),40461.05822472429,0.08141150020679108,False,0.0,"[245, 240, 232, 233, 237, 255, 254]"
2025-09-15,6,Time limit reached. (HiGHS Status 13: Time limit reached),3318.4719424423447,0.6740242730687875,False,0.0,"[243, 238, 236, 255, 240, 233, 250]"
2025-09-15,12,Time limit reached. (HiGHS Status 13: Time limit reached),3195.9273447421665,1.0853437957096552,False,0.0,"[244, 249, 235, 242, 241, 255, 252]"
2025-09-15,18,Optimization terminated successfully. (HiGHS Status 7: Optimal),-1824.2290031015257,0.0,False,0.0,"[246, 249, 240, 237, 234, 256, 252]"
2025-09-16,0,Time limit reached. (HiGHS Status 13: Time limit reached),47070.04611474821,0.03546362757304309,False,0.0,"[245, 240, 232, 253, 238, 257, 254]"
2025-09-16,6,Time limit reached. (HiGHS Status 13: Time limit reached),-2807.1612897788896,0.002190639133079853,False,-0.0,"[243, 238, 239, 232, 256, 233, 250]"
2025-09-16,12,Optimization terminated successfully. (HiGHS Status 7: Optimal),-2182.8831390192986,2.0832418500001239e-16,False,0.0,"[244, 249, 235, 242, 234, 255, 252]"
2025-09-16,18,Optimization terminated successfully. (HiGHS Status 7: Optimal),-1542.7685988803546,0.0,False,0.0,"[246, 249, 240, 237, 241, 256, 252]"
2025-09-17,0,Time limit reached. (HiGHS Status 13: Time limit reached),44899.683401874834,0.03133525940980111,False,0.0,"[245, 240, 256, 233, 238, 257, 254]"
2025-09-17,6,Time limit reached. (HiGHS Status 13: Time limit reached),-963.5770257619469,0.0001414297801306721,False,0.0,"[243, 238, 239, 255, 256, 233, 250]"
2025-09-17,12,Optimization terminated successfully. (HiGHS Status 7: Optimal),-891.9673336425894,3.8236883829818677e-16,False,0.0,"[244, 249, 235, 231, 233, 258, 252]"
2025-09-17,18,Optimization terminated successfully. (HiGHS Status 7: Optimal),-1004.7154710485706,0.0,False,0.0,"[246, 249, 240, 235, 233, 258, 252]"
2025-09-18,0,Time limit reached. (HiGHS Status 13: Time limit reached),42473.897690790975,0.07874149809526527,False,0.0,"[245, 240, 256, 253, 238, 257, 254]"
2025-09-18,6,Time limit reached. (HiGHS Status 13: Time limit reached),2829.4498893783466,0.0012177580025669445,False,0.0,"[243, 238, 239, 255, 256, 233, 250]"
2025-09-18,12,Time limit reached. (HiGHS Status 13: Time limit reached),-2186.510322285487,0.003766770749016975,False,0.0,"[244, 249, 235, 232, 259, 258, 252]"
2025-09-18,18,Optimization terminated successfully. (HiGHS Status 7: Optimal),-1681.2084803820983,0.0,False,0.0,"[246, 249, 236, 239, 257, 258, 252]"
2025-09-19,0,Time limit reached. (HiGHS Status 13: Time limit reached),18248.390858363775,0.07354845361233663,False,0.0,"[245, 240, 256, 235, 242, 239, 254]"
2025-09-19,6,Time limit reached. (HiGHS Status 13: Time limit reached),2200.9003866734574,0.5838896100400514,False,0.0,"[243, 238, 236, 258, 256, 233, 250]"
2025-09-19,12,Optimization terminated successfully. (HiGHS Status 7: Optimal),-699.7286336407865,0.0,False,0.0,"[244, 249, 235, 241, 259, 258, 252]"
2025-09-19,18,Optimization terminated successfully. (HiGHS Status 7: Optimal),-1013.1573688165422,0.0,False,0.0,"[246, 249, 236, 234, 259, 258, 252]"
2025-09-20,0,Time limit reached. (HiGHS Status 13: Time limit reached),19234.24949554626,0.11659326871492799,False,0.0,"[245, 240, 256, 259, 234, 239, 254]"
2025-09-20,6,Optimization terminated successfully. (HiGHS Status 7: Optimal),-155.30348642967294,0.0,False,0.0,"[243, 238, 236, 258, 259, 234, 250]"
2025-09-20,12,Optimization terminated successfully. (HiGHS Status 7: Optimal),-943.6525828323668,0.0,False,0.0,"[244, 249, 235, 241, 259, 258, 252]"
2025-09-20,18,Optimization terminated successfully. (HiGHS Status 7: Optimal),-1222.6559695034084,0.0,False,0.0,"[246, 249, 236, 234, 259, 258, 252]"
2025-09-21,0,Time limit reached. (HiGHS Status 13: Time limit reached),44699.35655083172,0.042385187101712685,False,0.0,"[245, 240, 256, 259, 261, 239, 254]"
2025-09-21,6,Time limit reached. (HiGHS Status 13: Time limit reached),515.7685834443332,1.706704964183208,False,0.0,"[243, 238, 236, 258, 261, 257, 250]"
2025-09-21,12,Time limit reached. (HiGHS Status 13: Time limit reached),1779.519470379448,1.7834220157726641,False,0.0,"[244, 249, 235, 241, 257, 258, 252]"
2025-09-21,18,Optimization terminated successfully. (HiGHS Status 7: Optimal),-2002.5983339975403,0.0,False,10.110527777777861,"[246, 249, 236, 241, 255, 258, 252]"
2025-09-22,0,Time limit reached. (HiGHS Status 13: Time limit reached),46977.542648835646,0.031353569456068535,False,0.0,"[245, 240, 256, 259, 261, 239, 254]"
2025-09-22,6,Optimization terminated successfully. (HiGHS Status 7: Optimal),-2530.739804164887,0.0,False,0.0,"[243, 238, 260, 241, 240, 257, 250]"
2025-09-22,12,Time limit reached. (HiGHS Status 13: Time limit reached),-967.4185262309954,0.006686309279241143,False,0.0,"[244, 249, 236, 263, 257, 258, 252]"
2025-09-22,18,Optimization terminated successfully. (HiGHS Status 7: Optimal),-1220.5940010887698,0.0,False,0.0,"[246, 249, 236, 261, 255, 258, 252]"
2025-09-23,0,Time limit reached. (HiGHS Status 13: Time limit reached),46883.93931271794,0.03518025023560938,False,0.0,"[246, 241, 264, 259, 261, 239, 254]"
2025-09-23,6,Time limit reached. (HiGHS Status 13: Time limit reached),12.556121070825045,87.96168456562471,False,0.0,"[243, 238, 260, 258, 261, 257, 250]"
2025-09-23,12,Optimization terminated successfully. (HiGHS Status 7: Optimal),-1185.8735912750035,0.0,False,0.0,"[244, 249, 239, 260, 264, 258, 252]"
2025-09-23,18,Optimization terminated successfully. (HiGHS Status 7: Optimal),-1216.4364207297963,0.0,False,0.0,"[246, 249, 237, 263, 260, 258, 252]"
2025-09-24,0,Time limit reached. (HiGHS Status 13: Time limit reached),42194.43823551591,0.06622332545272616,False,0.0,"[246, 241, 264, 253, 261, 239, 254]"
2025-09-24,6,Optimization terminated successfully. (HiGHS Status 7: Optimal),-780.7012203132749,0.0,False,0.0,"[243, 238, 239, 255, 261, 257, 250]"
2025-09-24,12,Optimization terminated successfully. (HiGHS Status 7: Optimal),670.3828610930973,7.003328876668674e-05,False,0.0,"[244, 249, 242, 260, 264, 258, 252]"
2025-09-24,18,Optimization terminated successfully. (HiGHS Status 7: Optimal),-631.3831621351742,0.0,False,0.0,"[246, 249, 239, 263, 260, 258, 252]"
2025-09-25,0,Time limit reached. (HiGHS Status 13: Time limit reached),47976.41629707232,0.06830513218374992,False,0.0,"[246, 241, 264, 253, 255, 252, 266]"
2025-09-25,6,Optimization terminated successfully. (HiGHS Status 7: Optimal),-1771.2933352739865,5.517797660298375e-06,False,0.0,"[243, 248, 242, 265, 259, 266, 250]"
2025-09-25,12,Optimization terminated successfully. (HiGHS Status 7: Optimal),-2074.1710292646476,0.0,False,0.0,"[244, 249, 241, 261, 266, 258, 252]"
2025-09-25,18,Optimization terminated successfully. (HiGHS Status 7: Optimal),-1907.6797411117554,0.0,False,-0.0,"[246, 249, 241, 257, 260, 258, 252]"
2025-09-26,0,Time limit reached. (HiGHS Status 13: Time limit reached),23091.21466599189,0.14611648348273382,False,0.0,"[246, 241, 264, 253, 261, 252, 266]"
2025-09-26,6,Time limit reached. (HiGHS Status 13: Time limit reached),-2570.120537928961,0.34127521780008835,False,0.0,"[243, 248, 242, 265, 259, 266, 250]"
2025-09-26,12,Optimization terminated successfully. (HiGHS Status 7: Optimal),-2395.578288398258,0.0,False,0.0,"[244, 249, 267, 261, 266, 258, 252]"
2025-09-26,18,Optimization terminated successfully. (HiGHS Status 7: Optimal),-2104.342324296094,0.0,False,-0.0,"[246, 249, 265, 267, 260, 258, 252]"
2025-09-27,0,Time limit reached. (HiGHS Status 13: Time limit reached),18596.97308771819,0.00461480560437322,False,0.0,"[246, 248, 264, 253, 261, 252, 266]"
2025-09-27,6,Optimization terminated successfully. (HiGHS Status 7: Optimal),312.64670678246443,3.2726445450981862e-15,False,0.0,"[243, 248, 242, 265, 259, 266, 250]"
2025-09-27,12,Optimization terminated successfully. (HiGHS Status 7: Optimal),-1299.8909228118466,0.0,False,0.0,"[244, 249, 265, 259, 266, 258, 252]"
2025-09-27,18,Optimization terminated successfully. (HiGHS Status 7: Optimal),-1611.0271758195213,0.0,False,0.0,"[246, 249, 265, 267, 260, 258, 252]"
2025-09-28,0,Time limit reached. (HiGHS Status 13: Time limit reached),46960.67291021708,0.04564250673674896,False,0.0,"[246, 258, 263, 259, 255, 250, 269]"
2025-09-28,6,Time limit reached. (HiGHS Status 13: Time limit reached),1588.3775651035307,0.009047156837131842,False,0.0,"[243, 248, 242, 262, 259, 266, 250]"
2025-09-28,12,Optimization terminated successfully. (HiGHS Status 7: Optimal),-3211.123794304012,0.0,False,-0.0,"[244, 249, 263, 268, 256, 254, 252]"
2025-09-28,18,Optimization terminated successfully. (HiGHS Status 7: Optimal),-2033.835383965058,0.0,False,-0.0,"[246, 249, 261, 259, 262, 258, 252]"
2025-09-29,0,Time limit reached. (HiGHS Status 13: Time limit reached),47322.226301024595,0.0023243539404999166,False,0.0,"[246, 258, 263, 259, 270, 250, 269]"
2025-09-29,6,Time limit reached. (HiGHS Status 13: Time limit reached),-2061.6568586537796,1.2493515565588988,False,0.0,"[243, 248, 260, 262, 259, 266, 250]"
2025-09-29,12,Optimization terminated successfully. (HiGHS Status 7: Optimal),-2261.118106032479,0.0,False,0.0,"[244, 249, 260, 270, 256, 254, 252]"
2025-09-29,18,Optimization terminated successfully. (HiGHS Status 7: Optimal),-2219.169774715842,0.0,False,0.0,"[246, 249, 263, 259, 262, 258, 252]"
2025-09-30,0,Time limit reached. (HiGHS Status 13: Time limit reached),47047.06359106022,0.000693894501049172,False,0.0,"[244, 268, 249, 259, 270, 250, 269]"
2025-09-30,6,Time limit reached. (HiGHS Status 13: Time limit reached),-1645.0122331849175,0.0029064774730876656,False,0.0,"[245, 270, 258, 269, 264, 251, 250]"
2025-09-30,12,Optimization terminated successfully. (HiGHS Status 7: Optimal),-1577.0338993707605,0.0,False,0.0,"[247, 267, 261, 270, 256, 254, 252]"
2025-09-30,18,Optimization terminated successfully. (HiGHS Status 7: Optimal),-2129.2795702456788,0.0,False,0.0,"[244, 268, 270, 255, 262, 258, 252]"
2025-10-01,0,Time limit reached. (HiGHS Status 13: Time limit reached),45985.941963031466,0.057991849718977084,False,0.0,"[247, 256, 265, 267, 270, 250, 269]"
2025-10-01,6,Optimization terminated successfully. (HiGHS Status 7: Optimal),-3211.7380831081123,0.0,False,0.0,"[247, 263, 255, 268, 272, 251, 250]"
2025-10-01,12,Time limit reached. (HiGHS Status 13: Time limit reached),-825.5831871427594,2.285177193173781,False,0.0,"[245, 267, 261, 270, 256, 254, 252]"
2025-10-01,18,Optimization terminated successfully. (HiGHS Status 7: Optimal),-2133.1216335167337,0.0,False,0.0,"[245, 265, 257, 255, 262, 258, 252]"
2025-10-02,0,Time limit reached. (HiGHS Status 13: Time limit reached),48268.09411072215,0.029547359401213454,False,0.0,"[273, 256, 265, 267, 270, 250, 269]"
2025-10-02,6,Time limit reached. (HiGHS Status 13: Time limit reached),-3955.9561161971515,0.36946338492443004,False,0.0,"[249, 263, 255, 268, 272, 251, 250]"
2025-10-02,12,Optimization terminated successfully. (HiGHS Status 7: Optimal),-2852.576382634765,0.0,False,-0.0,"[248, 267, 261, 270, 256, 254, 252]"
2025-10-02,18,Optimization terminated successfully. (HiGHS Status 7: Optimal),-1784.05820474645,0.0,False,0.0,"[248, 265, 257, 255, 262, 258, 252]"
2025-10-03,0,Optimization terminated successfully. (HiGHS Status 7: Optimal),16060.687933819538,0.0,False,0.0,"[273, 256, 265, 267, 270, 250, 269]"
2025-10-03,6,Optimization terminated successfully. (HiGHS Status 7: Optimal),384.40065291285515,0.0,False,0.0,"[273, 263, 255, 268, 272, 251, 250]"
2025-10-03,12,Optimization terminated successfully. (HiGHS Status 7: Optimal),-1449.670491977531,6.273802955954937e-16,False,0.0,"[249, 267, 261, 270, 256, 254, 252]"
2025-10-03,18,Optimization terminated successfully. (HiGHS Status 7: Optimal),-1583.4831319959062,0.0,False,0.0,"[249, 265, 257, 255, 262, 258, 252]"
2025-10-04,0,Time limit reached. (HiGHS Status 13: Time limit reached),19061.960986187678,0.0002659552303266407,False,0.0,"[248, 264, 265, 267, 270, 250, 269]"
2025-10-04,6,Optimization terminated successfully. (HiGHS Status 7: Optimal),-325.49298436463283,0.0,False,0.0,"[248, 267, 265, 261, 272, 251, 250]"
2025-10-04,12,Optimization terminated successfully. (HiGHS Status 7: Optimal),-1460.7693057606455,0.0,False,0.0,"[273, 267, 261, 270, 256, 254, 252]"
2025-10-04,18,Optimization terminated successfully. (HiGHS Status 7: Optimal),-1639.968247650311,0.0,False,0.0,"[273, 265, 257, 255, 262, 258, 252]"
2025-10-05,0,Time limit reached. (HiGHS Status 13: Time limit reached),47545.57024637289,0.03502332543410215,False,0.0,"[273, 264, 265, 267, 270, 250, 269]"
2025-10-05,6,Time limit reached. (HiGHS Status 13: Time limit reached),-3571.252332614278,0.4778693818250387,False,0.0,"[274, 260, 265, 261, 272, 251, 250]"
2025-10-05,12,Optimization terminated successfully. (HiGHS Status 7: Optimal),-2214.936313569037,0.0,False,-3.1924517026689174e-13,"[274, 267, 261, 270, 256, 254, 252]"
2025-10-05,18,Optimization terminated successfully. (HiGHS Status 7: Optimal),-1922.69558154544,0.0,False,0.0,"[276, 265, 257, 255, 262, 258, 252]"
2025-10-06,0,Time limit reached. (HiGHS Status 13: Time limit reached),44022.74451615594,0.08355863747156157,False,0.0,"[277, 256, 265, 267, 270, 250, 269]"
2025-10-06,6,Time limit reached. (HiGHS Status 13: Time limit reached),-2236.934201343228,0.027250365631180544,False,0.0,"[270, 276, 265, 261, 272, 251, 250]"
2025-10-06,12,Optimization terminated successfully. (HiGHS Status 7: Optimal),-2201.1553732915095,0.0,False,0.0,"[277, 267, 261, 270, 256, 254, 252]"
2025-10-06,18,Optimization terminated successfully. (HiGHS Status 7: Optimal),-2373.567528495474,0.0,False,0.0,"[274, 265, 257, 255, 262, 258, 252]"
2025-10-07,0,Time limit reached. (HiGHS Status 13: Time limit reached),45109.67561991803,0.062327657911681766,False,0.0,"[277, 256, 265, 267, 270, 252, 269]"
2025-10-07,6,Optimization terminated successfully. (HiGHS Status 7: Optimal),-2179.8905390233444,0.0,False,-0.0,"[270, 276, 255, 268, 264, 266, 254]"
2025-10-07,12,Time limit reached. (HiGHS Status 13: Time limit reached),-863.8067675072299,0.0016145395940880731,False,0.0,"[277, 272, 260, 271, 266, 258, 253]"
2025-10-07,18,Optimization terminated successfully. (HiGHS Status 7: Optimal),-1500.101845448635,0.0,False,-0.0,"[278, 268, 270, 272, 260, 256, 251]"
2025-10-08,0,Time limit reached. (HiGHS Status 13: Time limit reached),39218.827026472405,0.0734417748326597,False,0.0,"[277, 256, 265, 259, 255, 257, 266]"
2025-10-08,6,Optimization terminated successfully. (HiGHS Status 7: Optimal),-2040.1367360181885,0.0,False,0.0,"[270, 276, 278, 269, 275, 257, 254]"
2025-10-08,12,Optimization terminated successfully. (HiGHS Status 7: Optimal),-280.86669458664,0.0,False,0.0,"[274, 275, 263, 268, 264, 262, 253]"
2025-10-08,18,Optimization terminated successfully. (HiGHS Status 7: Optimal),-148.62136461396216,0.0,False,0.0,"[276, 275, 263, 259, 266, 269, 253]"
2025-10-09,0,Time limit reached. (HiGHS Status 13: Time limit reached),44700.25205989469,0.024887270400397236,False,0.0,"[277, 256, 265, 259, 255, 262, 266]"
2025-10-09,6,Time limit reached. (HiGHS Status 13: Time limit reached),-3075.769653763295,0.62399793522708,False,0.0,"[270, 276, 278, 269, 275, 257, 253]"
2025-10-09,12,Time limit reached. (HiGHS Status 13: Time limit reached),1378.9166465234907,2.088313275033381,False,0.0,"[274, 275, 263, 268, 264, 280, 269]"
2025-10-09,18,Optimization terminated successfully. (HiGHS Status 7: Optimal),-1323.2618806964726,0.0,False,0.0,"[276, 275, 263, 259, 266, 264, 254]"
2025-10-10,0,Time limit reached. (HiGHS Status 13: Time limit reached),16498.081549636165,0.1323577763435327,False,0.0,"[277, 268, 275, 259, 255, 262, 266]"
2025-10-10,6,Optimization terminated successfully. (HiGHS Status 7: Optimal),-1018.3064246022664,0.0,False,0.0,"[270, 276, 278, 269, 275, 257, 281]"
2025-10-10,12,Optimization terminated successfully. (HiGHS Status 7: Optimal),-1199.6073067487548,0.0,False,0.0,"[274, 275, 263, 268, 264, 280, 269]"
2025-10-10,18,Optimization terminated successfully. (HiGHS Status 7: Optimal),-377.35231081584953,0.0,False,0.0,"[276, 275, 263, 259, 266, 264, 254]"
2025-10-11,0,Time limit reached. (HiGHS Status 13: Time limit reached),17632.926004937897,0.1465325370736467,False,0.0,"[277, 282, 263, 279, 272, 278, 266]"
2025-10-11,6,Optimization terminated successfully. (HiGHS Status 7: Optimal),-1791.4104160613763,0.0,False,0.0,"[270, 276, 278, 282, 259, 256, 271]"
2025-10-11,12,Optimization terminated successfully. (HiGHS Status 7: Optimal),-1070.5186732226525,0.0,False,0.0,"[274, 275, 263, 268, 264, 280, 281]"
2025-10-11,18,Optimization terminated successfully. (HiGHS Status 7: Optimal),-834.5153945497196,0.0,False,0.0,"[276, 275, 263, 259, 266, 264, 281]"
2025-10-12,0,Time limit reached. (HiGHS Status 13: Time limit reached),42395.667868785495,0.03784291928210503,False,0.0,"[277, 282, 263, 271, 261, 278, 266]"
2025-10-12,6,Optimization terminated successfully. (HiGHS Status 7: Optimal),-1745.4233602677944,0.0,False,0.0,"[270, 276, 278, 269, 275, 256, 271]"
2025-10-12,12,Optimization terminated successfully. (HiGHS Status 7: Optimal),-1075.3376335251294,0.0,False,0.0,"[274, 275, 263, 268, 264, 262, 281]"
2025-10-12,18,Optimization terminated successfully. (HiGHS Status 7: Optimal),801.4305000913552,0.0,False,0.0,"[276, 275, 263, 259, 260, 283, 281]"
2025-10-13,0,Time limit reached. (HiGHS Status 13: Time limit reached),43894.754457489464,0.03273643009927878,False,0.0,"[277, 282, 275, 279, 284, 278, 266]"
2025-10-13,6,Time limit reached. (HiGHS Status 13: Time limit reached),-2974.97580373729,0.3742711998716331,False,0.0,"[270, 276, 278, 269, 259, 272, 271]"
2025-10-13,12,Time limit reached. (HiGHS Status 13: Time limit reached),3022.157789283523,1.0933321471793191,False,0.0,"[274, 275, 263, 268, 264, 258, 281]"
2025-10-13,18,Optimization terminated successfully. (HiGHS Status 7: Optimal),-1431.430337947682,0.0,False,0.0,"[276, 275, 263, 259, 260, 264, 281]"
2025-10-14,0,Time limit reached. (HiGHS Status 13: Time limit reached),44715.63107679465,0.02082290938589572,False,0.0,"[277, 282, 285, 271, 261, 270, 266]"
2025-10-14,6,Time limit reached. (HiGHS Status 13: Time limit reached),-4077.6439551437197,0.006683795864987376,False,0.0,"[270, 276, 278, 269, 259, 272, 271]"
2025-10-14,12,Time limit reached. (HiGHS Status 13: Time limit reached),1728.680259133619,0.0034686519841805345,False,0.0,"[274, 275, 263, 268, 266, 283, 281]"
2025-10-14,18,Optimization terminated successfully. (HiGHS Status 7: Optimal),-695.9535883697475,0.0,False,0.0,"[276, 275, 263, 272, 260, 264, 281]"
2025-10-15,0,Time limit reached. (HiGHS Status 13: Time limit reached),47347.21802793429,0.024076828817674513,False,0.0,"[277, 268, 275, 286, 261, 270, 266]"
2025-10-15,6,Time limit reached. (HiGHS Status 13: Time limit reached),-2398.867233300784,0.45903004412369036,False,0.0,"[270, 276, 265, 268, 275, 285, 281]"
2025-10-15,12,Time limit reached. (HiGHS Status 13: Time limit reached),2950.77781208019,1.030202117069481,False,0.0,"[274, 275, 263, 268, 266, 283, 281]"
2025-10-15,18,Optimization terminated successfully. (HiGHS Status 7: Optimal),-1741.7810878870216,0.0,False,0.0,"[276, 275, 263, 272, 260, 264, 281]"
2025-10-16,0,Time limit reached. (HiGHS Status 13: Time limit reached),43861.24273083777,0.0005222640793047394,False,0.0,"[277, 268, 285, 271, 261, 270, 266]"
2025-10-16,6,Optimization terminated successfully. (HiGHS Status 7: Optimal),1041.6301996697161,0.0,False,0.0,"[270, 276, 265, 268, 283, 280, 281]"
2025-10-16,12,Time limit reached. (HiGHS Status 13: Time limit reached),2271.2310386330287,1.300447545659502,False,0.0,"[274, 275, 263, 271, 266, 283, 281]"
2025-10-16,18,Optimization terminated successfully. (HiGHS Status 7: Optimal),-1397.1464762489566,0.0,False,0.0,"[276, 275, 263, 287, 260, 264, 281]"
2025-10-17,0,Time limit reached. (HiGHS Status 13: Time limit reached),15722.84027714293,0.08561437180746456,False,0.0,"[277, 268, 285, 271, 261, 280, 266]"
2025-10-17,6,Time limit reached. (HiGHS Status 13: Time limit reached),2630.5490140863094,0.4558834742622572,False,0.0,"[270, 279, 262, 284, 264, 280, 281]"
2025-10-17,12,Optimization terminated successfully. (HiGHS Status 7: Optimal),-456.24246817048555,0.0,False,0.0,"[274, 275, 263, 270, 288, 283, 281]"
2025-10-17,18,Optimization terminated successfully. (HiGHS Status 7: Optimal),-1141.518584512402,0.0,False,0.0,"[276, 275, 263, 287, 280, 264, 281]"
2025-10-18,0,Time limit reached. (HiGHS Status 13: Time limit reached),19420.582454537147,0.1385099893203838,False,0.0,"[277, 268, 285, 271, 284, 270, 269]"
2025-10-18,6,Optimization terminated successfully. (HiGHS Status 7: Optimal),-1452.8527621698524,1.252012214113958e-15,False,0.0,"[270, 279, 262, 284, 272, 289, 281]"
2025-10-18,12,Optimization terminated successfully. (HiGHS Status 7: Optimal),-1597.3589110573441,0.0,False,0.0,"[274, 275, 289, 270, 288, 283, 281]"
2025-10-18,18,Optimization terminated successfully. (HiGHS Status 7: Optimal),-1502.8031712886163,0.0,False,0.0,"[276, 275, 270, 287, 280, 264, 281]"
2025-10-19,0,Time limit reached. (HiGHS Status 13: Time limit reached),45282.01546508117,0.002160254480884595,False,0.0,"[277, 268, 263, 265, 267, 280, 269]"
2025-10-19,6,Time limit reached. (HiGHS Status 13: Time limit reached),1544.1167686596086,1.126580414364782,False,0.0,"[270, 276, 265, 284, 272, 289, 281]"
2025-10-19,12,Time limit reached. (HiGHS Status 13: Time limit reached),-1417.2720861384332,0.004289532954306358,False,0.0,"[274, 275, 289, 270, 290, 283, 281]"
2025-10-19,18,Optimization terminated successfully. (HiGHS Status 7: Optimal),-744.020102374933,0.0,False,0.0,"[276, 275, 270, 287, 266, 264, 281]"
2025-10-20,0,Time limit reached. (HiGHS Status 13: Time limit reached),49603.742410312494,0.018048866937217443,False,0.0,"[277, 268, 285, 271, 291, 280, 269]"
2025-10-20,6,Time limit reached. (HiGHS Status 13: Time limit reached),-888.7422965372584,0.8060552053925403,False,0.0,"[270, 279, 282, 275, 272, 289, 281]"
2025-10-20,12,Optimization terminated successfully. (HiGHS Status 7: Optimal),-2037.7869037109492,0.0,False,0.0,"[274, 275, 289, 287, 288, 291, 281]"
2025-10-20,18,Optimization terminated successfully. (HiGHS Status 7: Optimal),-995.9387079321297,0.0,False,0.0,"[276, 275, 289, 290, 280, 264, 281]"
2025-10-21,0,Time limit reached. (HiGHS Status 13: Time limit reached),48662.383851037346,0.022090664522554173,False,0.0,"[277, 268, 285, 271, 291, 280, 269]"
2025-10-21,6,Time limit reached. (HiGHS Status 13: Time limit reached),186.9656869641188,2.4044305256636407,False,0.0,"[270, 279, 282, 284, 272, 289, 281]"
2025-10-21,12,Optimization terminated successfully. (HiGHS Status 7: Optimal),-1611.95568375857,0.0,False,0.0,"[274, 275, 289, 292, 288, 291, 281]"
2025-10-21,18,Optimization terminated successfully. (HiGHS Status 7: Optimal),-863.9258768613545,0.0,False,0.0,"[276, 275, 289, 290, 292, 284, 281]"
2025-10-22,0,Time limit reached. (HiGHS Status 13: Time limit reached),46663.46926480981,0.028730899640341194,False,0.0,"[277, 268, 285, 286, 291, 280, 269]"
2025-10-22,6,Optimization terminated successfully. (HiGHS Status 7: Optimal),-1836.375966196443,0.0,False,0.0,"[270, 279, 269, 284, 272, 289, 281]"
2025-10-22,12,Optimization terminated successfully. (HiGHS Status 7: Optimal),364.7113369341151,2.649597154717197e-15,False,0.0,"[274, 275, 293, 292, 288, 291, 281]"
2025-10-22,18,Optimization terminated successfully. (HiGHS Status 7: Optimal),-485.86120457251343,0.0,False,0.0,"[276, 275, 267, 290, 292, 284, 281]"
2025-10-23,0,Time limit reached. (HiGHS Status 13: Time limit reached),53816.25449232793,0.01628592919676467,False,0.0,"[277, 268, 285, 286, 291, 272, 269]"
2025-10-23,6,Optimization terminated successfully. (HiGHS Status 7: Optimal),-4429.643793749975,0.0,False,0.0,"[270, 279, 269, 284, 272, 289, 281]"
2025-10-23,12,Optimization terminated successfully. (HiGHS Status 7: Optimal),633.4371464414165,1.2563328003766078e-15,False,0.0,"[274, 275, 293, 292, 288, 291, 281]"
2025-10-23,18,Optimization terminated successfully. (HiGHS Status 7: Optimal),-604.97161688289,0.0,False,0.0,"[276, 275, 267, 290, 280, 294, 281]"
2025-10-24,0,Time limit reached. (HiGHS Status 13: Time limit reached),18187.272489609095,0.09116979374647725,False,0.0,"[295, 282, 292, 271, 291, 272, 269]"
2025-10-24,6,Optimization terminated successfully. (HiGHS Status 7: Optimal),-924.7602016352993,0.0,False,0.0,"[270, 277, 292, 275, 288, 295, 281]"
2025-10-24,12,Optimization terminated successfully. (HiGHS Status 7: Optimal),-687.8941665265743,0.0,False,0.0,"[274, 275, 295, 292, 288, 291, 281]"
2025-10-24,18,Optimization terminated successfully. (HiGHS Status 7: Optimal),-638.030967798876,0.0,False,0.0,"[276, 275, 289, 290, 280, 294, 281]"
2025-10-25,0,Time limit reached. (HiGHS Status 13: Time limit reached),20294.330604418246,0.169693802253909,False,0.0,"[295, 282, 285, 286, 296, 272, 269]"
2025-10-25,6,Optimization terminated successfully. (HiGHS Status 7: Optimal),-1828.9351425690131,1.2432025070274044e-16,False,0.0,"[270, 277, 292, 291, 296, 295, 281]"
2025-10-25,12,Optimization terminated successfully. (HiGHS Status 7: Optimal),-830.1144331986193,0.0,False,0.0,"[274, 275, 295, 296, 288, 291, 281]"
2025-10-25,18,Optimization terminated successfully. (HiGHS Status 7: Optimal),-1014.5928173933063,0.0,False,0.0,"[276, 275, 293, 271, 280, 294, 281]"
2025-10-26,0,Time limit reached. (HiGHS Status 13: Time limit reached),48182.51890508623,0.021701346620406663,False,0.0,"[295, 282, 292, 271, 291, 294, 278]"
2025-10-26,6,Time limit reached. (HiGHS Status 13: Time limit reached),-2268.5308793958884,0.04161758714341061,False,0.0,"[270, 277, 293, 283, 285, 295, 281]"
2025-10-26,12,Time limit reached. (HiGHS Status 13: Time limit reached),371.86232058550297,0.0015275064722836474,False,0.0,"[274, 275, 295, 296, 288, 297, 281]"
2025-10-26,18,Optimization terminated successfully. (HiGHS Status 7: Optimal),-716.4958064991827,0.0,False,0.0,"[276, 275, 293, 271, 280, 284, 281]"
2025-10-27,0,Time limit reached. (HiGHS Status 13: Time limit reached),44919.22302806316,0.045761740850686135,False,0.0,"[295, 282, 290, 283, 293, 288, 278]"
2025-10-27,6,Time limit reached. (HiGHS Status 13: Time limit reached),4601.617315557187,0.39547289902730764,False,0.0,"[290, 278, 284, 272, 297, 298, 281]"
2025-10-27,12,Optimization terminated successfully. (HiGHS Status 7: Optimal),-1753.6428435760763,0.0,False,0.0,"[274, 275, 295, 296, 288, 297, 281]"
2025-10-27,18,Optimization terminated successfully. (HiGHS Status 7: Optimal),-1323.1278565627756,0.0,False,0.0,"[276, 275, 293, 271, 280, 284, 281]"
2025-10-28,0,Time limit reached. (HiGHS Status 13: Time limit reached),44397.841630051036,0.04143326145961869,False,0.0,"[295, 282, 290, 283, 291, 299, 278]"
2025-10-28,6,Time limit reached. (HiGHS Status 13: Time limit reached),2205.739453339939,0.00027963380788719464,False,0.0,"[290, 277, 293, 283, 285, 295, 281]"
2025-10-28,12,Optimization terminated successfully. (HiGHS Status 7: Optimal),-1415.2151722378978,0.0,False,0.0,"[274, 275, 295, 296, 288, 297, 281]"
2025-10-28,18,Optimization terminated successfully. (HiGHS Status 7: Optimal),-1297.687939319617,0.0,False,0.0,"[276, 275, 293, 290, 280, 284, 281]"
2025-10-29,0,Time limit reached. (HiGHS Status 13: Time limit reached),48692.21865816381,0.021607789443018437,False,0.0,"[295, 282, 290, 283, 291, 299, 300]"
2025-10-29,6,Optimization terminated successfully. (HiGHS Status 7: Optimal),-326.56512709522275,0.0,False,0.0,"[290, 277, 293, 291, 285, 295, 281]"
2025-10-29,12,Optimization terminated successfully. (HiGHS Status 7: Optimal),-1666.2489606847284,0.0,False,0.0,"[274, 275, 295, 296, 288, 297, 281]"
2025-10-29,18,Optimization terminated successfully. (HiGHS Status 7: Optimal),-1302.9023862624156,0.0,False,0.0,"[276, 275, 293, 290, 280, 284, 281]"
2025-10-30,0,Time limit reached. (HiGHS Status 13: Time limit reached),44587.87826450318,0.05946271938614204,False,0.0,"[295, 298, 292, 286, 291, 299, 300]"
2025-10-30,6,Time limit reached. (HiGHS Status 13: Time limit reached),707.0332528360232,0.0001352483067525703,False,0.0,"[299, 278, 284, 291, 285, 295, 281]"
2025-10-30,12,Time limit reached. (HiGHS Status 13: Time limit reached),2107.4778809678787,1.181917939243826,False,0.0,"[277, 289, 299, 296, 288, 297, 281]"
2025-10-30,18,Optimization terminated successfully. (HiGHS Status 7: Optimal),-1082.7409302701528,0.0,False,0.0,"[278, 298, 300, 285, 280, 284, 281]"
2025-10-31,0,Time limit reached. (HiGHS Status 13: Time limit reached),20314.4812438762,0.10773609782951431,False,0.0,"[277, 297, 285, 279, 296, 294, 300]"
2025-10-31,6,Time limit reached. (HiGHS Status 13: Time limit reached),-278.9579997560745,5.3505300656530865,False,0.0,"[276, 282, 301, 283, 297, 295, 281]"
2025-10-31,12,Optimization terminated successfully. (HiGHS Status 7: Optimal),-1283.3607155633738,0.0,False,0.0,"[276, 300, 301, 296, 288, 297, 281]"
2025-10-31,18,Optimization terminated successfully. (HiGHS Status 7: Optimal),-1258.4397322035143,0.0,False,0.0,"[278, 295, 300, 285, 280, 284, 281]"
2025-11-01,0,Time limit reached. (HiGHS Status 13: Time limit reached),19035.16849471308,0.10980158141710245,False,0.0,"[277, 297, 285, 303, 296, 294, 300]"
2025-11-01,6,Time limit reached. (HiGHS Status 13: Time limit reached),-78.6297705831511,13.440993067813986,False,0.0,"[276, 282, 301, 303, 297, 295, 281]"
2025-11-01,12,Optimization terminated successfully. (HiGHS Status 7: Optimal),-842.2503965347876,2.6995971314314583e-16,False,0.0,"[276, 293, 298, 287, 288, 297, 281]"
2025-11-01,18,Optimization terminated successfully. (HiGHS Status 7: Optimal),-1031.222640818226,0.0,False,0.0,"[278, 289, 300, 285, 280, 284, 281]"
2025-11-02,0,Time limit reached. (HiGHS Status 13: Time limit reached),47447.55590787912,0.031871450471839154,False,0.0,"[281, 287, 283, 301, 284, 294, 300]"
2025-11-02,6,Time limit reached. (HiGHS Status 13: Time limit reached),2919.5895066281287,0.19117567992088608,False,0.0,"[279, 292, 300, 304, 297, 295, 281]"
2025-11-02,12,Time limit reached. (HiGHS Status 13: Time limit reached),-2176.2069530993585,0.19967204468263108,False,0.0,"[278, 295, 292, 303, 288, 297, 281]"
2025-11-02,18,Optimization terminated successfully. (HiGHS Status 7: Optimal),-1385.8535124481175,0.0,False,0.0,"[277, 303, 299, 285, 280, 284, 281]"
2025-11-03,0,Time limit reached. (HiGHS Status 13: Time limit reached),50315.17744835524,0.021097772889254088,False,0.0,"[282, 290, 286, 293, 288, 294, 300]"
2025-11-03,6,Optimization terminated successfully. (HiGHS Status 7: Optimal),-1058.9893240504919,0.0,False,0.0,"[279, 292, 300, 304, 297, 295, 281]"
2025-11-03,12,Time limit reached. (HiGHS Status 13: Time limit reached),-470.2466938316558,1.7796185058860339,False,0.0,"[289, 299, 302, 305, 288, 297, 281]"
2025-11-03,18,Optimization terminated successfully. (HiGHS Status 7: Optimal),-1009.2375283516024,0.0,False,0.0,"[298, 302, 287, 301, 288, 294, 281]"
2025-11-04,0,Time limit reached. (HiGHS Status 13: Time limit reached),46624.79844414766,0.02672975401215155,False,0.0,"[282, 290, 283, 301, 284, 305, 300]"
2025-11-04,6,Optimization terminated successfully. (HiGHS Status 7: Optimal),931.9925721978746,0.0,False,0.0,"[279, 293, 300, 304, 297, 295, 281]"
2025-11-04,12,Optimization terminated successfully. (HiGHS Status 7: Optimal),-1273.9229095754818,0.0,False,0.0,"[300, 301, 302, 305, 288, 297, 281]"
2025-11-04,18,Optimization terminated successfully. (HiGHS Status 7: Optimal),-982.7655787523478,0.0,False,0.0,"[295, 293, 290, 301, 288, 294, 281]"
2025-11-05,0,Time limit reached. (HiGHS Status 13: Time limit reached),52001.837526782,0.01559211526890221,False,0.0,"[282, 290, 283, 293, 288, 305, 300]"
2025-11-05,6,Optimization terminated successfully. (HiGHS Status 7: Optimal),-3069.7683531665252,2.9627470126036284e-16,False,0.0,"[305, 293, 300, 304, 297, 295, 281]"
2025-11-05,12,Optimization terminated successfully. (HiGHS Status 7: Optimal),-782.4695408505324,6.76960189490453e-05,False,0.0,"[293, 306, 307, 305, 288, 297, 281]"
2025-11-05,18,Optimization terminated successfully. (HiGHS Status 7: Optimal),-1145.7962818350181,0.0,False,0.0,"[289, 300, 290, 301, 288, 294, 281]"
2025-11-06,0,Time limit reached. (HiGHS Status 13: Time limit reached),47848.87623050835,0.02167685897344264,False,0.0,"[282, 287, 306, 301, 284, 304, 300]"
2025-11-06,6,Optimization terminated successfully. (HiGHS Status 7: Optimal),2002.2505423975006,1.822285529033527e-05,False,0.0,"[305, 293, 300, 304, 297, 295, 281]"
2025-11-06,12,Optimization terminated successfully. (HiGHS Status 7: Optimal),-1002.318632853445,0.0,False,0.0,"[293, 306, 307, 303, 294, 297, 281]"
2025-11-06,18,Optimization terminated successfully. (HiGHS Status 7: Optimal),-1035.1224916421615,0.0,False,0.0,"[289, 300, 290, 301, 288, 294, 281]"
2025-11-07,0,Time limit reached. (HiGHS Status 13: Time limit reached),18710.211654782033,0.07436728068019288,False,0.0,"[308, 290, 283, 293, 288, 305, 300]"
2025-11-07,6,Optimization terminated successfully. (HiGHS Status 7: Optimal),-1242.4308871903488,1.8300710147138902e-16,False,0.0,"[305, 293, 300, 303, 285, 308, 287]"
2025-11-07,12,Optimization terminated successfully. (HiGHS Status 7: Optimal),-318.25700972522543,0.0,False,0.0,"[293, 306, 307, 303, 290, 283, 285]"
2025-11-07,18,Optimization terminated successfully. (HiGHS Status 7: Optimal),-699.813969558284,0.0,False,0.0,"[289, 300, 290, 301, 288, 294, 309]"
2025-11-08,0,Time limit reached. (HiGHS Status 13: Time limit reached),21679.071629761747,0.17976364961269498,False,0.0,"[298, 292, 286, 291, 288, 305, 300]"
2025-11-08,6,Optimization terminated successfully. (HiGHS Status 7: Optimal),-2244.8569632308167,0.0,False,0.0,"[310, 293, 300, 303, 285, 308, 287]"
2025-11-08,12,Optimization terminated successfully. (HiGHS Status 7: Optimal),-439.8014646322192,0.0,False,0.0,"[293, 306, 307, 303, 309, 286, 284]"
2025-11-08,18,Optimization terminated successfully. (HiGHS Status 7: Optimal),-881.6635441975965,0.0,False,0.0,"[289, 300, 290, 301, 288, 284, 286]"
2025-11-09,0,Time limit reached. (HiGHS Status 13: Time limit reached),49920.559932482975,0.01570339376659735,False,0.0,"[298, 292, 286, 291, 288, 305, 300]"
2025-11-09,6,Optimization terminated successfully. (HiGHS Status 7: Optimal),-751.3305173124144,3.026280314775058e-16,False,0.0,"[310, 293, 300, 304, 297, 308, 287]"
2025-11-09,12,Time limit reached. (HiGHS Status 13: Time limit reached),94.19925595642293,8.706681677644976,False,0.0,"[293, 306, 307, 287, 304, 288, 284]"
2025-11-09,18,Optimization terminated successfully. (HiGHS Status 7: Optimal),-796.9994604916153,0.0,False,0.0,"[289, 300, 290, 301, 292, 297, 286]"
2025-11-10,0,Time limit reached. (HiGHS Status 13: Time limit reached),50665.87993962545,0.016892002593985142,False,0.0,"[298, 292, 286, 312, 288, 305, 300]"
2025-11-10,6,Time limit reached. (HiGHS Status 13: Time limit reached),1925.65792453674,0.033533507882205174,False,0.0,"[310, 293, 309, 304, 297, 308, 287]"
2025-11-10,12,Optimization terminated successfully. (HiGHS Status 7: Optimal),-1583.9421142462897,0.0,False,0.0,"[293, 306, 307, 287, 310, 294, 291]"
2025-11-10,18,Optimization terminated successfully. (HiGHS Status 7: Optimal),-674.1812766887272,0.0,False,0.0,"[289, 300, 290, 301, 312, 291, 286]"
2025-11-11,0,Time limit reached. (HiGHS Status 13: Time limit reached),52587.57839150347,0.01717180322796434,False,0.0,"[298, 292, 303, 291, 299, 305, 300]"
2025-11-11,6,Optimization terminated successfully. (HiGHS Status 7: Optimal),-1194.022961778454,0.0,False,0.0,"[310, 307, 300, 312, 297, 308, 287]"
2025-11-11,12,Optimization terminated successfully. (HiGHS Status 7: Optimal),-1645.0036984701926,0.0,False,0.0,"[293, 306, 307, 287, 310, 294, 297]"
2025-11-11,18,Optimization terminated successfully. (HiGHS Status 7: Optimal),-479.59540856898695,0.0,False,0.0,"[289, 300, 290, 308, 292, 297, 286]"
2025-11-12,0,Time limit reached. (HiGHS Status 13: Time limit reached),50036.11496961449,0.021064605037729493,False,0.0,"[298, 292, 303, 291, 299, 305, 300]"
2025-11-12,6,Time limit reached. (HiGHS Status 13: Time limit reached),3257.7313755691166,0.0040139066285611764,False,0.0,"[310, 307, 306, 303, 296, 289, 294]"
2025-11-12,12,Time limit reached. (HiGHS Status 13: Time limit reached),-1755.3486591612223,0.21656172186360859,False,0.0,"[293, 306, 307, 287, 314, 290, 297]"
2025-11-12,18,Optimization terminated successfully. (HiGHS Status 7: Optimal),-670.4171866293805,0.0,False,0.0,"[289, 300, 290, 308, 292, 291, 313]"
2025-11-13,0,Time limit reached. (HiGHS Status 13: Time limit reached),48924.74618190156,0.026719048906858184,False,0.0,"[298, 314, 301, 291, 299, 305, 300]"
2025-11-13,6,Optimization terminated successfully. (HiGHS Status 7: Optimal),278.4201699936772,0.0,False,0.0,"[299, 292, 301, 291, 288, 302, 298]"
2025-11-13,12,Optimization terminated successfully. (HiGHS Status 7: Optimal),-664.4951302009815,0.0,False,0.0,"[293, 306, 307, 315, 314, 290, 297]"
2025-11-13,18,Optimization terminated successfully. (HiGHS Status 7: Optimal),497.0368105690603,0.0,False,0.0,"[289, 300, 290, 308, 292, 291, 313]"
2025-11-14,0,Time limit reached. (HiGHS Status 13: Time limit reached),21973.601251489068,0.16654407340932506,False,0.0,"[298, 314, 301, 291, 307, 294, 300]"
2025-11-14,6,Optimization terminated successfully. (HiGHS Status 7: Optimal),-2263.233838449155,0.0,False,0.0,"[299, 292, 301, 291, 296, 302, 298]"
2025-11-14,12,Optimization terminated successfully. (HiGHS Status 7: Optimal),-158.2708770648835,3.052798273928765e-15,False,0.0,"[293, 306, 307, 315, 314, 290, 291]"
2025-11-14,18,Optimization terminated successfully. (HiGHS Status 7: Optimal),-279.9554366287345,0.0,False,0.0,"[289, 300, 290, 308, 292, 297, 313]"
2025-11-15,0,Time limit reached. (HiGHS Status 13: Time limit reached),23055.717648220754,0.15979125301678518,False,0.0,"[298, 314, 301, 291, 307, 317, 302]"
2025-11-15,6,Optimization terminated successfully. (HiGHS Status 7: Optimal),-2490.1717490423266,3.652337241889853e-16,False,0.0,"[299, 292, 301, 291, 296, 302, 294]"
2025-11-15,12,Optimization terminated successfully. (HiGHS Status 7: Optimal),-1058.7304568102306,6.442820473728576e-16,False,-0.0,"[295, 298, 307, 315, 314, 290, 291]"
2025-11-15,18,Optimization terminated successfully. (HiGHS Status 7: Optimal),-713.116556010611,0.0,False,0.0,"[303, 300, 290, 308, 292, 297, 313]"
2025-11-16,0,Time limit reached. (HiGHS Status 13: Time limit reached),49907.30123488937,0.015547941012593082,False,0.0,"[298, 314, 301, 291, 307, 317, 302]"
2025-11-16,6,Time limit reached. (HiGHS Status 13: Time limit reached),3347.6276123946586,0.1524671743974373,False,0.0,"[310, 307, 306, 291, 296, 302, 294]"
2025-11-16,12,Optimization terminated successfully. (HiGHS Status 7: Optimal),-1350.5477221705737,0.0,False,0.0,"[295, 298, 307, 315, 314, 294, 318]"
2025-11-16,18,Optimization terminated successfully. (HiGHS Status 7: Optimal),-644.3070869485306,0.0,False,0.0,"[303, 300, 304, 296, 310, 316, 313]"
2025-11-17,0,Time limit reached. (HiGHS Status 13: Time limit reached),49421.91586530164,0.036760044283681244,False,0.0,"[298, 314, 301, 296, 313, 294, 302]"
2025-11-17,6,Time limit reached. (HiGHS Status 13: Time limit reached),4732.852471364231,0.053921910510885185,False,0.0,"[310, 307, 301, 318, 296, 302, 294]"
2025-11-17,12,Optimization terminated successfully. (HiGHS Status 7: Optimal),-1686.193243110635,2.696887517160019e-16,False,0.0,"[295, 298, 307, 315, 314, 319, 318]"
2025-11-17,18,Optimization terminated successfully. (HiGHS Status 7: Optimal),-843.2262851173343,0.0,False,0.0,"[303, 300, 304, 296, 310, 294, 313]"
2025-11-18,0,Time limit reached. (HiGHS Status 13: Time limit reached),50378.06344741611,0.013196282021422959,False,0.0,"[298, 306, 293, 310, 304, 309, 300]"
2025-11-18,6,Optimization terminated successfully. (HiGHS Status 7: Optimal),-732.0142102116495,0.0,False,0.0,"[320, 307, 301, 318, 296, 302, 294]"
2025-11-18,12,Optimization terminated successfully. (HiGHS Status 7: Optimal),-228.81321348584518,0.0,False,0.0,"[293, 306, 307, 315, 314, 319, 318]"
2025-11-18,18,Optimization terminated successfully. (HiGHS Status 7: Optimal),35.90070988834286,0.0,False,0.0,"[295, 293, 307, 308, 310, 294, 313]"
2025-11-19,0,Time limit reached. (HiGHS Status 13: Time limit reached),50145.20544856175,0.01535702465487235,False,0.0,"[298, 306, 312, 299, 305, 321, 300]"
2025-11-19,6,Time limit reached. (HiGHS Status 13: Time limit reached),5478.237816227778,0.05225857242803612,False,0.0,"[320, 307, 306, 303, 316, 308, 294]"
2025-11-19,12,Optimization terminated successfully. (HiGHS Status 7: Optimal),-1911.170638654038,0.0,False,0.0,"[295, 298, 308, 303, 310, 321, 318]"
2025-11-19,18,Optimization terminated successfully. (HiGHS Status 7: Optimal),-807.1389917946107,0.0,False,0.0,"[295, 300, 304, 321, 310, 294, 313]"
2025-11-20,0,Time limit reached. (HiGHS Status 13: Time limit reached),49973.8705349281,0.017209886145060173,False,0.0,"[298, 306, 312, 299, 305, 319, 300]"
2025-11-20,6,Optimization terminated successfully. (HiGHS Status 7: Optimal),872.5588561272365,0.00017119214560405748,False,0.0,"[320, 313, 301, 318, 296, 302, 321]"
2025-11-20,12,Optimization terminated successfully. (HiGHS Status 7: Optimal),-543.8580080836182,2.5084526335587948e-15,False,0.0,"[295, 298, 308, 303, 310, 319, 318]"
2025-11-20,18,Optimization terminated successfully. (HiGHS Status 7: Optimal),-592.2942813512283,0.0,False,0.0,"[295, 300, 304, 321, 310, 305, 313]"
2025-11-21,0,Time limit reached. (HiGHS Status 13: Time limit reached),20821.424783092072,0.10753864666337086,False,0.0,"[297, 311, 315, 307, 317, 316, 300]"
2025-11-21,6,Optimization terminated successfully. (HiGHS Status 7: Optimal),-1018.5956873327059,0.0,False,0.0,"[320, 313, 301, 318, 323, 311, 321]"
2025-11-21,12,Optimization terminated successfully. (HiGHS Status 7: Optimal),-980.5146477404655,0.0,False,-0.0,"[299, 317, 311, 312, 304, 321, 318]"
2025-11-21,18,Optimization terminated successfully. (HiGHS Status 7: Optimal),-428.9034420191913,0.0,False,0.0,"[303, 315, 306, 296, 314, 305, 313]"
2025-11-22,0,Time limit reached. (HiGHS Status 13: Time limit reached),24030.103993373712,0.1560820583747084,False,0.0,"[297, 311, 315, 313, 309, 316, 300]"
2025-11-22,6,Time limit reached. (HiGHS Status 13: Time limit reached),-1330.7543922795903,1.2696382674511073,False,0.0,"[320, 324, 319, 309, 304, 311, 321]"
2025-11-22,12,Optimization terminated successfully. (HiGHS Status 7: Optimal),-936.1430398253966,0.0,False,0.0,"[299, 317, 311, 305, 324, 321, 318]"
2025-11-22,18,Optimization terminated successfully. (HiGHS Status 7: Optimal),-200.59945451739782,0.0,False,0.0,"[303, 315, 324, 321, 314, 305, 313]"
2025-11-23,0,Time limit reached. (HiGHS Status 13: Time limit reached),50911.45336362602,0.015702484797294955,False,0.0,"[318, 311, 315, 313, 309, 316, 300]"
2025-11-23,6,Time limit reached. (HiGHS Status 13: Time limit reached),2770.7912656105545,0.00015224597047037313,False,0.0,"[320, 324, 319, 300, 312, 311, 321]"
2025-11-23,12,Time limit reached. (HiGHS Status 13: Time limit reached),-1260.5837369201747,0.2501726900465961,False,0.0,"[299, 317, 311, 305, 324, 321, 318]"
2025-11-23,18,Optimization terminated successfully. (HiGHS Status 7: Optimal),-592.2393133406694,0.0,False,0.0,"[303, 315, 324, 321, 314, 305, 313]"
2025-11-24,0,Time limit reached. (HiGHS Status 13: Time limit reached),50201.013531592216,0.02018825434520712,False,0.0,"[314, 303, 310, 304, 321, 316, 300]"
2025-11-24,6,Optimization terminated successfully. (HiGHS Status 7: Optimal),172.78165201993252,0.0,False,0.0,"[320, 324, 314, 325, 303, 316, 321]"
2025-11-24,12,Optimization terminated successfully. (HiGHS Status 7: Optimal),-1088.7677314231396,2.0883579562560104e-16,False,0.0,"[299, 302, 311, 305, 324, 321, 318]"
2025-11-24,18,Optimization terminated successfully. (HiGHS Status 7: Optimal),-608.2027828307689,0.0,False,0.0,"[317, 299, 324, 321, 314, 305, 313]"
2025-11-25,0,Time limit reached. (HiGHS Status 13: Time limit reached),58243.0949392686,0.015089034974021007,False,0.0,"[314, 303, 310, 305, 319, 316, 300]"
2025-11-25,6,Optimization terminated successfully. (HiGHS Status 7: Optimal),-2555.026699493319,0.0,False,0.0,"[310, 313, 319, 300, 327, 316, 321]"
2025-11-25,12,Optimization terminated successfully. (HiGHS Status 7: Optimal),-1758.272949133508,0.0,False,0.0,"[301, 307, 315, 314, 309, 323, 318]"
2025-11-25,18,Optimization terminated successfully. (HiGHS Status 7: Optimal),-626.0033849916663,0.0,False,0.0,"[317, 326, 306, 327, 314, 305, 313]"
2025-11-26,0,Time limit reached. (HiGHS Status 13: Time limit reached),53574.69170011432,0.008004013534322141,False,0.0,"[318, 311, 315, 304, 321, 327, 322]"
2025-11-26,6,Time limit reached. (HiGHS Status 13: Time limit reached),854.5302201974163,0.2894864685396546,False,0.0,"[310, 313, 328, 325, 327, 316, 321]"
2025-11-26,12,Optimization terminated successfully. (HiGHS Status 7: Optimal),-1541.9158428416545,1.4746179339087443e-16,False,0.0,"[306, 307, 315, 314, 309, 323, 318]"
2025-11-26,18,Optimization terminated successfully. (HiGHS Status 7: Optimal),-617.0553906963125,0.0,False,0.0,"[317, 307, 301, 327, 314, 305, 313]"
2025-11-27,0,Time limit reached. (HiGHS Status 13: Time limit reached),51678.17660338009,0.006587005291101413,False,0.0,"[318, 311, 315, 304, 321, 327, 322]"
2025-11-27,6,Time limit reached. (HiGHS Status 13: Time limit reached),1517.978648709977,0.1337710268289866,False,0.0,"[310, 329, 314, 325, 327, 316, 321]"
2025-11-27,12,Optimization terminated successfully. (HiGHS Status 7: Optimal),-1123.361637615772,8.096188006769076e-16,False,0.0,"[317, 307, 315, 314, 309, 323, 318]"
2025-11-27,18,Optimization terminated successfully. (HiGHS Status 7: Optimal),-382.06436442931675,0.0,False,0.0,"[317, 307, 306, 327, 314, 305, 313]"
2025-11-28,0,Time limit reached. (HiGHS Status 13: Time limit reached),21225.371035948414,0.11502205980198517,False,0.0,"[318, 311, 315, 313, 309, 326, 322]"
2025-11-28,6,Time limit reached. (HiGHS Status 13: Time limit reached),2336.8608591009747,1.3607143684301,False,0.0,"[310, 329, 307, 306, 303, 323, 321]"
2025-11-28,12,Time limit reached. (HiGHS Status 13: Time limit reached),2206.6127164467002,1.5157184618868151,False,0.0,"[317, 307, 315, 314, 309, 323, 318]"
2025-11-28,18,Optimization terminated successfully. (HiGHS Status 7: Optimal),-1243.6027025872052,0.0,False,-0.0,"[303, 307, 306, 327, 314, 305, 313]"
2025-11-29,0,Time limit reached. (HiGHS Status 13: Time limit reached),24824.975517438117,0.047875500842373145,False,0.0,"[318, 311, 310, 331, 309, 326, 322]"
2025-11-29,6,Optimization terminated successfully. (HiGHS Status 7: Optimal),-2501.882916101817,0.0,False,0.0,"[310, 329, 326, 319, 318, 323, 321]"
2025-11-29,12,Time limit reached. (HiGHS Status 13: Time limit reached),2142.2777824477926,1.4477577623086146,False,0.0,"[317, 307, 315, 310, 322, 323, 318]"
2025-11-29,18,Optimization terminated successfully. (HiGHS Status 7: Optimal),-1581.2066092495195,0.0,False,-0.0,"[317, 329, 308, 311, 331, 305, 313]"
2025-11-30,0,Time limit reached. (HiGHS Status 13: Time limit reached),54121.98932403286,0.008871338047110334,False,0.0,"[308, 325, 315, 313, 309, 326, 322]"
2025-11-30,6,Time limit reached. (HiGHS Status 13: Time limit reached),2836.7545862412057,0.00033075259602476364,False,0.0,"[310, 329, 326, 319, 309, 323, 321]"
2025-11-30,12,Time limit reached. (HiGHS Status 13: Time limit reached),-809.5646828588922,0.2388180054912938,False,0.0,"[306, 328, 311, 314, 322, 323, 318]"
2025-11-30,18,Optimization terminated successfully. (HiGHS Status 7: Optimal),-681.8293035360258,0.0,False,0.0,"[317, 307, 308, 311, 331, 305, 313]"
2025-12-01,0,Time limit reached. (HiGHS Status 13: Time limit reached),56991.773522416035,0.008087420084732903,False,0.0,"[308, 325, 315, 313, 309, 326, 322]"
2025-12-01,6,Optimization terminated successfully. (HiGHS Status 7: Optimal),-80.601312085059,2.5388706784692945e-14,False,0.0,"[310, 330, 307, 319, 309, 323, 321]"
2025-12-01,12,Optimization terminated successfully. (HiGHS Status 7: Optimal),-1181.1999706012086,0.0,False,0.0,"[306, 333, 326, 314, 322, 323, 318]"
2025-12-01,18,Optimization terminated successfully. (HiGHS Status 7: Optimal),228.82218107024636,0.0,False,0.0,"[317, 307, 306, 327, 314, 323, 313]"
2025-12-02,0,Time limit reached. (HiGHS Status 13: Time limit reached),59258.51724022117,0.010299167235081246,False,0.0,"[308, 311, 310, 331, 321, 327, 320]"
2025-12-02,6,Optimization terminated successfully. (HiGHS Status 7: Optimal),250.9268838326227,0.0,False,0.0,"[310, 330, 307, 319, 318, 316, 317]"
2025-12-02,12,Optimization terminated successfully. (HiGHS Status 7: Optimal),-1459.5998517078133,0.0,False,0.0,"[317, 328, 311, 310, 319, 327, 316]"
2025-12-02,18,Optimization terminated successfully. (HiGHS Status 7: Optimal),235.30822397369994,0.0,False,0.0,"[317, 307, 308, 311, 331, 322, 309]"
2025-12-03,0,Time limit reached. (HiGHS Status 13: Time limit reached),54026.02748924789,0.01786957037895656,False,0.0,"[308, 311, 310, 317, 319, 316, 335]"
2025-12-03,6,Optimization terminated successfully. (HiGHS Status 7: Optimal),5728.210332568558,0.0,False,0.0,"[310, 330, 333, 325, 327, 311, 335]"
2025-12-03,12,Optimization terminated successfully. (HiGHS Status 7: Optimal),1252.4138930050956,0.0,False,0.0,"[317, 328, 315, 324, 331, 325, 335]"
2025-12-03,18,Optimization terminated successfully. (HiGHS Status 7: Optimal),-120.93038722880266,0.0,False,0.0,"[317, 329, 328, 312, 316, 319, 334]"
2025-12-04,0,Time limit reached. (HiGHS Status 13: Time limit reached),58963.78591874956,0.009987320741746757,False,0.0,"[318, 329, 330, 333, 324, 323, 334]"
2025-12-04,6,Time limit reached. (HiGHS Status 13: Time limit reached),-463.38606805545834,0.000583358025415823,False,0.0,"[310, 330, 333, 325, 327, 311, 334]"
2025-12-04,12,Optimization terminated successfully. (HiGHS Status 7: Optimal),485.19417339332813,0.00036432291538964385,False,0.0,"[317, 328, 312, 309, 321, 313, 335]"
2025-12-04,18,Optimization terminated successfully. (HiGHS Status 7: Optimal),235.95847056967114,0.0,False,0.0,"[317, 329, 321, 310, 325, 318, 334]"
2025-12-05,0,Time limit reached. (HiGHS Status 13: Time limit reached),24864.74025646563,0.11730630313312587,False,0.0,"[318, 329, 330, 333, 326, 322, 334]"
2025-12-05,6,Optimization terminated successfully. (HiGHS Status 7: Optimal),-27.22134362546025,0.0,False,0.0,"[310, 330, 333, 325, 312, 321, 336]"
2025-12-05,12,Optimization terminated successfully. (HiGHS Status 7: Optimal),-909.0686272428201,0.0,False,0.0,"[317, 328, 312, 322, 323, 318, 335]"
2025-12-05,18,Optimization terminated successfully. (HiGHS Status 7: Optimal),-724.3573025450719,0.0,False,0.0,"[317, 329, 321, 310, 325, 318, 337]"
2025-12-06,0,Time limit reached. (HiGHS Status 13: Time limit reached),25876.14602728332,0.06772164255725466,False,0.0,"[318, 329, 313, 321, 327, 320, 338]"
2025-12-06,6,Time limit reached. (HiGHS Status 13: Time limit reached),2071.7646229094603,1.453626459252053,False,-1.4210854715202004e-14,"[322, 313, 314, 332, 323, 317, 336]"
2025-12-06,12,Optimization terminated successfully. (HiGHS Status 7: Optimal),-895.0425216436688,3.810550950568468e-16,False,0.0,"[317, 328, 312, 319, 327, 316, 335]"
2025-12-06,18,Optimization terminated successfully. (HiGHS Status 7: Optimal),-497.1866019336072,0.0,False,0.0,"[317, 329, 321, 314, 323, 313, 337]"
2025-12-07,0,Time limit reached. (HiGHS Status 13: Time limit reached),62374.8821498323,0.014286570719798613,False,0.0,"[318, 312, 331, 319, 316, 335, 338]"
2025-12-07,6,Optimization terminated successfully. (HiGHS Status 7: Optimal),-2384.8640928954674,9.534030728232288e-16,False,0.0,"[322, 313, 314, 332, 323, 338, 339]"
2025-12-07,12,Optimization terminated successfully. (HiGHS Status 7: Optimal),803.5069949509889,0.0003146289071066906,False,0.0,"[317, 328, 314, 331, 325, 336, 335]"
2025-12-07,18,Optimization terminated successfully. (HiGHS Status 7: Optimal),-239.0895911181068,0.0,False,0.0,"[317, 329, 321, 331, 322, 336, 337]"
2025-12-08,0,Time limit reached. (HiGHS Status 13: Time limit reached),62344.32076343107,0.014243422787255013,False,0.0,"[318, 315, 317, 324, 316, 335, 338]"
2025-12-08,6,Optimization terminated successfully. (HiGHS Status 7: Optimal),663.535712895377,0.0,False,0.0,"[322, 313, 314, 332, 316, 335, 337]"
2025-12-08,12,Time limit reached. (HiGHS Status 13: Time limit reached),-1524.1914673815133,0.12827798015170494,False,0.0,"[317, 328, 324, 321, 313, 340, 335]"
2025-12-08,18,Optimization terminated successfully. (HiGHS Status 7: Optimal),-749.741174684273,0.0,False,0.0,"[317, 329, 321, 316, 319, 338, 337]"
2025-12-09,0,Time limit reached. (HiGHS Status 13: Time limit reached),61779.48282273387,0.015887580450835492,False,0.0,"[318, 315, 333, 341, 316, 335, 338]"
2025-12-09,6,Optimization terminated successfully. (HiGHS Status 7: Optimal),-1122.809065467247,0.0,False,0.0,"[322, 331, 328, 318, 341, 335, 337]"
2025-12-09,12,Optimization terminated successfully. (HiGHS Status 7: Optimal),-953.3264784612428,0.0,False,0.0,"[317, 328, 324, 321, 318, 340, 335]"
2025-12-09,18,Optimization terminated successfully. (HiGHS Status 7: Optimal),-706.0103895290753,0.0,False,0.0,"[317, 329, 321, 316, 319, 338, 337]"
2025-12-10,0,Time limit reached. (HiGHS Status 13: Time limit reached),58418.84336884154,0.012657151135586986,False,0.0,"[318, 330, 321, 340, 342, 335, 338]"
2025-12-10,6,Optimization terminated successfully. (HiGHS Status 7: Optimal),3519.0587889953335,0.0,False,0.0,"[322, 331, 319, 327, 321, 342, 337]"
2025-12-10,12,Optimization terminated successfully. (HiGHS Status 7: Optimal),-1174.6951617329294,7.742389101451878e-16,False,0.0,"[317, 328, 322, 323, 316, 340, 335]"
2025-12-10,18,Optimization terminated successfully. (HiGHS Status 7: Optimal),-888.0486033863596,0.0,False,0.0,"[317, 329, 321, 325, 318, 338, 337]"
2025-12-11,0,Time limit reached. (HiGHS Status 13: Time limit reached),68859.63930184036,0.011450969791448794,False,0.0,"[318, 331, 319, 326, 323, 337, 343]"
2025-12-11,6,Optimization terminated successfully. (HiGHS Status 7: Optimal),-2029.3609908100177,0.0,False,0.0,"[324, 326, 325, 323, 317, 342, 337]"
2025-12-11,12,Time limit reached. (HiGHS Status 13: Time limit reached),-1450.3600967902553,0.1531808436492599,False,0.0,"[317, 328, 319, 327, 343, 340, 335]"
2025-12-11,18,Optimization terminated successfully. (HiGHS Status 7: Optimal),-854.753526141021,0.0,False,0.0,"[317, 333, 327, 323, 343, 338, 337]"
2025-12-12,0,Time limit reached. (HiGHS Status 13: Time limit reached),31003.134883905805,0.07291603226046184,False,0.0,"[332, 330, 321, 340, 323, 337, 343]"
2025-12-12,6,Optimization terminated successfully. (HiGHS Status 7: Optimal),-876.8452395698228,0.0,False,0.0,"[322, 331, 319, 327, 317, 342, 337]"
2025-12-12,12,Optimization terminated successfully. (HiGHS Status 7: Optimal),-728.282515352117,9.366159587119812e-16,False,0.0,"[332, 333, 322, 323, 343, 340, 335]"
2025-12-12,18,Optimization terminated successfully. (HiGHS Status 7: Optimal),-1016.5961528781339,0.0,False,-0.0,"[330, 329, 321, 323, 343, 338, 337]"
2025-12-13,0,Time limit reached. (HiGHS Status 13: Time limit reached),31830.64730494072,0.06409247907084033,False,0.0,"[332, 345, 321, 340, 323, 337, 343]"
2025-12-13,6,Time limit reached. (HiGHS Status 13: Time limit reached),241.80543803948993,0.06500249051851818,False,0.0,"[322, 330, 328, 318, 321, 342, 337]"
2025-12-13,12,Optimization terminated successfully. (HiGHS Status 7: Optimal),-1454.0010350826917,0.0,False,0.0,"[345, 333, 322, 323, 343, 340, 335]"
2025-12-13,18,Optimization terminated successfully. (HiGHS Status 7: Optimal),-1039.472403556852,0.0,False,-0.0,"[345, 329, 321, 323, 343, 338, 337]"
2025-12-14,0,Time limit reached. (HiGHS Status 13: Time limit reached),63418.71114062888,0.014571376153707741,False,0.0,"[332, 345, 321, 340, 323, 337, 343]"
2025-12-14,6,Time limit reached. (HiGHS Status 13: Time limit reached),1981.1587180687347,0.0010917714221611674,False,0.0,"[322, 329, 333, 332, 321, 342, 337]"
2025-12-14,12,Time limit reached. (HiGHS Status 13: Time limit reached),-723.6929432322721,0.44702109839478404,False,0.0,"[346, 329, 324, 321, 343, 340, 335]"
2025-12-14,18,Optimization terminated successfully. (HiGHS Status 7: Optimal),-836.7626965226523,0.0,False,0.0,"[346, 326, 328, 325, 343, 338, 337]"
2025-12-15,0,Time limit reached. (HiGHS Status 13: Time limit reached),62552.00135596903,0.014478006617486784,False,0.0,"[332, 345, 321, 326, 323, 337, 343]"
2025-12-15,6,Time limit reached. (HiGHS Status 13: Time limit reached),3629.2556908640418,0.08217475281838788,False,0.0,"[322, 329, 333, 332, 321, 342, 337]"
2025-12-15,12,Time limit reached. (HiGHS Status 13: Time limit reached),-1041.622643177047,0.2475524631639091,False,0.0,"[346, 330, 326, 321, 343, 340, 335]"
2025-12-15,18,Optimization terminated successfully. (HiGHS Status 7: Optimal),-752.5006049190752,0.0,False,0.0,"[346, 332, 324, 331, 343, 338, 337]"
2025-12-16,0,Time limit reached. (HiGHS Status 13: Time limit reached),66054.49920027246,0.007597227884601625,False,0.0,"[332, 345, 321, 326, 323, 348, 343]"
2025-12-16,6,Time limit reached. (HiGHS Status 13: Time limit reached),-445.7640933220778,0.5907365532709686,False,0.0,"[345, 330, 328, 332, 321, 342, 337]"
2025-12-16,12,Time limit reached. (HiGHS Status 13: Time limit reached),-958.2398112090182,0.28962583507225276,False,0.0,"[347, 329, 348, 321, 343, 340, 335]"
2025-12-16,18,Optimization terminated successfully. (HiGHS Status 7: Optimal),-722.0015018745091,0.0,False,0.0,"[345, 326, 328, 331, 343, 338, 337]"
2025-12-17,0,Time limit reached. (HiGHS Status 13: Time limit reached),65622.41491429122,0.007234122663959155,False,0.0,"[332, 349, 333, 326, 323, 348, 343]"
2025-12-17,6,Time limit reached. (HiGHS Status 13: Time limit reached),-1414.7763426497613,0.15706779834683066,False,0.0,"[345, 330, 328, 332, 341, 342, 337]"
2025-12-17,12,Optimization terminated successfully. (HiGHS Status 7: Optimal),-839.0316883429888,0.0,False,0.0,"[347, 329, 348, 331, 343, 340, 335]"
2025-12-17,18,Optimization terminated successfully. (HiGHS Status 7: Optimal),-736.3045769096744,0.0,False,0.0,"[345, 326, 328, 331, 343, 338, 337]"
2025-12-18,0,Time limit reached. (HiGHS Status 13: Time limit reached),63107.40888001186,0.014053749214344873,False,0.0,"[332, 329, 331, 340, 347, 348, 343]"
2025-12-18,6,Optimization terminated successfully. (HiGHS Status 7: Optimal),1926.1965778014892,2.360856395070024e-16,False,0.0,"[324, 331, 347, 349, 341, 342, 337]"
2025-12-18,12,Optimization terminated successfully. (HiGHS Status 7: Optimal),-849.0117781420798,8.034294033263048e-16,False,0.0,"[347, 329, 348, 323, 343, 340, 335]"
2025-12-18,18,Optimization terminated successfully. (HiGHS Status 7: Optimal),-733.7458026218244,0.0,False,0.0,"[345, 326, 328, 331, 343, 338, 337]"
2025-12-19,0,Time limit reached. (HiGHS Status 13: Time limit reached),29738.16154473053,0.09091873024590971,False,0.0,"[332, 329, 331, 341, 342, 348, 343]"
2025-12-19,6,Optimization terminated successfully. (HiGHS Status 7: Optimal),-555.5513178863091,0.0,False,0.0,"[324, 331, 347, 332, 341, 342, 337]"
2025-12-19,12,Time limit reached. (HiGHS Status 13: Time limit reached),-1278.0665839929281,0.0007416330780911375,False,0.0,"[347, 329, 348, 327, 343, 340, 335]"
2025-12-19,18,Optimization terminated successfully. (HiGHS Status 7: Optimal),-817.1950416372117,0.0,False,0.0,"[345, 326, 328, 331, 343, 338, 337]"
2025-12-20,0,Time limit reached. (HiGHS Status 13: Time limit reached),30469.95429961328,0.05780096899678063,False,0.0,"[332, 329, 331, 341, 342, 348, 343]"
2025-12-20,6,Optimization terminated successfully. (HiGHS Status 7: Optimal),-1974.042458497777,0.0,False,0.0,"[346, 326, 347, 332, 341, 342, 337]"
2025-12-20,12,Optimization terminated successfully. (HiGHS Status 7: Optimal),-1219.092069972905,0.0,False,-1.2789769243681803e-12,"[347, 329, 348, 327, 343, 340, 335]"
2025-12-20,18,Optimization terminated successfully. (HiGHS Status 7: Optimal),-815.4394732819978,0.0,False,0.0,"[345, 326, 328, 331, 343, 338, 337]"
2025-12-21,0,Time limit reached. (HiGHS Status 13: Time limit reached),65220.3950631349,0.01241543070835728,False,0.0,"[332, 349, 331, 341, 342, 348, 343]"
2025-12-21,6,Optimization terminated successfully. (HiGHS Status 7: Optimal),-953.9498001890914,1.4300983682673587e-15,False,0.0,"[346, 326, 347, 349, 341, 342, 337]"
2025-12-21,12,Time limit reached. (HiGHS Status 13: Time limit reached),-55.30368057412552,0.06785629058545656,False,0.0,"[347, 329, 348, 352, 343, 340, 335]"
2025-12-21,18,Optimization terminated successfully. (HiGHS Status 7: Optimal),-1001.2547778970558,0.0,False,0.0,"[345, 326, 333, 348, 343, 338, 337]"
2025-12-22,0,Time limit reached. (HiGHS Status 13: Time limit reached),63690.09310848227,0.011845680825846876,False,0.0,"[332, 349, 330, 352, 342, 348, 343]"
2025-12-22,6,Optimization terminated successfully. (HiGHS Status 7: Optimal),-191.32280366559598,5.942147801697692e-16,False,0.0,"[346, 352, 348, 353, 341, 342, 337]"
2025-12-22,12,Optimization terminated successfully. (HiGHS Status 7: Optimal),-588.8685786367632,3.861195582376028e-16,False,0.0,"[347, 330, 348, 352, 343, 340, 335]"
2025-12-22,18,Optimization terminated successfully. (HiGHS Status 7: Optimal),-944.2392459226851,0.0,False,0.0,"[345, 329, 333, 348, 343, 338, 337]"
2025-12-23,0,Time limit reached. (HiGHS Status 13: Time limit reached),65572.73083775831,0.01212378030484684,False,0.0,"[332, 349, 330, 355, 342, 348, 343]"
2025-12-23,6,Optimization terminated successfully. (HiGHS Status 7: Optimal),-1548.282352198794,0.0,False,0.0,"[346, 352, 348, 353, 341, 342, 337]"
2025-12-23,12,Optimization terminated successfully. (HiGHS Status 7: Optimal),-721.8273974170503,1.4174878137846305e-15,False,0.0,"[347, 330, 348, 352, 343, 340, 335]"
2025-12-23,18,Optimization terminated successfully. (HiGHS Status 7: Optimal),-805.8669723415624,0.0,False,0.0,"[345, 329, 333, 331, 343, 338, 337]"
2025-12-24,0,Time limit reached. (HiGHS Status 13: Time limit reached),64820.43434489689,0.010189465848013345,False,0.0,"[350, 349, 330, 355, 342, 348, 343]"
2025-12-24,6,Optimization terminated successfully. (HiGHS Status 7: Optimal),-581.6764124803456,1.9544687610219612e-15,False,0.0,"[346, 352, 351, 353, 341, 342, 337]"
2025-12-24,12,Optimization terminated successfully. (HiGHS Status 7: Optimal),-1087.6590316871016,4.180973426764925e-16,False,0.0,"[347, 356, 348, 352, 343, 340, 335]"
2025-12-24,18,Optimization terminated successfully. (HiGHS Status 7: Optimal),-836.739718429439,0.0,False,0.0,"[356, 332, 353, 331, 343, 338, 337]"
2025-12-25,0,Time limit reached. (HiGHS Status 13: Time limit reached),62037.67026165114,0.01238118250653645,False,0.0,"[350, 353, 330, 355, 342, 348, 343]"
2025-12-25,6,Optimization terminated successfully. (HiGHS Status 7: Optimal),-440.6785256884107,9.029346991757001e-16,False,0.0,"[346, 333, 351, 353, 341, 342, 337]"
2025-12-25,12,Optimization terminated successfully. (HiGHS Status 7: Optimal),744.6022650482043,0.0,False,0.0,"[347, 356, 348, 352, 343, 340, 335]"
2025-12-25,18,Optimization terminated successfully. (HiGHS Status 7: Optimal),-925.3098039091523,0.0,False,0.0,"[356, 330, 353, 331, 343, 338, 337]"
2025-12-26,0,Time limit reached. (HiGHS Status 13: Time limit reached),29179.118229949185,0.06785263611674977,False,0.0,"[350, 353, 331, 352, 342, 348, 343]"
2025-12-26,6,Optimization terminated successfully. (HiGHS Status 7: Optimal),-1521.0180523954684,0.00041173873419265256,False,0.0,"[346, 357, 356, 350, 358, 342, 337]"
2025-12-26,12,Optimization terminated successfully. (HiGHS Status 7: Optimal),-1076.4721124472824,8.448845922308726e-16,False,0.0,"[347, 332, 348, 352, 343, 340, 335]"
2025-12-26,18,Optimization terminated successfully. (HiGHS Status 7: Optimal),-913.983897322364,0.0,False,-0.0,"[356, 358, 353, 331, 343, 338, 337]"
2025-12-27,0,Time limit reached. (HiGHS Status 13: Time limit reached),29071.81172359934,0.05151371741887737,False,0.0,"[350, 353, 351, 352, 342, 348, 343]"
2025-12-27,6,Optimization terminated successfully. (HiGHS Status 7: Optimal),-1178.9988598200787,0.0,False,0.0,"[346, 347, 332, 359, 358, 342, 337]"
2025-12-27,12,Time limit reached. (HiGHS Status 13: Time limit reached),867.4824595603261,2.09036996628785,False,0.0,"[347, 332, 348, 352, 343, 340, 335]"
2025-12-27,18,Optimization terminated successfully. (HiGHS Status 7: Optimal),-1307.7231074649062,0.0,False,-0.0,"[356, 358, 354, 348, 343, 338, 337]"
2025-12-28,0,Time limit reached. (HiGHS Status 13: Time limit reached),63932.88455846198,0.010454217149308121,False,0.0,"[356, 357, 351, 352, 342, 348, 343]"
2025-12-28,6,Optimization terminated successfully. (HiGHS Status 7: Optimal),-933.6153853426446,0.0,False,0.0,"[346, 347, 349, 359, 358, 342, 337]"
2025-12-28,12,Optimization terminated successfully. (HiGHS Status 7: Optimal),-956.2012663723814,0.0,False,0.0,"[347, 360, 348, 352, 343, 340, 335]"
2025-12-28,18,Optimization terminated successfully. (HiGHS Status 7: Optimal),-749.9233731848435,0.0,False,0.0,"[356, 358, 354, 348, 343, 338, 337]"
2025-12-29,0,Time limit reached. (HiGHS Status 13: Time limit reached),62928.189480608744,0.01151883087172716,False,0.0,"[356, 353, 360, 352, 342, 348, 343]"
2025-12-29,6,Time limit reached. (HiGHS Status 13: Time limit reached),1587.861063168202,0.1912766285354803,False,0.0,"[346, 348, 349, 359, 358, 342, 337]"
2025-12-29,12,Optimization terminated successfully. (HiGHS Status 7: Optimal),-900.475899122544,1.262519494773781e-16,False,0.0,"[347, 361, 348, 352, 343, 340, 335]"
2025-12-29,18,Optimization terminated successfully. (HiGHS Status 7: Optimal),-982.8796340328337,1.9870271653213514e-07,False,0.0,"[361, 347, 360, 348, 343, 338, 337]"
2025-12-30,0,Time limit reached. (HiGHS Status 13: Time limit reached),64268.70606259224,0.01582770042104565,False,0.0,"[356, 353, 360, 355, 358, 337, 343]"
2025-12-30,6,Optimization terminated successfully. (HiGHS Status 7: Optimal),-520.3744717444935,0.0,False,0.0,"[346, 347, 356, 350, 341, 335, 337]"
2025-12-30,12,Time limit reached. (HiGHS Status 13: Time limit reached),-1717.0140164467089,0.0026704957782781704,False,0.0,"[346, 354, 357, 349, 351, 336, 337]"
2025-12-30,18,Optimization terminated successfully. (HiGHS Status 7: Optimal),-897.7175110742372,0.0,False,0.0,"[346, 357, 352, 349, 351, 336, 337]"
2025-12-31,0,Time limit reached. (HiGHS Status 13: Time limit reached),66091.85149484676,0.013773163717780626,False,0.0,"[356, 353, 345, 359, 340, 337, 343]"
2025-12-31,6,Optimization terminated successfully. (HiGHS Status 7: Optimal),-168.5956089596317,0.0,False,0.0,"[346, 357, 361, 353, 355, 338, 337]"
2025-12-31,12,Optimization terminated successfully. (HiGHS Status 7: Optimal),774.8216021635712,0.0,False,0.0,"[346, 354, 363, 359, 350, 342, 339]"
2025-12-31,18,Optimization terminated successfully. (HiGHS Status 7: Optimal),-49.87020037535466,1.068588150456745e-14,False,0.0,"[346, 357, 352, 363, 355, 342, 339]"
